Name,Roaster,Price,Quantity,Roast_Level,Tasting_Notes,Origin,Process,Desc,URL,Image_URL,Category
Subminimal NanoFoamer - Lithium,Araku,5300.0,Black,,,,,"Experience the next evolution in coffee craftsmanship with the Subminimal Nanofoamer - Lithium. Crafted for the discerning coffee lover, this sleek, cutting-edge device uses advanced nanotechnology to transform your coffee into a luxurious experience. The velvety microfoam it creates elevates both flavor and aroma, bringing out the finest notes in every cup. Unlock your inner barista and nail perfect latte art with ease using the Nanofoamer. Designed with modern convenience in mind, it features a powerful lithium-ion battery, USB-C charging, whisper-quiet operation, and a minimalist, compact form that's easy to clean and even easier to love.",https://www.arakucoffee.in/products/subminimal-nanofoamer-lithium,https://cdn.shopify.com/s/files/1/0734/5609/1456/files/Subminimal_nanofoamer_lithium_black.jpg?v=1782127349,Coffee
Subminimal NanoFoamer - Lithium,Araku,5300.0,White,,,,,"Experience the next evolution in coffee craftsmanship with the Subminimal Nanofoamer - Lithium. Crafted for the discerning coffee lover, this sleek, cutting-edge device uses advanced nanotechnology to transform your coffee into a luxurious experience. The velvety microfoam it creates elevates both flavor and aroma, bringing out the finest notes in every cup. Unlock your inner barista and nail perfect latte art with ease using the Nanofoamer. Designed with modern convenience in mind, it features a powerful lithium-ion battery, USB-C charging, whisper-quiet operation, and a minimalist, compact form that's easy to clean and even easier to love.",https://www.arakucoffee.in/products/subminimal-nanofoamer-lithium,https://cdn.shopify.com/s/files/1/0734/5609/1456/files/Subminimal_nanofoamer_lithium_black.jpg?v=1782127349,Coffee
TIMEMORE Basic 3.0 Electronic Espresso Scale,Araku,5280.0,Black,,,,,"Brew with precision using the TIMEMORE Basic 3.0 Electronic Espresso Scale. Featuring 0.1g accuracy, real-time flow monitoring, USB-C charging, and a built-in timer for espresso and pour-over coffee. The TIMEMORE Basic 3.0 is designed for coffee enthusiasts who value consistency, accuracy, and control. Whether you're dialing in espresso or perfecting a pour-over recipe, the upgraded sensor system delivers fast and stable measurements with 0.1g precision. Built with TIMEMORE's minimalist design philosophy, the Basic 3.0 combines an ultra-clean interface with professional brewing performance, making it an essential tool for home brewers and café setups alike. The Basic 3.0 features a high-sensitivity weighing sensor, integrated timer, and real-time brewing feedback to help monitor extraction and pouring accuracy. Improved electromagnetic shielding ensures stable readings even around espresso machines and brewing equipment. Designed for espresso & pour over The Basic 3.0 features a high-sensitivity weighing sensor, integrated timer, and real-time brewing feedback to help monitor extraction and pouring accuracy. Improved electromagnetic shielding ensures stable readings even around espresso machines and brewing equipment.",https://www.arakucoffee.in/products/timemore-basic-3-0-electronic-espresso-scale,https://cdn.shopify.com/s/files/1/0734/5609/1456/files/timemorebasic3.0_scale.png?v=1780042258,Accessories
Coffee L’Orange – Cold Brew Kombucha (Set of 3 Bottles),Araku,600.0,,Light Roast,"Inspired by the iconic Coffee L’Orange served at ARAKU cafés, Coffee Kombucha brings together ARAKU’s Micro Climate",Araku Valley,Natural,"Inspired by the iconic Coffee L’Orange served at ARAKU cafés, Coffee Kombucha brings together ARAKU’s Micro Climate Arabica cold brew, artisanal kombucha, and vibrant citrus notes for the ultimate summer refresher. Crafted in collaboration with Dad’s Hack, a Bengaluru-based kombucha brewery, this sparkling brew is light, layered, and deeply refreshing — balancing the richness of cold brew coffee with the gentle tang of naturally fermented kombucha. Low in sugar, preservative-free, and naturally rich in probiotics and vitamins, it’s designed to energise while being easy on the gut. INGREDIENTS: Organic Kombucha Tea (64.10%) ARAKU Cold Brew Coffee (32.05%) 100% Natural Orange Syrup (3.85%) As kombucha is a living fermented beverage, suspended culture strands may naturally occur as a result of fermentation. FLAVOUR PROFILE: Bright citrus • Roasted coffee depth • Gentle fermented tang NOTE: Please note that all Coffee Kombucha orders will be shipped directly by Dad’s Hack.",https://www.arakucoffee.in/products/araku-coffee-kombucha,https://cdn.shopify.com/s/files/1/0734/5609/1456/files/ARAKU_coffee_kombucha.png?v=1779181204,Coffee
SOFI by Aaramse,Araku,3300.0,,,,,,"SOFI is among the most versatile brewers you’ll ever use. From a concentrated, espresso-like cup to a clean, paper-filtered pour-over, it adapts effortlessly to every brewing style. Inspired by the iconic South Indian Filter, SOFI elevates tradition with a contemporary design — precision-cut filter holes, airflow vents that prevent stalling, and uncompromising build quality. No longer limited to Kaapi alone, SOFI’s standardised size and shape make it compatible with industry-leading paper filters like Kalita 185, AeroPress XL, and Sibarist DISC 72. This opens up a world of shared recipes and experimentation.",https://www.arakucoffee.in/products/sofi-by-aaramse-indian-filter-coffee-maker,https://cdn.shopify.com/s/files/1/0734/5609/1456/files/filter_coffee_maker.jpg?v=1773837886,Coffee
High Altitude,Araku,940.0,250g,Medium Roast,In Araku Valley’s Bakuru village,Araku Valley,Natural,"In Araku Valley’s Bakuru village, farmers Korra Chittibabu and Varalakshmi tend their coffee at elevations of 3,790 to 4,362 feet. Cool air, dark rocky soil, and a canopy of wild mango, jackfruit, and silver oak trees imbue this coffee with a quiet complexity. At this elevation, the coffee cherries ripen gradually, allowing sugars to concentrate and aromatic complexity to develop. The cherries are processed using the specialized black honey drying method, which preserves the natural sweetness of the bean, lending this coffee its rounded body and distinctive fruitiness. A medium roast coaxes out the full personality of the beans. The flavor opens with a gentle sweetness reminiscent of rose apple and buttercream cookies and is balanced by notes of caramel and baker's chocolate. Best enjoyed through slow brewing methods like pour-over or French press.",https://www.arakucoffee.in/products/high-altitude,https://cdn.shopify.com/s/files/1/0734/5609/1456/files/HIGH_ALTITUDE.png?v=1777531472,Coffee
High Altitude,Araku,940.0,250g,Medium Roast,In Araku Valley’s Bakuru village,Araku Valley,Natural,"In Araku Valley’s Bakuru village, farmers Korra Chittibabu and Varalakshmi tend their coffee at elevations of 3,790 to 4,362 feet. Cool air, dark rocky soil, and a canopy of wild mango, jackfruit, and silver oak trees imbue this coffee with a quiet complexity. At this elevation, the coffee cherries ripen gradually, allowing sugars to concentrate and aromatic complexity to develop. The cherries are processed using the specialized black honey drying method, which preserves the natural sweetness of the bean, lending this coffee its rounded body and distinctive fruitiness. A medium roast coaxes out the full personality of the beans. The flavor opens with a gentle sweetness reminiscent of rose apple and buttercream cookies and is balanced by notes of caramel and baker's chocolate. Best enjoyed through slow brewing methods like pour-over or French press.",https://www.arakucoffee.in/products/high-altitude,https://cdn.shopify.com/s/files/1/0734/5609/1456/files/HIGH_ALTITUDE.png?v=1777531472,Coffee
High Altitude,Araku,940.0,250g,Medium Roast,In Araku Valley’s Bakuru village,Araku Valley,Natural,"In Araku Valley’s Bakuru village, farmers Korra Chittibabu and Varalakshmi tend their coffee at elevations of 3,790 to 4,362 feet. Cool air, dark rocky soil, and a canopy of wild mango, jackfruit, and silver oak trees imbue this coffee with a quiet complexity. At this elevation, the coffee cherries ripen gradually, allowing sugars to concentrate and aromatic complexity to develop. The cherries are processed using the specialized black honey drying method, which preserves the natural sweetness of the bean, lending this coffee its rounded body and distinctive fruitiness. A medium roast coaxes out the full personality of the beans. The flavor opens with a gentle sweetness reminiscent of rose apple and buttercream cookies and is balanced by notes of caramel and baker's chocolate. Best enjoyed through slow brewing methods like pour-over or French press.",https://www.arakucoffee.in/products/high-altitude,https://cdn.shopify.com/s/files/1/0734/5609/1456/files/HIGH_ALTITUDE.png?v=1777531472,Coffee
High Altitude,Araku,940.0,250g,Medium Roast,In Araku Valley’s Bakuru village,Araku Valley,Natural,"In Araku Valley’s Bakuru village, farmers Korra Chittibabu and Varalakshmi tend their coffee at elevations of 3,790 to 4,362 feet. Cool air, dark rocky soil, and a canopy of wild mango, jackfruit, and silver oak trees imbue this coffee with a quiet complexity. At this elevation, the coffee cherries ripen gradually, allowing sugars to concentrate and aromatic complexity to develop. The cherries are processed using the specialized black honey drying method, which preserves the natural sweetness of the bean, lending this coffee its rounded body and distinctive fruitiness. A medium roast coaxes out the full personality of the beans. The flavor opens with a gentle sweetness reminiscent of rose apple and buttercream cookies and is balanced by notes of caramel and baker's chocolate. Best enjoyed through slow brewing methods like pour-over or French press.",https://www.arakucoffee.in/products/high-altitude,https://cdn.shopify.com/s/files/1/0734/5609/1456/files/HIGH_ALTITUDE.png?v=1777531472,Coffee
High Altitude,Araku,940.0,250g,Medium Roast,In Araku Valley’s Bakuru village,Araku Valley,Natural,"In Araku Valley’s Bakuru village, farmers Korra Chittibabu and Varalakshmi tend their coffee at elevations of 3,790 to 4,362 feet. Cool air, dark rocky soil, and a canopy of wild mango, jackfruit, and silver oak trees imbue this coffee with a quiet complexity. At this elevation, the coffee cherries ripen gradually, allowing sugars to concentrate and aromatic complexity to develop. The cherries are processed using the specialized black honey drying method, which preserves the natural sweetness of the bean, lending this coffee its rounded body and distinctive fruitiness. A medium roast coaxes out the full personality of the beans. The flavor opens with a gentle sweetness reminiscent of rose apple and buttercream cookies and is balanced by notes of caramel and baker's chocolate. Best enjoyed through slow brewing methods like pour-over or French press.",https://www.arakucoffee.in/products/high-altitude,https://cdn.shopify.com/s/files/1/0734/5609/1456/files/HIGH_ALTITUDE.png?v=1777531472,Coffee
Micro Climate Cold Brew Can,Araku,1040.0,Pack of 4,,,Araku Valley,Natural,"ARAKU's Micro Climate Cold Brew, now in a can—fruity, smooth, and built for an Indian summer. Sourced from the riverine island of Baankubedda in Araku valley, ARAKU Micro Climate coffee is cultivated by a small community of farmers across gently sloping, diversely shaded microplots. Surrounded by water and shaped by steady winds, these farms are defined by rich biodiversity and mineral-dense soil. Steeped for 16 hours, the flavour of this cold brew opens with notes of dried cherry, fig, and plum. Smooth and full-bodied, with a hint of natural sweetness, this cold brew is as refreshing as it is complex.",https://www.arakucoffee.in/products/araku-cold-brew-cans,https://cdn.shopify.com/s/files/1/0734/5609/1456/files/Cold_Brew_Can.png?v=1777959599,Coffee
AeroPress Coffee Maker with Selection,Araku,5020.0,,Dark Roast,"dark chocolate and caramel, balanced by the mellow sweetness of sugarcane and honey, it is a coffee with a depth and ric",Araku Valley,,"The AeroPress Coffee Maker Set with Selection Coffee is designed to make great coffee simple, bringing together one of the world's most beloved brewers with ARAKU's full-bodied Selection Coffee. Ideal for everyday use and thoughtful gifting, this set gives you everything you need to brew café-quality coffee at home. The AeroPress Coffee Maker is designed to bring out depth and clarity in your coffee. Using air pressure and micro-filtration, it extracts a clean, smooth cup in under two minutes. Simply add coffee, pour hot water, stir, and press. The AeroPress’ ability to extract bold flavours is what makes it especially well suited to ARAKU Selection coffee. Named for the carefully chosen plots from which it is sourced, Selection is grown in dark, rocky soil under a canopy of fruit trees. With notes of dark chocolate and caramel, balanced by the mellow sweetness of sugarcane and honey, it is a coffee with a depth and richness that the AeroPress brings to life. This set includes the AeroPress Coffee Maker and 500g of ARAKU Selection Coffee. Your coffee will be finely ground by default for best results with the AeroPress Coffee Maker. To request a different grind size, add a note at checkout.",https://www.arakucoffee.in/products/aeropress-coffee-maker-set-with-selection-coffee,https://cdn.shopify.com/s/files/1/0734/5609/1456/files/aeropress_coffee_maker_and_selection_pouch.png?v=1780928032,Accessories
Hario V60 Arm Stand Glass Dripper Set,Araku,7360.0,,,,,,"An elegant and one-stop solution to your V60 brewing needs - this set by HARIO includes the V60 Dripper, Caraffe, Arm Stand, Drip Tray, Filter Papers, and a Measuring Spoon.",https://www.arakucoffee.in/products/hario-v60-arm-stand-glass-dripper-set,https://cdn.shopify.com/s/files/1/0734/5609/1456/files/Hario_V60_Dripper_Set.png?v=1777532527,Accessories
Brewista X Series Glass Server (400ML),Araku,2800.0,,,,,,"Inspired by wine decanters, the Brewista X Series Glass Server applies to coffee what the wine world has long known: how a drink is aerated shapes how it tastes. The server’s distinctive polygonal shape isn't just striking to look at, but also promotes even oxygenation as coffee flows in, bringing balance and depth without any need to swirl. The wide base traps aroma and holds heat, while the thick-rimmed, precision-curved spout gives you clean, controlled pours from the first cup to the last. Made from heat-resistant borosilicate glass and fitted with a sealed lid, the server keeps your coffee warm until you are ready to pour.",https://www.arakucoffee.in/products/brewista-x-series-glass-server-400ml,https://cdn.shopify.com/s/files/1/0734/5609/1456/files/imgi_80_XSeriesGlassServer3_1000x_5590bc4c-3ecc-4a79-997b-9b941ed00852.webp?v=1774423110,Accessories
Fellow Stagg EKG PRO Electric Kettle – 0.9L,Araku,30800.0,,,,,,"The Fellow Stagg EKG Pro is a precision pour-over electric kettle built for coffee enthusiasts who want to fine-tune every aspect of their brew. Its variable temperature control allows adjustment to the degree, while the gooseneck spout delivers consistent, precise flow so every cup comes out just right. What sets the Pro apart is how seamlessly it fits into your morning routine. With its programmable features, you can schedule your kettle to heat automatically when you wake up and maintain your ideal temperature until you are ready to pour.",https://www.arakucoffee.in/products/fellow-stagg-ekg-pro-electric-kettle-0-9l,https://cdn.shopify.com/s/files/1/0734/5609/1456/files/imgi_140_FellowStaggEKGPROBlack1.webp?v=1775816437,Accessories
CAFEC Flower Dripper DEEP 27,Araku,1700.0,Black,Medium Roast,,,Natural,"The CAFEC Flower Dripper DEEP 27 is designed for those ready to move beyond basic brewing — without overcomplicating the process. Its deeper 27° structure naturally slows down the flow of water, giving the coffee more time to extract evenly. This means you don’t need perfect technique to achieve a better cup. What you get instead is a brew that feels smoother, more balanced, and noticeably more refined. Inside, the signature flower-shaped ribs create subtle air channels that maintain a steady flow throughout the brew. This prevents clogging and ensures consistency, making it easier to get great results every time. Whether you’re upgrading from simpler brewing methods or refining your daily ritual, the DEEP 27 offers an approachable way to experience specialty coffee at home — with more control, more clarity, and more consistency. It pairs especially well with medium roast Arabica coffees, where notes of cocoa, roasted nuts, and gentle fruit sweetness come through with clarity and depth — without becoming too sharp or too heavy. Finished in a clear brown tone, it reflects a quiet, understated aesthetic — a brewing tool that feels as considered as the coffee you make with it.",https://www.arakucoffee.in/products/cafec-deep-27-pour-over-dripper,https://cdn.shopify.com/s/files/1/0734/5609/1456/files/imgi_1_deepblack1.jpg?v=1774350630,Accessories
CAFEC Flower Dripper DEEP 27,Araku,1700.0,Brown,Medium Roast,,,Natural,"The CAFEC Flower Dripper DEEP 27 is designed for those ready to move beyond basic brewing — without overcomplicating the process. Its deeper 27° structure naturally slows down the flow of water, giving the coffee more time to extract evenly. This means you don’t need perfect technique to achieve a better cup. What you get instead is a brew that feels smoother, more balanced, and noticeably more refined. Inside, the signature flower-shaped ribs create subtle air channels that maintain a steady flow throughout the brew. This prevents clogging and ensures consistency, making it easier to get great results every time. Whether you’re upgrading from simpler brewing methods or refining your daily ritual, the DEEP 27 offers an approachable way to experience specialty coffee at home — with more control, more clarity, and more consistency. It pairs especially well with medium roast Arabica coffees, where notes of cocoa, roasted nuts, and gentle fruit sweetness come through with clarity and depth — without becoming too sharp or too heavy. Finished in a clear brown tone, it reflects a quiet, understated aesthetic — a brewing tool that feels as considered as the coffee you make with it.",https://www.arakucoffee.in/products/cafec-deep-27-pour-over-dripper,https://cdn.shopify.com/s/files/1/0734/5609/1456/files/imgi_1_deepblack1.jpg?v=1774350630,Accessories
ORIGAMI Sensory Flavour Cup,Araku,2600.0,White,,"This allows flavours to feel clearer, more structured, and easier to recognise — from delicate florals to deeper cocoa",,,"The ORIGAMI Sensory Flavour Cup is designed to enhance how coffee is experienced — not by changing the brew, but by refining how it is perceived. Its carefully considered form brings aromas forward and directs the flow of coffee across the palate in a more balanced way. This allows flavours to feel clearer, more structured, and easier to recognise — from delicate florals to deeper cocoa and caramel notes. What might feel subtle at first becomes unmistakable over time. A cup that feels more expressive. More complete. For those exploring specialty coffee, it offers a simple way to improve taste without changing how you brew. For those already familiar, it reveals greater clarity and nuance in every cup. Minimal in design and thoughtful in function, it becomes part of a quieter, more intentional coffee ritual — where even the cup contributes to the experience.",https://www.arakucoffee.in/products/origami-sensory-flavour-cup,https://cdn.shopify.com/s/files/1/0734/5609/1456/files/imgi_269_78761977_a_1.jpg?v=1774423621,Accessories
ORIGAMI Sensory Flavour Cup,Araku,2600.0,Pink,,"This allows flavours to feel clearer, more structured, and easier to recognise — from delicate florals to deeper cocoa",,,"The ORIGAMI Sensory Flavour Cup is designed to enhance how coffee is experienced — not by changing the brew, but by refining how it is perceived. Its carefully considered form brings aromas forward and directs the flow of coffee across the palate in a more balanced way. This allows flavours to feel clearer, more structured, and easier to recognise — from delicate florals to deeper cocoa and caramel notes. What might feel subtle at first becomes unmistakable over time. A cup that feels more expressive. More complete. For those exploring specialty coffee, it offers a simple way to improve taste without changing how you brew. For those already familiar, it reveals greater clarity and nuance in every cup. Minimal in design and thoughtful in function, it becomes part of a quieter, more intentional coffee ritual — where even the cup contributes to the experience.",https://www.arakucoffee.in/products/origami-sensory-flavour-cup,https://cdn.shopify.com/s/files/1/0734/5609/1456/files/imgi_269_78761977_a_1.jpg?v=1774423621,Accessories
Pocket Brew – Collection,Araku,1280.0,,,,Araku Valley,,"From soil to cup, ARAKU is defined by its terroir—the unique combination of soil, climate, and altitude that gives our coffees their distinct character. With the Pocket Brew Collection , we’ve captured that story in elegant, single-serve drip bags you can brew anywhere. No grinder, no scale, no complicated equipment—just pure specialty coffee, simplified. Inside each box, you’ll experience three of ARAKU’s celebrated terroir coffees: Selection – smooth and balanced, perfect for everyday moments Micro Climate – nuanced layers that reflect the diversity of our valley Grand Reserve – rich, indulgent, and crafted for special occasions Whether you’re discovering specialty coffee for the first time or you’re a seasoned enthusiast seeking a travel-friendly solution, the Pocket Brew Collection makes it effortless to taste, compare, and choose your favorite ARAKU cup. Each drip bag is designed for consistency, freshness, and convenience—so you can enjoy café-quality coffee in just a few minutes. More than just a coffee kit, this collection is also a thoughtful gift. Presented in a beautifully designed, premium box, it’s perfect for colleagues, friends, and loved ones who appreciate craft, sustainability, and the joy of sharing great coffee. What’s Inside: This pack contains 15 single-serve coffee sachets — 5 each of Micro Climate , Selection , and Grand Reserve .",https://www.arakucoffee.in/products/pocket-brew-collection-pour-over-arabica-coffee-drip-bags,https://cdn.shopify.com/s/files/1/0734/5609/1456/files/WhatsApp_Image_2026-02-27_at_12.13.13_PM.jpg?v=1772174684,Coffee
Pocket Brew - Micro Climate,Araku,760.0,,,,Araku Valley,,"Our single-serve coffee packs combine the speed of an instant brew with the unrivalled quality of ARAKU's specialty coffee. As the name suggests, these drip bag sachets fit any pocket or purse and offer an extremely portable coffee. Each sachet is packaged individually and nitrogen-flushed to maintain the coffee's integrity and freshness. Suited for the airplane, the open road, hotels, offices, or even when you just need a quick fix at home. A sturdy cup and hot water does the trick. This pack contains 10 individual sachets.",https://www.arakucoffee.in/products/pocket-brew-micro-climate,https://cdn.shopify.com/s/files/1/0734/5609/1456/files/IMG_2667_copy_1.jpg?v=1723551657,Coffee
Grand Reserve,Araku,3390.0,1kg,Dark Roast,,Araku Valley,,"Sourced from the highest and most select plots—the Grand Cru—of Araku Valley, ARAKU Grand Reserve coffee is cultivated at high elevation by farmers Badnaini Sombabu and Subadramma. Grown in dark, rocky soil under a canopy of silver oak, mango, jackfruit, and jamun trees, this coffee reflects both the diversity of its terrain and the care with which it is grown. The flavour opens with notes of tropical fruit and citrus, followed by delicate florals and deeper notes of dates and olives, creating a cup that is both vibrant and well-rounded. Enjoy this brew black or with a splash of milk. Not sure which grind to order? Check out our grind size chart below for a quick brew tip!",https://www.arakucoffee.in/products/grande-reserve,https://cdn.shopify.com/s/files/1/0734/5609/1456/files/Grand_Reserve_New.png?v=1780930799,Coffee
Grand Reserve,Araku,3390.0,1kg,Dark Roast,,Araku Valley,,"Sourced from the highest and most select plots—the Grand Cru—of Araku Valley, ARAKU Grand Reserve coffee is cultivated at high elevation by farmers Badnaini Sombabu and Subadramma. Grown in dark, rocky soil under a canopy of silver oak, mango, jackfruit, and jamun trees, this coffee reflects both the diversity of its terrain and the care with which it is grown. The flavour opens with notes of tropical fruit and citrus, followed by delicate florals and deeper notes of dates and olives, creating a cup that is both vibrant and well-rounded. Enjoy this brew black or with a splash of milk. Not sure which grind to order? Check out our grind size chart below for a quick brew tip!",https://www.arakucoffee.in/products/grande-reserve,https://cdn.shopify.com/s/files/1/0734/5609/1456/files/Grand_Reserve_New.png?v=1780930799,Coffee
Grand Reserve,Araku,3390.0,1kg,Dark Roast,,Araku Valley,,"Sourced from the highest and most select plots—the Grand Cru—of Araku Valley, ARAKU Grand Reserve coffee is cultivated at high elevation by farmers Badnaini Sombabu and Subadramma. Grown in dark, rocky soil under a canopy of silver oak, mango, jackfruit, and jamun trees, this coffee reflects both the diversity of its terrain and the care with which it is grown. The flavour opens with notes of tropical fruit and citrus, followed by delicate florals and deeper notes of dates and olives, creating a cup that is both vibrant and well-rounded. Enjoy this brew black or with a splash of milk. Not sure which grind to order? Check out our grind size chart below for a quick brew tip!",https://www.arakucoffee.in/products/grande-reserve,https://cdn.shopify.com/s/files/1/0734/5609/1456/files/Grand_Reserve_New.png?v=1780930799,Coffee
Grand Reserve,Araku,3390.0,1kg,Dark Roast,,Araku Valley,,"Sourced from the highest and most select plots—the Grand Cru—of Araku Valley, ARAKU Grand Reserve coffee is cultivated at high elevation by farmers Badnaini Sombabu and Subadramma. Grown in dark, rocky soil under a canopy of silver oak, mango, jackfruit, and jamun trees, this coffee reflects both the diversity of its terrain and the care with which it is grown. The flavour opens with notes of tropical fruit and citrus, followed by delicate florals and deeper notes of dates and olives, creating a cup that is both vibrant and well-rounded. Enjoy this brew black or with a splash of milk. Not sure which grind to order? Check out our grind size chart below for a quick brew tip!",https://www.arakucoffee.in/products/grande-reserve,https://cdn.shopify.com/s/files/1/0734/5609/1456/files/Grand_Reserve_New.png?v=1780930799,Coffee
Grand Reserve,Araku,3390.0,1kg,Dark Roast,,Araku Valley,,"Sourced from the highest and most select plots—the Grand Cru—of Araku Valley, ARAKU Grand Reserve coffee is cultivated at high elevation by farmers Badnaini Sombabu and Subadramma. Grown in dark, rocky soil under a canopy of silver oak, mango, jackfruit, and jamun trees, this coffee reflects both the diversity of its terrain and the care with which it is grown. The flavour opens with notes of tropical fruit and citrus, followed by delicate florals and deeper notes of dates and olives, creating a cup that is both vibrant and well-rounded. Enjoy this brew black or with a splash of milk. Not sure which grind to order? Check out our grind size chart below for a quick brew tip!",https://www.arakucoffee.in/products/grande-reserve,https://cdn.shopify.com/s/files/1/0734/5609/1456/files/Grand_Reserve_New.png?v=1780930799,Coffee
Grand Reserve,Araku,1880.0,500g,Dark Roast,,Araku Valley,,"Sourced from the highest and most select plots—the Grand Cru—of Araku Valley, ARAKU Grand Reserve coffee is cultivated at high elevation by farmers Badnaini Sombabu and Subadramma. Grown in dark, rocky soil under a canopy of silver oak, mango, jackfruit, and jamun trees, this coffee reflects both the diversity of its terrain and the care with which it is grown. The flavour opens with notes of tropical fruit and citrus, followed by delicate florals and deeper notes of dates and olives, creating a cup that is both vibrant and well-rounded. Enjoy this brew black or with a splash of milk. Not sure which grind to order? Check out our grind size chart below for a quick brew tip!",https://www.arakucoffee.in/products/grande-reserve,https://cdn.shopify.com/s/files/1/0734/5609/1456/files/Grand_Reserve_New.png?v=1780930799,Coffee
Grand Reserve,Araku,1880.0,500g,Dark Roast,,Araku Valley,,"Sourced from the highest and most select plots—the Grand Cru—of Araku Valley, ARAKU Grand Reserve coffee is cultivated at high elevation by farmers Badnaini Sombabu and Subadramma. Grown in dark, rocky soil under a canopy of silver oak, mango, jackfruit, and jamun trees, this coffee reflects both the diversity of its terrain and the care with which it is grown. The flavour opens with notes of tropical fruit and citrus, followed by delicate florals and deeper notes of dates and olives, creating a cup that is both vibrant and well-rounded. Enjoy this brew black or with a splash of milk. Not sure which grind to order? Check out our grind size chart below for a quick brew tip!",https://www.arakucoffee.in/products/grande-reserve,https://cdn.shopify.com/s/files/1/0734/5609/1456/files/Grand_Reserve_New.png?v=1780930799,Coffee
Grand Reserve,Araku,1880.0,500g,Dark Roast,,Araku Valley,,"Sourced from the highest and most select plots—the Grand Cru—of Araku Valley, ARAKU Grand Reserve coffee is cultivated at high elevation by farmers Badnaini Sombabu and Subadramma. Grown in dark, rocky soil under a canopy of silver oak, mango, jackfruit, and jamun trees, this coffee reflects both the diversity of its terrain and the care with which it is grown. The flavour opens with notes of tropical fruit and citrus, followed by delicate florals and deeper notes of dates and olives, creating a cup that is both vibrant and well-rounded. Enjoy this brew black or with a splash of milk. Not sure which grind to order? Check out our grind size chart below for a quick brew tip!",https://www.arakucoffee.in/products/grande-reserve,https://cdn.shopify.com/s/files/1/0734/5609/1456/files/Grand_Reserve_New.png?v=1780930799,Coffee
Grand Reserve,Araku,1880.0,500g,Dark Roast,,Araku Valley,,"Sourced from the highest and most select plots—the Grand Cru—of Araku Valley, ARAKU Grand Reserve coffee is cultivated at high elevation by farmers Badnaini Sombabu and Subadramma. Grown in dark, rocky soil under a canopy of silver oak, mango, jackfruit, and jamun trees, this coffee reflects both the diversity of its terrain and the care with which it is grown. The flavour opens with notes of tropical fruit and citrus, followed by delicate florals and deeper notes of dates and olives, creating a cup that is both vibrant and well-rounded. Enjoy this brew black or with a splash of milk. Not sure which grind to order? Check out our grind size chart below for a quick brew tip!",https://www.arakucoffee.in/products/grande-reserve,https://cdn.shopify.com/s/files/1/0734/5609/1456/files/Grand_Reserve_New.png?v=1780930799,Coffee
Grand Reserve,Araku,1880.0,500g,Dark Roast,,Araku Valley,,"Sourced from the highest and most select plots—the Grand Cru—of Araku Valley, ARAKU Grand Reserve coffee is cultivated at high elevation by farmers Badnaini Sombabu and Subadramma. Grown in dark, rocky soil under a canopy of silver oak, mango, jackfruit, and jamun trees, this coffee reflects both the diversity of its terrain and the care with which it is grown. The flavour opens with notes of tropical fruit and citrus, followed by delicate florals and deeper notes of dates and olives, creating a cup that is both vibrant and well-rounded. Enjoy this brew black or with a splash of milk. Not sure which grind to order? Check out our grind size chart below for a quick brew tip!",https://www.arakucoffee.in/products/grande-reserve,https://cdn.shopify.com/s/files/1/0734/5609/1456/files/Grand_Reserve_New.png?v=1780930799,Coffee
Grand Reserve,Araku,940.0,250g,Dark Roast,,Araku Valley,,"Sourced from the highest and most select plots—the Grand Cru—of Araku Valley, ARAKU Grand Reserve coffee is cultivated at high elevation by farmers Badnaini Sombabu and Subadramma. Grown in dark, rocky soil under a canopy of silver oak, mango, jackfruit, and jamun trees, this coffee reflects both the diversity of its terrain and the care with which it is grown. The flavour opens with notes of tropical fruit and citrus, followed by delicate florals and deeper notes of dates and olives, creating a cup that is both vibrant and well-rounded. Enjoy this brew black or with a splash of milk. Not sure which grind to order? Check out our grind size chart below for a quick brew tip!",https://www.arakucoffee.in/products/grande-reserve,https://cdn.shopify.com/s/files/1/0734/5609/1456/files/Grand_Reserve_New.png?v=1780930799,Coffee
Grand Reserve,Araku,940.0,250g,Dark Roast,,Araku Valley,,"Sourced from the highest and most select plots—the Grand Cru—of Araku Valley, ARAKU Grand Reserve coffee is cultivated at high elevation by farmers Badnaini Sombabu and Subadramma. Grown in dark, rocky soil under a canopy of silver oak, mango, jackfruit, and jamun trees, this coffee reflects both the diversity of its terrain and the care with which it is grown. The flavour opens with notes of tropical fruit and citrus, followed by delicate florals and deeper notes of dates and olives, creating a cup that is both vibrant and well-rounded. Enjoy this brew black or with a splash of milk. Not sure which grind to order? Check out our grind size chart below for a quick brew tip!",https://www.arakucoffee.in/products/grande-reserve,https://cdn.shopify.com/s/files/1/0734/5609/1456/files/Grand_Reserve_New.png?v=1780930799,Coffee
Grand Reserve,Araku,940.0,250g,Dark Roast,,Araku Valley,,"Sourced from the highest and most select plots—the Grand Cru—of Araku Valley, ARAKU Grand Reserve coffee is cultivated at high elevation by farmers Badnaini Sombabu and Subadramma. Grown in dark, rocky soil under a canopy of silver oak, mango, jackfruit, and jamun trees, this coffee reflects both the diversity of its terrain and the care with which it is grown. The flavour opens with notes of tropical fruit and citrus, followed by delicate florals and deeper notes of dates and olives, creating a cup that is both vibrant and well-rounded. Enjoy this brew black or with a splash of milk. Not sure which grind to order? Check out our grind size chart below for a quick brew tip!",https://www.arakucoffee.in/products/grande-reserve,https://cdn.shopify.com/s/files/1/0734/5609/1456/files/Grand_Reserve_New.png?v=1780930799,Coffee
Grand Reserve,Araku,940.0,250g,Dark Roast,,Araku Valley,,"Sourced from the highest and most select plots—the Grand Cru—of Araku Valley, ARAKU Grand Reserve coffee is cultivated at high elevation by farmers Badnaini Sombabu and Subadramma. Grown in dark, rocky soil under a canopy of silver oak, mango, jackfruit, and jamun trees, this coffee reflects both the diversity of its terrain and the care with which it is grown. The flavour opens with notes of tropical fruit and citrus, followed by delicate florals and deeper notes of dates and olives, creating a cup that is both vibrant and well-rounded. Enjoy this brew black or with a splash of milk. Not sure which grind to order? Check out our grind size chart below for a quick brew tip!",https://www.arakucoffee.in/products/grande-reserve,https://cdn.shopify.com/s/files/1/0734/5609/1456/files/Grand_Reserve_New.png?v=1780930799,Coffee
Grand Reserve,Araku,940.0,250g,Dark Roast,,Araku Valley,,"Sourced from the highest and most select plots—the Grand Cru—of Araku Valley, ARAKU Grand Reserve coffee is cultivated at high elevation by farmers Badnaini Sombabu and Subadramma. Grown in dark, rocky soil under a canopy of silver oak, mango, jackfruit, and jamun trees, this coffee reflects both the diversity of its terrain and the care with which it is grown. The flavour opens with notes of tropical fruit and citrus, followed by delicate florals and deeper notes of dates and olives, creating a cup that is both vibrant and well-rounded. Enjoy this brew black or with a splash of milk. Not sure which grind to order? Check out our grind size chart below for a quick brew tip!",https://www.arakucoffee.in/products/grande-reserve,https://cdn.shopify.com/s/files/1/0734/5609/1456/files/Grand_Reserve_New.png?v=1780930799,Coffee
Grand Reserve,Araku,3710.0,1kg,Dark Roast,,Araku Valley,,"Sourced from the highest and most select plots—the Grand Cru—of Araku Valley, ARAKU Grand Reserve coffee is cultivated at high elevation by farmers Badnaini Sombabu and Subadramma. Grown in dark, rocky soil under a canopy of silver oak, mango, jackfruit, and jamun trees, this coffee reflects both the diversity of its terrain and the care with which it is grown. The flavour opens with notes of tropical fruit and citrus, followed by delicate florals and deeper notes of dates and olives, creating a cup that is both vibrant and well-rounded. Enjoy this brew black or with a splash of milk. Not sure which grind to order? Check out our grind size chart below for a quick brew tip!",https://www.arakucoffee.in/products/grande-reserve,https://cdn.shopify.com/s/files/1/0734/5609/1456/files/Grand_Reserve_New.png?v=1780930799,Coffee
Grand Reserve,Araku,3710.0,1kg,Dark Roast,,Araku Valley,,"Sourced from the highest and most select plots—the Grand Cru—of Araku Valley, ARAKU Grand Reserve coffee is cultivated at high elevation by farmers Badnaini Sombabu and Subadramma. Grown in dark, rocky soil under a canopy of silver oak, mango, jackfruit, and jamun trees, this coffee reflects both the diversity of its terrain and the care with which it is grown. The flavour opens with notes of tropical fruit and citrus, followed by delicate florals and deeper notes of dates and olives, creating a cup that is both vibrant and well-rounded. Enjoy this brew black or with a splash of milk. Not sure which grind to order? Check out our grind size chart below for a quick brew tip!",https://www.arakucoffee.in/products/grande-reserve,https://cdn.shopify.com/s/files/1/0734/5609/1456/files/Grand_Reserve_New.png?v=1780930799,Coffee
Grand Reserve,Araku,3710.0,1kg,Dark Roast,,Araku Valley,,"Sourced from the highest and most select plots—the Grand Cru—of Araku Valley, ARAKU Grand Reserve coffee is cultivated at high elevation by farmers Badnaini Sombabu and Subadramma. Grown in dark, rocky soil under a canopy of silver oak, mango, jackfruit, and jamun trees, this coffee reflects both the diversity of its terrain and the care with which it is grown. The flavour opens with notes of tropical fruit and citrus, followed by delicate florals and deeper notes of dates and olives, creating a cup that is both vibrant and well-rounded. Enjoy this brew black or with a splash of milk. Not sure which grind to order? Check out our grind size chart below for a quick brew tip!",https://www.arakucoffee.in/products/grande-reserve,https://cdn.shopify.com/s/files/1/0734/5609/1456/files/Grand_Reserve_New.png?v=1780930799,Coffee
Grand Reserve,Araku,3710.0,1kg,Dark Roast,,Araku Valley,,"Sourced from the highest and most select plots—the Grand Cru—of Araku Valley, ARAKU Grand Reserve coffee is cultivated at high elevation by farmers Badnaini Sombabu and Subadramma. Grown in dark, rocky soil under a canopy of silver oak, mango, jackfruit, and jamun trees, this coffee reflects both the diversity of its terrain and the care with which it is grown. The flavour opens with notes of tropical fruit and citrus, followed by delicate florals and deeper notes of dates and olives, creating a cup that is both vibrant and well-rounded. Enjoy this brew black or with a splash of milk. Not sure which grind to order? Check out our grind size chart below for a quick brew tip!",https://www.arakucoffee.in/products/grande-reserve,https://cdn.shopify.com/s/files/1/0734/5609/1456/files/Grand_Reserve_New.png?v=1780930799,Coffee
Grand Reserve,Araku,3710.0,1kg,Dark Roast,,Araku Valley,,"Sourced from the highest and most select plots—the Grand Cru—of Araku Valley, ARAKU Grand Reserve coffee is cultivated at high elevation by farmers Badnaini Sombabu and Subadramma. Grown in dark, rocky soil under a canopy of silver oak, mango, jackfruit, and jamun trees, this coffee reflects both the diversity of its terrain and the care with which it is grown. The flavour opens with notes of tropical fruit and citrus, followed by delicate florals and deeper notes of dates and olives, creating a cup that is both vibrant and well-rounded. Enjoy this brew black or with a splash of milk. Not sure which grind to order? Check out our grind size chart below for a quick brew tip!",https://www.arakucoffee.in/products/grande-reserve,https://cdn.shopify.com/s/files/1/0734/5609/1456/files/Grand_Reserve_New.png?v=1780930799,Coffee
Grand Reserve,Araku,2060.0,500g,Dark Roast,,Araku Valley,,"Sourced from the highest and most select plots—the Grand Cru—of Araku Valley, ARAKU Grand Reserve coffee is cultivated at high elevation by farmers Badnaini Sombabu and Subadramma. Grown in dark, rocky soil under a canopy of silver oak, mango, jackfruit, and jamun trees, this coffee reflects both the diversity of its terrain and the care with which it is grown. The flavour opens with notes of tropical fruit and citrus, followed by delicate florals and deeper notes of dates and olives, creating a cup that is both vibrant and well-rounded. Enjoy this brew black or with a splash of milk. Not sure which grind to order? Check out our grind size chart below for a quick brew tip!",https://www.arakucoffee.in/products/grande-reserve,https://cdn.shopify.com/s/files/1/0734/5609/1456/files/Grand_Reserve_New.png?v=1780930799,Coffee
Grand Reserve,Araku,2060.0,500g,Dark Roast,,Araku Valley,,"Sourced from the highest and most select plots—the Grand Cru—of Araku Valley, ARAKU Grand Reserve coffee is cultivated at high elevation by farmers Badnaini Sombabu and Subadramma. Grown in dark, rocky soil under a canopy of silver oak, mango, jackfruit, and jamun trees, this coffee reflects both the diversity of its terrain and the care with which it is grown. The flavour opens with notes of tropical fruit and citrus, followed by delicate florals and deeper notes of dates and olives, creating a cup that is both vibrant and well-rounded. Enjoy this brew black or with a splash of milk. Not sure which grind to order? Check out our grind size chart below for a quick brew tip!",https://www.arakucoffee.in/products/grande-reserve,https://cdn.shopify.com/s/files/1/0734/5609/1456/files/Grand_Reserve_New.png?v=1780930799,Coffee
Grand Reserve,Araku,2060.0,500g,Dark Roast,,Araku Valley,,"Sourced from the highest and most select plots—the Grand Cru—of Araku Valley, ARAKU Grand Reserve coffee is cultivated at high elevation by farmers Badnaini Sombabu and Subadramma. Grown in dark, rocky soil under a canopy of silver oak, mango, jackfruit, and jamun trees, this coffee reflects both the diversity of its terrain and the care with which it is grown. The flavour opens with notes of tropical fruit and citrus, followed by delicate florals and deeper notes of dates and olives, creating a cup that is both vibrant and well-rounded. Enjoy this brew black or with a splash of milk. Not sure which grind to order? Check out our grind size chart below for a quick brew tip!",https://www.arakucoffee.in/products/grande-reserve,https://cdn.shopify.com/s/files/1/0734/5609/1456/files/Grand_Reserve_New.png?v=1780930799,Coffee
Grand Reserve,Araku,2060.0,500g,Dark Roast,,Araku Valley,,"Sourced from the highest and most select plots—the Grand Cru—of Araku Valley, ARAKU Grand Reserve coffee is cultivated at high elevation by farmers Badnaini Sombabu and Subadramma. Grown in dark, rocky soil under a canopy of silver oak, mango, jackfruit, and jamun trees, this coffee reflects both the diversity of its terrain and the care with which it is grown. The flavour opens with notes of tropical fruit and citrus, followed by delicate florals and deeper notes of dates and olives, creating a cup that is both vibrant and well-rounded. Enjoy this brew black or with a splash of milk. Not sure which grind to order? Check out our grind size chart below for a quick brew tip!",https://www.arakucoffee.in/products/grande-reserve,https://cdn.shopify.com/s/files/1/0734/5609/1456/files/Grand_Reserve_New.png?v=1780930799,Coffee
Grand Reserve,Araku,2060.0,500g,Dark Roast,,Araku Valley,,"Sourced from the highest and most select plots—the Grand Cru—of Araku Valley, ARAKU Grand Reserve coffee is cultivated at high elevation by farmers Badnaini Sombabu and Subadramma. Grown in dark, rocky soil under a canopy of silver oak, mango, jackfruit, and jamun trees, this coffee reflects both the diversity of its terrain and the care with which it is grown. The flavour opens with notes of tropical fruit and citrus, followed by delicate florals and deeper notes of dates and olives, creating a cup that is both vibrant and well-rounded. Enjoy this brew black or with a splash of milk. Not sure which grind to order? Check out our grind size chart below for a quick brew tip!",https://www.arakucoffee.in/products/grande-reserve,https://cdn.shopify.com/s/files/1/0734/5609/1456/files/Grand_Reserve_New.png?v=1780930799,Coffee
Grand Reserve,Araku,1030.0,250g,Dark Roast,,Araku Valley,,"Sourced from the highest and most select plots—the Grand Cru—of Araku Valley, ARAKU Grand Reserve coffee is cultivated at high elevation by farmers Badnaini Sombabu and Subadramma. Grown in dark, rocky soil under a canopy of silver oak, mango, jackfruit, and jamun trees, this coffee reflects both the diversity of its terrain and the care with which it is grown. The flavour opens with notes of tropical fruit and citrus, followed by delicate florals and deeper notes of dates and olives, creating a cup that is both vibrant and well-rounded. Enjoy this brew black or with a splash of milk. Not sure which grind to order? Check out our grind size chart below for a quick brew tip!",https://www.arakucoffee.in/products/grande-reserve,https://cdn.shopify.com/s/files/1/0734/5609/1456/files/Grand_Reserve_New.png?v=1780930799,Coffee
Grand Reserve,Araku,1030.0,250g,Dark Roast,,Araku Valley,,"Sourced from the highest and most select plots—the Grand Cru—of Araku Valley, ARAKU Grand Reserve coffee is cultivated at high elevation by farmers Badnaini Sombabu and Subadramma. Grown in dark, rocky soil under a canopy of silver oak, mango, jackfruit, and jamun trees, this coffee reflects both the diversity of its terrain and the care with which it is grown. The flavour opens with notes of tropical fruit and citrus, followed by delicate florals and deeper notes of dates and olives, creating a cup that is both vibrant and well-rounded. Enjoy this brew black or with a splash of milk. Not sure which grind to order? Check out our grind size chart below for a quick brew tip!",https://www.arakucoffee.in/products/grande-reserve,https://cdn.shopify.com/s/files/1/0734/5609/1456/files/Grand_Reserve_New.png?v=1780930799,Coffee
Grand Reserve,Araku,1030.0,250g,Dark Roast,,Araku Valley,,"Sourced from the highest and most select plots—the Grand Cru—of Araku Valley, ARAKU Grand Reserve coffee is cultivated at high elevation by farmers Badnaini Sombabu and Subadramma. Grown in dark, rocky soil under a canopy of silver oak, mango, jackfruit, and jamun trees, this coffee reflects both the diversity of its terrain and the care with which it is grown. The flavour opens with notes of tropical fruit and citrus, followed by delicate florals and deeper notes of dates and olives, creating a cup that is both vibrant and well-rounded. Enjoy this brew black or with a splash of milk. Not sure which grind to order? Check out our grind size chart below for a quick brew tip!",https://www.arakucoffee.in/products/grande-reserve,https://cdn.shopify.com/s/files/1/0734/5609/1456/files/Grand_Reserve_New.png?v=1780930799,Coffee
Grand Reserve,Araku,1030.0,250g,Dark Roast,,Araku Valley,,"Sourced from the highest and most select plots—the Grand Cru—of Araku Valley, ARAKU Grand Reserve coffee is cultivated at high elevation by farmers Badnaini Sombabu and Subadramma. Grown in dark, rocky soil under a canopy of silver oak, mango, jackfruit, and jamun trees, this coffee reflects both the diversity of its terrain and the care with which it is grown. The flavour opens with notes of tropical fruit and citrus, followed by delicate florals and deeper notes of dates and olives, creating a cup that is both vibrant and well-rounded. Enjoy this brew black or with a splash of milk. Not sure which grind to order? Check out our grind size chart below for a quick brew tip!",https://www.arakucoffee.in/products/grande-reserve,https://cdn.shopify.com/s/files/1/0734/5609/1456/files/Grand_Reserve_New.png?v=1780930799,Coffee
Grand Reserve,Araku,1030.0,250g,Dark Roast,,Araku Valley,,"Sourced from the highest and most select plots—the Grand Cru—of Araku Valley, ARAKU Grand Reserve coffee is cultivated at high elevation by farmers Badnaini Sombabu and Subadramma. Grown in dark, rocky soil under a canopy of silver oak, mango, jackfruit, and jamun trees, this coffee reflects both the diversity of its terrain and the care with which it is grown. The flavour opens with notes of tropical fruit and citrus, followed by delicate florals and deeper notes of dates and olives, creating a cup that is both vibrant and well-rounded. Enjoy this brew black or with a splash of milk. Not sure which grind to order? Check out our grind size chart below for a quick brew tip!",https://www.arakucoffee.in/products/grande-reserve,https://cdn.shopify.com/s/files/1/0734/5609/1456/files/Grand_Reserve_New.png?v=1780930799,Coffee
"Hario V60 Immersion Dripper Switch, Size 02",Araku,3600.0,,,,,,"Introducing the Hario Switch Immersion Dripper (Size 02), a versatile brewing device that combines pour-over and immersion methods for precise control and consistent results. Its unique switch mechanism allows easy toggling between brewing styles, letting you experiment and perfect your coffee extraction. Crafted from durable borosilicate glass and stainless steel, the Hario Switch withstands high temperatures and ensures long-lasting performance. With a 200ml capacity, it’s ideal for single servings or sharing. The conical shape and spiral ribs promote even extraction and balanced flavor, while the switch ensures a rich, full-bodied cup. Compatible with Hario V60 filters, the Hario Switch is easy to use and clean.",https://www.arakucoffee.in/products/hario-v60-immersion-dripper-switch-size-02,https://cdn.shopify.com/s/files/1/0734/5609/1456/files/Harioswitchandtimemorecarafe_2.jpg?v=1720251736,Accessories
Christmas Gift Box (Bengaluru Exclusive),Araku,1400.0,,Light Roast,"berries, jasmine, fruit candy, pomelo, and fennel seeds—aromatic, vibrant, and gently layered",Araku Valley,,"This thoughtfully curated winter box brings together two comforting rituals. Our Winter Festive Edit coffee is a light, expressive cup with notes of berries, jasmine, fruit candy, pomelo, and fennel seeds—aromatic, vibrant, and gently layered. Clean acidity and floral sweetness make it ideal for slow, mindful brewing. Paired with it is our house-made granola, a wholesome blend of roasted almonds, cashews, raisins, and seeds, lightly bound with honey and lifted with hints of paprika and black pepper from the Araku Valley for a subtle, warming spice. Grown in the cool, high-altitude farms of Gondivalasa village (1083m), this coffee is nurtured by smallholder farming families practising regenerative agriculture. This Christmas edition carries a special story—Farmer Vanthala Lingo, who hums softly while handpicking cherries, recorded a 1.5× increase in Grade 1 cherries this season, reflecting seven years of committed regenerative farming. The result is a vibrant light roast that mirrors the brightness of the festive season—perfect for gifting, sharing, or elevating quiet winter mornings with warmth and intention. Kindly note: This product is available only for Bengaluru pincodes. Orders will be shipped starting 19th December 2025.",https://www.arakucoffee.in/products/christmas-gift-box,https://cdn.shopify.com/s/files/1/0734/5609/1456/files/ARAKU_Coffee_and_Granola_Gift_box.jpg?v=1773837604,Accessories
Christmas Gift Box (Bengaluru Exclusive),Araku,1400.0,,Light Roast,"berries, jasmine, fruit candy, pomelo, and fennel seeds—aromatic, vibrant, and gently layered",Araku Valley,,"This thoughtfully curated winter box brings together two comforting rituals. Our Winter Festive Edit coffee is a light, expressive cup with notes of berries, jasmine, fruit candy, pomelo, and fennel seeds—aromatic, vibrant, and gently layered. Clean acidity and floral sweetness make it ideal for slow, mindful brewing. Paired with it is our house-made granola, a wholesome blend of roasted almonds, cashews, raisins, and seeds, lightly bound with honey and lifted with hints of paprika and black pepper from the Araku Valley for a subtle, warming spice. Grown in the cool, high-altitude farms of Gondivalasa village (1083m), this coffee is nurtured by smallholder farming families practising regenerative agriculture. This Christmas edition carries a special story—Farmer Vanthala Lingo, who hums softly while handpicking cherries, recorded a 1.5× increase in Grade 1 cherries this season, reflecting seven years of committed regenerative farming. The result is a vibrant light roast that mirrors the brightness of the festive season—perfect for gifting, sharing, or elevating quiet winter mornings with warmth and intention. Kindly note: This product is available only for Bengaluru pincodes. Orders will be shipped starting 19th December 2025.",https://www.arakucoffee.in/products/christmas-gift-box,https://cdn.shopify.com/s/files/1/0734/5609/1456/files/ARAKU_Coffee_and_Granola_Gift_box.jpg?v=1773837604,Accessories
Christmas Gift Box (Bengaluru Exclusive),Araku,1400.0,,Light Roast,"berries, jasmine, fruit candy, pomelo, and fennel seeds—aromatic, vibrant, and gently layered",Araku Valley,,"This thoughtfully curated winter box brings together two comforting rituals. Our Winter Festive Edit coffee is a light, expressive cup with notes of berries, jasmine, fruit candy, pomelo, and fennel seeds—aromatic, vibrant, and gently layered. Clean acidity and floral sweetness make it ideal for slow, mindful brewing. Paired with it is our house-made granola, a wholesome blend of roasted almonds, cashews, raisins, and seeds, lightly bound with honey and lifted with hints of paprika and black pepper from the Araku Valley for a subtle, warming spice. Grown in the cool, high-altitude farms of Gondivalasa village (1083m), this coffee is nurtured by smallholder farming families practising regenerative agriculture. This Christmas edition carries a special story—Farmer Vanthala Lingo, who hums softly while handpicking cherries, recorded a 1.5× increase in Grade 1 cherries this season, reflecting seven years of committed regenerative farming. The result is a vibrant light roast that mirrors the brightness of the festive season—perfect for gifting, sharing, or elevating quiet winter mornings with warmth and intention. Kindly note: This product is available only for Bengaluru pincodes. Orders will be shipped starting 19th December 2025.",https://www.arakucoffee.in/products/christmas-gift-box,https://cdn.shopify.com/s/files/1/0734/5609/1456/files/ARAKU_Coffee_and_Granola_Gift_box.jpg?v=1773837604,Accessories
Christmas Gift Box (Bengaluru Exclusive),Araku,1400.0,,Light Roast,"berries, jasmine, fruit candy, pomelo, and fennel seeds—aromatic, vibrant, and gently layered",Araku Valley,,"This thoughtfully curated winter box brings together two comforting rituals. Our Winter Festive Edit coffee is a light, expressive cup with notes of berries, jasmine, fruit candy, pomelo, and fennel seeds—aromatic, vibrant, and gently layered. Clean acidity and floral sweetness make it ideal for slow, mindful brewing. Paired with it is our house-made granola, a wholesome blend of roasted almonds, cashews, raisins, and seeds, lightly bound with honey and lifted with hints of paprika and black pepper from the Araku Valley for a subtle, warming spice. Grown in the cool, high-altitude farms of Gondivalasa village (1083m), this coffee is nurtured by smallholder farming families practising regenerative agriculture. This Christmas edition carries a special story—Farmer Vanthala Lingo, who hums softly while handpicking cherries, recorded a 1.5× increase in Grade 1 cherries this season, reflecting seven years of committed regenerative farming. The result is a vibrant light roast that mirrors the brightness of the festive season—perfect for gifting, sharing, or elevating quiet winter mornings with warmth and intention. Kindly note: This product is available only for Bengaluru pincodes. Orders will be shipped starting 19th December 2025.",https://www.arakucoffee.in/products/christmas-gift-box,https://cdn.shopify.com/s/files/1/0734/5609/1456/files/ARAKU_Coffee_and_Granola_Gift_box.jpg?v=1773837604,Accessories
Christmas Gift Box (Bengaluru Exclusive),Araku,1400.0,,Light Roast,"berries, jasmine, fruit candy, pomelo, and fennel seeds—aromatic, vibrant, and gently layered",Araku Valley,,"This thoughtfully curated winter box brings together two comforting rituals. Our Winter Festive Edit coffee is a light, expressive cup with notes of berries, jasmine, fruit candy, pomelo, and fennel seeds—aromatic, vibrant, and gently layered. Clean acidity and floral sweetness make it ideal for slow, mindful brewing. Paired with it is our house-made granola, a wholesome blend of roasted almonds, cashews, raisins, and seeds, lightly bound with honey and lifted with hints of paprika and black pepper from the Araku Valley for a subtle, warming spice. Grown in the cool, high-altitude farms of Gondivalasa village (1083m), this coffee is nurtured by smallholder farming families practising regenerative agriculture. This Christmas edition carries a special story—Farmer Vanthala Lingo, who hums softly while handpicking cherries, recorded a 1.5× increase in Grade 1 cherries this season, reflecting seven years of committed regenerative farming. The result is a vibrant light roast that mirrors the brightness of the festive season—perfect for gifting, sharing, or elevating quiet winter mornings with warmth and intention. Kindly note: This product is available only for Bengaluru pincodes. Orders will be shipped starting 19th December 2025.",https://www.arakucoffee.in/products/christmas-gift-box,https://cdn.shopify.com/s/files/1/0734/5609/1456/files/ARAKU_Coffee_and_Granola_Gift_box.jpg?v=1773837604,Accessories
Microlot 05.24,Araku,1300.0,250g,,"A coffee with glorious floral undertones from Gummaguda, with a cupping score of 86",,,"A coffee with glorious floral undertones from Gummaguda, with a cupping score of 86. It originates from a lush terroir rich in ancient silver oaks and wild mango trees, imparting a unique character to the coffees from this region. It’s an ideal example of Arakunomics in a cup! Residents of this village – including the producers, Simalu & Pangi Budhranna – are part of one of the largest fairtrade and organic certified coffee cooperatives in the world, with over 30,200 registered farmers. The cooperative has been crucial in aggregating farmers by giving them shared value and complete autonomy over the produce. Not sure which grind to order? Check out the grind size chart below to match it with your brewing equipment!",https://www.arakucoffee.in/products/microlot-05-24,https://cdn.shopify.com/s/files/1/0734/5609/1456/files/Slide1.jpg?v=1732786441,Coffee
Microlot 05.24,Araku,1300.0,250g,,"A coffee with glorious floral undertones from Gummaguda, with a cupping score of 86",,,"A coffee with glorious floral undertones from Gummaguda, with a cupping score of 86. It originates from a lush terroir rich in ancient silver oaks and wild mango trees, imparting a unique character to the coffees from this region. It’s an ideal example of Arakunomics in a cup! Residents of this village – including the producers, Simalu & Pangi Budhranna – are part of one of the largest fairtrade and organic certified coffee cooperatives in the world, with over 30,200 registered farmers. The cooperative has been crucial in aggregating farmers by giving them shared value and complete autonomy over the produce. Not sure which grind to order? Check out the grind size chart below to match it with your brewing equipment!",https://www.arakucoffee.in/products/microlot-05-24,https://cdn.shopify.com/s/files/1/0734/5609/1456/files/Slide1.jpg?v=1732786441,Coffee
Microlot 05.24,Araku,1300.0,250g,,"A coffee with glorious floral undertones from Gummaguda, with a cupping score of 86",,,"A coffee with glorious floral undertones from Gummaguda, with a cupping score of 86. It originates from a lush terroir rich in ancient silver oaks and wild mango trees, imparting a unique character to the coffees from this region. It’s an ideal example of Arakunomics in a cup! Residents of this village – including the producers, Simalu & Pangi Budhranna – are part of one of the largest fairtrade and organic certified coffee cooperatives in the world, with over 30,200 registered farmers. The cooperative has been crucial in aggregating farmers by giving them shared value and complete autonomy over the produce. Not sure which grind to order? Check out the grind size chart below to match it with your brewing equipment!",https://www.arakucoffee.in/products/microlot-05-24,https://cdn.shopify.com/s/files/1/0734/5609/1456/files/Slide1.jpg?v=1732786441,Coffee
Microlot 05.24,Araku,1300.0,250g,,"A coffee with glorious floral undertones from Gummaguda, with a cupping score of 86",,,"A coffee with glorious floral undertones from Gummaguda, with a cupping score of 86. It originates from a lush terroir rich in ancient silver oaks and wild mango trees, imparting a unique character to the coffees from this region. It’s an ideal example of Arakunomics in a cup! Residents of this village – including the producers, Simalu & Pangi Budhranna – are part of one of the largest fairtrade and organic certified coffee cooperatives in the world, with over 30,200 registered farmers. The cooperative has been crucial in aggregating farmers by giving them shared value and complete autonomy over the produce. Not sure which grind to order? Check out the grind size chart below to match it with your brewing equipment!",https://www.arakucoffee.in/products/microlot-05-24,https://cdn.shopify.com/s/files/1/0734/5609/1456/files/Slide1.jpg?v=1732786441,Coffee
Microlot 05.24,Araku,1300.0,250g,,"A coffee with glorious floral undertones from Gummaguda, with a cupping score of 86",,,"A coffee with glorious floral undertones from Gummaguda, with a cupping score of 86. It originates from a lush terroir rich in ancient silver oaks and wild mango trees, imparting a unique character to the coffees from this region. It’s an ideal example of Arakunomics in a cup! Residents of this village – including the producers, Simalu & Pangi Budhranna – are part of one of the largest fairtrade and organic certified coffee cooperatives in the world, with over 30,200 registered farmers. The cooperative has been crucial in aggregating farmers by giving them shared value and complete autonomy over the produce. Not sure which grind to order? Check out the grind size chart below to match it with your brewing equipment!",https://www.arakucoffee.in/products/microlot-05-24,https://cdn.shopify.com/s/files/1/0734/5609/1456/files/Slide1.jpg?v=1732786441,Coffee
Festive Edit,Araku,940.0,250g,Light Roast,,Araku Valley,,"Bright, expressive, and crafted for the season — ARAKU Coffee’s limited-edition Festive Edit is our celebratory release for the holidays. Grown in the cool, high-altitude farms of Gondivalasa village (1083m), this coffee is nurtured by skilled smallholder farming families whose regenerative methods preserve both the land and its legacy. This year’s Christmas edition stands out not only for its flavour but for the story behind its harvest. Farmer Vanthala Lingo, known for humming gentle melodies as she handpicks coffee cherries, recorded a remarkable 1.5 times increase in Grade 1 cherries this season — a testament to seven years of continuous regenerative farming. For her and her husband Shiva, abundance is not measured in quantity alone, but in the brighter future they are building for their children and their home. Their dedication is woven into every bean of this celebratory lot. The result is a light-roast profile that is both vibrant and elegant — perfect for discerning palates and festive gifting. Expect sparkling flavours that mirror the joyful brightness of the season. Whether you’re gifting loved ones, delighting clients, hosting festive gatherings, or simply elevating your own holiday rituals, this edition is a collectible coffee that captures the warmth, generosity of Christmas.",https://www.arakucoffee.in/products/festive-edition-diwali-2025,https://cdn.shopify.com/s/files/1/0734/5609/1456/files/WhatsAppImage2025-12-05at5.50.39PM_1.jpg?v=1764937604,Coffee
Festive Edit,Araku,940.0,250g,Light Roast,,Araku Valley,,"Bright, expressive, and crafted for the season — ARAKU Coffee’s limited-edition Festive Edit is our celebratory release for the holidays. Grown in the cool, high-altitude farms of Gondivalasa village (1083m), this coffee is nurtured by skilled smallholder farming families whose regenerative methods preserve both the land and its legacy. This year’s Christmas edition stands out not only for its flavour but for the story behind its harvest. Farmer Vanthala Lingo, known for humming gentle melodies as she handpicks coffee cherries, recorded a remarkable 1.5 times increase in Grade 1 cherries this season — a testament to seven years of continuous regenerative farming. For her and her husband Shiva, abundance is not measured in quantity alone, but in the brighter future they are building for their children and their home. Their dedication is woven into every bean of this celebratory lot. The result is a light-roast profile that is both vibrant and elegant — perfect for discerning palates and festive gifting. Expect sparkling flavours that mirror the joyful brightness of the season. Whether you’re gifting loved ones, delighting clients, hosting festive gatherings, or simply elevating your own holiday rituals, this edition is a collectible coffee that captures the warmth, generosity of Christmas.",https://www.arakucoffee.in/products/festive-edition-diwali-2025,https://cdn.shopify.com/s/files/1/0734/5609/1456/files/WhatsAppImage2025-12-05at5.50.39PM_1.jpg?v=1764937604,Coffee
Festive Edit,Araku,940.0,250g,Light Roast,,Araku Valley,,"Bright, expressive, and crafted for the season — ARAKU Coffee’s limited-edition Festive Edit is our celebratory release for the holidays. Grown in the cool, high-altitude farms of Gondivalasa village (1083m), this coffee is nurtured by skilled smallholder farming families whose regenerative methods preserve both the land and its legacy. This year’s Christmas edition stands out not only for its flavour but for the story behind its harvest. Farmer Vanthala Lingo, known for humming gentle melodies as she handpicks coffee cherries, recorded a remarkable 1.5 times increase in Grade 1 cherries this season — a testament to seven years of continuous regenerative farming. For her and her husband Shiva, abundance is not measured in quantity alone, but in the brighter future they are building for their children and their home. Their dedication is woven into every bean of this celebratory lot. The result is a light-roast profile that is both vibrant and elegant — perfect for discerning palates and festive gifting. Expect sparkling flavours that mirror the joyful brightness of the season. Whether you’re gifting loved ones, delighting clients, hosting festive gatherings, or simply elevating your own holiday rituals, this edition is a collectible coffee that captures the warmth, generosity of Christmas.",https://www.arakucoffee.in/products/festive-edition-diwali-2025,https://cdn.shopify.com/s/files/1/0734/5609/1456/files/WhatsAppImage2025-12-05at5.50.39PM_1.jpg?v=1764937604,Coffee
Festive Edit,Araku,940.0,250g,Light Roast,,Araku Valley,,"Bright, expressive, and crafted for the season — ARAKU Coffee’s limited-edition Festive Edit is our celebratory release for the holidays. Grown in the cool, high-altitude farms of Gondivalasa village (1083m), this coffee is nurtured by skilled smallholder farming families whose regenerative methods preserve both the land and its legacy. This year’s Christmas edition stands out not only for its flavour but for the story behind its harvest. Farmer Vanthala Lingo, known for humming gentle melodies as she handpicks coffee cherries, recorded a remarkable 1.5 times increase in Grade 1 cherries this season — a testament to seven years of continuous regenerative farming. For her and her husband Shiva, abundance is not measured in quantity alone, but in the brighter future they are building for their children and their home. Their dedication is woven into every bean of this celebratory lot. The result is a light-roast profile that is both vibrant and elegant — perfect for discerning palates and festive gifting. Expect sparkling flavours that mirror the joyful brightness of the season. Whether you’re gifting loved ones, delighting clients, hosting festive gatherings, or simply elevating your own holiday rituals, this edition is a collectible coffee that captures the warmth, generosity of Christmas.",https://www.arakucoffee.in/products/festive-edition-diwali-2025,https://cdn.shopify.com/s/files/1/0734/5609/1456/files/WhatsAppImage2025-12-05at5.50.39PM_1.jpg?v=1764937604,Coffee
Festive Edit,Araku,940.0,250g,Light Roast,,Araku Valley,,"Bright, expressive, and crafted for the season — ARAKU Coffee’s limited-edition Festive Edit is our celebratory release for the holidays. Grown in the cool, high-altitude farms of Gondivalasa village (1083m), this coffee is nurtured by skilled smallholder farming families whose regenerative methods preserve both the land and its legacy. This year’s Christmas edition stands out not only for its flavour but for the story behind its harvest. Farmer Vanthala Lingo, known for humming gentle melodies as she handpicks coffee cherries, recorded a remarkable 1.5 times increase in Grade 1 cherries this season — a testament to seven years of continuous regenerative farming. For her and her husband Shiva, abundance is not measured in quantity alone, but in the brighter future they are building for their children and their home. Their dedication is woven into every bean of this celebratory lot. The result is a light-roast profile that is both vibrant and elegant — perfect for discerning palates and festive gifting. Expect sparkling flavours that mirror the joyful brightness of the season. Whether you’re gifting loved ones, delighting clients, hosting festive gatherings, or simply elevating your own holiday rituals, this edition is a collectible coffee that captures the warmth, generosity of Christmas.",https://www.arakucoffee.in/products/festive-edition-diwali-2025,https://cdn.shopify.com/s/files/1/0734/5609/1456/files/WhatsAppImage2025-12-05at5.50.39PM_1.jpg?v=1764937604,Coffee
"NANOLOT : Cocoa Nibs & Spices, Washed Process",Araku,2600.0,,Medium-Light Roast,,,Natural,"NANOLOT #5 is an 88-point washed coffee, released in just 84 packs of 250 g each, making it one of the most limited coffees in the NANOLOT Series. Grown at 1,149 metres above sea level in Kudasingi village, Pedabayalu Mandal, this lot was roasted in small batches to highlight clarity, sweetness, and balance. In the cup, NANOLOT #5 offers a sweet-spicy profile with depth and structure. It opens with notes of cocoa nibs and malt, followed by a gentle lemony brightness. As the cup cools, layers of sugarcane, honey, raisin, vanilla, and soft apricot begin to emerge, supported by delicate floral undertones. The body is syrupy and rounded, finishing clean and lingering—complex yet highly approachable. This coffee is washed and medium-light roasted, using a quick roast profile with approximately 12% development time ratio (DTR) and high airflow. This approach preserves freshness and aromatics while allowing sweetness and body to develop naturally. With a moisture content of 10.20% and a carefully controlled 4-day drying period, the green coffee showed excellent stability and clarity during roasting. The coffee is grown on dark brown, rocky soil with a natural medium slope, under a diversified shade canopy of over eight native and fruit tree varieties. These growing conditions slow cherry maturation, contributing to the coffee’s layered sweetness, refined acidity, and balanced structure.",https://www.arakucoffee.in/products/nanolot-5,https://cdn.shopify.com/s/files/1/0734/5609/1456/files/NANOLOT_5.png?v=1773812113,Coffee
Taste the Terroir: Coffee Sampler Pack,Araku,1480.0,100g,Medium-Dark Roast,"In specialty coffee, flavour begins long before",Araku Valley,,"In specialty coffee, flavour begins long before roasting — it begins in the land. This Terroir Coffee Sample Pack is an invitation to explore how altitude, soil, micro-climate, and careful cultivation shape what you taste in the cup. Each coffee in this set comes from a distinct growing environment, allowing you to experience how terroir expresses itself through sweetness, acidity, body, and aroma. Curated for both discovery and comparison, this set lets you brew the coffees side by side, slow down, and understand your own preferences — before choosing a larger pouch. The collection includes four 100% Arabica coffees: Selection – Medium Dark Roast Rounded and balanced, with deeper body and comforting sweetness Signature – Medium Roast Smooth and versatile, designed for everyday clarity and balance Grand Reserve – Medium Roast Layered and refined, highlighting complexity and structure Micro Climate – Medium Roast Nuanced and expressive, shaped by specific micro-regional conditions Roasted to highlight origin character rather than bitterness, each coffee reflects ARAKU’s commitment to traceability, craft, and flavour clarity. Ideal for mindful brewing, thoughtful gifting, or anyone looking to deepen their understanding of specialty coffee — one cup at a time.",https://www.arakucoffee.in/products/coffee-sampler-pack-taste-the-terroir,https://cdn.shopify.com/s/files/1/0734/5609/1456/files/Sampler_Pack.jpg?v=1773836919,Coffee
Taste the Terroir: Coffee Sampler Pack,Araku,1480.0,100g,Medium-Dark Roast,"In specialty coffee, flavour begins long before",Araku Valley,,"In specialty coffee, flavour begins long before roasting — it begins in the land. This Terroir Coffee Sample Pack is an invitation to explore how altitude, soil, micro-climate, and careful cultivation shape what you taste in the cup. Each coffee in this set comes from a distinct growing environment, allowing you to experience how terroir expresses itself through sweetness, acidity, body, and aroma. Curated for both discovery and comparison, this set lets you brew the coffees side by side, slow down, and understand your own preferences — before choosing a larger pouch. The collection includes four 100% Arabica coffees: Selection – Medium Dark Roast Rounded and balanced, with deeper body and comforting sweetness Signature – Medium Roast Smooth and versatile, designed for everyday clarity and balance Grand Reserve – Medium Roast Layered and refined, highlighting complexity and structure Micro Climate – Medium Roast Nuanced and expressive, shaped by specific micro-regional conditions Roasted to highlight origin character rather than bitterness, each coffee reflects ARAKU’s commitment to traceability, craft, and flavour clarity. Ideal for mindful brewing, thoughtful gifting, or anyone looking to deepen their understanding of specialty coffee — one cup at a time.",https://www.arakucoffee.in/products/coffee-sampler-pack-taste-the-terroir,https://cdn.shopify.com/s/files/1/0734/5609/1456/files/Sampler_Pack.jpg?v=1773836919,Coffee
Taste the Terroir: Coffee Sampler Pack,Araku,1480.0,100g,Medium-Dark Roast,"In specialty coffee, flavour begins long before",Araku Valley,,"In specialty coffee, flavour begins long before roasting — it begins in the land. This Terroir Coffee Sample Pack is an invitation to explore how altitude, soil, micro-climate, and careful cultivation shape what you taste in the cup. Each coffee in this set comes from a distinct growing environment, allowing you to experience how terroir expresses itself through sweetness, acidity, body, and aroma. Curated for both discovery and comparison, this set lets you brew the coffees side by side, slow down, and understand your own preferences — before choosing a larger pouch. The collection includes four 100% Arabica coffees: Selection – Medium Dark Roast Rounded and balanced, with deeper body and comforting sweetness Signature – Medium Roast Smooth and versatile, designed for everyday clarity and balance Grand Reserve – Medium Roast Layered and refined, highlighting complexity and structure Micro Climate – Medium Roast Nuanced and expressive, shaped by specific micro-regional conditions Roasted to highlight origin character rather than bitterness, each coffee reflects ARAKU’s commitment to traceability, craft, and flavour clarity. Ideal for mindful brewing, thoughtful gifting, or anyone looking to deepen their understanding of specialty coffee — one cup at a time.",https://www.arakucoffee.in/products/coffee-sampler-pack-taste-the-terroir,https://cdn.shopify.com/s/files/1/0734/5609/1456/files/Sampler_Pack.jpg?v=1773836919,Coffee
Taste the Terroir: Coffee Sampler Pack,Araku,1480.0,100g,Medium-Dark Roast,"In specialty coffee, flavour begins long before",Araku Valley,,"In specialty coffee, flavour begins long before roasting — it begins in the land. This Terroir Coffee Sample Pack is an invitation to explore how altitude, soil, micro-climate, and careful cultivation shape what you taste in the cup. Each coffee in this set comes from a distinct growing environment, allowing you to experience how terroir expresses itself through sweetness, acidity, body, and aroma. Curated for both discovery and comparison, this set lets you brew the coffees side by side, slow down, and understand your own preferences — before choosing a larger pouch. The collection includes four 100% Arabica coffees: Selection – Medium Dark Roast Rounded and balanced, with deeper body and comforting sweetness Signature – Medium Roast Smooth and versatile, designed for everyday clarity and balance Grand Reserve – Medium Roast Layered and refined, highlighting complexity and structure Micro Climate – Medium Roast Nuanced and expressive, shaped by specific micro-regional conditions Roasted to highlight origin character rather than bitterness, each coffee reflects ARAKU’s commitment to traceability, craft, and flavour clarity. Ideal for mindful brewing, thoughtful gifting, or anyone looking to deepen their understanding of specialty coffee — one cup at a time.",https://www.arakucoffee.in/products/coffee-sampler-pack-taste-the-terroir,https://cdn.shopify.com/s/files/1/0734/5609/1456/files/Sampler_Pack.jpg?v=1773836919,Coffee
Taste the Terroir: Coffee Sampler Pack,Araku,1480.0,100g,Medium-Dark Roast,"In specialty coffee, flavour begins long before",Araku Valley,,"In specialty coffee, flavour begins long before roasting — it begins in the land. This Terroir Coffee Sample Pack is an invitation to explore how altitude, soil, micro-climate, and careful cultivation shape what you taste in the cup. Each coffee in this set comes from a distinct growing environment, allowing you to experience how terroir expresses itself through sweetness, acidity, body, and aroma. Curated for both discovery and comparison, this set lets you brew the coffees side by side, slow down, and understand your own preferences — before choosing a larger pouch. The collection includes four 100% Arabica coffees: Selection – Medium Dark Roast Rounded and balanced, with deeper body and comforting sweetness Signature – Medium Roast Smooth and versatile, designed for everyday clarity and balance Grand Reserve – Medium Roast Layered and refined, highlighting complexity and structure Micro Climate – Medium Roast Nuanced and expressive, shaped by specific micro-regional conditions Roasted to highlight origin character rather than bitterness, each coffee reflects ARAKU’s commitment to traceability, craft, and flavour clarity. Ideal for mindful brewing, thoughtful gifting, or anyone looking to deepen their understanding of specialty coffee — one cup at a time.",https://www.arakucoffee.in/products/coffee-sampler-pack-taste-the-terroir,https://cdn.shopify.com/s/files/1/0734/5609/1456/files/Sampler_Pack.jpg?v=1773836919,Coffee
Barista Skills: Professional,Araku,53100.0,45000+ Taxes / May 28-30 | 10am - 6pm,,,,,"You must have completed the SCA Barista Intermediate Course to enroll in this course, and have experience as a working barista. On this three-day course you will be taught the cutting-edge concepts and techniques of the best Specialty Coffee Baristas, making this course essential for Baristas, trainers and dedicated coffee professionals. We will explore, design and evaluate brew recipes that are specific to the coffee, machinery and environment that you work in. We go in-depth into espresso extraction. We will analyze café design, workflow layout and financial management. We will explore water chemistry and you will learn how to test water, the effect on flavour and how to use different filtration methods to optimize your water to SCA Standards. Instructions Please reach the venue 15 minutes prior to the event for registering, additional information etc. from your authorised trainer. Please do not wear perfume or cologne to class as they interfere with coffee aromatics.",https://www.arakucoffee.in/products/barista-skills-professional-1,https://cdn.shopify.com/s/files/1/0734/5609/1456/files/ArakuAWSCATrainingPhotosOctober2023-170_2.jpg?v=1724330422,Coffee
Huskee Cup & Lid Combo,Araku,1770.0,6 Oz,,,,,"Sustainable, versatile and beautiful. The Huskee Cup & Lid Combo is created using waste husk left over from the production of coffee to ensure sustainability at every level. A reusable coffee cup made for cafes, home users and on-the-go coffee drinkers that keeps your coffee hotter for longer and is available in three sizes. The best part? You get 10% off every coffee you buy from the cafe when you bring your own! The cups are also dishwasher friendly for ease-of-use.",https://www.arakucoffee.in/products/huskee-cup-lid-combo-12oz,https://cdn.shopify.com/s/files/1/0734/5609/1456/files/Resized.png?v=1749186037,Accessories
Huskee Cup & Lid Combo,Araku,2130.0,8 Oz,,,,,"Sustainable, versatile and beautiful. The Huskee Cup & Lid Combo is created using waste husk left over from the production of coffee to ensure sustainability at every level. A reusable coffee cup made for cafes, home users and on-the-go coffee drinkers that keeps your coffee hotter for longer and is available in three sizes. The best part? You get 10% off every coffee you buy from the cafe when you bring your own! The cups are also dishwasher friendly for ease-of-use.",https://www.arakucoffee.in/products/huskee-cup-lid-combo-12oz,https://cdn.shopify.com/s/files/1/0734/5609/1456/files/Resized.png?v=1749186037,Accessories
Huskee Cup & Lid Combo,Araku,2590.0,12 Oz,,,,,"Sustainable, versatile and beautiful. The Huskee Cup & Lid Combo is created using waste husk left over from the production of coffee to ensure sustainability at every level. A reusable coffee cup made for cafes, home users and on-the-go coffee drinkers that keeps your coffee hotter for longer and is available in three sizes. The best part? You get 10% off every coffee you buy from the cafe when you bring your own! The cups are also dishwasher friendly for ease-of-use.",https://www.arakucoffee.in/products/huskee-cup-lid-combo-12oz,https://cdn.shopify.com/s/files/1/0734/5609/1456/files/Resized.png?v=1749186037,Accessories
Topaz Gift Box,Araku,6060.0,,,"chocolate, toffee, and sugarcane, Araku's Selection is the perfect family coffee",Araku Valley,,"Encased in vibrant yellow comes our Topaz Gift Box containing Araku’s exclusive Yellow Moka Pot, the stunning espresso cup set, and our Selection tin. With notes of chocolate, toffee, and sugarcane, Araku's Selection is the perfect family coffee!",https://www.arakucoffee.in/products/topaz-gift-box,https://cdn.shopify.com/s/files/1/0734/5609/1456/files/Arakuday23800-Edit.jpg?v=1687004657,Accessories
SCA Coffee Skills Program: Introduction to Coffee,Araku,17700.0,,,,Araku Valley,,"Introduction to Coffee - 10 Points This comprehensive four-hour course is a perfect starting point to introduce you to all the key concepts of specialty coffee. You will learn the origins of coffee, the differences between Robusta and Arabica beans, how specialty coffee is grown, produced, harvested, roasted and how grind, brewing method and water affect quality in the cup. Additionally, the module provides you with introductory skills on how to taste and assess coffee, discover the SCA flavour wheel and cupping form as we complete the course with a cupping session. Duration: 4 hours About: Attend SCA-certified courses conducted by Sumanth Paranjape , Assistant Food and Beverage Manager (ARAKU Coffee). Sumanth is also an Authorised SCA Trainer (AST) and offers the highest quality of instruction for beginning baristas, roasters, and the serious and curious coffee connoisseur. All the courses are hosted at Araku World Specialty Coffee Academy (AWSCA), located at our flagship in Bangalore, Indiranagar. The academy is equipped with top-of-the-line tools and an in-house roastery. ⁠The Coffee Skills Program at AWSCA consists of three different modules: Introduction to Coffee for beginners and coffee-enthusiasts, and specialised courses such as Barista Skills and Sensory Skills in different levels. The courses range from 1-5 days with an opportunity for practical and written online exams to receive SCA certification.",https://www.arakucoffee.in/products/sca-coffee-skills-program-introduction-to-coffee,https://cdn.shopify.com/s/files/1/0734/5609/1456/files/trythis.jpg?v=1703145507,Coffee
Coffee 101: Nail That Brew,Araku,2360.0,2000 + Taxes / May 16th | 4PM to 6PM,,,,,nan,https://www.arakucoffee.in/products/coffee-101-nail-that-brew,https://cdn.shopify.com/s/files/1/0734/5609/1456/files/Araku_AWSCA_Training_Photos_October_2023-35_1_1_1_1.jpg?v=1713781282,Coffee
Brewista Artisan Gooseneck Kettle,Araku,19000.0,,,,,,"Great coffee is shaped by precision and patience. The Artisan Kettle gives you complete control over temperature and pour, allowing every brew to express the true character of the coffee. With ±1 °F temperature accuracy, an ultra-slim gooseneck spout, and a perfectly balanced design, it ensures even saturation, a controlled bloom, and consistent extraction—cup after cup. Crafted from durable 304 stainless steel and sized for mindful brewing, this kettle turns your daily pour-over into a quiet, intentional ritual.",https://www.arakucoffee.in/products/brewista-artisan-gooseneck-kettle,https://cdn.shopify.com/s/files/1/0734/5609/1456/files/brewista-kettle.webp?v=1773837386,Accessories
Coffee Reflections,Araku,2550.0,,,An elegant set of green cappuccino cups are paired with our fruity yet strong Grand Reserve Coffee in the ARAKU Coffee,Araku Valley,,"It is the season promising new beginnings. As you recall your fondest holiday memories, don't forget your festive coffee fix. An elegant set of green cappuccino cups are paired with our fruity yet strong Grand Reserve Coffee in the ARAKU Coffee Reflections Gift Box. Coming from our select coffee plots, Grand Reserve offers the ultimate balance between roundness and intensity, prized by coffee connoisseurs. Please mention your preferred grind size for Grand Reserve in the order note.",https://www.arakucoffee.in/products/coffee-reflections,https://cdn.shopify.com/s/files/1/0734/5609/1456/products/600x800_-_reflections_with_box.jpg?v=1696572800,Coffee
Comandante C40 MK3 Nitro Blade Manual Coffee Grinder – American Cherry,Araku,26000.0,,Dark Roast,Precision-built in Germany and finished with natural American Cherry veneer,Araku Valley,Natural,"Experience the benchmark in manual coffee grinding with the Comandante C40 MK3 Nitro Blade — American Cherry . Precision-built in Germany and finished with natural American Cherry veneer, this grinder combines engineering excellence with timeless design. Its Nitro Blade® burrs are crafted from high-nitrogen stainless steel for superior grind consistency and unmatched clarity in every cup. Highlights Nitro Blade® burrs: Patented conical burrs deliver precise, uniform grinds for espresso, pour-over, French press, and more. Stepped grind adjustment: Crisp, repeatable clicks make dialing in simple; upgrade to Red Clix for finer control. Travel-ready jars: Includes one robust polymer and one dark glass jar, both ~40 g capacity. Premium build: Stainless-steel core wrapped in real American Cherry veneer; oak knob for natural grip. Made in Germany: Built to last with meticulous craftsmanship and durable materials. What’s in the box Comandante C40 MK3 Nitro Blade – American Cherry grinder 1× Polymer Bean Jar (clear) + 1× Glass Bean Jar (dark), lids included Merino wool felt mat Comandante® wrist band Specifications Burrs: Nitro Blade® conical stainless steel Body: Stainless steel with natural American Cherry veneer Jar capacity: ~40 g roasted coffee Dimensions: Ø 2.4"" × H 6.3"" Weight: ~1.6 lb Care & Maintenance Brush burrs clean after each use. Rinse jars with warm water and dry thoroughly. Maintain the wooden veneer with a food-safe wood balm for lasting finish. Perfect with ARAKU Coffee Pair the Comandante C40 MK3 with ARAKU Coffee’s 100% Arabica beans to bring out terroir-driven flavors — from crisp pour-overs to bold espresso shots.",https://www.arakucoffee.in/products/comandante-nitro-blade-coffee-grinder-american-cherry,https://cdn.shopify.com/s/files/1/0734/5609/1456/files/0D3A5938_1_1.jpg?v=1694851142,Accessories
Timemore Chestnut C3S Manual Coffee Grinder,Araku,6690.0,,,,,,"The Timemore Chestnut C3S Manual Coffee Grinder is a premium, all-metal hand grinder designed for precision and portability. Crafted from durable aluminium alloy with stainless steel “Spike-to-Cut (S2C) 660” burrs, it delivers consistent, uniform grounds across brewing methods — from French Press and pour-over to moka pot and AeroPress. Compact yet robust, the grinder weighs around 500 g and holds approximately 20–25 g of coffee beans, making it ideal for both home use and travel. Its adjustable grind settings allow easy control over coarseness, ensuring a tailored brew every time. With its sleek design, solid grip, and smooth, efficient grinding action, the C3S combines craftsmanship and functionality, offering exceptional performance for coffee lovers seeking café-quality results in a portable form.",https://www.arakucoffee.in/products/timemore-chestnut-c3s-manual-coffee-grinder,https://cdn.shopify.com/s/files/1/0734/5609/1456/files/timemore-chestnut-c3s-manual-coffee-grinder-7541138.webp?v=1762510720,Accessories
ARAKU Coffee & Orange Dark Chocolate (72%) — 75g Pack of 2,Araku,770.0,,Dark Roast,"Bright citrus, dark chocolate depth, lingering coffee warmth",Kerala,,"Experience a sensory bridge between coffee and cacao with ARAKU’s Coffee & Orange Dark Chocolate Bar . Crafted with 72% organic, single-origin Kerala cacao , this bar infuses the deep, aromatic tones of ARAKU Selection coffee with a burst of zesty orange . The result — a sophisticated, bittersweet harmony that mirrors our iconic café drink, Café L’Orange . This chocolate is more than a treat — it’s a tribute to the biodiversity of the Araku Valley , where our coffee thrives under the same shade trees that inspire every product we craft. Tasting Notes : Bright citrus, dark chocolate depth, lingering coffee warmth. Why You’ll Love It: Infused with freshly roasted ARAKU Selection coffee beans 100% organic, vegan, and ethically sourced Crafted with single-origin Kerala cacao Inspired by Café L’Orange — a signature ARAKU experience",https://www.arakucoffee.in/products/araku-coffee-orange-chocolate-bar-pack-of-2,https://cdn.shopify.com/s/files/1/0734/5609/1456/files/ChatGPTImageNov17_2025_02_19_35PM.png?v=1763369404,Coffee
ARAKU Chocolate Duo: Coffee & Orange + Mint & Pepper,Araku,570.0,,,Discover the essence of the Araku Valley in this artisanal chocolate pairing — Coffee & Orange and Mint & Pepper,Araku Valley,,"Discover the essence of the Araku Valley in this artisanal chocolate pairing — Coffee & Orange and Mint & Pepper . Each bar tells a story of origin, crafted from organic, single-origin Kerala cacao and ingredients rooted in Araku’s terroir. The Orange & Coffee Bar (72%) captures the signature Café L’Orange experience — a deep, citrusy balance with notes of roasted coffee. The Mint & Pepper Bar (63%) surprises with its herbaceous coolness and earthy spice, celebrating the valley’s biodiversity. Perfect for gifting or indulgence, this duo connects you to India’s first terroir-driven coffee valley — from soil to bean to bar. Why You’ll Love It: Organic Kerala cacao + Araku-grown coffee & pepper A taste of biodiversity in every bite Elegant, premium gift for coffee and chocolate lovers Crafted to complement ARAKU’s ‘cup-to-bar’ story",https://www.arakucoffee.in/products/araku-mint-pepper-coffee-orange-chocolate-bar-pack-of-2,https://cdn.shopify.com/s/files/1/0734/5609/1456/files/WhatsAppImage2025-11-11at2.19.42PM.jpg?v=1763369657,Coffee
Coffee On-The-Move,Araku,5000.0,ARAKU x Fellow Move Mug,,,Araku Valley,,"Coffee brewing and sipping on-the-go, made easy. This bundle features an ARAKU x Fellow Carter Mug alongside our Pocket Brew with two coffee variants, Selection and Micro Climate. ARAKU teams up with San Francisco-based brand, Fellow, known for marrying superior design with function. This mug features our signature leaves — a nod to the indigenous community of Araku, Andhra Pradesh, that fights deforestation with coffee. Keeps your brew hot (12 hours) or cold (24 hours) longer. This gift box includes the Fellow Carter Mug and 20 Pocket Brew sachets",https://www.arakucoffee.in/products/coffee-on-the-move,https://cdn.shopify.com/s/files/1/0734/5609/1456/files/3.ARAKUxFellowCarterMoveMugPackof20PocketBrews_10micro_10selection_1_1.jpg?v=1696570950,Coffee
Hario V60- 02 Filter Paper,Araku,460.0,,,,,,A pack of paper filters for the V60 series. These filters are compatible with the 02 type (made for brewing 1-4 cups) and are made with 100% oxygen bleached paper pulp.,https://www.arakucoffee.in/products/hario-v60-02-filter-paper-100pcs-bleached,https://cdn.shopify.com/s/files/1/0734/5609/1456/products/Hario_V60-_02_Filter_Paper.jpg?v=1773837668,Accessories
Coffee Break,Araku,2330.0,,,,Araku Valley,,"Set aside your to-do list & make time to unwind with your loved ones over a fresh brew. Our Coffee Break Gift Box comes with a Signature Coffee tin and a set of striking blue cappuccino cups. ARAKU Signature Coffee has an exquisite, bold character and an aromatic balance, ready to be enjoyed with family and friends. You can specify your preferred grind size in the order note on the cart page",https://www.arakucoffee.in/products/coffee-break,https://cdn.shopify.com/s/files/1/0734/5609/1456/files/Arakuday23817-Edit-Edit_3.jpg?v=1696936668,Coffee
Coffee Masterclass: Barista Bootcamp: Coffee Crash Course,Araku,59000.0,50000+ Taxes / July  1 - 31 | 10AM - 3PM,,,Araku Valley,ing and,"Ready to kickstart your career in the coffee industry? Our Barista Bootcamp is designed for aspiring baristas and future café owners who want to master the skills needed to thrive in a professional coffee environment. This intensive, hands-on 30-day course covers everything from the origins of coffee to the technical expertise required to create perfect espresso-based drinks. Gain real-world experience and essential skills to kickstart your coffee career with expert guidance by SCA-certified instructors and WBC standard training. Here’s what you can expect: • Coffee 360 ° ; dive deep into the ""Seed-to-Cup"" journey, understanding how factors like soil, terroir, processing and roast profiles affect the final flavour in your cup. • Espresso Brewing ; gain practical experience with commercial-grade espresso machines, mastering the nuances of shot pulling, grind size optimisation and milk frothing. • Brewing Techniques ; explore manual brewing methods, grinder calibration and brewing ratios to ensure consistency. • Latte Art & Milk Science; learn the essential techniques of milk steaming, understand the basics of latte art and how to neatly position your designs. • Real-World Café Training ; get hands-on experience at ARAKU cafés (Bangalore & Mumbai) applying your skills in a live café setting and learning the ropes of café operations. • Career-Ready Certification; at the end, you’ll graduate with an honorary AWSCA certificate and be fully equipped to apply for barista positions or take the next step towards opening your own café. Designed for small groups of five to ensure personalised learning, the Barista Bootcamp is perfect for anyone serious about pursuing a career in coffee or starting their own café. Join us and brew like a pro!",https://www.arakucoffee.in/products/coffee-masterclass-barista-bootcamp,https://cdn.shopify.com/s/files/1/0734/5609/1456/files/0D3A5350_1.jpg?v=1738917855,Events
Coral Gift Box,Araku,6110.0,,,The Araku Moka Pot and eye-catching espresso cup set are ideal to brew and savour our incredibly fruity and powerfully,Araku Valley,,"In shades of fiery orange, our Coral Gift Box is the perfect present for your loved ones. The Araku Moka Pot and eye-catching espresso cup set are ideal to brew and savour our incredibly fruity and powerfully flavored Micro Climate coffee.",https://www.arakucoffee.in/products/coral-gift-box,https://cdn.shopify.com/s/files/1/0734/5609/1456/files/Arakuday23808-Edit.jpg?v=1687004611,Accessories
Orea 185 Filter  Paper - WAVE,Araku,1620.0,,Light Roast,,,,"Clean, consistent, effortless brewing. These thick yet highly porous filter papers deliver superior clarity without a papery aftertaste—meaning less pre-wetting and more pure coffee flavour in every cup. Why you’ll love them Pure flavour: High-porosity paper captures fines while preserving aromatics. Less prep: Minimal pre-wetting; get brewing faster. Plug-and-play: Drop in, brew, and enjoy—quick, clean, and consistent. Everyday ready: Great for daily brews and repeatable results. Compatibility Orea brewers: V3, V3 MK2, Glass Series OPEN, V4 Narrow & V4 Wide Size equivalent: Kalita Wave 185 Note: Not suitable for the Big Boy Specs Size: Large / 185 Format: Wave Use: Pourover coffee Brewing tip For maximum clarity, a light rinse is enough—then brew with your usual recipe. Expect a bright, clean cup with crisp sweetness.",https://www.arakucoffee.in/products/orea-185-filter-paper-wave,https://cdn.shopify.com/s/files/1/0734/5609/1456/files/imgi_246_OreaWaveFilterPaper3.webp?v=1756987527,Coffee
Orea V3 with MK2 Base,Araku,4950.0,,,,,,"The OREA V3 MK2 is the evolution of an iconic brewer, retaining the beloved flat-bed design while introducing 32 precision teeth for smoother flow, more consistency, and greater brewing flexibility. Built from durable, food-safe polypropylene with a scratch-resistant matte finish, it delivers sweet, well-extracted cups every time. A simple, no-fuss daily driver for those who value consistency, versatility, and delicious coffee.",https://www.arakucoffee.in/products/orea-brewer-v3-mk2,https://cdn.shopify.com/s/files/1/0734/5609/1456/files/imgi_171_mk2-6_480x480_a4afb138-aec4-41a6-a64a-7d839173c3df_1_1.jpg?v=1756988624,Coffee
AeroPress Premium,Araku,20500.0,,,,Araku Valley,,"AeroPress Premium — now brewing in India, exclusively with ARAKU Discover the all-new AeroPress Premium Coffee Maker — crafted with borosilicate glass, anodized aluminum, and stainless steel for coffee lovers who demand both performance and elegance.  Exclusively at ARAKU Coffee India, we’re proud to be the only destination in the country to bring you this latest innovation from AeroPress. Secure yours today, directly from the official ARAKU Coffee store. Engineered for the discerning palate, the AeroPress Premium delivers a rich, full-bodied cup — smooth and satisfying, never bitter or acidic. Brew one to three cups of café-quality espresso-style coffee in under a minute, with quick, hassle-free cleanup. Designed for versatility, it’s refined enough for home baristas yet perfectly portable. The compact, lightweight build makes it ideal for your kitchen counter, your next adventure, or even your daily commute. Wherever life takes you, elevate every coffee moment with AeroPress Premium — precision brewing, versatile style, and incomparable taste in one iconic tool.",https://www.arakucoffee.in/products/aeropress-coffee-maker-premium-india-exclusive-launch,https://cdn.shopify.com/s/files/1/0734/5609/1456/files/aeropress_premium_new.png?v=1777457075,Accessories
Playful ARAKU Tote Bag,Araku,790.0,Dirtbag,,,Araku Valley,,"Discover our exclusive collection of tote bags, crafted in collaboration with Artisan:re, a visionary initiative by the RPG Foundation. Made from 100% organic cotton canvas, each tote embodies a deep commitment to sustainability and artisanal craftsmanship. Artisan:re is transforming agriculture in Vidarbha and Telangana by empowering over 1,000 farmers with regenerative techniques that nurture both the land and its stewards, ensuring prosperity for farming communities and exceptional quality for you. Choose from four unique designs—Dirt Bag, Sack of Plenty, Agriculture, and Tote-ally Ethical—each telling a story of responsible luxury. Designed to endure, these totes reflect lasting values. To maintain their pristine look, gently machine wash with cold water and mild detergent.",https://www.arakucoffee.in/products/playful-araku-tote-bag,https://cdn.shopify.com/s/files/1/0734/5609/1456/files/Araku_June4566-Edit_1_1.jpg?v=1723016829,Accessories
Playful ARAKU Tote Bag,Araku,790.0,Sack of Plenty,,,Araku Valley,,"Discover our exclusive collection of tote bags, crafted in collaboration with Artisan:re, a visionary initiative by the RPG Foundation. Made from 100% organic cotton canvas, each tote embodies a deep commitment to sustainability and artisanal craftsmanship. Artisan:re is transforming agriculture in Vidarbha and Telangana by empowering over 1,000 farmers with regenerative techniques that nurture both the land and its stewards, ensuring prosperity for farming communities and exceptional quality for you. Choose from four unique designs—Dirt Bag, Sack of Plenty, Agriculture, and Tote-ally Ethical—each telling a story of responsible luxury. Designed to endure, these totes reflect lasting values. To maintain their pristine look, gently machine wash with cold water and mild detergent.",https://www.arakucoffee.in/products/playful-araku-tote-bag,https://cdn.shopify.com/s/files/1/0734/5609/1456/files/Araku_June4566-Edit_1_1.jpg?v=1723016829,Accessories
Playful ARAKU Tote Bag,Araku,790.0,Tote-ally Ethical,,,Araku Valley,,"Discover our exclusive collection of tote bags, crafted in collaboration with Artisan:re, a visionary initiative by the RPG Foundation. Made from 100% organic cotton canvas, each tote embodies a deep commitment to sustainability and artisanal craftsmanship. Artisan:re is transforming agriculture in Vidarbha and Telangana by empowering over 1,000 farmers with regenerative techniques that nurture both the land and its stewards, ensuring prosperity for farming communities and exceptional quality for you. Choose from four unique designs—Dirt Bag, Sack of Plenty, Agriculture, and Tote-ally Ethical—each telling a story of responsible luxury. Designed to endure, these totes reflect lasting values. To maintain their pristine look, gently machine wash with cold water and mild detergent.",https://www.arakucoffee.in/products/playful-araku-tote-bag,https://cdn.shopify.com/s/files/1/0734/5609/1456/files/Araku_June4566-Edit_1_1.jpg?v=1723016829,Accessories
Playful ARAKU Tote Bag,Araku,790.0,(agri) Culture,,,Araku Valley,,"Discover our exclusive collection of tote bags, crafted in collaboration with Artisan:re, a visionary initiative by the RPG Foundation. Made from 100% organic cotton canvas, each tote embodies a deep commitment to sustainability and artisanal craftsmanship. Artisan:re is transforming agriculture in Vidarbha and Telangana by empowering over 1,000 farmers with regenerative techniques that nurture both the land and its stewards, ensuring prosperity for farming communities and exceptional quality for you. Choose from four unique designs—Dirt Bag, Sack of Plenty, Agriculture, and Tote-ally Ethical—each telling a story of responsible luxury. Designed to endure, these totes reflect lasting values. To maintain their pristine look, gently machine wash with cold water and mild detergent.",https://www.arakucoffee.in/products/playful-araku-tote-bag,https://cdn.shopify.com/s/files/1/0734/5609/1456/files/Araku_June4566-Edit_1_1.jpg?v=1723016829,Accessories
Coffee Perfection,Araku,5930.0,,,Immerse yourself in the world of Indian specialty premium single,Araku Valley,,"Immerse yourself in the world of Indian specialty premium single-origin coffee with this set. It offers a curated selection of coffee and serveware, allowing you to indulge in a variety of flavours and embrace the ultimate coffee experience. This bundle features an ARAKU x Fellow Carter Move Mug alongside our Selection Pocket Brew, Signature Tin and ARAKU Leaf Mug.",https://www.arakucoffee.in/products/coffee-perfection-1,https://cdn.shopify.com/s/files/1/0734/5609/1456/files/5.ARAKUMugARAKUXFellowCarter360MugARAKUTINPocketBrewBox_2_2_1_502a5415-a13f-4096-b6b6-ff0ae78bbac6.jpg?v=1699620821,Coffee
Coffee Debates,Araku,3180.0,,,premium single,,,"Stir up the festive cheer with your favourite folks. For hearty conversations, treat your friends and family to a taste of premium single-origin, 100% Arabica. Our Coffee Debates Gift Box comes with two coffee variants, Signature and Grand Reserve. The two bold and distinct flavoured coffees, alongside a set of beautiful green latte mugs are a perfect combination. Please add the preferred grind size in the order note at cart page.",https://www.arakucoffee.in/products/coffee-debates,https://cdn.shopify.com/s/files/1/0734/5609/1456/files/ARAKUDebatesGiftBoxPlain.jpg?v=1688362913,Coffee
Emerald Gift Box,Araku,6150.0,,,,Araku Valley,,"Our Moka Pot Gift Box is the perfect gift for the coffee-lovers in your life. The signature ARAKU Moka Pot is a three-part coffee maker that is perfect for easily brewing a hot, highly intense cup. It’s crafted using insulated wood, enamel and food-grade stainless steel, avoiding the harmful effects of the more commonly used aluminium. The chic, tiered ARAKU Moka Pot is inspired by traditional Japanese teapots and makes two cups in four minutes. The gift box includes two ARAKU espresso cups; the stoneware cups have an elegant two-toned design with a white finish and a pop of colour on the inside. The cups are ideal for an espresso shot (50ml). The ARAKU Moka Pot and espresso cup set are exclusively designed for ARAKU by Norwegian design duo Anderssen & Voll. Torbjørn Anderssen and Espen Voll have won several accolades including Wallpaper Award, Red Dot Award and the IF Award, and are renowned for their finesse in blending Scandinavian design sensibilities with various cultural influences, creating objects with a distinct voice. The ARAKU Moka Pot and espresso cup set echo the vibrant colours of the Araku region, and are a joyful addition to any home brewing station!",https://www.arakucoffee.in/products/emerald-gift-box,https://cdn.shopify.com/s/files/1/0734/5609/1456/files/Arakuday23834-Edit.jpg?v=1687004224,Accessories
Sapphire Gift Box,Araku,5830.0,,,,Araku Valley,,"Wrapped with love in deep blue hues, our Sapphire Gift Box is the ultimate gift for your friends. With its exquisite bold character, our Signature coffee offering coupled with the exclusive Araku Moka Pot and a striking set of espresso cups is distinctive and unique.",https://www.arakucoffee.in/products/sapphire-gift-box,https://cdn.shopify.com/s/files/1/0734/5609/1456/files/Arakuday23827-Edit.jpg?v=1687004682,Accessories
Hario Silver Spoon,Araku,670.0,,,,,,"Hario Silver Measuring Spoon, this petite gem from Hario makes sure that you would never double check when measuring how much coffee to use. With one serving comprising of 12 grams, it is the ideal companion for a well-measured cup of coffee.",https://www.arakucoffee.in/products/hario-measuring-spoons-silver-m12sv,https://cdn.shopify.com/s/files/1/0734/5609/1456/files/arakuwebsite--3.jpg?v=1687003941,Coffee
ARAKU Moka Pot,Araku,4300.0,Orange,,,Araku Valley,,"The signature ARAKU Moka Pot is a three-part coffee maker that is perfect for easily brewing a hot, highly intense cup. It’s crafted using insulated wood, enamel and food-grade stainless steel, avoiding the harmful effects of the more commonly used aluminium. The ARAKU Moka Pot was born out of a landmark collaboration with Norwegian design duo Anderssen & Voll. Launched in France in 2017, this elegant pot debuted in India in 2018. Torbjørn Anderssen and Espen Voll have won several accolades including Wallpaper Award, Red Dot Award and the IF Award, and are renowned for their finesse in blending Scandinavian design sensibilities with various cultural influences, creating objects with a distinct voice. The chic, tiered ARAKU Moka Pot is inspired by traditional Japanese teapots and the vivid, earthy colours of the Araku region. Their vibrant range puts the joy back in homebrewing! Best part? It makes two cups in four minutes!",https://www.arakucoffee.in/products/araku-moka-pot,https://cdn.shopify.com/s/files/1/0734/5609/1456/files/mokaorangeNew_1.jpg?v=1687192056,Accessories
ARAKU Moka Pot,Araku,4300.0,Yellow,,,Araku Valley,,"The signature ARAKU Moka Pot is a three-part coffee maker that is perfect for easily brewing a hot, highly intense cup. It’s crafted using insulated wood, enamel and food-grade stainless steel, avoiding the harmful effects of the more commonly used aluminium. The ARAKU Moka Pot was born out of a landmark collaboration with Norwegian design duo Anderssen & Voll. Launched in France in 2017, this elegant pot debuted in India in 2018. Torbjørn Anderssen and Espen Voll have won several accolades including Wallpaper Award, Red Dot Award and the IF Award, and are renowned for their finesse in blending Scandinavian design sensibilities with various cultural influences, creating objects with a distinct voice. The chic, tiered ARAKU Moka Pot is inspired by traditional Japanese teapots and the vivid, earthy colours of the Araku region. Their vibrant range puts the joy back in homebrewing! Best part? It makes two cups in four minutes!",https://www.arakucoffee.in/products/araku-moka-pot,https://cdn.shopify.com/s/files/1/0734/5609/1456/files/mokaorangeNew_1.jpg?v=1687192056,Accessories
ARAKU Moka Pot,Araku,4300.0,Blue,,,Araku Valley,,"The signature ARAKU Moka Pot is a three-part coffee maker that is perfect for easily brewing a hot, highly intense cup. It’s crafted using insulated wood, enamel and food-grade stainless steel, avoiding the harmful effects of the more commonly used aluminium. The ARAKU Moka Pot was born out of a landmark collaboration with Norwegian design duo Anderssen & Voll. Launched in France in 2017, this elegant pot debuted in India in 2018. Torbjørn Anderssen and Espen Voll have won several accolades including Wallpaper Award, Red Dot Award and the IF Award, and are renowned for their finesse in blending Scandinavian design sensibilities with various cultural influences, creating objects with a distinct voice. The chic, tiered ARAKU Moka Pot is inspired by traditional Japanese teapots and the vivid, earthy colours of the Araku region. Their vibrant range puts the joy back in homebrewing! Best part? It makes two cups in four minutes!",https://www.arakucoffee.in/products/araku-moka-pot,https://cdn.shopify.com/s/files/1/0734/5609/1456/files/mokaorangeNew_1.jpg?v=1687192056,Accessories
Hario Mizudashi Cold Brew Bottle,Araku,1790.0,Mini (600 ML) / Black,,,,,"The Hario Mizudashi is the go-to brewing equipment for anyone who enjoys a cold brew. The bottle comes with a brew capacity of 1 litre and 600 ml making it easy for you to make, store, and serve your cold brew. All you need is coffee, water, and a fridge!",https://www.arakucoffee.in/products/hario-mizudashi-cold-brew-bottle-1l,https://cdn.shopify.com/s/files/1/0734/5609/1456/files/Hario_Mizudashi_1L_Matte_black.png?v=1777456126,Coffee
Hario Mizudashi Cold Brew Bottle,Araku,2460.0,Regular (1L) / Black,,,,,"The Hario Mizudashi is the go-to brewing equipment for anyone who enjoys a cold brew. The bottle comes with a brew capacity of 1 litre and 600 ml making it easy for you to make, store, and serve your cold brew. All you need is coffee, water, and a fridge!",https://www.arakucoffee.in/products/hario-mizudashi-cold-brew-bottle-1l,https://cdn.shopify.com/s/files/1/0734/5609/1456/files/Hario_Mizudashi_1L_Matte_black.png?v=1777456126,Coffee
Kalita 185 paper filters (100 pc),Araku,1160.0,,,,,,"Enhance your coffee brewing with Kalita Wave 185 Filter Papers. Specifically designed for the Kalita Wave 185 dripper, these filters ensure optimal extraction by promoting even water flow and consistent brewing. Made from high-quality paper, they help achieve a clean, balanced, and flavorful cup of coffee.",https://www.arakucoffee.in/products/kalita-185-paper-filters-100-pc,https://cdn.shopify.com/s/files/1/0734/5609/1456/files/Kalitaandkalitafilter_8d6a68c3-e923-403e-b1a6-ab5381b7f18f.jpg?v=1720413159,Coffee
Micro Climate,Araku,3060.0,1kg,,"candied fruit, it lends itself perfectly to filtered brew, pour overs or a French Press",,,"Rich, mellow, intensely fruity, it offers an aroma laden cup. With its generous body and wholesome notes of candied fruit, it lends itself perfectly to filtered brew, pour overs or a French Press. A unique coffee from rare terroirs of gently sloping, diversely shaded highland micro-plots situated on a river island. Not sure which grind to order? Checkout our grind size chart below for a quick brew tip!",https://www.arakucoffee.in/products/micro-climate,https://cdn.shopify.com/s/files/1/0734/5609/1456/files/Micro_Climate_New.png?v=1780930232,Coffee
Micro Climate,Araku,3060.0,1kg,,"candied fruit, it lends itself perfectly to filtered brew, pour overs or a French Press",,,"Rich, mellow, intensely fruity, it offers an aroma laden cup. With its generous body and wholesome notes of candied fruit, it lends itself perfectly to filtered brew, pour overs or a French Press. A unique coffee from rare terroirs of gently sloping, diversely shaded highland micro-plots situated on a river island. Not sure which grind to order? Checkout our grind size chart below for a quick brew tip!",https://www.arakucoffee.in/products/micro-climate,https://cdn.shopify.com/s/files/1/0734/5609/1456/files/Micro_Climate_New.png?v=1780930232,Coffee
Micro Climate,Araku,3060.0,1kg,,"candied fruit, it lends itself perfectly to filtered brew, pour overs or a French Press",,,"Rich, mellow, intensely fruity, it offers an aroma laden cup. With its generous body and wholesome notes of candied fruit, it lends itself perfectly to filtered brew, pour overs or a French Press. A unique coffee from rare terroirs of gently sloping, diversely shaded highland micro-plots situated on a river island. Not sure which grind to order? Checkout our grind size chart below for a quick brew tip!",https://www.arakucoffee.in/products/micro-climate,https://cdn.shopify.com/s/files/1/0734/5609/1456/files/Micro_Climate_New.png?v=1780930232,Coffee
Micro Climate,Araku,3060.0,1kg,,"candied fruit, it lends itself perfectly to filtered brew, pour overs or a French Press",,,"Rich, mellow, intensely fruity, it offers an aroma laden cup. With its generous body and wholesome notes of candied fruit, it lends itself perfectly to filtered brew, pour overs or a French Press. A unique coffee from rare terroirs of gently sloping, diversely shaded highland micro-plots situated on a river island. Not sure which grind to order? Checkout our grind size chart below for a quick brew tip!",https://www.arakucoffee.in/products/micro-climate,https://cdn.shopify.com/s/files/1/0734/5609/1456/files/Micro_Climate_New.png?v=1780930232,Coffee
Micro Climate,Araku,3060.0,1kg,,"candied fruit, it lends itself perfectly to filtered brew, pour overs or a French Press",,,"Rich, mellow, intensely fruity, it offers an aroma laden cup. With its generous body and wholesome notes of candied fruit, it lends itself perfectly to filtered brew, pour overs or a French Press. A unique coffee from rare terroirs of gently sloping, diversely shaded highland micro-plots situated on a river island. Not sure which grind to order? Checkout our grind size chart below for a quick brew tip!",https://www.arakucoffee.in/products/micro-climate,https://cdn.shopify.com/s/files/1/0734/5609/1456/files/Micro_Climate_New.png?v=1780930232,Coffee
Micro Climate,Araku,1700.0,500g,,"candied fruit, it lends itself perfectly to filtered brew, pour overs or a French Press",,,"Rich, mellow, intensely fruity, it offers an aroma laden cup. With its generous body and wholesome notes of candied fruit, it lends itself perfectly to filtered brew, pour overs or a French Press. A unique coffee from rare terroirs of gently sloping, diversely shaded highland micro-plots situated on a river island. Not sure which grind to order? Checkout our grind size chart below for a quick brew tip!",https://www.arakucoffee.in/products/micro-climate,https://cdn.shopify.com/s/files/1/0734/5609/1456/files/Micro_Climate_New.png?v=1780930232,Coffee
Micro Climate,Araku,1700.0,500g,,"candied fruit, it lends itself perfectly to filtered brew, pour overs or a French Press",,,"Rich, mellow, intensely fruity, it offers an aroma laden cup. With its generous body and wholesome notes of candied fruit, it lends itself perfectly to filtered brew, pour overs or a French Press. A unique coffee from rare terroirs of gently sloping, diversely shaded highland micro-plots situated on a river island. Not sure which grind to order? Checkout our grind size chart below for a quick brew tip!",https://www.arakucoffee.in/products/micro-climate,https://cdn.shopify.com/s/files/1/0734/5609/1456/files/Micro_Climate_New.png?v=1780930232,Coffee
Micro Climate,Araku,1700.0,500g,,"candied fruit, it lends itself perfectly to filtered brew, pour overs or a French Press",,,"Rich, mellow, intensely fruity, it offers an aroma laden cup. With its generous body and wholesome notes of candied fruit, it lends itself perfectly to filtered brew, pour overs or a French Press. A unique coffee from rare terroirs of gently sloping, diversely shaded highland micro-plots situated on a river island. Not sure which grind to order? Checkout our grind size chart below for a quick brew tip!",https://www.arakucoffee.in/products/micro-climate,https://cdn.shopify.com/s/files/1/0734/5609/1456/files/Micro_Climate_New.png?v=1780930232,Coffee
Micro Climate,Araku,1700.0,500g,,"candied fruit, it lends itself perfectly to filtered brew, pour overs or a French Press",,,"Rich, mellow, intensely fruity, it offers an aroma laden cup. With its generous body and wholesome notes of candied fruit, it lends itself perfectly to filtered brew, pour overs or a French Press. A unique coffee from rare terroirs of gently sloping, diversely shaded highland micro-plots situated on a river island. Not sure which grind to order? Checkout our grind size chart below for a quick brew tip!",https://www.arakucoffee.in/products/micro-climate,https://cdn.shopify.com/s/files/1/0734/5609/1456/files/Micro_Climate_New.png?v=1780930232,Coffee
Micro Climate,Araku,1700.0,500g,,"candied fruit, it lends itself perfectly to filtered brew, pour overs or a French Press",,,"Rich, mellow, intensely fruity, it offers an aroma laden cup. With its generous body and wholesome notes of candied fruit, it lends itself perfectly to filtered brew, pour overs or a French Press. A unique coffee from rare terroirs of gently sloping, diversely shaded highland micro-plots situated on a river island. Not sure which grind to order? Checkout our grind size chart below for a quick brew tip!",https://www.arakucoffee.in/products/micro-climate,https://cdn.shopify.com/s/files/1/0734/5609/1456/files/Micro_Climate_New.png?v=1780930232,Coffee
Micro Climate,Araku,850.0,250g,,"candied fruit, it lends itself perfectly to filtered brew, pour overs or a French Press",,,"Rich, mellow, intensely fruity, it offers an aroma laden cup. With its generous body and wholesome notes of candied fruit, it lends itself perfectly to filtered brew, pour overs or a French Press. A unique coffee from rare terroirs of gently sloping, diversely shaded highland micro-plots situated on a river island. Not sure which grind to order? Checkout our grind size chart below for a quick brew tip!",https://www.arakucoffee.in/products/micro-climate,https://cdn.shopify.com/s/files/1/0734/5609/1456/files/Micro_Climate_New.png?v=1780930232,Coffee
Micro Climate,Araku,850.0,250g,,"candied fruit, it lends itself perfectly to filtered brew, pour overs or a French Press",,,"Rich, mellow, intensely fruity, it offers an aroma laden cup. With its generous body and wholesome notes of candied fruit, it lends itself perfectly to filtered brew, pour overs or a French Press. A unique coffee from rare terroirs of gently sloping, diversely shaded highland micro-plots situated on a river island. Not sure which grind to order? Checkout our grind size chart below for a quick brew tip!",https://www.arakucoffee.in/products/micro-climate,https://cdn.shopify.com/s/files/1/0734/5609/1456/files/Micro_Climate_New.png?v=1780930232,Coffee
Micro Climate,Araku,850.0,250g,,"candied fruit, it lends itself perfectly to filtered brew, pour overs or a French Press",,,"Rich, mellow, intensely fruity, it offers an aroma laden cup. With its generous body and wholesome notes of candied fruit, it lends itself perfectly to filtered brew, pour overs or a French Press. A unique coffee from rare terroirs of gently sloping, diversely shaded highland micro-plots situated on a river island. Not sure which grind to order? Checkout our grind size chart below for a quick brew tip!",https://www.arakucoffee.in/products/micro-climate,https://cdn.shopify.com/s/files/1/0734/5609/1456/files/Micro_Climate_New.png?v=1780930232,Coffee
Micro Climate,Araku,850.0,250g,,"candied fruit, it lends itself perfectly to filtered brew, pour overs or a French Press",,,"Rich, mellow, intensely fruity, it offers an aroma laden cup. With its generous body and wholesome notes of candied fruit, it lends itself perfectly to filtered brew, pour overs or a French Press. A unique coffee from rare terroirs of gently sloping, diversely shaded highland micro-plots situated on a river island. Not sure which grind to order? Checkout our grind size chart below for a quick brew tip!",https://www.arakucoffee.in/products/micro-climate,https://cdn.shopify.com/s/files/1/0734/5609/1456/files/Micro_Climate_New.png?v=1780930232,Coffee
Micro Climate,Araku,850.0,250g,,"candied fruit, it lends itself perfectly to filtered brew, pour overs or a French Press",,,"Rich, mellow, intensely fruity, it offers an aroma laden cup. With its generous body and wholesome notes of candied fruit, it lends itself perfectly to filtered brew, pour overs or a French Press. A unique coffee from rare terroirs of gently sloping, diversely shaded highland micro-plots situated on a river island. Not sure which grind to order? Checkout our grind size chart below for a quick brew tip!",https://www.arakucoffee.in/products/micro-climate,https://cdn.shopify.com/s/files/1/0734/5609/1456/files/Micro_Climate_New.png?v=1780930232,Coffee
Micro Climate,Araku,3390.0,1kg,,"candied fruit, it lends itself perfectly to filtered brew, pour overs or a French Press",,,"Rich, mellow, intensely fruity, it offers an aroma laden cup. With its generous body and wholesome notes of candied fruit, it lends itself perfectly to filtered brew, pour overs or a French Press. A unique coffee from rare terroirs of gently sloping, diversely shaded highland micro-plots situated on a river island. Not sure which grind to order? Checkout our grind size chart below for a quick brew tip!",https://www.arakucoffee.in/products/micro-climate,https://cdn.shopify.com/s/files/1/0734/5609/1456/files/Micro_Climate_New.png?v=1780930232,Coffee
Micro Climate,Araku,3390.0,1kg,,"candied fruit, it lends itself perfectly to filtered brew, pour overs or a French Press",,,"Rich, mellow, intensely fruity, it offers an aroma laden cup. With its generous body and wholesome notes of candied fruit, it lends itself perfectly to filtered brew, pour overs or a French Press. A unique coffee from rare terroirs of gently sloping, diversely shaded highland micro-plots situated on a river island. Not sure which grind to order? Checkout our grind size chart below for a quick brew tip!",https://www.arakucoffee.in/products/micro-climate,https://cdn.shopify.com/s/files/1/0734/5609/1456/files/Micro_Climate_New.png?v=1780930232,Coffee
Micro Climate,Araku,3390.0,1kg,,"candied fruit, it lends itself perfectly to filtered brew, pour overs or a French Press",,,"Rich, mellow, intensely fruity, it offers an aroma laden cup. With its generous body and wholesome notes of candied fruit, it lends itself perfectly to filtered brew, pour overs or a French Press. A unique coffee from rare terroirs of gently sloping, diversely shaded highland micro-plots situated on a river island. Not sure which grind to order? Checkout our grind size chart below for a quick brew tip!",https://www.arakucoffee.in/products/micro-climate,https://cdn.shopify.com/s/files/1/0734/5609/1456/files/Micro_Climate_New.png?v=1780930232,Coffee
Micro Climate,Araku,3390.0,1kg,,"candied fruit, it lends itself perfectly to filtered brew, pour overs or a French Press",,,"Rich, mellow, intensely fruity, it offers an aroma laden cup. With its generous body and wholesome notes of candied fruit, it lends itself perfectly to filtered brew, pour overs or a French Press. A unique coffee from rare terroirs of gently sloping, diversely shaded highland micro-plots situated on a river island. Not sure which grind to order? Checkout our grind size chart below for a quick brew tip!",https://www.arakucoffee.in/products/micro-climate,https://cdn.shopify.com/s/files/1/0734/5609/1456/files/Micro_Climate_New.png?v=1780930232,Coffee
Micro Climate,Araku,3390.0,1kg,,"candied fruit, it lends itself perfectly to filtered brew, pour overs or a French Press",,,"Rich, mellow, intensely fruity, it offers an aroma laden cup. With its generous body and wholesome notes of candied fruit, it lends itself perfectly to filtered brew, pour overs or a French Press. A unique coffee from rare terroirs of gently sloping, diversely shaded highland micro-plots situated on a river island. Not sure which grind to order? Checkout our grind size chart below for a quick brew tip!",https://www.arakucoffee.in/products/micro-climate,https://cdn.shopify.com/s/files/1/0734/5609/1456/files/Micro_Climate_New.png?v=1780930232,Coffee
Micro Climate,Araku,1880.0,500g,,"candied fruit, it lends itself perfectly to filtered brew, pour overs or a French Press",,,"Rich, mellow, intensely fruity, it offers an aroma laden cup. With its generous body and wholesome notes of candied fruit, it lends itself perfectly to filtered brew, pour overs or a French Press. A unique coffee from rare terroirs of gently sloping, diversely shaded highland micro-plots situated on a river island. Not sure which grind to order? Checkout our grind size chart below for a quick brew tip!",https://www.arakucoffee.in/products/micro-climate,https://cdn.shopify.com/s/files/1/0734/5609/1456/files/Micro_Climate_New.png?v=1780930232,Coffee
Micro Climate,Araku,1880.0,500g,,"candied fruit, it lends itself perfectly to filtered brew, pour overs or a French Press",,,"Rich, mellow, intensely fruity, it offers an aroma laden cup. With its generous body and wholesome notes of candied fruit, it lends itself perfectly to filtered brew, pour overs or a French Press. A unique coffee from rare terroirs of gently sloping, diversely shaded highland micro-plots situated on a river island. Not sure which grind to order? Checkout our grind size chart below for a quick brew tip!",https://www.arakucoffee.in/products/micro-climate,https://cdn.shopify.com/s/files/1/0734/5609/1456/files/Micro_Climate_New.png?v=1780930232,Coffee
Micro Climate,Araku,1880.0,500g,,"candied fruit, it lends itself perfectly to filtered brew, pour overs or a French Press",,,"Rich, mellow, intensely fruity, it offers an aroma laden cup. With its generous body and wholesome notes of candied fruit, it lends itself perfectly to filtered brew, pour overs or a French Press. A unique coffee from rare terroirs of gently sloping, diversely shaded highland micro-plots situated on a river island. Not sure which grind to order? Checkout our grind size chart below for a quick brew tip!",https://www.arakucoffee.in/products/micro-climate,https://cdn.shopify.com/s/files/1/0734/5609/1456/files/Micro_Climate_New.png?v=1780930232,Coffee
Micro Climate,Araku,1880.0,500g,,"candied fruit, it lends itself perfectly to filtered brew, pour overs or a French Press",,,"Rich, mellow, intensely fruity, it offers an aroma laden cup. With its generous body and wholesome notes of candied fruit, it lends itself perfectly to filtered brew, pour overs or a French Press. A unique coffee from rare terroirs of gently sloping, diversely shaded highland micro-plots situated on a river island. Not sure which grind to order? Checkout our grind size chart below for a quick brew tip!",https://www.arakucoffee.in/products/micro-climate,https://cdn.shopify.com/s/files/1/0734/5609/1456/files/Micro_Climate_New.png?v=1780930232,Coffee
Micro Climate,Araku,1880.0,500g,,"candied fruit, it lends itself perfectly to filtered brew, pour overs or a French Press",,,"Rich, mellow, intensely fruity, it offers an aroma laden cup. With its generous body and wholesome notes of candied fruit, it lends itself perfectly to filtered brew, pour overs or a French Press. A unique coffee from rare terroirs of gently sloping, diversely shaded highland micro-plots situated on a river island. Not sure which grind to order? Checkout our grind size chart below for a quick brew tip!",https://www.arakucoffee.in/products/micro-climate,https://cdn.shopify.com/s/files/1/0734/5609/1456/files/Micro_Climate_New.png?v=1780930232,Coffee
Micro Climate,Araku,940.0,250g,,"candied fruit, it lends itself perfectly to filtered brew, pour overs or a French Press",,,"Rich, mellow, intensely fruity, it offers an aroma laden cup. With its generous body and wholesome notes of candied fruit, it lends itself perfectly to filtered brew, pour overs or a French Press. A unique coffee from rare terroirs of gently sloping, diversely shaded highland micro-plots situated on a river island. Not sure which grind to order? Checkout our grind size chart below for a quick brew tip!",https://www.arakucoffee.in/products/micro-climate,https://cdn.shopify.com/s/files/1/0734/5609/1456/files/Micro_Climate_New.png?v=1780930232,Coffee
Micro Climate,Araku,940.0,250g,,"candied fruit, it lends itself perfectly to filtered brew, pour overs or a French Press",,,"Rich, mellow, intensely fruity, it offers an aroma laden cup. With its generous body and wholesome notes of candied fruit, it lends itself perfectly to filtered brew, pour overs or a French Press. A unique coffee from rare terroirs of gently sloping, diversely shaded highland micro-plots situated on a river island. Not sure which grind to order? Checkout our grind size chart below for a quick brew tip!",https://www.arakucoffee.in/products/micro-climate,https://cdn.shopify.com/s/files/1/0734/5609/1456/files/Micro_Climate_New.png?v=1780930232,Coffee
Micro Climate,Araku,940.0,250g,,"candied fruit, it lends itself perfectly to filtered brew, pour overs or a French Press",,,"Rich, mellow, intensely fruity, it offers an aroma laden cup. With its generous body and wholesome notes of candied fruit, it lends itself perfectly to filtered brew, pour overs or a French Press. A unique coffee from rare terroirs of gently sloping, diversely shaded highland micro-plots situated on a river island. Not sure which grind to order? Checkout our grind size chart below for a quick brew tip!",https://www.arakucoffee.in/products/micro-climate,https://cdn.shopify.com/s/files/1/0734/5609/1456/files/Micro_Climate_New.png?v=1780930232,Coffee
Micro Climate,Araku,940.0,250g,,"candied fruit, it lends itself perfectly to filtered brew, pour overs or a French Press",,,"Rich, mellow, intensely fruity, it offers an aroma laden cup. With its generous body and wholesome notes of candied fruit, it lends itself perfectly to filtered brew, pour overs or a French Press. A unique coffee from rare terroirs of gently sloping, diversely shaded highland micro-plots situated on a river island. Not sure which grind to order? Checkout our grind size chart below for a quick brew tip!",https://www.arakucoffee.in/products/micro-climate,https://cdn.shopify.com/s/files/1/0734/5609/1456/files/Micro_Climate_New.png?v=1780930232,Coffee
Micro Climate,Araku,940.0,250g,,"candied fruit, it lends itself perfectly to filtered brew, pour overs or a French Press",,,"Rich, mellow, intensely fruity, it offers an aroma laden cup. With its generous body and wholesome notes of candied fruit, it lends itself perfectly to filtered brew, pour overs or a French Press. A unique coffee from rare terroirs of gently sloping, diversely shaded highland micro-plots situated on a river island. Not sure which grind to order? Checkout our grind size chart below for a quick brew tip!",https://www.arakucoffee.in/products/micro-climate,https://cdn.shopify.com/s/files/1/0734/5609/1456/files/Micro_Climate_New.png?v=1780930232,Coffee
"Coffee 101: Coffee Mocktails, Shaken or Stirred?",Araku,2360.0,2000 + Taxes / December 21 | 4pm to 6pm,,,,,nan,https://www.arakucoffee.in/products/copy-of-brewing-with-v60,https://cdn.shopify.com/s/files/1/0734/5609/1456/files/shaken-and-stirred.jpg?v=1698839171,Coffee
Origami Dripper,Araku,3550.0,Red,,,,,"The bright coloring and vertical grooves of this ORIGAMI dripper make it look like a folded ORIGAMI. Distinctive Vertical Ribs for Balanced Extraction The hallmark of the ORIGAMI dripper is its 20 precisely engineered vertical ribs. These ribs create a narrow air channel between the dripper and paper filter, regulating the flow of hot water. The result? A smooth, consistent pour that unlocks ideal extraction potential—just the way baristas envision. Dual Filter Compatibility: Conical & Wave ORIGAMI drippers are uniquely versatile, compatible with both conical and wave-style paper filters: Wave filters feature a thinner bed of coffee grounds, allowing water to pass through quickly for a more even, stable extraction. Conical filters , with a thicker powder layer, create richer extraction contrasts between the upper and lower layers. Brew the same coffee with each filter and taste the difference—explore flavor profiles tailored to your preference. High-Quality Ceramic Construction for Exceptional Brew Crafted from premium porcelain, the ORIGAMI dripper excels in heat retention and thermal conductivity. This ensures your brew stays at the ideal temperature throughout extraction, delivering a consistently delicious cup of coffee. Experience precision brewing with the ORIGAMI Dripper—engineered for flavor, designed for versatility. The colour of the product may vary. The images are for representative purposes only.",https://www.arakucoffee.in/products/origami-dripper-1,https://cdn.shopify.com/s/files/1/0734/5609/1456/files/78750001_a_1.jpg?v=1746003581,Accessories
Origami Dripper,Araku,3550.0,Green,,,,,"The bright coloring and vertical grooves of this ORIGAMI dripper make it look like a folded ORIGAMI. Distinctive Vertical Ribs for Balanced Extraction The hallmark of the ORIGAMI dripper is its 20 precisely engineered vertical ribs. These ribs create a narrow air channel between the dripper and paper filter, regulating the flow of hot water. The result? A smooth, consistent pour that unlocks ideal extraction potential—just the way baristas envision. Dual Filter Compatibility: Conical & Wave ORIGAMI drippers are uniquely versatile, compatible with both conical and wave-style paper filters: Wave filters feature a thinner bed of coffee grounds, allowing water to pass through quickly for a more even, stable extraction. Conical filters , with a thicker powder layer, create richer extraction contrasts between the upper and lower layers. Brew the same coffee with each filter and taste the difference—explore flavor profiles tailored to your preference. High-Quality Ceramic Construction for Exceptional Brew Crafted from premium porcelain, the ORIGAMI dripper excels in heat retention and thermal conductivity. This ensures your brew stays at the ideal temperature throughout extraction, delivering a consistently delicious cup of coffee. Experience precision brewing with the ORIGAMI Dripper—engineered for flavor, designed for versatility. The colour of the product may vary. The images are for representative purposes only.",https://www.arakucoffee.in/products/origami-dripper-1,https://cdn.shopify.com/s/files/1/0734/5609/1456/files/78750001_a_1.jpg?v=1746003581,Accessories
Origami Dripper,Araku,3550.0,White,,,,,"The bright coloring and vertical grooves of this ORIGAMI dripper make it look like a folded ORIGAMI. Distinctive Vertical Ribs for Balanced Extraction The hallmark of the ORIGAMI dripper is its 20 precisely engineered vertical ribs. These ribs create a narrow air channel between the dripper and paper filter, regulating the flow of hot water. The result? A smooth, consistent pour that unlocks ideal extraction potential—just the way baristas envision. Dual Filter Compatibility: Conical & Wave ORIGAMI drippers are uniquely versatile, compatible with both conical and wave-style paper filters: Wave filters feature a thinner bed of coffee grounds, allowing water to pass through quickly for a more even, stable extraction. Conical filters , with a thicker powder layer, create richer extraction contrasts between the upper and lower layers. Brew the same coffee with each filter and taste the difference—explore flavor profiles tailored to your preference. High-Quality Ceramic Construction for Exceptional Brew Crafted from premium porcelain, the ORIGAMI dripper excels in heat retention and thermal conductivity. This ensures your brew stays at the ideal temperature throughout extraction, delivering a consistently delicious cup of coffee. Experience precision brewing with the ORIGAMI Dripper—engineered for flavor, designed for versatility. The colour of the product may vary. The images are for representative purposes only.",https://www.arakucoffee.in/products/origami-dripper-1,https://cdn.shopify.com/s/files/1/0734/5609/1456/files/78750001_a_1.jpg?v=1746003581,Accessories
"Coffee 101: Coffee Mocktails, Shaken or Stirred? (Mumbai)",Araku,2360.0,2000 + Taxes / March 29 | 4pm to 6pm,,,,,nan,https://www.arakucoffee.in/products/coffee-101-coffee-mocktails-shaken-or-stirred-mumbai,https://cdn.shopify.com/s/files/1/0734/5609/1456/files/shaken-and-stirred.jpg?v=1698839171,Coffee
Barista Skills: Foundation,Araku,28320.0,24000 + Taxes / May 25 | 10am - 6pm,,,Araku Valley,,"Sensory Skills Foundation In this one-day course, you will learn the fundamentals of sensory evaluation of roasted coffee, an essential skill for many positions across the food and beverage industry. The Authorised Specialty Coffee Association Trainer (AST) will take you through: how the human body perceives taste and flavour, how to communicate a sensory experience methodically, introduction to the SCA Coffee Taster's Flavor Wheel and the World Coffee Research Sensory Lexicon. This course includes multiple tastings and one cupping session with instructions for what cupping is and why we cup. Duration: 8 hours (1 day) About: Attend SCA-certified courses conducted by Sumanth Paranjape, Head of Coffee Experience and AWSCA (ARAKU Coffee ). Sumanth is also an Authorised SCA Trainer (AST) and offers the highest quality of instruction for beginning baristas, roasters, and the serious and curious coffee connoisseur. All the courses are hosted at Araku World Specialty Coffee Academy (AWSCA), located at our flagship in Bangalore, Indiranagar. The academy is equipped with top-of-the-line tools and an in-house roastery. ⁠The Coffee Skills Program at AWSCA consists of three different modules: Introduction to Coffee for beginners and coffee-enthusiasts, and specialised courses such as Barista Skills and Sensory Skills in different levels. The courses range from 1-5 days with an opportunity for practical and written online exams to receive SCA certification. Instructions Please reach the venue 15 minutes prior to the event for registering, additional information etc. from your authorised trainer. Please do not wear perfume or cologne to class as they interfere with coffee aromatics.",https://www.arakucoffee.in/products/barista-skills-professional,https://cdn.shopify.com/s/files/1/0734/5609/1456/files/ArakuAWSCATrainingPhotosOctober2023-34_3_11zon.jpg?v=1724330035,Coffee
Barista Skills: Intermediate,Araku,42480.0,36000 + Taxes / May 26 & 27 | 10am - 6pm,,,Araku Valley,,"Barista Skill Intermediate Building on the Foundation Level, which is a prerequisite , this extensive two-day course is designed to get participants to work as a barista. This two-day course introduces extraction theory, professional tasting and brew recipes. You will also improve your milk steaming with a latte art module. To optimise your coffee experience, you will be guided through dose, output, water temperature and the use of a refractometer to influence your brew recipes. Duration: 16 hours (2 days) About: Attend SCA-certified courses conducted by Sumanth Paranjape, Assistant Food and Beverage Manager (ARAKU Coffee). Sumanth is also an Authorised SCA Trainer (AST) and offers the highest quality of instruction for beginning baristas, roasters, and the serious and curious coffee connoisseur. All the courses are hosted at Araku World Specialty Coffee Academy (AWSCA), located at our flagship in Bangalore, Indiranagar. The academy is equipped with top-of-the-line tools and an in-house roastery. ⁠The Coffee Skills Program at AWSCA consists of three different modules: Introduction to Coffee for beginners and coffee-enthusiasts, and specialised courses such as Barista Skills and Sensory Skills in different levels. The courses range from 1-5 days with an opportunity for practical and written online exams to receive SCA certification. Instructions Please reach the venue 15 minutes prior to the event for registering, additional information etc. from your authorised trainer. Please do not wear perfume or cologne to class as they interfere with coffee aromatics.",https://www.arakucoffee.in/products/barista-skills-intermediate,https://cdn.shopify.com/s/files/1/0734/5609/1456/files/resized.jpg?v=1724329991,Coffee
Pocket Brew - Selection,Araku,760.0,,,10 single-serve drip bag sachets filled with freshly ground Selection beans from ARAKU Coffee,Araku Valley,,"If you’re just starting your journey into specialty coffee, or you're someone who loves great coffee even while traveling, the ARAKU Coffee Pocket Brew Selection is made just for you. Inside each pack, you’ll find 10 single-serve drip bag sachets filled with freshly ground Selection beans from ARAKU Coffee. These sachets are nitrogen-flushed to lock in freshness, aroma, and flavor until the moment you brew. Just tear one open, place it over a sturdy cup, pour in hot water, and enjoy barista-quality coffee—anytime, anywhere. Whether you're commuting, flying, road-tripping, or simply need a quick fix at home, this is specialty coffee made simple. Perfect for Travel & Everyday Life Lightweight and compact—fits in your bag, purse, or carry-on No need for coffee gear—just a cup and hot water Ideal for flights, hotels, hikes, or busy mornings Great Coffee, Made Simply Filled with 100% organic ground Selection beans from ARAKU Coffee’s tribal farmer community Nitrogen-flushed to preserve freshness and flavor with every cup Created for people new to specialty coffee or looking for a simpler way to enjoy it",https://www.arakucoffee.in/products/pocket-brew-selection,https://cdn.shopify.com/s/files/1/0734/5609/1456/files/IMG_2608_copy_1.jpg?v=1723551508,Coffee
SCA Coffee Skills Program: Sensory Skills (Professional),Araku,50000.0,,,,Araku Valley,,"Sensory Skills (Professional)- 25 Points The Sensory Skills Professional course builds on the concepts and skills introduced in the Sensory Skills Intermediate course and prepares the learner for managerial job functions in the sensory evaluation of coffee and related products. A written exam confirms professional course knowledge while a practical exam tests the skills described above based on different working activities carried out during the course. Duration: 24 hours (3 days) About: Conducted by Sherri Johns our coffee mentor, barista trainer and Head Judge of the Gems of Araku competition. Sherri is an Authorised SCA Trainer (AST), former Cup of Excellence Head Judge, globally-recognised coffee expert who conducts certified SCA class offerings ensuring the highest quality of instruction for beginning Barista, Roasters, the serious and curious coffee connoisseur. All the courses are hosted at Araku World Specialty Coffee Academy (AWSCA), located at our flagship in Bangalore, Indiranagar. The academy is equipped with top-of-the-line tools and an in-house roastery. ⁠The courses range from 1-5 days with an opportunity for practical and written online exams to receive SCA certification.",https://www.arakucoffee.in/products/sca-coffee-skills-program-sensory-skills-professional,https://cdn.shopify.com/s/files/1/0734/5609/1456/files/final.jpg?v=1724330200,Coffee
AeroPress Coffee Maker,Araku,4000.0,,,"With ARAKU Coffee beans, it helps reveal layered notes with precision — fruit, florals, chocolate and sweetness",Araku Valley,,"The AeroPress offers a remarkably elegant way to brew exceptional coffee at home. Compact in form yet impressive in performance, it uses gentle air pressure to create a cup that is smooth, clean and beautifully balanced. For those new to specialty coffee, it is one of the most effortless ways to begin — intuitive to use, quick in preparation and consistently rewarding in the cup. Simply add coffee, pour hot water, stir briefly and press. In under a minute, the AeroPress delivers a refined brew with clarity, body and minimal bitterness. It can be enjoyed as a shorter, more concentrated cup or prepared as a longer coffee, offering flexibility without complication. Loved by specialty coffee enthusiasts around the world, the AeroPress is valued for the control it brings to brewing and the way it allows quality coffee to speak for itself. With ARAKU Coffee beans, it helps reveal layered notes with precision — fruit, florals, chocolate and sweetness, all with a clean finish. Lightweight, durable and easy to clean, it fits seamlessly into everyday life — whether on your kitchen counter, office desk or in your travel bag. For anyone seeking a brewer that is accessible yet deeply respected, practical yet elevated, the AeroPress is a worthy addition to the ritual of coffee. New to AeroPress brewing? Explore our step-by-step guide here .",https://www.arakucoffee.in/products/aeropress-coffee-maker,https://cdn.shopify.com/s/files/1/0734/5609/1456/files/AeroPress_New_Updated.png?v=1780382335,Accessories
Pocket Brew - Grand Reserve,Araku,850.0,,,,Araku Valley,,"Our single-serve coffee packs combine the speed of an instant brew with the unrivalled quality of ARAKU's specialty coffee. As the name suggests, these drip bag sachets fit any pocket or purse and offer an extremely portable coffee. Each sachet is packaged individually and nitrogen-flushed to maintain the coffee's integrity and freshness. Suited for the airplane, the open road, hotels, offices, or even when you just need a quick fix at home. A sturdy cup and hot water does the trick. This pack contains 10 individual sachets.",https://www.arakucoffee.in/products/pocket-brew-grand-reserve,https://cdn.shopify.com/s/files/1/0734/5609/1456/files/Grand_Reserve_pocket_brew_729b4271-7534-45d6-98be-dddd6e8c91ac.png?v=1730015709,Coffee
ARAKU x Fellow Carter Move Mug,Araku,4400.0,,,,Araku Valley,,"ARAKU teams up with San Francisco design icon Fellow to bring you the Move Mug where style meets function. Featuring ARAKU's vibrant leaf motif, this sleek travel mug keeps your coffee hot for 12 hours or cold for 24. Made from durable 18/8 stainless steel with a BPA-free lid and 'true taste' ceramic coating, it ensures every sip stays pure. The snap-in splash guard and slim profile make it perfect for on-the-go sipping. With a 12 oz (350 ml) capacity, it fits most drippers but is not compatible with the AeroPress or Prismo attachment. Slim enough for car cup holders and dishwasher-safe, the Move Mug is a practical, beautifully designed addition to your coffee ritual.",https://www.arakucoffee.in/products/araku-x-fellow-move-mug,https://cdn.shopify.com/s/files/1/0734/5609/1456/files/Copy_of_Araku_May_20253326-Edit.jpg?v=1747646327,Accessories
Barista Latté Art Throwdown 2.0,Araku,590.0,₹500 + Taxes / Oct 1 | 11 am onwards,,,,,nan,https://www.arakucoffee.in/products/coffee-101-nail-that-brew-copy,https://cdn.shopify.com/s/files/1/0734/5609/1456/files/CopyofVanillaChocolateLatte.jpg?v=1725962716,Events
Paragon Espresso - set of four,Araku,6000.0,,,,,,"Elevate your espresso experience with the Paragon Espresso set. Featuring a patented chilling rock, this innovative tool is crafted from food-grade stainless steel with a durable titanium coating. The spherical shape and large surface area ensure rapid and even chilling, while the high-density liquid gel core maintains colder temperatures for longer, freezing faster than traditional alternatives. Scientifically proven to capture and express up to 40% more aroma molecules, the Paragon Espresso enhances flavor preservation. The height-adjustable design accommodates various cups and coffee machines, and anti-slip grips ensure stability. The 30mm chilling rock, designed specifically for espresso, is smaller than the Paragon Filter rocks, with additional rocks available for order. Specifications: Espresso Mount: (W) 34mm x (L) 120mm, Electrophoresis powder-coated Aluminium Chilling Rock: (Diameter) 30mm, SUS304 Stainless Steel with Titanium Coating, liquid core of glycerin and water Mount Grips: Silicone All materials are food-safe, FDA approved, and waterproof.",https://www.arakucoffee.in/products/paragon-espresso-set-of-four,https://cdn.shopify.com/s/files/1/0734/5609/1456/files/Paragonespresso.jpg?v=1720518651,Coffee
Timemore Carafe,Araku,1550.0,,,,,,"Brew and serve coffee with precision using the Timemore Coffee Carafe, a beautifully crafted glass coffee carafe designed for pour-over brewing. Made from heat-resistant borosilicate glass, this durable coffee server can handle high brewing temperatures while preserving the clarity and flavour of your coffee. Perfect for V60, Kalita, and other pour-over drippers, this coffee carafe allows you to brew directly into the server and pour effortlessly into your cup. Whether you're brewing for yourself or sharing with guests, the Timemore coffee carafe offers the perfect balance of function, durability, and minimalist design.",https://www.arakucoffee.in/products/timemore-carafe,https://cdn.shopify.com/s/files/1/0734/5609/1456/files/Timemore_Carafe.png?v=1763969128,Accessories
Kalita Wave Coffee Dripper 185,Araku,4000.0,,,,,,"Enjoy café-quality coffee at home with the Kalita Wave 185 Pour-Over Dripper. Designed with a flat-bottom and three-hole system for a smooth, consistent extraction—every single brew. Precision Brewing Made Easy The Kalita Wave 185 Coffee Dripper takes the guesswork out of pour-over brewing. Its flat-bottom design and triple-hole drainage system work together to ensure a balanced, even extraction, making it the go-to dripper for both beginners and seasoned coffee lovers. Unlike cone-shaped brewers, the Kalita Wave creates a stable brewing environment. The Wave filter design minimizes contact between the filter and dripper, leading to smoother flavor and greater consistency in every cup. Crafted from heat-resistant glass or durable stainless steel , this dripper is designed for both form and function. It's optimized for brewing 2–4 cups of your favorite specialty coffee and pairs best with: Kalita Wave 185 Paper Filters → Hario Buono V60 Kettle 1.2L → Why You'll Love It: Flat-bottom design for consistent extraction Easy to use—perfect for beginners Unique filter design prevents over-extraction Works best with gooseneck kettles Brew up to 500–600 ml (2–4 cups)",https://www.arakucoffee.in/products/kalita-pour-over-185,https://cdn.shopify.com/s/files/1/0734/5609/1456/files/Kalitaandkalitafilter.jpg?v=1720253089,Coffee
Chemex Bonded Filters,Araku,940.0,,,,,,"Crafted with precision to fit your Chemex Coffeemaker, these pre-folded filters ensure a clean and flavorful brew by removing sediment and oils, leaving you with a smooth and crisp cup of coffee. Made from high-quality paper, they are designed to regulate the filtration rate, resulting in a consistent extraction process. Each pack contains 100 filters.",https://www.arakucoffee.in/products/chemex-filters-prefolded-circle-coffee-filter-100,https://cdn.shopify.com/s/files/1/0734/5609/1456/files/arakuwebsite--5_1.jpg?v=1686656576,Accessories
Chemex Bonded Filters,Araku,940.0,,,,,,"Crafted with precision to fit your Chemex Coffeemaker, these pre-folded filters ensure a clean and flavorful brew by removing sediment and oils, leaving you with a smooth and crisp cup of coffee. Made from high-quality paper, they are designed to regulate the filtration rate, resulting in a consistent extraction process. Each pack contains 100 filters.",https://www.arakucoffee.in/products/chemex-filters-prefolded-circle-coffee-filter-100,https://cdn.shopify.com/s/files/1/0734/5609/1456/files/arakuwebsite--5_1.jpg?v=1686656576,Accessories
Able Kone Reusable Filter,Araku,6000.0,,,,,,"Able's Kone coffee filter is your sustainable alternative to paper filters, meticulously crafted in the USA by Able Brewing. Designed to fit 6, 8, and 10 cup Chemex Coffee Makers, as well as Hario V60 02 and 03 drippers, this stainless steel reusable filter offers a fuller-bodied cup of coffee with enhanced flavor by allowing more oils to infuse your brew. With a food-safe plastic support ring and a flat cone tip for safety, it's the perfect choice for those who want a top-quality, eco-friendly coffee experience.",https://www.arakucoffee.in/products/able-kone-chemex-filter,https://cdn.shopify.com/s/files/1/0734/5609/1456/files/arakuwebsite-_1.jpg?v=1694849483,Coffee
Coffee Masterclass: Seed-To-Cup Journey,Araku,11800.0,10000+ Taxes / Sep 29 | 10AM to 6PM,,,,,nan,https://www.arakucoffee.in/products/coffee-masterclass-seed-to-cup-journey,https://cdn.shopify.com/s/files/1/0734/5609/1456/files/ArakuAWSCATrainingPhotosOctober2023-154.jpg?v=1712839548,Events
Hario V60 Drip Decanter,Araku,3200.0,,,,,,"Introducing the Hario V60 Drip Decanter: the ultimate brewing companion for coffee enthusiasts. Craft your perfect cup with ease using this innovative solution. Compatible with the 02 V60 dripper, it promises convenience and quality in every brew. Made from high-quality borosilicate glass, it's durable yet lightweight, with a generous 700ml capacity. The classic spiral ribbed plastic filter and heat-resistant silicone rubber band ensure both style and safety.",https://www.arakucoffee.in/products/hario-v60-drip-decanter,https://cdn.shopify.com/s/files/1/0734/5609/1456/files/HarioDecanter.jpg?v=1711003454,Accessories
AeroPress Clear,Araku,5800.0,,,,,,"The AeroPress Clear is ideal for any coffee lover looking for a rich and smooth cup of coffee without acidity or bitterness. Brews one to three delicious cups of American or espresso style coffee in about a minute, and clean up takes only a few seconds. It's a great addition to any kitchen but since it is durable, lightweight, and compact, the AeroPress also makes the perfect companion when traveling, camping, or just going to work.",https://www.arakucoffee.in/products/aeropress-clear,https://cdn.shopify.com/s/files/1/0734/5609/1456/files/ArakuProductShootNovember2023-2_1_1.jpg?v=1700735558,Accessories
Coffee Harmony,Araku,4730.0,Signature / Very Fine,,,Araku Valley,,"Discover the perfect harmony of flavour with ARAKU Green Moka Pot and Coffee set. Designed to elevate your coffee moments with rich and aromatic notes. The signature ARAKU Moka Pot is a three-part coffee maker that is perfect for easily brewing a hot, highly intense cup. It’s crafted using insulated wood, enamel and food-grade stainless steel, avoiding the harmful effects of the more commonly used aluminium. The chic, tiered ARAKU Moka Pot is inspired by traditional Japanese teapots and makes two cups in four minutes. This gift box includes an ARAKU Green Moka Pot and a Coffee Tin. ﻿You can add your gift note at once you have added the gift box to your cart!",https://www.arakucoffee.in/products/coffee-harmony,https://cdn.shopify.com/s/files/1/0734/5609/1456/files/1.GreenMokaPotSignatureTin_1.jpg?v=1692622730,Coffee
Coffee Harmony,Araku,4730.0,,,,Araku Valley,,"Discover the perfect harmony of flavour with ARAKU Green Moka Pot and Coffee set. Designed to elevate your coffee moments with rich and aromatic notes. The signature ARAKU Moka Pot is a three-part coffee maker that is perfect for easily brewing a hot, highly intense cup. It’s crafted using insulated wood, enamel and food-grade stainless steel, avoiding the harmful effects of the more commonly used aluminium. The chic, tiered ARAKU Moka Pot is inspired by traditional Japanese teapots and makes two cups in four minutes. This gift box includes an ARAKU Green Moka Pot and a Coffee Tin. ﻿You can add your gift note at once you have added the gift box to your cart!",https://www.arakucoffee.in/products/coffee-harmony,https://cdn.shopify.com/s/files/1/0734/5609/1456/files/1.GreenMokaPotSignatureTin_1.jpg?v=1692622730,Coffee
Coffee Harmony,Araku,4770.0,Selection / Very Fine,,,Araku Valley,,"Discover the perfect harmony of flavour with ARAKU Green Moka Pot and Coffee set. Designed to elevate your coffee moments with rich and aromatic notes. The signature ARAKU Moka Pot is a three-part coffee maker that is perfect for easily brewing a hot, highly intense cup. It’s crafted using insulated wood, enamel and food-grade stainless steel, avoiding the harmful effects of the more commonly used aluminium. The chic, tiered ARAKU Moka Pot is inspired by traditional Japanese teapots and makes two cups in four minutes. This gift box includes an ARAKU Green Moka Pot and a Coffee Tin. ﻿You can add your gift note at once you have added the gift box to your cart!",https://www.arakucoffee.in/products/coffee-harmony,https://cdn.shopify.com/s/files/1/0734/5609/1456/files/1.GreenMokaPotSignatureTin_1.jpg?v=1692622730,Coffee
Coffee Harmony,Araku,4770.0,,,,Araku Valley,,"Discover the perfect harmony of flavour with ARAKU Green Moka Pot and Coffee set. Designed to elevate your coffee moments with rich and aromatic notes. The signature ARAKU Moka Pot is a three-part coffee maker that is perfect for easily brewing a hot, highly intense cup. It’s crafted using insulated wood, enamel and food-grade stainless steel, avoiding the harmful effects of the more commonly used aluminium. The chic, tiered ARAKU Moka Pot is inspired by traditional Japanese teapots and makes two cups in four minutes. This gift box includes an ARAKU Green Moka Pot and a Coffee Tin. ﻿You can add your gift note at once you have added the gift box to your cart!",https://www.arakucoffee.in/products/coffee-harmony,https://cdn.shopify.com/s/files/1/0734/5609/1456/files/1.GreenMokaPotSignatureTin_1.jpg?v=1692622730,Coffee
Coffee Harmony,Araku,4820.0,Micro Climate / Very Fine,,,Araku Valley,,"Discover the perfect harmony of flavour with ARAKU Green Moka Pot and Coffee set. Designed to elevate your coffee moments with rich and aromatic notes. The signature ARAKU Moka Pot is a three-part coffee maker that is perfect for easily brewing a hot, highly intense cup. It’s crafted using insulated wood, enamel and food-grade stainless steel, avoiding the harmful effects of the more commonly used aluminium. The chic, tiered ARAKU Moka Pot is inspired by traditional Japanese teapots and makes two cups in four minutes. This gift box includes an ARAKU Green Moka Pot and a Coffee Tin. ﻿You can add your gift note at once you have added the gift box to your cart!",https://www.arakucoffee.in/products/coffee-harmony,https://cdn.shopify.com/s/files/1/0734/5609/1456/files/1.GreenMokaPotSignatureTin_1.jpg?v=1692622730,Coffee
Coffee Harmony,Araku,4820.0,,,,Araku Valley,,"Discover the perfect harmony of flavour with ARAKU Green Moka Pot and Coffee set. Designed to elevate your coffee moments with rich and aromatic notes. The signature ARAKU Moka Pot is a three-part coffee maker that is perfect for easily brewing a hot, highly intense cup. It’s crafted using insulated wood, enamel and food-grade stainless steel, avoiding the harmful effects of the more commonly used aluminium. The chic, tiered ARAKU Moka Pot is inspired by traditional Japanese teapots and makes two cups in four minutes. This gift box includes an ARAKU Green Moka Pot and a Coffee Tin. ﻿You can add your gift note at once you have added the gift box to your cart!",https://www.arakucoffee.in/products/coffee-harmony,https://cdn.shopify.com/s/files/1/0734/5609/1456/files/1.GreenMokaPotSignatureTin_1.jpg?v=1692622730,Coffee
SCA Coffee Skills Program: Sensory Skills (Intermediate),Araku,38000.0,,,,Araku Valley,,"Sensory Skills (Intermediate)- 10 Points In this two-day course, we further examine the use of Specialty Coffee Association's (SCA) Coffee Taster's Flavour Wheel and the World Coffee Research Sensory Lexicon for enhanced sensory recognition. This session includes acid profiling and multiple cupping sessions using the SCA Coffee Taster's Score Sheet to understand the nuances of coffee, followed by lively discussions. Proper protocol for arranging professional cupping sessions is reviewed, integrating SCA / Cup of Excellence (COE) standards. Duration: 16 hours (2 days) About: Conducted by Sherri Johns our coffee mentor, barista trainer and Head Judge of the Gems of Araku competition. Sherri is an Authorised SCA Trainer (AST), former Cup of Excellence Head Judge, globally-recognised coffee expert who conducts certified SCA class offerings ensuring the highest quality of instruction for beginning Barista, Roasters, the serious and curious coffee connoisseur. All the courses are hosted at Araku World Specialty Coffee Academy (AWSCA), located at our flagship in Bangalore, Indiranagar. The academy is equipped with top-of-the-line tools and an in-house roastery. ⁠The Coffee Skills Program at AWSCA consists of three different modules: Introduction to Coffee for beginners and coffee-enthusiasts, and specialised courses such as Barista Skills and Sensory Skills in different levels. The courses range from 1-5 days with an opportunity for practical and written online exams to receive SCA certification.",https://www.arakucoffee.in/products/sca-coffee-skills-program-sensory-skills-intermediate,https://cdn.shopify.com/s/files/1/0734/5609/1456/files/Araku-SherriJohns-October2021_96of150_1__11zon.jpg?v=1724330156,Coffee
SCA Coffee Skills Program: Sensory Skills (Foundation),Araku,28000.0,,,,Araku Valley,,"Sensory Skills (Foundation) In this one-day course you will learn the fundamentals of sensory evaluation of roasted coffee, an essential skill for many positions across the food and beverage industry. The Authorised Specialty Coffee Association Trainer (AST) will take you through: how the human body perceives taste and flavour, how to communicate a sensory experience methodically, introduction to the SCA Coffee Taster's Flavour Wheel and the World Coffee Research Sensory Lexicon. This course includes multiple tastings and one cupping session with instructions for what cupping is and why we cup. Duration: 8 hours (1 day) About: Conducted by Sherri Johns our coffee mentor, barista trainer and Head Judge of the Gems of Araku competition. Sherri is an Authorised SCA Trainer (AST), former Cup of Excellence Head Judge, globally-recognised coffee expert who conducts certified SCA class offerings ensuring the highest quality of instruction for beginning Barista, Roasters, the serious and curious coffee connoisseur. All the courses are hosted at Araku World Specialty Coffee Academy (AWSCA), located at our flagship in Bangalore, Indiranagar. The academy is equipped with top-of-the-line tools and an in-house roastery. ⁠The Coffee Skills Program at AWSCA consists of three different modules: Introduction to Coffee for beginners and coffee-enthusiasts, and specialised courses such as Barista Skills and Sensory Skills in different levels. The courses range from 1-5 days with an opportunity for practical and written online exams to receive SCA certification.",https://www.arakucoffee.in/products/sca-coffee-skills-program-sensory-skills,https://cdn.shopify.com/s/files/1/0734/5609/1456/files/v29wg2gj39h0zzqnxxej_1.jpg?v=1724330122,Coffee
Coffee 101: Whole Latte Love,Araku,2360.0,May 9 | 4PM to 6PM / 2000 + Taxes,,,,,nan,https://www.arakucoffee.in/products/coffee-101-whole-latte-love,https://cdn.shopify.com/s/files/1/0734/5609/1456/files/whole-latte-love.jpg?v=1698839057,Coffee
ARAKU Cappuccino Cups,Araku,1570.0,Yellow,,,Araku Valley,,"The perfect cappuccino set, these two stylish white stoneware cups have colourful insides. Norwegian design duo Anderssen & Voll created these cappuccino cups exclusively for ARAKU. Torbjørn Anderssen and Espen Voll have won several accolades including Wallpaper Award, Red Dot Award and the IF Award, and are renowned for their finesse in blending Scandinavian design sensibilities with various cultural influences, creating objects with a distinct voice. The unique two-toned design in deep orange, blue, yellow and green echoes the vibrant colours of the Araku region. The cup is ideal for a cappuccino (150ml)",https://www.arakucoffee.in/products/cappuccino-cups,https://cdn.shopify.com/s/files/1/0734/5609/1456/files/Catalogue--9.jpg?v=1722847068,Accessories
ARAKU Cappuccino Cups,Araku,1570.0,Orange,,,Araku Valley,,"The perfect cappuccino set, these two stylish white stoneware cups have colourful insides. Norwegian design duo Anderssen & Voll created these cappuccino cups exclusively for ARAKU. Torbjørn Anderssen and Espen Voll have won several accolades including Wallpaper Award, Red Dot Award and the IF Award, and are renowned for their finesse in blending Scandinavian design sensibilities with various cultural influences, creating objects with a distinct voice. The unique two-toned design in deep orange, blue, yellow and green echoes the vibrant colours of the Araku region. The cup is ideal for a cappuccino (150ml)",https://www.arakucoffee.in/products/cappuccino-cups,https://cdn.shopify.com/s/files/1/0734/5609/1456/files/Catalogue--9.jpg?v=1722847068,Accessories
ARAKU Cappuccino Cups,Araku,1570.0,Green,,,Araku Valley,,"The perfect cappuccino set, these two stylish white stoneware cups have colourful insides. Norwegian design duo Anderssen & Voll created these cappuccino cups exclusively for ARAKU. Torbjørn Anderssen and Espen Voll have won several accolades including Wallpaper Award, Red Dot Award and the IF Award, and are renowned for their finesse in blending Scandinavian design sensibilities with various cultural influences, creating objects with a distinct voice. The unique two-toned design in deep orange, blue, yellow and green echoes the vibrant colours of the Araku region. The cup is ideal for a cappuccino (150ml)",https://www.arakucoffee.in/products/cappuccino-cups,https://cdn.shopify.com/s/files/1/0734/5609/1456/files/Catalogue--9.jpg?v=1722847068,Accessories
ARAKU Cappuccino Cups,Araku,1570.0,Blue,,,Araku Valley,,"The perfect cappuccino set, these two stylish white stoneware cups have colourful insides. Norwegian design duo Anderssen & Voll created these cappuccino cups exclusively for ARAKU. Torbjørn Anderssen and Espen Voll have won several accolades including Wallpaper Award, Red Dot Award and the IF Award, and are renowned for their finesse in blending Scandinavian design sensibilities with various cultural influences, creating objects with a distinct voice. The unique two-toned design in deep orange, blue, yellow and green echoes the vibrant colours of the Araku region. The cup is ideal for a cappuccino (150ml)",https://www.arakucoffee.in/products/cappuccino-cups,https://cdn.shopify.com/s/files/1/0734/5609/1456/files/Catalogue--9.jpg?v=1722847068,Accessories
Comandante Jars,Araku,2480.0,pack of 4,,,,,"These Comandante-compatible jars are perfect for storing coffee beans or collecting ground coffee directly from your grinder. Each jar fits seamlessly with the Comandante grinder as a ground-coffee container. Available in clear and transparent finishes, and comes with a lid. Choose between a single jar or a pack of four, based on your needs.",https://www.arakucoffee.in/products/commandente-bean-jar-4-pack-clear,https://cdn.shopify.com/s/files/1/0734/5609/1456/files/Arakuday23477-Edit.jpg?v=1686837900,Coffee
Comandante Jars,Araku,620.0,pack of 1,,,,,"These Comandante-compatible jars are perfect for storing coffee beans or collecting ground coffee directly from your grinder. Each jar fits seamlessly with the Comandante grinder as a ground-coffee container. Available in clear and transparent finishes, and comes with a lid. Choose between a single jar or a pack of four, based on your needs.",https://www.arakucoffee.in/products/commandente-bean-jar-4-pack-clear,https://cdn.shopify.com/s/files/1/0734/5609/1456/files/Arakuday23477-Edit.jpg?v=1686837900,Coffee
Hario Buono Kettle,Araku,4450.0,,,a cloth-filter drip,Japan,,"A Hario staple, the V60 Buono Drip Kettle is perfect for manual coffee brewing. It has a slim spout that makes it easy to control the speed and amount of the hot water being poured. Made in Japan, the body and lid are of stainless steel, while the handle and knob of the lid are of phenol resin. Japan’s Hario began in 1921 as a heat-proof glass manufacturer, and is globally renowned today for speciality brewing equipment like the V60, which was created to offer the ease of a paper-filter drip with the flavours of a cloth-filter drip. The Buono V60 Drip Kettle has a practical capacity of 1.2L. Learn to brew like the pros with our Brew Guides.",https://www.arakucoffee.in/products/hario-buono-v60-kettle-1-2l,https://cdn.shopify.com/s/files/1/0734/5609/1456/files/Cropped_Image_1.png?v=1686925156,Accessories
AeroPress Paper Filters,Araku,750.0,,,,,,"These replacement filters are compatible with the AeroPress coffee maker and the AeroPress Go travel coffee press. Unlike other press-type coffee makers, these filters remove the grit present when brewing coffee for a smoother cup.",https://www.arakucoffee.in/products/aeropress-replacement-filters,https://cdn.shopify.com/s/files/1/0734/5609/1456/files/Arakuday23558-Edit.jpg?v=1687003695,Accessories
ARAKU Tote Bag,Araku,950.0,Yellow,,,Araku Valley,,"Customised, sustainable, organic cotton canvas totes made in collaboration with Nomada Accessories from India, these are the perfect totes to house all your everyday essentials. Choose from five seriously playful colours to match your outfit and mood.",https://www.arakucoffee.in/products/araku-tote-bag-blue,https://cdn.shopify.com/s/files/1/0734/5609/1456/files/Mood_Shots-2_2.jpg?v=1724481876,Accessories
ARAKU Tote Bag,Araku,950.0,Purple,,,Araku Valley,,"Customised, sustainable, organic cotton canvas totes made in collaboration with Nomada Accessories from India, these are the perfect totes to house all your everyday essentials. Choose from five seriously playful colours to match your outfit and mood.",https://www.arakucoffee.in/products/araku-tote-bag-blue,https://cdn.shopify.com/s/files/1/0734/5609/1456/files/Mood_Shots-2_2.jpg?v=1724481876,Accessories
ARAKU Tote Bag,Araku,950.0,Green,,,Araku Valley,,"Customised, sustainable, organic cotton canvas totes made in collaboration with Nomada Accessories from India, these are the perfect totes to house all your everyday essentials. Choose from five seriously playful colours to match your outfit and mood.",https://www.arakucoffee.in/products/araku-tote-bag-blue,https://cdn.shopify.com/s/files/1/0734/5609/1456/files/Mood_Shots-2_2.jpg?v=1724481876,Accessories
ARAKU Tote Bag,Araku,950.0,Pink,,,Araku Valley,,"Customised, sustainable, organic cotton canvas totes made in collaboration with Nomada Accessories from India, these are the perfect totes to house all your everyday essentials. Choose from five seriously playful colours to match your outfit and mood.",https://www.arakucoffee.in/products/araku-tote-bag-blue,https://cdn.shopify.com/s/files/1/0734/5609/1456/files/Mood_Shots-2_2.jpg?v=1724481876,Accessories
ARAKU Tote Bag,Araku,950.0,Blue,,,Araku Valley,,"Customised, sustainable, organic cotton canvas totes made in collaboration with Nomada Accessories from India, these are the perfect totes to house all your everyday essentials. Choose from five seriously playful colours to match your outfit and mood.",https://www.arakucoffee.in/products/araku-tote-bag-blue,https://cdn.shopify.com/s/files/1/0734/5609/1456/files/Mood_Shots-2_2.jpg?v=1724481876,Accessories
Coffee Party,Araku,2800.0,,,,Araku Valley,,"Throw a virtual party this festive season & create new coffee rituals. Dress up and match your outfit with a vibrant mug as you sip on your ARAKU cuppa. Designed by Norwegian designer duo Anderssen & Voll, our aesthetic set of four stunning mugs make a perfect gift for the coffee-lovers around you. Please add the preferred grind size in the order note at cart page.",https://www.arakucoffee.in/products/coffee-party,https://cdn.shopify.com/s/files/1/0734/5609/1456/files/ARAKUParty_2.jpg?v=1728278843,Coffee
ARAKU Leaf Latte Mug,Araku,850.0,,,,Araku Valley,,"Designed exclusively for Araku by acclaimed Norwegian designer duo Anderssen & Voll, the Leaf Mug features a unique design of the Araku leaf motif, embossed in vivid hues. Anderssen & Voll was established in 2009. TorbjÃ¸rn Anderssen and Espen Voll were previously founders and partners of the design group Norway Says. They work within various fields of design but focus on domestic objects. Design at Anderssen & Voll means being receptive to cultural and market influences. They have received several awards for their work; including Wallpaper Award, Red Dot Award, IF Award and Honorary Award for Best Design in Norway.",https://www.arakucoffee.in/products/coffee-mug-white-with-leaves,https://cdn.shopify.com/s/files/1/0734/5609/1456/files/Arakuday23664.jpg?v=1687002723,Accessories
ARAKU Espresso Cups,Araku,1300.0,Yellow,,This exquisite set of two cups features a unique two-toned design in complementary shades of striking orange and white,Araku Valley,,"Designed exclusively for Araku by acclaimed Norwegian designer duo Anderssen & Voll, the ARAKU Espresso Cup set will be an exciting new addition to your coffee ritual. This exquisite set of two cups features a unique two-toned design in complementary shades of striking orange and white. It is ideal for espresso shots. Anderssen & Voll was established in 2009. Torbj ø rn Anderssen and Espen Voll were previously founders and partners of the design group Norway Says. They work within various fields of design but focus on domestic objects. Design at Anderssen & Voll means being receptive to cultural and market influences. They have received several awards for their work; including Wallpaper Award, Red Dot Award, IF Award and Honorary Award for Best Design in Norway.",https://www.arakucoffee.in/products/orange-espresso-cups,https://cdn.shopify.com/s/files/1/0734/5609/1456/files/YellowespressocupsetMug.jpg?v=1686917857,Accessories
ARAKU Espresso Cups,Araku,1300.0,Green,,This exquisite set of two cups features a unique two-toned design in complementary shades of striking orange and white,Araku Valley,,"Designed exclusively for Araku by acclaimed Norwegian designer duo Anderssen & Voll, the ARAKU Espresso Cup set will be an exciting new addition to your coffee ritual. This exquisite set of two cups features a unique two-toned design in complementary shades of striking orange and white. It is ideal for espresso shots. Anderssen & Voll was established in 2009. Torbj ø rn Anderssen and Espen Voll were previously founders and partners of the design group Norway Says. They work within various fields of design but focus on domestic objects. Design at Anderssen & Voll means being receptive to cultural and market influences. They have received several awards for their work; including Wallpaper Award, Red Dot Award, IF Award and Honorary Award for Best Design in Norway.",https://www.arakucoffee.in/products/orange-espresso-cups,https://cdn.shopify.com/s/files/1/0734/5609/1456/files/YellowespressocupsetMug.jpg?v=1686917857,Accessories
ARAKU Espresso Cups,Araku,1300.0,Orange,,This exquisite set of two cups features a unique two-toned design in complementary shades of striking orange and white,Araku Valley,,"Designed exclusively for Araku by acclaimed Norwegian designer duo Anderssen & Voll, the ARAKU Espresso Cup set will be an exciting new addition to your coffee ritual. This exquisite set of two cups features a unique two-toned design in complementary shades of striking orange and white. It is ideal for espresso shots. Anderssen & Voll was established in 2009. Torbj ø rn Anderssen and Espen Voll were previously founders and partners of the design group Norway Says. They work within various fields of design but focus on domestic objects. Design at Anderssen & Voll means being receptive to cultural and market influences. They have received several awards for their work; including Wallpaper Award, Red Dot Award, IF Award and Honorary Award for Best Design in Norway.",https://www.arakucoffee.in/products/orange-espresso-cups,https://cdn.shopify.com/s/files/1/0734/5609/1456/files/YellowespressocupsetMug.jpg?v=1686917857,Accessories
ARAKU Espresso Cups,Araku,1300.0,Blue,,This exquisite set of two cups features a unique two-toned design in complementary shades of striking orange and white,Araku Valley,,"Designed exclusively for Araku by acclaimed Norwegian designer duo Anderssen & Voll, the ARAKU Espresso Cup set will be an exciting new addition to your coffee ritual. This exquisite set of two cups features a unique two-toned design in complementary shades of striking orange and white. It is ideal for espresso shots. Anderssen & Voll was established in 2009. Torbj ø rn Anderssen and Espen Voll were previously founders and partners of the design group Norway Says. They work within various fields of design but focus on domestic objects. Design at Anderssen & Voll means being receptive to cultural and market influences. They have received several awards for their work; including Wallpaper Award, Red Dot Award, IF Award and Honorary Award for Best Design in Norway.",https://www.arakucoffee.in/products/orange-espresso-cups,https://cdn.shopify.com/s/files/1/0734/5609/1456/files/YellowespressocupsetMug.jpg?v=1686917857,Accessories
ARAKU Latte Mugs,Araku,850.0,Yellow,,,Araku Valley,,"Designed exclusively for Araku by acclaimed Norwegian designer duo Anderssen & Voll, the Coffee Mug adds elegance to your coffee ritual. The mug features a 300-ml capacity, distinctive two-toned design with vibrant colours on the inside and a classic white on the outside. Anderssen & Voll was established in 2009. Torbj ø rn Anderssen and Espen Voll were previously founders and partners of the design group Norway Says. They work within various fields of design but focus on domestic objects. Design at Anderssen & Voll means being receptive to cultural and market influences. They have received several awards for their work; including Wallpaper Award, Red Dot Award, IF Award and Honorary Award for Best Design in Norway.",https://www.arakucoffee.in/products/coffee-mug-1,https://cdn.shopify.com/s/files/1/0734/5609/1456/files/Arakuday23633-Edit.jpg?v=1686902422,Accessories
ARAKU Latte Mugs,Araku,850.0,Blue,,,Araku Valley,,"Designed exclusively for Araku by acclaimed Norwegian designer duo Anderssen & Voll, the Coffee Mug adds elegance to your coffee ritual. The mug features a 300-ml capacity, distinctive two-toned design with vibrant colours on the inside and a classic white on the outside. Anderssen & Voll was established in 2009. Torbj ø rn Anderssen and Espen Voll were previously founders and partners of the design group Norway Says. They work within various fields of design but focus on domestic objects. Design at Anderssen & Voll means being receptive to cultural and market influences. They have received several awards for their work; including Wallpaper Award, Red Dot Award, IF Award and Honorary Award for Best Design in Norway.",https://www.arakucoffee.in/products/coffee-mug-1,https://cdn.shopify.com/s/files/1/0734/5609/1456/files/Arakuday23633-Edit.jpg?v=1686902422,Accessories
ARAKU Latte Mugs,Araku,850.0,Green,,,Araku Valley,,"Designed exclusively for Araku by acclaimed Norwegian designer duo Anderssen & Voll, the Coffee Mug adds elegance to your coffee ritual. The mug features a 300-ml capacity, distinctive two-toned design with vibrant colours on the inside and a classic white on the outside. Anderssen & Voll was established in 2009. Torbj ø rn Anderssen and Espen Voll were previously founders and partners of the design group Norway Says. They work within various fields of design but focus on domestic objects. Design at Anderssen & Voll means being receptive to cultural and market influences. They have received several awards for their work; including Wallpaper Award, Red Dot Award, IF Award and Honorary Award for Best Design in Norway.",https://www.arakucoffee.in/products/coffee-mug-1,https://cdn.shopify.com/s/files/1/0734/5609/1456/files/Arakuday23633-Edit.jpg?v=1686902422,Accessories
ARAKU Latte Mugs,Araku,850.0,Orange,,,Araku Valley,,"Designed exclusively for Araku by acclaimed Norwegian designer duo Anderssen & Voll, the Coffee Mug adds elegance to your coffee ritual. The mug features a 300-ml capacity, distinctive two-toned design with vibrant colours on the inside and a classic white on the outside. Anderssen & Voll was established in 2009. Torbj ø rn Anderssen and Espen Voll were previously founders and partners of the design group Norway Says. They work within various fields of design but focus on domestic objects. Design at Anderssen & Voll means being receptive to cultural and market influences. They have received several awards for their work; including Wallpaper Award, Red Dot Award, IF Award and Honorary Award for Best Design in Norway.",https://www.arakucoffee.in/products/coffee-mug-1,https://cdn.shopify.com/s/files/1/0734/5609/1456/files/Arakuday23633-Edit.jpg?v=1686902422,Accessories
Chemex Coffee Maker,Araku,4450.0,3 cup,,,,,"Chemex Classic Coffeemaker Elevate your morning ritual with the Chemex Classic Coffeemaker, the gold standard in manual pour-over brewing. Invented in 1941 by Dr. Peter Schlumbohm, this iconic vessel is more than just a coffee maker; it is a piece of modern art held in the permanent collection of MOMA, designed to deliver the purest flavor experience possible. Unlike standard drip machines, the Chemex is engineered for precision slow brewing. Crafted from non-porous, heat-resistant borosilicate glass, it ensures that no chemical residues or flavors are absorbed into your brew. Unmatched Clarity When paired with proprietary bonded filters, the Chemex removes fats, oils, and bitterness, resulting in a remarkably clean, bright, and sediment-free cup. Timeless Design The elegant glass hourglass shape is fastened with a polished wood collar and leather tie, offering both thermal protection and a stunning aesthetic for your kitchen counter. Choose Your Size: 3-Cup vs. 6-Cup Note: Chemex measures a ""cup"" as 5 oz (approx. 147.86 ml) Variant Ideal Capacity Best For 3-Cup (CM-1C) ~470 ml The Solo Brewer. Perfect for one generous mug of coffee. Uses Chemex Half-Moon filters. 6-Cup (CM-6A) ~880 ml The Standard. Ideal for brewing 2–3 mugs to share. Uses Chemex Square or Circular filters. Specifications Material: High-quality Borosilicate Glass (odor and residue-free). Handle: Polished wood collar with leather tie. Compatibility: Gas and glass stovetop safe (at low heat) for reheating. Care: Dishwasher safe (glass only; remove wood collar before washing). Result: Highlights the aromatic notes and subtleties of specialty coffee.",https://www.arakucoffee.in/products/chemex-6-cup-wooden-collar,https://cdn.shopify.com/s/files/1/0734/5609/1456/files/Chemex_3_cup_plain.jpg?v=1687191644,Accessories
Chemex Coffee Maker,Araku,4950.0,6 cup,,,,,"Chemex Classic Coffeemaker Elevate your morning ritual with the Chemex Classic Coffeemaker, the gold standard in manual pour-over brewing. Invented in 1941 by Dr. Peter Schlumbohm, this iconic vessel is more than just a coffee maker; it is a piece of modern art held in the permanent collection of MOMA, designed to deliver the purest flavor experience possible. Unlike standard drip machines, the Chemex is engineered for precision slow brewing. Crafted from non-porous, heat-resistant borosilicate glass, it ensures that no chemical residues or flavors are absorbed into your brew. Unmatched Clarity When paired with proprietary bonded filters, the Chemex removes fats, oils, and bitterness, resulting in a remarkably clean, bright, and sediment-free cup. Timeless Design The elegant glass hourglass shape is fastened with a polished wood collar and leather tie, offering both thermal protection and a stunning aesthetic for your kitchen counter. Choose Your Size: 3-Cup vs. 6-Cup Note: Chemex measures a ""cup"" as 5 oz (approx. 147.86 ml) Variant Ideal Capacity Best For 3-Cup (CM-1C) ~470 ml The Solo Brewer. Perfect for one generous mug of coffee. Uses Chemex Half-Moon filters. 6-Cup (CM-6A) ~880 ml The Standard. Ideal for brewing 2–3 mugs to share. Uses Chemex Square or Circular filters. Specifications Material: High-quality Borosilicate Glass (odor and residue-free). Handle: Polished wood collar with leather tie. Compatibility: Gas and glass stovetop safe (at low heat) for reheating. Care: Dishwasher safe (glass only; remove wood collar before washing). Result: Highlights the aromatic notes and subtleties of specialty coffee.",https://www.arakucoffee.in/products/chemex-6-cup-wooden-collar,https://cdn.shopify.com/s/files/1/0734/5609/1456/files/Chemex_3_cup_plain.jpg?v=1687191644,Accessories
Selection,Araku,2740.0,1kg,Dark Roast,"dark chocolate and caramel, followed by the mellow sweetness of sugarcane and honey",,,"Named for the carefully chosen plots from which it is sourced, Selection is grown in dark, rocky soil under a canopy of jackfruit, jamun, lime and mango trees. Strong and full-bodied, the flavour opens with notes of dark chocolate and caramel, followed by the mellow sweetness of sugarcane and honey. Best enjoyed as an espresso or moka pot brew, black or with a splash of milk. Not sure which grind to order? Check out our grind size chart below for a quick brew tip!",https://www.arakucoffee.in/products/selection,https://cdn.shopify.com/s/files/1/0734/5609/1456/files/Selection_new.png?v=1780927264,Coffee
Selection,Araku,2740.0,1kg,Dark Roast,"dark chocolate and caramel, followed by the mellow sweetness of sugarcane and honey",,,"Named for the carefully chosen plots from which it is sourced, Selection is grown in dark, rocky soil under a canopy of jackfruit, jamun, lime and mango trees. Strong and full-bodied, the flavour opens with notes of dark chocolate and caramel, followed by the mellow sweetness of sugarcane and honey. Best enjoyed as an espresso or moka pot brew, black or with a splash of milk. Not sure which grind to order? Check out our grind size chart below for a quick brew tip!",https://www.arakucoffee.in/products/selection,https://cdn.shopify.com/s/files/1/0734/5609/1456/files/Selection_new.png?v=1780927264,Coffee
Selection,Araku,2740.0,1kg,Dark Roast,"dark chocolate and caramel, followed by the mellow sweetness of sugarcane and honey",,,"Named for the carefully chosen plots from which it is sourced, Selection is grown in dark, rocky soil under a canopy of jackfruit, jamun, lime and mango trees. Strong and full-bodied, the flavour opens with notes of dark chocolate and caramel, followed by the mellow sweetness of sugarcane and honey. Best enjoyed as an espresso or moka pot brew, black or with a splash of milk. Not sure which grind to order? Check out our grind size chart below for a quick brew tip!",https://www.arakucoffee.in/products/selection,https://cdn.shopify.com/s/files/1/0734/5609/1456/files/Selection_new.png?v=1780927264,Coffee
Selection,Araku,2740.0,1kg,Dark Roast,"dark chocolate and caramel, followed by the mellow sweetness of sugarcane and honey",,,"Named for the carefully chosen plots from which it is sourced, Selection is grown in dark, rocky soil under a canopy of jackfruit, jamun, lime and mango trees. Strong and full-bodied, the flavour opens with notes of dark chocolate and caramel, followed by the mellow sweetness of sugarcane and honey. Best enjoyed as an espresso or moka pot brew, black or with a splash of milk. Not sure which grind to order? Check out our grind size chart below for a quick brew tip!",https://www.arakucoffee.in/products/selection,https://cdn.shopify.com/s/files/1/0734/5609/1456/files/Selection_new.png?v=1780927264,Coffee
Selection,Araku,2740.0,1kg,Dark Roast,"dark chocolate and caramel, followed by the mellow sweetness of sugarcane and honey",,,"Named for the carefully chosen plots from which it is sourced, Selection is grown in dark, rocky soil under a canopy of jackfruit, jamun, lime and mango trees. Strong and full-bodied, the flavour opens with notes of dark chocolate and caramel, followed by the mellow sweetness of sugarcane and honey. Best enjoyed as an espresso or moka pot brew, black or with a splash of milk. Not sure which grind to order? Check out our grind size chart below for a quick brew tip!",https://www.arakucoffee.in/products/selection,https://cdn.shopify.com/s/files/1/0734/5609/1456/files/Selection_new.png?v=1780927264,Coffee
Selection,Araku,1520.0,500g,Dark Roast,"dark chocolate and caramel, followed by the mellow sweetness of sugarcane and honey",,,"Named for the carefully chosen plots from which it is sourced, Selection is grown in dark, rocky soil under a canopy of jackfruit, jamun, lime and mango trees. Strong and full-bodied, the flavour opens with notes of dark chocolate and caramel, followed by the mellow sweetness of sugarcane and honey. Best enjoyed as an espresso or moka pot brew, black or with a splash of milk. Not sure which grind to order? Check out our grind size chart below for a quick brew tip!",https://www.arakucoffee.in/products/selection,https://cdn.shopify.com/s/files/1/0734/5609/1456/files/Selection_new.png?v=1780927264,Coffee
Selection,Araku,1520.0,500g,Dark Roast,"dark chocolate and caramel, followed by the mellow sweetness of sugarcane and honey",,,"Named for the carefully chosen plots from which it is sourced, Selection is grown in dark, rocky soil under a canopy of jackfruit, jamun, lime and mango trees. Strong and full-bodied, the flavour opens with notes of dark chocolate and caramel, followed by the mellow sweetness of sugarcane and honey. Best enjoyed as an espresso or moka pot brew, black or with a splash of milk. Not sure which grind to order? Check out our grind size chart below for a quick brew tip!",https://www.arakucoffee.in/products/selection,https://cdn.shopify.com/s/files/1/0734/5609/1456/files/Selection_new.png?v=1780927264,Coffee
Selection,Araku,1520.0,500g,Dark Roast,"dark chocolate and caramel, followed by the mellow sweetness of sugarcane and honey",,,"Named for the carefully chosen plots from which it is sourced, Selection is grown in dark, rocky soil under a canopy of jackfruit, jamun, lime and mango trees. Strong and full-bodied, the flavour opens with notes of dark chocolate and caramel, followed by the mellow sweetness of sugarcane and honey. Best enjoyed as an espresso or moka pot brew, black or with a splash of milk. Not sure which grind to order? Check out our grind size chart below for a quick brew tip!",https://www.arakucoffee.in/products/selection,https://cdn.shopify.com/s/files/1/0734/5609/1456/files/Selection_new.png?v=1780927264,Coffee
Selection,Araku,1520.0,500g,Dark Roast,"dark chocolate and caramel, followed by the mellow sweetness of sugarcane and honey",,,"Named for the carefully chosen plots from which it is sourced, Selection is grown in dark, rocky soil under a canopy of jackfruit, jamun, lime and mango trees. Strong and full-bodied, the flavour opens with notes of dark chocolate and caramel, followed by the mellow sweetness of sugarcane and honey. Best enjoyed as an espresso or moka pot brew, black or with a splash of milk. Not sure which grind to order? Check out our grind size chart below for a quick brew tip!",https://www.arakucoffee.in/products/selection,https://cdn.shopify.com/s/files/1/0734/5609/1456/files/Selection_new.png?v=1780927264,Coffee
Selection,Araku,1520.0,500g,Dark Roast,"dark chocolate and caramel, followed by the mellow sweetness of sugarcane and honey",,,"Named for the carefully chosen plots from which it is sourced, Selection is grown in dark, rocky soil under a canopy of jackfruit, jamun, lime and mango trees. Strong and full-bodied, the flavour opens with notes of dark chocolate and caramel, followed by the mellow sweetness of sugarcane and honey. Best enjoyed as an espresso or moka pot brew, black or with a splash of milk. Not sure which grind to order? Check out our grind size chart below for a quick brew tip!",https://www.arakucoffee.in/products/selection,https://cdn.shopify.com/s/files/1/0734/5609/1456/files/Selection_new.png?v=1780927264,Coffee
Selection,Araku,760.0,250g,Dark Roast,"dark chocolate and caramel, followed by the mellow sweetness of sugarcane and honey",,,"Named for the carefully chosen plots from which it is sourced, Selection is grown in dark, rocky soil under a canopy of jackfruit, jamun, lime and mango trees. Strong and full-bodied, the flavour opens with notes of dark chocolate and caramel, followed by the mellow sweetness of sugarcane and honey. Best enjoyed as an espresso or moka pot brew, black or with a splash of milk. Not sure which grind to order? Check out our grind size chart below for a quick brew tip!",https://www.arakucoffee.in/products/selection,https://cdn.shopify.com/s/files/1/0734/5609/1456/files/Selection_new.png?v=1780927264,Coffee
Selection,Araku,760.0,250g,Dark Roast,"dark chocolate and caramel, followed by the mellow sweetness of sugarcane and honey",,,"Named for the carefully chosen plots from which it is sourced, Selection is grown in dark, rocky soil under a canopy of jackfruit, jamun, lime and mango trees. Strong and full-bodied, the flavour opens with notes of dark chocolate and caramel, followed by the mellow sweetness of sugarcane and honey. Best enjoyed as an espresso or moka pot brew, black or with a splash of milk. Not sure which grind to order? Check out our grind size chart below for a quick brew tip!",https://www.arakucoffee.in/products/selection,https://cdn.shopify.com/s/files/1/0734/5609/1456/files/Selection_new.png?v=1780927264,Coffee
Selection,Araku,760.0,250g,Dark Roast,"dark chocolate and caramel, followed by the mellow sweetness of sugarcane and honey",,,"Named for the carefully chosen plots from which it is sourced, Selection is grown in dark, rocky soil under a canopy of jackfruit, jamun, lime and mango trees. Strong and full-bodied, the flavour opens with notes of dark chocolate and caramel, followed by the mellow sweetness of sugarcane and honey. Best enjoyed as an espresso or moka pot brew, black or with a splash of milk. Not sure which grind to order? Check out our grind size chart below for a quick brew tip!",https://www.arakucoffee.in/products/selection,https://cdn.shopify.com/s/files/1/0734/5609/1456/files/Selection_new.png?v=1780927264,Coffee
Selection,Araku,760.0,250g,Dark Roast,"dark chocolate and caramel, followed by the mellow sweetness of sugarcane and honey",,,"Named for the carefully chosen plots from which it is sourced, Selection is grown in dark, rocky soil under a canopy of jackfruit, jamun, lime and mango trees. Strong and full-bodied, the flavour opens with notes of dark chocolate and caramel, followed by the mellow sweetness of sugarcane and honey. Best enjoyed as an espresso or moka pot brew, black or with a splash of milk. Not sure which grind to order? Check out our grind size chart below for a quick brew tip!",https://www.arakucoffee.in/products/selection,https://cdn.shopify.com/s/files/1/0734/5609/1456/files/Selection_new.png?v=1780927264,Coffee
Selection,Araku,760.0,250g,Dark Roast,"dark chocolate and caramel, followed by the mellow sweetness of sugarcane and honey",,,"Named for the carefully chosen plots from which it is sourced, Selection is grown in dark, rocky soil under a canopy of jackfruit, jamun, lime and mango trees. Strong and full-bodied, the flavour opens with notes of dark chocolate and caramel, followed by the mellow sweetness of sugarcane and honey. Best enjoyed as an espresso or moka pot brew, black or with a splash of milk. Not sure which grind to order? Check out our grind size chart below for a quick brew tip!",https://www.arakucoffee.in/products/selection,https://cdn.shopify.com/s/files/1/0734/5609/1456/files/Selection_new.png?v=1780927264,Coffee
Selection,Araku,3060.0,1kg,Dark Roast,"dark chocolate and caramel, followed by the mellow sweetness of sugarcane and honey",,,"Named for the carefully chosen plots from which it is sourced, Selection is grown in dark, rocky soil under a canopy of jackfruit, jamun, lime and mango trees. Strong and full-bodied, the flavour opens with notes of dark chocolate and caramel, followed by the mellow sweetness of sugarcane and honey. Best enjoyed as an espresso or moka pot brew, black or with a splash of milk. Not sure which grind to order? Check out our grind size chart below for a quick brew tip!",https://www.arakucoffee.in/products/selection,https://cdn.shopify.com/s/files/1/0734/5609/1456/files/Selection_new.png?v=1780927264,Coffee
Selection,Araku,3060.0,1kg,Dark Roast,"dark chocolate and caramel, followed by the mellow sweetness of sugarcane and honey",,,"Named for the carefully chosen plots from which it is sourced, Selection is grown in dark, rocky soil under a canopy of jackfruit, jamun, lime and mango trees. Strong and full-bodied, the flavour opens with notes of dark chocolate and caramel, followed by the mellow sweetness of sugarcane and honey. Best enjoyed as an espresso or moka pot brew, black or with a splash of milk. Not sure which grind to order? Check out our grind size chart below for a quick brew tip!",https://www.arakucoffee.in/products/selection,https://cdn.shopify.com/s/files/1/0734/5609/1456/files/Selection_new.png?v=1780927264,Coffee
Selection,Araku,3060.0,1kg,Dark Roast,"dark chocolate and caramel, followed by the mellow sweetness of sugarcane and honey",,,"Named for the carefully chosen plots from which it is sourced, Selection is grown in dark, rocky soil under a canopy of jackfruit, jamun, lime and mango trees. Strong and full-bodied, the flavour opens with notes of dark chocolate and caramel, followed by the mellow sweetness of sugarcane and honey. Best enjoyed as an espresso or moka pot brew, black or with a splash of milk. Not sure which grind to order? Check out our grind size chart below for a quick brew tip!",https://www.arakucoffee.in/products/selection,https://cdn.shopify.com/s/files/1/0734/5609/1456/files/Selection_new.png?v=1780927264,Coffee
Selection,Araku,3060.0,1kg,Dark Roast,"dark chocolate and caramel, followed by the mellow sweetness of sugarcane and honey",,,"Named for the carefully chosen plots from which it is sourced, Selection is grown in dark, rocky soil under a canopy of jackfruit, jamun, lime and mango trees. Strong and full-bodied, the flavour opens with notes of dark chocolate and caramel, followed by the mellow sweetness of sugarcane and honey. Best enjoyed as an espresso or moka pot brew, black or with a splash of milk. Not sure which grind to order? Check out our grind size chart below for a quick brew tip!",https://www.arakucoffee.in/products/selection,https://cdn.shopify.com/s/files/1/0734/5609/1456/files/Selection_new.png?v=1780927264,Coffee
Selection,Araku,3060.0,1kg,Dark Roast,"dark chocolate and caramel, followed by the mellow sweetness of sugarcane and honey",,,"Named for the carefully chosen plots from which it is sourced, Selection is grown in dark, rocky soil under a canopy of jackfruit, jamun, lime and mango trees. Strong and full-bodied, the flavour opens with notes of dark chocolate and caramel, followed by the mellow sweetness of sugarcane and honey. Best enjoyed as an espresso or moka pot brew, black or with a splash of milk. Not sure which grind to order? Check out our grind size chart below for a quick brew tip!",https://www.arakucoffee.in/products/selection,https://cdn.shopify.com/s/files/1/0734/5609/1456/files/Selection_new.png?v=1780927264,Coffee
Selection,Araku,1700.0,500g,Dark Roast,"dark chocolate and caramel, followed by the mellow sweetness of sugarcane and honey",,,"Named for the carefully chosen plots from which it is sourced, Selection is grown in dark, rocky soil under a canopy of jackfruit, jamun, lime and mango trees. Strong and full-bodied, the flavour opens with notes of dark chocolate and caramel, followed by the mellow sweetness of sugarcane and honey. Best enjoyed as an espresso or moka pot brew, black or with a splash of milk. Not sure which grind to order? Check out our grind size chart below for a quick brew tip!",https://www.arakucoffee.in/products/selection,https://cdn.shopify.com/s/files/1/0734/5609/1456/files/Selection_new.png?v=1780927264,Coffee
Selection,Araku,1700.0,500g,Dark Roast,"dark chocolate and caramel, followed by the mellow sweetness of sugarcane and honey",,,"Named for the carefully chosen plots from which it is sourced, Selection is grown in dark, rocky soil under a canopy of jackfruit, jamun, lime and mango trees. Strong and full-bodied, the flavour opens with notes of dark chocolate and caramel, followed by the mellow sweetness of sugarcane and honey. Best enjoyed as an espresso or moka pot brew, black or with a splash of milk. Not sure which grind to order? Check out our grind size chart below for a quick brew tip!",https://www.arakucoffee.in/products/selection,https://cdn.shopify.com/s/files/1/0734/5609/1456/files/Selection_new.png?v=1780927264,Coffee
Selection,Araku,1700.0,500g,Dark Roast,"dark chocolate and caramel, followed by the mellow sweetness of sugarcane and honey",,,"Named for the carefully chosen plots from which it is sourced, Selection is grown in dark, rocky soil under a canopy of jackfruit, jamun, lime and mango trees. Strong and full-bodied, the flavour opens with notes of dark chocolate and caramel, followed by the mellow sweetness of sugarcane and honey. Best enjoyed as an espresso or moka pot brew, black or with a splash of milk. Not sure which grind to order? Check out our grind size chart below for a quick brew tip!",https://www.arakucoffee.in/products/selection,https://cdn.shopify.com/s/files/1/0734/5609/1456/files/Selection_new.png?v=1780927264,Coffee
Selection,Araku,1700.0,500g,Dark Roast,"dark chocolate and caramel, followed by the mellow sweetness of sugarcane and honey",,,"Named for the carefully chosen plots from which it is sourced, Selection is grown in dark, rocky soil under a canopy of jackfruit, jamun, lime and mango trees. Strong and full-bodied, the flavour opens with notes of dark chocolate and caramel, followed by the mellow sweetness of sugarcane and honey. Best enjoyed as an espresso or moka pot brew, black or with a splash of milk. Not sure which grind to order? Check out our grind size chart below for a quick brew tip!",https://www.arakucoffee.in/products/selection,https://cdn.shopify.com/s/files/1/0734/5609/1456/files/Selection_new.png?v=1780927264,Coffee
Selection,Araku,1700.0,500g,Dark Roast,"dark chocolate and caramel, followed by the mellow sweetness of sugarcane and honey",,,"Named for the carefully chosen plots from which it is sourced, Selection is grown in dark, rocky soil under a canopy of jackfruit, jamun, lime and mango trees. Strong and full-bodied, the flavour opens with notes of dark chocolate and caramel, followed by the mellow sweetness of sugarcane and honey. Best enjoyed as an espresso or moka pot brew, black or with a splash of milk. Not sure which grind to order? Check out our grind size chart below for a quick brew tip!",https://www.arakucoffee.in/products/selection,https://cdn.shopify.com/s/files/1/0734/5609/1456/files/Selection_new.png?v=1780927264,Coffee
Selection,Araku,850.0,250g,Dark Roast,"dark chocolate and caramel, followed by the mellow sweetness of sugarcane and honey",,,"Named for the carefully chosen plots from which it is sourced, Selection is grown in dark, rocky soil under a canopy of jackfruit, jamun, lime and mango trees. Strong and full-bodied, the flavour opens with notes of dark chocolate and caramel, followed by the mellow sweetness of sugarcane and honey. Best enjoyed as an espresso or moka pot brew, black or with a splash of milk. Not sure which grind to order? Check out our grind size chart below for a quick brew tip!",https://www.arakucoffee.in/products/selection,https://cdn.shopify.com/s/files/1/0734/5609/1456/files/Selection_new.png?v=1780927264,Coffee
Selection,Araku,850.0,250g,Dark Roast,"dark chocolate and caramel, followed by the mellow sweetness of sugarcane and honey",,,"Named for the carefully chosen plots from which it is sourced, Selection is grown in dark, rocky soil under a canopy of jackfruit, jamun, lime and mango trees. Strong and full-bodied, the flavour opens with notes of dark chocolate and caramel, followed by the mellow sweetness of sugarcane and honey. Best enjoyed as an espresso or moka pot brew, black or with a splash of milk. Not sure which grind to order? Check out our grind size chart below for a quick brew tip!",https://www.arakucoffee.in/products/selection,https://cdn.shopify.com/s/files/1/0734/5609/1456/files/Selection_new.png?v=1780927264,Coffee
Selection,Araku,850.0,250g,Dark Roast,"dark chocolate and caramel, followed by the mellow sweetness of sugarcane and honey",,,"Named for the carefully chosen plots from which it is sourced, Selection is grown in dark, rocky soil under a canopy of jackfruit, jamun, lime and mango trees. Strong and full-bodied, the flavour opens with notes of dark chocolate and caramel, followed by the mellow sweetness of sugarcane and honey. Best enjoyed as an espresso or moka pot brew, black or with a splash of milk. Not sure which grind to order? Check out our grind size chart below for a quick brew tip!",https://www.arakucoffee.in/products/selection,https://cdn.shopify.com/s/files/1/0734/5609/1456/files/Selection_new.png?v=1780927264,Coffee
Selection,Araku,850.0,250g,Dark Roast,"dark chocolate and caramel, followed by the mellow sweetness of sugarcane and honey",,,"Named for the carefully chosen plots from which it is sourced, Selection is grown in dark, rocky soil under a canopy of jackfruit, jamun, lime and mango trees. Strong and full-bodied, the flavour opens with notes of dark chocolate and caramel, followed by the mellow sweetness of sugarcane and honey. Best enjoyed as an espresso or moka pot brew, black or with a splash of milk. Not sure which grind to order? Check out our grind size chart below for a quick brew tip!",https://www.arakucoffee.in/products/selection,https://cdn.shopify.com/s/files/1/0734/5609/1456/files/Selection_new.png?v=1780927264,Coffee
Selection,Araku,850.0,250g,Dark Roast,"dark chocolate and caramel, followed by the mellow sweetness of sugarcane and honey",,,"Named for the carefully chosen plots from which it is sourced, Selection is grown in dark, rocky soil under a canopy of jackfruit, jamun, lime and mango trees. Strong and full-bodied, the flavour opens with notes of dark chocolate and caramel, followed by the mellow sweetness of sugarcane and honey. Best enjoyed as an espresso or moka pot brew, black or with a splash of milk. Not sure which grind to order? Check out our grind size chart below for a quick brew tip!",https://www.arakucoffee.in/products/selection,https://cdn.shopify.com/s/files/1/0734/5609/1456/files/Selection_new.png?v=1780927264,Coffee
Signature,Araku,2420.0,1kg,,,Araku Valley,,"ARAKU Signature coffee is sourced from the village of Kuthangi Thadeput in Araku Valley, where coffee grows under the shade of silver oak trees entwined with pepper vines. The rocky, well-aerated soil and elevation support the slow ripening of the coffee cherries, allowing greater flavour complexity to develop. Cultivated by farmers Boyi Radha and Simhadri, the coffee is grown alongside pepper, millets, turmeric, and paddy using regenerative agriculture practices. Balanced and versatile, Signature is the perfect introduction to specialty coffee. Its flavour opens with notes of chocolate, green pepper, and cherry, followed by the delicate aroma of fine tea. Not sure which grind to order? Check out our grind size chart below for a quick brew tip!",https://www.arakucoffee.in/products/signature,https://cdn.shopify.com/s/files/1/0734/5609/1456/files/Signature_new.png?v=1780926706,Coffee
Signature,Araku,2420.0,1kg,,,Araku Valley,,"ARAKU Signature coffee is sourced from the village of Kuthangi Thadeput in Araku Valley, where coffee grows under the shade of silver oak trees entwined with pepper vines. The rocky, well-aerated soil and elevation support the slow ripening of the coffee cherries, allowing greater flavour complexity to develop. Cultivated by farmers Boyi Radha and Simhadri, the coffee is grown alongside pepper, millets, turmeric, and paddy using regenerative agriculture practices. Balanced and versatile, Signature is the perfect introduction to specialty coffee. Its flavour opens with notes of chocolate, green pepper, and cherry, followed by the delicate aroma of fine tea. Not sure which grind to order? Check out our grind size chart below for a quick brew tip!",https://www.arakucoffee.in/products/signature,https://cdn.shopify.com/s/files/1/0734/5609/1456/files/Signature_new.png?v=1780926706,Coffee
Signature,Araku,2420.0,1kg,,,Araku Valley,,"ARAKU Signature coffee is sourced from the village of Kuthangi Thadeput in Araku Valley, where coffee grows under the shade of silver oak trees entwined with pepper vines. The rocky, well-aerated soil and elevation support the slow ripening of the coffee cherries, allowing greater flavour complexity to develop. Cultivated by farmers Boyi Radha and Simhadri, the coffee is grown alongside pepper, millets, turmeric, and paddy using regenerative agriculture practices. Balanced and versatile, Signature is the perfect introduction to specialty coffee. Its flavour opens with notes of chocolate, green pepper, and cherry, followed by the delicate aroma of fine tea. Not sure which grind to order? Check out our grind size chart below for a quick brew tip!",https://www.arakucoffee.in/products/signature,https://cdn.shopify.com/s/files/1/0734/5609/1456/files/Signature_new.png?v=1780926706,Coffee
Signature,Araku,2420.0,1kg,,,Araku Valley,,"ARAKU Signature coffee is sourced from the village of Kuthangi Thadeput in Araku Valley, where coffee grows under the shade of silver oak trees entwined with pepper vines. The rocky, well-aerated soil and elevation support the slow ripening of the coffee cherries, allowing greater flavour complexity to develop. Cultivated by farmers Boyi Radha and Simhadri, the coffee is grown alongside pepper, millets, turmeric, and paddy using regenerative agriculture practices. Balanced and versatile, Signature is the perfect introduction to specialty coffee. Its flavour opens with notes of chocolate, green pepper, and cherry, followed by the delicate aroma of fine tea. Not sure which grind to order? Check out our grind size chart below for a quick brew tip!",https://www.arakucoffee.in/products/signature,https://cdn.shopify.com/s/files/1/0734/5609/1456/files/Signature_new.png?v=1780926706,Coffee
Signature,Araku,2420.0,1kg,,,Araku Valley,,"ARAKU Signature coffee is sourced from the village of Kuthangi Thadeput in Araku Valley, where coffee grows under the shade of silver oak trees entwined with pepper vines. The rocky, well-aerated soil and elevation support the slow ripening of the coffee cherries, allowing greater flavour complexity to develop. Cultivated by farmers Boyi Radha and Simhadri, the coffee is grown alongside pepper, millets, turmeric, and paddy using regenerative agriculture practices. Balanced and versatile, Signature is the perfect introduction to specialty coffee. Its flavour opens with notes of chocolate, green pepper, and cherry, followed by the delicate aroma of fine tea. Not sure which grind to order? Check out our grind size chart below for a quick brew tip!",https://www.arakucoffee.in/products/signature,https://cdn.shopify.com/s/files/1/0734/5609/1456/files/Signature_new.png?v=1780926706,Coffee
Signature,Araku,1340.0,500g,,,Araku Valley,,"ARAKU Signature coffee is sourced from the village of Kuthangi Thadeput in Araku Valley, where coffee grows under the shade of silver oak trees entwined with pepper vines. The rocky, well-aerated soil and elevation support the slow ripening of the coffee cherries, allowing greater flavour complexity to develop. Cultivated by farmers Boyi Radha and Simhadri, the coffee is grown alongside pepper, millets, turmeric, and paddy using regenerative agriculture practices. Balanced and versatile, Signature is the perfect introduction to specialty coffee. Its flavour opens with notes of chocolate, green pepper, and cherry, followed by the delicate aroma of fine tea. Not sure which grind to order? Check out our grind size chart below for a quick brew tip!",https://www.arakucoffee.in/products/signature,https://cdn.shopify.com/s/files/1/0734/5609/1456/files/Signature_new.png?v=1780926706,Coffee
Signature,Araku,1340.0,500g,,,Araku Valley,,"ARAKU Signature coffee is sourced from the village of Kuthangi Thadeput in Araku Valley, where coffee grows under the shade of silver oak trees entwined with pepper vines. The rocky, well-aerated soil and elevation support the slow ripening of the coffee cherries, allowing greater flavour complexity to develop. Cultivated by farmers Boyi Radha and Simhadri, the coffee is grown alongside pepper, millets, turmeric, and paddy using regenerative agriculture practices. Balanced and versatile, Signature is the perfect introduction to specialty coffee. Its flavour opens with notes of chocolate, green pepper, and cherry, followed by the delicate aroma of fine tea. Not sure which grind to order? Check out our grind size chart below for a quick brew tip!",https://www.arakucoffee.in/products/signature,https://cdn.shopify.com/s/files/1/0734/5609/1456/files/Signature_new.png?v=1780926706,Coffee
Signature,Araku,1340.0,500g,,,Araku Valley,,"ARAKU Signature coffee is sourced from the village of Kuthangi Thadeput in Araku Valley, where coffee grows under the shade of silver oak trees entwined with pepper vines. The rocky, well-aerated soil and elevation support the slow ripening of the coffee cherries, allowing greater flavour complexity to develop. Cultivated by farmers Boyi Radha and Simhadri, the coffee is grown alongside pepper, millets, turmeric, and paddy using regenerative agriculture practices. Balanced and versatile, Signature is the perfect introduction to specialty coffee. Its flavour opens with notes of chocolate, green pepper, and cherry, followed by the delicate aroma of fine tea. Not sure which grind to order? Check out our grind size chart below for a quick brew tip!",https://www.arakucoffee.in/products/signature,https://cdn.shopify.com/s/files/1/0734/5609/1456/files/Signature_new.png?v=1780926706,Coffee
Signature,Araku,1340.0,500g,,,Araku Valley,,"ARAKU Signature coffee is sourced from the village of Kuthangi Thadeput in Araku Valley, where coffee grows under the shade of silver oak trees entwined with pepper vines. The rocky, well-aerated soil and elevation support the slow ripening of the coffee cherries, allowing greater flavour complexity to develop. Cultivated by farmers Boyi Radha and Simhadri, the coffee is grown alongside pepper, millets, turmeric, and paddy using regenerative agriculture practices. Balanced and versatile, Signature is the perfect introduction to specialty coffee. Its flavour opens with notes of chocolate, green pepper, and cherry, followed by the delicate aroma of fine tea. Not sure which grind to order? Check out our grind size chart below for a quick brew tip!",https://www.arakucoffee.in/products/signature,https://cdn.shopify.com/s/files/1/0734/5609/1456/files/Signature_new.png?v=1780926706,Coffee
Signature,Araku,1340.0,500g,,,Araku Valley,,"ARAKU Signature coffee is sourced from the village of Kuthangi Thadeput in Araku Valley, where coffee grows under the shade of silver oak trees entwined with pepper vines. The rocky, well-aerated soil and elevation support the slow ripening of the coffee cherries, allowing greater flavour complexity to develop. Cultivated by farmers Boyi Radha and Simhadri, the coffee is grown alongside pepper, millets, turmeric, and paddy using regenerative agriculture practices. Balanced and versatile, Signature is the perfect introduction to specialty coffee. Its flavour opens with notes of chocolate, green pepper, and cherry, followed by the delicate aroma of fine tea. Not sure which grind to order? Check out our grind size chart below for a quick brew tip!",https://www.arakucoffee.in/products/signature,https://cdn.shopify.com/s/files/1/0734/5609/1456/files/Signature_new.png?v=1780926706,Coffee
Signature,Araku,670.0,250g,,,Araku Valley,,"ARAKU Signature coffee is sourced from the village of Kuthangi Thadeput in Araku Valley, where coffee grows under the shade of silver oak trees entwined with pepper vines. The rocky, well-aerated soil and elevation support the slow ripening of the coffee cherries, allowing greater flavour complexity to develop. Cultivated by farmers Boyi Radha and Simhadri, the coffee is grown alongside pepper, millets, turmeric, and paddy using regenerative agriculture practices. Balanced and versatile, Signature is the perfect introduction to specialty coffee. Its flavour opens with notes of chocolate, green pepper, and cherry, followed by the delicate aroma of fine tea. Not sure which grind to order? Check out our grind size chart below for a quick brew tip!",https://www.arakucoffee.in/products/signature,https://cdn.shopify.com/s/files/1/0734/5609/1456/files/Signature_new.png?v=1780926706,Coffee
Signature,Araku,670.0,250g,,,Araku Valley,,"ARAKU Signature coffee is sourced from the village of Kuthangi Thadeput in Araku Valley, where coffee grows under the shade of silver oak trees entwined with pepper vines. The rocky, well-aerated soil and elevation support the slow ripening of the coffee cherries, allowing greater flavour complexity to develop. Cultivated by farmers Boyi Radha and Simhadri, the coffee is grown alongside pepper, millets, turmeric, and paddy using regenerative agriculture practices. Balanced and versatile, Signature is the perfect introduction to specialty coffee. Its flavour opens with notes of chocolate, green pepper, and cherry, followed by the delicate aroma of fine tea. Not sure which grind to order? Check out our grind size chart below for a quick brew tip!",https://www.arakucoffee.in/products/signature,https://cdn.shopify.com/s/files/1/0734/5609/1456/files/Signature_new.png?v=1780926706,Coffee
Signature,Araku,670.0,250g,,,Araku Valley,,"ARAKU Signature coffee is sourced from the village of Kuthangi Thadeput in Araku Valley, where coffee grows under the shade of silver oak trees entwined with pepper vines. The rocky, well-aerated soil and elevation support the slow ripening of the coffee cherries, allowing greater flavour complexity to develop. Cultivated by farmers Boyi Radha and Simhadri, the coffee is grown alongside pepper, millets, turmeric, and paddy using regenerative agriculture practices. Balanced and versatile, Signature is the perfect introduction to specialty coffee. Its flavour opens with notes of chocolate, green pepper, and cherry, followed by the delicate aroma of fine tea. Not sure which grind to order? Check out our grind size chart below for a quick brew tip!",https://www.arakucoffee.in/products/signature,https://cdn.shopify.com/s/files/1/0734/5609/1456/files/Signature_new.png?v=1780926706,Coffee
Signature,Araku,670.0,250g,,,Araku Valley,,"ARAKU Signature coffee is sourced from the village of Kuthangi Thadeput in Araku Valley, where coffee grows under the shade of silver oak trees entwined with pepper vines. The rocky, well-aerated soil and elevation support the slow ripening of the coffee cherries, allowing greater flavour complexity to develop. Cultivated by farmers Boyi Radha and Simhadri, the coffee is grown alongside pepper, millets, turmeric, and paddy using regenerative agriculture practices. Balanced and versatile, Signature is the perfect introduction to specialty coffee. Its flavour opens with notes of chocolate, green pepper, and cherry, followed by the delicate aroma of fine tea. Not sure which grind to order? Check out our grind size chart below for a quick brew tip!",https://www.arakucoffee.in/products/signature,https://cdn.shopify.com/s/files/1/0734/5609/1456/files/Signature_new.png?v=1780926706,Coffee
Signature,Araku,670.0,250g,,,Araku Valley,,"ARAKU Signature coffee is sourced from the village of Kuthangi Thadeput in Araku Valley, where coffee grows under the shade of silver oak trees entwined with pepper vines. The rocky, well-aerated soil and elevation support the slow ripening of the coffee cherries, allowing greater flavour complexity to develop. Cultivated by farmers Boyi Radha and Simhadri, the coffee is grown alongside pepper, millets, turmeric, and paddy using regenerative agriculture practices. Balanced and versatile, Signature is the perfect introduction to specialty coffee. Its flavour opens with notes of chocolate, green pepper, and cherry, followed by the delicate aroma of fine tea. Not sure which grind to order? Check out our grind size chart below for a quick brew tip!",https://www.arakucoffee.in/products/signature,https://cdn.shopify.com/s/files/1/0734/5609/1456/files/Signature_new.png?v=1780926706,Coffee
Signature,Araku,2740.0,1kg,,,Araku Valley,,"ARAKU Signature coffee is sourced from the village of Kuthangi Thadeput in Araku Valley, where coffee grows under the shade of silver oak trees entwined with pepper vines. The rocky, well-aerated soil and elevation support the slow ripening of the coffee cherries, allowing greater flavour complexity to develop. Cultivated by farmers Boyi Radha and Simhadri, the coffee is grown alongside pepper, millets, turmeric, and paddy using regenerative agriculture practices. Balanced and versatile, Signature is the perfect introduction to specialty coffee. Its flavour opens with notes of chocolate, green pepper, and cherry, followed by the delicate aroma of fine tea. Not sure which grind to order? Check out our grind size chart below for a quick brew tip!",https://www.arakucoffee.in/products/signature,https://cdn.shopify.com/s/files/1/0734/5609/1456/files/Signature_new.png?v=1780926706,Coffee
Signature,Araku,2740.0,1kg,,,Araku Valley,,"ARAKU Signature coffee is sourced from the village of Kuthangi Thadeput in Araku Valley, where coffee grows under the shade of silver oak trees entwined with pepper vines. The rocky, well-aerated soil and elevation support the slow ripening of the coffee cherries, allowing greater flavour complexity to develop. Cultivated by farmers Boyi Radha and Simhadri, the coffee is grown alongside pepper, millets, turmeric, and paddy using regenerative agriculture practices. Balanced and versatile, Signature is the perfect introduction to specialty coffee. Its flavour opens with notes of chocolate, green pepper, and cherry, followed by the delicate aroma of fine tea. Not sure which grind to order? Check out our grind size chart below for a quick brew tip!",https://www.arakucoffee.in/products/signature,https://cdn.shopify.com/s/files/1/0734/5609/1456/files/Signature_new.png?v=1780926706,Coffee
Signature,Araku,2740.0,1kg,,,Araku Valley,,"ARAKU Signature coffee is sourced from the village of Kuthangi Thadeput in Araku Valley, where coffee grows under the shade of silver oak trees entwined with pepper vines. The rocky, well-aerated soil and elevation support the slow ripening of the coffee cherries, allowing greater flavour complexity to develop. Cultivated by farmers Boyi Radha and Simhadri, the coffee is grown alongside pepper, millets, turmeric, and paddy using regenerative agriculture practices. Balanced and versatile, Signature is the perfect introduction to specialty coffee. Its flavour opens with notes of chocolate, green pepper, and cherry, followed by the delicate aroma of fine tea. Not sure which grind to order? Check out our grind size chart below for a quick brew tip!",https://www.arakucoffee.in/products/signature,https://cdn.shopify.com/s/files/1/0734/5609/1456/files/Signature_new.png?v=1780926706,Coffee
Signature,Araku,2740.0,1kg,,,Araku Valley,,"ARAKU Signature coffee is sourced from the village of Kuthangi Thadeput in Araku Valley, where coffee grows under the shade of silver oak trees entwined with pepper vines. The rocky, well-aerated soil and elevation support the slow ripening of the coffee cherries, allowing greater flavour complexity to develop. Cultivated by farmers Boyi Radha and Simhadri, the coffee is grown alongside pepper, millets, turmeric, and paddy using regenerative agriculture practices. Balanced and versatile, Signature is the perfect introduction to specialty coffee. Its flavour opens with notes of chocolate, green pepper, and cherry, followed by the delicate aroma of fine tea. Not sure which grind to order? Check out our grind size chart below for a quick brew tip!",https://www.arakucoffee.in/products/signature,https://cdn.shopify.com/s/files/1/0734/5609/1456/files/Signature_new.png?v=1780926706,Coffee
Signature,Araku,2740.0,1kg,,,Araku Valley,,"ARAKU Signature coffee is sourced from the village of Kuthangi Thadeput in Araku Valley, where coffee grows under the shade of silver oak trees entwined with pepper vines. The rocky, well-aerated soil and elevation support the slow ripening of the coffee cherries, allowing greater flavour complexity to develop. Cultivated by farmers Boyi Radha and Simhadri, the coffee is grown alongside pepper, millets, turmeric, and paddy using regenerative agriculture practices. Balanced and versatile, Signature is the perfect introduction to specialty coffee. Its flavour opens with notes of chocolate, green pepper, and cherry, followed by the delicate aroma of fine tea. Not sure which grind to order? Check out our grind size chart below for a quick brew tip!",https://www.arakucoffee.in/products/signature,https://cdn.shopify.com/s/files/1/0734/5609/1456/files/Signature_new.png?v=1780926706,Coffee
Signature,Araku,1520.0,500g,,,Araku Valley,,"ARAKU Signature coffee is sourced from the village of Kuthangi Thadeput in Araku Valley, where coffee grows under the shade of silver oak trees entwined with pepper vines. The rocky, well-aerated soil and elevation support the slow ripening of the coffee cherries, allowing greater flavour complexity to develop. Cultivated by farmers Boyi Radha and Simhadri, the coffee is grown alongside pepper, millets, turmeric, and paddy using regenerative agriculture practices. Balanced and versatile, Signature is the perfect introduction to specialty coffee. Its flavour opens with notes of chocolate, green pepper, and cherry, followed by the delicate aroma of fine tea. Not sure which grind to order? Check out our grind size chart below for a quick brew tip!",https://www.arakucoffee.in/products/signature,https://cdn.shopify.com/s/files/1/0734/5609/1456/files/Signature_new.png?v=1780926706,Coffee
Signature,Araku,1520.0,500g,,,Araku Valley,,"ARAKU Signature coffee is sourced from the village of Kuthangi Thadeput in Araku Valley, where coffee grows under the shade of silver oak trees entwined with pepper vines. The rocky, well-aerated soil and elevation support the slow ripening of the coffee cherries, allowing greater flavour complexity to develop. Cultivated by farmers Boyi Radha and Simhadri, the coffee is grown alongside pepper, millets, turmeric, and paddy using regenerative agriculture practices. Balanced and versatile, Signature is the perfect introduction to specialty coffee. Its flavour opens with notes of chocolate, green pepper, and cherry, followed by the delicate aroma of fine tea. Not sure which grind to order? Check out our grind size chart below for a quick brew tip!",https://www.arakucoffee.in/products/signature,https://cdn.shopify.com/s/files/1/0734/5609/1456/files/Signature_new.png?v=1780926706,Coffee
Signature,Araku,1520.0,500g,,,Araku Valley,,"ARAKU Signature coffee is sourced from the village of Kuthangi Thadeput in Araku Valley, where coffee grows under the shade of silver oak trees entwined with pepper vines. The rocky, well-aerated soil and elevation support the slow ripening of the coffee cherries, allowing greater flavour complexity to develop. Cultivated by farmers Boyi Radha and Simhadri, the coffee is grown alongside pepper, millets, turmeric, and paddy using regenerative agriculture practices. Balanced and versatile, Signature is the perfect introduction to specialty coffee. Its flavour opens with notes of chocolate, green pepper, and cherry, followed by the delicate aroma of fine tea. Not sure which grind to order? Check out our grind size chart below for a quick brew tip!",https://www.arakucoffee.in/products/signature,https://cdn.shopify.com/s/files/1/0734/5609/1456/files/Signature_new.png?v=1780926706,Coffee
Signature,Araku,1520.0,500g,,,Araku Valley,,"ARAKU Signature coffee is sourced from the village of Kuthangi Thadeput in Araku Valley, where coffee grows under the shade of silver oak trees entwined with pepper vines. The rocky, well-aerated soil and elevation support the slow ripening of the coffee cherries, allowing greater flavour complexity to develop. Cultivated by farmers Boyi Radha and Simhadri, the coffee is grown alongside pepper, millets, turmeric, and paddy using regenerative agriculture practices. Balanced and versatile, Signature is the perfect introduction to specialty coffee. Its flavour opens with notes of chocolate, green pepper, and cherry, followed by the delicate aroma of fine tea. Not sure which grind to order? Check out our grind size chart below for a quick brew tip!",https://www.arakucoffee.in/products/signature,https://cdn.shopify.com/s/files/1/0734/5609/1456/files/Signature_new.png?v=1780926706,Coffee
Signature,Araku,1520.0,500g,,,Araku Valley,,"ARAKU Signature coffee is sourced from the village of Kuthangi Thadeput in Araku Valley, where coffee grows under the shade of silver oak trees entwined with pepper vines. The rocky, well-aerated soil and elevation support the slow ripening of the coffee cherries, allowing greater flavour complexity to develop. Cultivated by farmers Boyi Radha and Simhadri, the coffee is grown alongside pepper, millets, turmeric, and paddy using regenerative agriculture practices. Balanced and versatile, Signature is the perfect introduction to specialty coffee. Its flavour opens with notes of chocolate, green pepper, and cherry, followed by the delicate aroma of fine tea. Not sure which grind to order? Check out our grind size chart below for a quick brew tip!",https://www.arakucoffee.in/products/signature,https://cdn.shopify.com/s/files/1/0734/5609/1456/files/Signature_new.png?v=1780926706,Coffee
Signature,Araku,760.0,250g,,,Araku Valley,,"ARAKU Signature coffee is sourced from the village of Kuthangi Thadeput in Araku Valley, where coffee grows under the shade of silver oak trees entwined with pepper vines. The rocky, well-aerated soil and elevation support the slow ripening of the coffee cherries, allowing greater flavour complexity to develop. Cultivated by farmers Boyi Radha and Simhadri, the coffee is grown alongside pepper, millets, turmeric, and paddy using regenerative agriculture practices. Balanced and versatile, Signature is the perfect introduction to specialty coffee. Its flavour opens with notes of chocolate, green pepper, and cherry, followed by the delicate aroma of fine tea. Not sure which grind to order? Check out our grind size chart below for a quick brew tip!",https://www.arakucoffee.in/products/signature,https://cdn.shopify.com/s/files/1/0734/5609/1456/files/Signature_new.png?v=1780926706,Coffee
Signature,Araku,760.0,250g,,,Araku Valley,,"ARAKU Signature coffee is sourced from the village of Kuthangi Thadeput in Araku Valley, where coffee grows under the shade of silver oak trees entwined with pepper vines. The rocky, well-aerated soil and elevation support the slow ripening of the coffee cherries, allowing greater flavour complexity to develop. Cultivated by farmers Boyi Radha and Simhadri, the coffee is grown alongside pepper, millets, turmeric, and paddy using regenerative agriculture practices. Balanced and versatile, Signature is the perfect introduction to specialty coffee. Its flavour opens with notes of chocolate, green pepper, and cherry, followed by the delicate aroma of fine tea. Not sure which grind to order? Check out our grind size chart below for a quick brew tip!",https://www.arakucoffee.in/products/signature,https://cdn.shopify.com/s/files/1/0734/5609/1456/files/Signature_new.png?v=1780926706,Coffee
Signature,Araku,760.0,250g,,,Araku Valley,,"ARAKU Signature coffee is sourced from the village of Kuthangi Thadeput in Araku Valley, where coffee grows under the shade of silver oak trees entwined with pepper vines. The rocky, well-aerated soil and elevation support the slow ripening of the coffee cherries, allowing greater flavour complexity to develop. Cultivated by farmers Boyi Radha and Simhadri, the coffee is grown alongside pepper, millets, turmeric, and paddy using regenerative agriculture practices. Balanced and versatile, Signature is the perfect introduction to specialty coffee. Its flavour opens with notes of chocolate, green pepper, and cherry, followed by the delicate aroma of fine tea. Not sure which grind to order? Check out our grind size chart below for a quick brew tip!",https://www.arakucoffee.in/products/signature,https://cdn.shopify.com/s/files/1/0734/5609/1456/files/Signature_new.png?v=1780926706,Coffee
Signature,Araku,760.0,250g,,,Araku Valley,,"ARAKU Signature coffee is sourced from the village of Kuthangi Thadeput in Araku Valley, where coffee grows under the shade of silver oak trees entwined with pepper vines. The rocky, well-aerated soil and elevation support the slow ripening of the coffee cherries, allowing greater flavour complexity to develop. Cultivated by farmers Boyi Radha and Simhadri, the coffee is grown alongside pepper, millets, turmeric, and paddy using regenerative agriculture practices. Balanced and versatile, Signature is the perfect introduction to specialty coffee. Its flavour opens with notes of chocolate, green pepper, and cherry, followed by the delicate aroma of fine tea. Not sure which grind to order? Check out our grind size chart below for a quick brew tip!",https://www.arakucoffee.in/products/signature,https://cdn.shopify.com/s/files/1/0734/5609/1456/files/Signature_new.png?v=1780926706,Coffee
Signature,Araku,760.0,250g,,,Araku Valley,,"ARAKU Signature coffee is sourced from the village of Kuthangi Thadeput in Araku Valley, where coffee grows under the shade of silver oak trees entwined with pepper vines. The rocky, well-aerated soil and elevation support the slow ripening of the coffee cherries, allowing greater flavour complexity to develop. Cultivated by farmers Boyi Radha and Simhadri, the coffee is grown alongside pepper, millets, turmeric, and paddy using regenerative agriculture practices. Balanced and versatile, Signature is the perfect introduction to specialty coffee. Its flavour opens with notes of chocolate, green pepper, and cherry, followed by the delicate aroma of fine tea. Not sure which grind to order? Check out our grind size chart below for a quick brew tip!",https://www.arakucoffee.in/products/signature,https://cdn.shopify.com/s/files/1/0734/5609/1456/files/Signature_new.png?v=1780926706,Coffee
