Name,Roaster,Price,Quantity,Roast_Level,Tasting_Notes,Origin,Process,Desc,URL,Image_URL,Category
Venkids Valley Estate - The Red Honey - Light Roast,Bloom Coffee,800.0,250g,Light Roast,"Mango, Hibiscus and Butterscotch We along with so many others have swooned for two seasons over the incredible Yellow",,"and take our word for it, this is an exceptional coffee","Elevation: 1000 MASL Variety: Catuai Processing: Red Honey Roast: Light Producers: Mr Pavan Nanjappa Tasting notes: Mango, Hibiscus and Butterscotch We along with so many others have swooned for two seasons over the incredible Yellow Honey that Pavan produces every year. This year, the team at the Venkids Valley Estate decided to take their Catuai a step further, from a Yellow Honey process to a Red Honey process and take our word for it, this is an exceptional coffee. With the new process, the coffee has become slightly sweeter with more intense flavours and a richer mouthfeel. We have roasted this pretty lightly to let the coffee, and the process really shine through and take the centre stage. With sweet notes of Mango, rich butterscotch and delicate hints of Hibiscus this coffee makes an incredible filter coffee that we're sure you'll absolutely enjoy!",https://bloomcoffeeroasters.in/products/venkids-valley-estate-the-red-honey,https://cdn.shopify.com/s/files/1/0550/0082/6042/products/redhoney_front.png?v=1664806774,Coffee
Venkids Valley Estate - The Red Honey - Light Roast,Bloom Coffee,800.0,250g,Light Roast,"Mango, Hibiscus and Butterscotch We along with so many others have swooned for two seasons over the incredible Yellow",,"and take our word for it, this is an exceptional coffee","Elevation: 1000 MASL Variety: Catuai Processing: Red Honey Roast: Light Producers: Mr Pavan Nanjappa Tasting notes: Mango, Hibiscus and Butterscotch We along with so many others have swooned for two seasons over the incredible Yellow Honey that Pavan produces every year. This year, the team at the Venkids Valley Estate decided to take their Catuai a step further, from a Yellow Honey process to a Red Honey process and take our word for it, this is an exceptional coffee. With the new process, the coffee has become slightly sweeter with more intense flavours and a richer mouthfeel. We have roasted this pretty lightly to let the coffee, and the process really shine through and take the centre stage. With sweet notes of Mango, rich butterscotch and delicate hints of Hibiscus this coffee makes an incredible filter coffee that we're sure you'll absolutely enjoy!",https://bloomcoffeeroasters.in/products/venkids-valley-estate-the-red-honey,https://cdn.shopify.com/s/files/1/0550/0082/6042/products/redhoney_front.png?v=1664806774,Coffee
Venkids Valley Estate - The Red Honey - Light Roast,Bloom Coffee,800.0,250g,Light Roast,"Mango, Hibiscus and Butterscotch We along with so many others have swooned for two seasons over the incredible Yellow",,"and take our word for it, this is an exceptional coffee","Elevation: 1000 MASL Variety: Catuai Processing: Red Honey Roast: Light Producers: Mr Pavan Nanjappa Tasting notes: Mango, Hibiscus and Butterscotch We along with so many others have swooned for two seasons over the incredible Yellow Honey that Pavan produces every year. This year, the team at the Venkids Valley Estate decided to take their Catuai a step further, from a Yellow Honey process to a Red Honey process and take our word for it, this is an exceptional coffee. With the new process, the coffee has become slightly sweeter with more intense flavours and a richer mouthfeel. We have roasted this pretty lightly to let the coffee, and the process really shine through and take the centre stage. With sweet notes of Mango, rich butterscotch and delicate hints of Hibiscus this coffee makes an incredible filter coffee that we're sure you'll absolutely enjoy!",https://bloomcoffeeroasters.in/products/venkids-valley-estate-the-red-honey,https://cdn.shopify.com/s/files/1/0550/0082/6042/products/redhoney_front.png?v=1664806774,Coffee
Venkids Valley Estate - The Red Honey - Light Roast,Bloom Coffee,800.0,250g,Light Roast,"Mango, Hibiscus and Butterscotch We along with so many others have swooned for two seasons over the incredible Yellow",,"and take our word for it, this is an exceptional coffee","Elevation: 1000 MASL Variety: Catuai Processing: Red Honey Roast: Light Producers: Mr Pavan Nanjappa Tasting notes: Mango, Hibiscus and Butterscotch We along with so many others have swooned for two seasons over the incredible Yellow Honey that Pavan produces every year. This year, the team at the Venkids Valley Estate decided to take their Catuai a step further, from a Yellow Honey process to a Red Honey process and take our word for it, this is an exceptional coffee. With the new process, the coffee has become slightly sweeter with more intense flavours and a richer mouthfeel. We have roasted this pretty lightly to let the coffee, and the process really shine through and take the centre stage. With sweet notes of Mango, rich butterscotch and delicate hints of Hibiscus this coffee makes an incredible filter coffee that we're sure you'll absolutely enjoy!",https://bloomcoffeeroasters.in/products/venkids-valley-estate-the-red-honey,https://cdn.shopify.com/s/files/1/0550/0082/6042/products/redhoney_front.png?v=1664806774,Coffee
Venkids Valley Estate - The Red Honey - Light Roast,Bloom Coffee,800.0,250g,Light Roast,"Mango, Hibiscus and Butterscotch We along with so many others have swooned for two seasons over the incredible Yellow",,"and take our word for it, this is an exceptional coffee","Elevation: 1000 MASL Variety: Catuai Processing: Red Honey Roast: Light Producers: Mr Pavan Nanjappa Tasting notes: Mango, Hibiscus and Butterscotch We along with so many others have swooned for two seasons over the incredible Yellow Honey that Pavan produces every year. This year, the team at the Venkids Valley Estate decided to take their Catuai a step further, from a Yellow Honey process to a Red Honey process and take our word for it, this is an exceptional coffee. With the new process, the coffee has become slightly sweeter with more intense flavours and a richer mouthfeel. We have roasted this pretty lightly to let the coffee, and the process really shine through and take the centre stage. With sweet notes of Mango, rich butterscotch and delicate hints of Hibiscus this coffee makes an incredible filter coffee that we're sure you'll absolutely enjoy!",https://bloomcoffeeroasters.in/products/venkids-valley-estate-the-red-honey,https://cdn.shopify.com/s/files/1/0550/0082/6042/products/redhoney_front.png?v=1664806774,Coffee
Venkids Valley Estate - The Red Honey - Light Roast,Bloom Coffee,800.0,250g,Light Roast,"Mango, Hibiscus and Butterscotch We along with so many others have swooned for two seasons over the incredible Yellow",,"and take our word for it, this is an exceptional coffee","Elevation: 1000 MASL Variety: Catuai Processing: Red Honey Roast: Light Producers: Mr Pavan Nanjappa Tasting notes: Mango, Hibiscus and Butterscotch We along with so many others have swooned for two seasons over the incredible Yellow Honey that Pavan produces every year. This year, the team at the Venkids Valley Estate decided to take their Catuai a step further, from a Yellow Honey process to a Red Honey process and take our word for it, this is an exceptional coffee. With the new process, the coffee has become slightly sweeter with more intense flavours and a richer mouthfeel. We have roasted this pretty lightly to let the coffee, and the process really shine through and take the centre stage. With sweet notes of Mango, rich butterscotch and delicate hints of Hibiscus this coffee makes an incredible filter coffee that we're sure you'll absolutely enjoy!",https://bloomcoffeeroasters.in/products/venkids-valley-estate-the-red-honey,https://cdn.shopify.com/s/files/1/0550/0082/6042/products/redhoney_front.png?v=1664806774,Coffee
Venkids Valley Estate - The Red Honey - Light Roast,Bloom Coffee,800.0,250g,Light Roast,"Mango, Hibiscus and Butterscotch We along with so many others have swooned for two seasons over the incredible Yellow",,"and take our word for it, this is an exceptional coffee","Elevation: 1000 MASL Variety: Catuai Processing: Red Honey Roast: Light Producers: Mr Pavan Nanjappa Tasting notes: Mango, Hibiscus and Butterscotch We along with so many others have swooned for two seasons over the incredible Yellow Honey that Pavan produces every year. This year, the team at the Venkids Valley Estate decided to take their Catuai a step further, from a Yellow Honey process to a Red Honey process and take our word for it, this is an exceptional coffee. With the new process, the coffee has become slightly sweeter with more intense flavours and a richer mouthfeel. We have roasted this pretty lightly to let the coffee, and the process really shine through and take the centre stage. With sweet notes of Mango, rich butterscotch and delicate hints of Hibiscus this coffee makes an incredible filter coffee that we're sure you'll absolutely enjoy!",https://bloomcoffeeroasters.in/products/venkids-valley-estate-the-red-honey,https://cdn.shopify.com/s/files/1/0550/0082/6042/products/redhoney_front.png?v=1664806774,Coffee
Venkids Valley Estate - The Red Honey - Light Roast,Bloom Coffee,800.0,250g,Light Roast,"Mango, Hibiscus and Butterscotch We along with so many others have swooned for two seasons over the incredible Yellow",,"and take our word for it, this is an exceptional coffee","Elevation: 1000 MASL Variety: Catuai Processing: Red Honey Roast: Light Producers: Mr Pavan Nanjappa Tasting notes: Mango, Hibiscus and Butterscotch We along with so many others have swooned for two seasons over the incredible Yellow Honey that Pavan produces every year. This year, the team at the Venkids Valley Estate decided to take their Catuai a step further, from a Yellow Honey process to a Red Honey process and take our word for it, this is an exceptional coffee. With the new process, the coffee has become slightly sweeter with more intense flavours and a richer mouthfeel. We have roasted this pretty lightly to let the coffee, and the process really shine through and take the centre stage. With sweet notes of Mango, rich butterscotch and delicate hints of Hibiscus this coffee makes an incredible filter coffee that we're sure you'll absolutely enjoy!",https://bloomcoffeeroasters.in/products/venkids-valley-estate-the-red-honey,https://cdn.shopify.com/s/files/1/0550/0082/6042/products/redhoney_front.png?v=1664806774,Coffee
Venkids Valley Estate - The Red Honey - Light Roast,Bloom Coffee,800.0,250g,Light Roast,"Mango, Hibiscus and Butterscotch We along with so many others have swooned for two seasons over the incredible Yellow",,"and take our word for it, this is an exceptional coffee","Elevation: 1000 MASL Variety: Catuai Processing: Red Honey Roast: Light Producers: Mr Pavan Nanjappa Tasting notes: Mango, Hibiscus and Butterscotch We along with so many others have swooned for two seasons over the incredible Yellow Honey that Pavan produces every year. This year, the team at the Venkids Valley Estate decided to take their Catuai a step further, from a Yellow Honey process to a Red Honey process and take our word for it, this is an exceptional coffee. With the new process, the coffee has become slightly sweeter with more intense flavours and a richer mouthfeel. We have roasted this pretty lightly to let the coffee, and the process really shine through and take the centre stage. With sweet notes of Mango, rich butterscotch and delicate hints of Hibiscus this coffee makes an incredible filter coffee that we're sure you'll absolutely enjoy!",https://bloomcoffeeroasters.in/products/venkids-valley-estate-the-red-honey,https://cdn.shopify.com/s/files/1/0550/0082/6042/products/redhoney_front.png?v=1664806774,Coffee
Uchangi Estate - Naturals - Sakleshpur - Light Roast,Bloom Coffee,750.0,250g,Light Roast,"Green Grapes, Jaggery and Jasmine Welcome to the magical hills of Uchangi",Sakleshpur,Natural,"Elevation: 1100 MASL Variety: S795 Processing: Naturals Fermentation: 18 hours Aerobic fermentation Roast: Light Producers: Vaibhav Gupta Tasting notes: Green Grapes, Jaggery and Jasmine Welcome to the magical hills of Uchangi, a small village located near Sakleshpur Here in this enchanted forest, you’ll find deers, elephants, and even the occasional civet cat roaming amongst 100- year old coffee plants blessed by the original seven beans brought from Yemen so long ago. The Gupta Estate, is a 101-acre estate that features gently sloping hills tucked between gurgling streams and mighty trees, where generation after generation has perfected the art of growing coffee. Vaibhav Gupta now manages this farm along with his father and they have started their journey as speciality coffee growers from the 2022-2023 season and we are proud to be amongst the first to feature their coffees amongst the Indian roasters. This naturals has undergone an 18 hour in fruit fermentation, after selective hand picking and multiple rounds of sorting. The cherries were then slow dried over 28 days in two stages. The cherries were first sun dried and then moved to a polyhouse for greater control over the drying process. We are really happy with how this coffee has come out with our light roast profile. The coffee is generally on the sweeter side with notes of Green Grapes, Jaggery, and hints of Jasmine. The coffee has a velvety mouthfeel which we quite enjoyed. We look forward to working with Vaibhav for many many years to come and we hope you all really enjoy Uchangi's second year coffee with BCR!",https://bloomcoffeeroasters.in/products/uchangi-estate-naturals-light-roast,https://cdn.shopify.com/s/files/1/0550/0082/6042/files/uchanginaturals.png?v=1781856173,Coffee
Uchangi Estate - Naturals - Sakleshpur - Light Roast,Bloom Coffee,750.0,250g,Light Roast,"Green Grapes, Jaggery and Jasmine Welcome to the magical hills of Uchangi",Sakleshpur,Natural,"Elevation: 1100 MASL Variety: S795 Processing: Naturals Fermentation: 18 hours Aerobic fermentation Roast: Light Producers: Vaibhav Gupta Tasting notes: Green Grapes, Jaggery and Jasmine Welcome to the magical hills of Uchangi, a small village located near Sakleshpur Here in this enchanted forest, you’ll find deers, elephants, and even the occasional civet cat roaming amongst 100- year old coffee plants blessed by the original seven beans brought from Yemen so long ago. The Gupta Estate, is a 101-acre estate that features gently sloping hills tucked between gurgling streams and mighty trees, where generation after generation has perfected the art of growing coffee. Vaibhav Gupta now manages this farm along with his father and they have started their journey as speciality coffee growers from the 2022-2023 season and we are proud to be amongst the first to feature their coffees amongst the Indian roasters. This naturals has undergone an 18 hour in fruit fermentation, after selective hand picking and multiple rounds of sorting. The cherries were then slow dried over 28 days in two stages. The cherries were first sun dried and then moved to a polyhouse for greater control over the drying process. We are really happy with how this coffee has come out with our light roast profile. The coffee is generally on the sweeter side with notes of Green Grapes, Jaggery, and hints of Jasmine. The coffee has a velvety mouthfeel which we quite enjoyed. We look forward to working with Vaibhav for many many years to come and we hope you all really enjoy Uchangi's second year coffee with BCR!",https://bloomcoffeeroasters.in/products/uchangi-estate-naturals-light-roast,https://cdn.shopify.com/s/files/1/0550/0082/6042/files/uchanginaturals.png?v=1781856173,Coffee
Uchangi Estate - Naturals - Sakleshpur - Light Roast,Bloom Coffee,750.0,250g,Light Roast,"Green Grapes, Jaggery and Jasmine Welcome to the magical hills of Uchangi",Sakleshpur,Natural,"Elevation: 1100 MASL Variety: S795 Processing: Naturals Fermentation: 18 hours Aerobic fermentation Roast: Light Producers: Vaibhav Gupta Tasting notes: Green Grapes, Jaggery and Jasmine Welcome to the magical hills of Uchangi, a small village located near Sakleshpur Here in this enchanted forest, you’ll find deers, elephants, and even the occasional civet cat roaming amongst 100- year old coffee plants blessed by the original seven beans brought from Yemen so long ago. The Gupta Estate, is a 101-acre estate that features gently sloping hills tucked between gurgling streams and mighty trees, where generation after generation has perfected the art of growing coffee. Vaibhav Gupta now manages this farm along with his father and they have started their journey as speciality coffee growers from the 2022-2023 season and we are proud to be amongst the first to feature their coffees amongst the Indian roasters. This naturals has undergone an 18 hour in fruit fermentation, after selective hand picking and multiple rounds of sorting. The cherries were then slow dried over 28 days in two stages. The cherries were first sun dried and then moved to a polyhouse for greater control over the drying process. We are really happy with how this coffee has come out with our light roast profile. The coffee is generally on the sweeter side with notes of Green Grapes, Jaggery, and hints of Jasmine. The coffee has a velvety mouthfeel which we quite enjoyed. We look forward to working with Vaibhav for many many years to come and we hope you all really enjoy Uchangi's second year coffee with BCR!",https://bloomcoffeeroasters.in/products/uchangi-estate-naturals-light-roast,https://cdn.shopify.com/s/files/1/0550/0082/6042/files/uchanginaturals.png?v=1781856173,Coffee
Uchangi Estate - Naturals - Sakleshpur - Light Roast,Bloom Coffee,750.0,250g,Light Roast,"Green Grapes, Jaggery and Jasmine Welcome to the magical hills of Uchangi",Sakleshpur,Natural,"Elevation: 1100 MASL Variety: S795 Processing: Naturals Fermentation: 18 hours Aerobic fermentation Roast: Light Producers: Vaibhav Gupta Tasting notes: Green Grapes, Jaggery and Jasmine Welcome to the magical hills of Uchangi, a small village located near Sakleshpur Here in this enchanted forest, you’ll find deers, elephants, and even the occasional civet cat roaming amongst 100- year old coffee plants blessed by the original seven beans brought from Yemen so long ago. The Gupta Estate, is a 101-acre estate that features gently sloping hills tucked between gurgling streams and mighty trees, where generation after generation has perfected the art of growing coffee. Vaibhav Gupta now manages this farm along with his father and they have started their journey as speciality coffee growers from the 2022-2023 season and we are proud to be amongst the first to feature their coffees amongst the Indian roasters. This naturals has undergone an 18 hour in fruit fermentation, after selective hand picking and multiple rounds of sorting. The cherries were then slow dried over 28 days in two stages. The cherries were first sun dried and then moved to a polyhouse for greater control over the drying process. We are really happy with how this coffee has come out with our light roast profile. The coffee is generally on the sweeter side with notes of Green Grapes, Jaggery, and hints of Jasmine. The coffee has a velvety mouthfeel which we quite enjoyed. We look forward to working with Vaibhav for many many years to come and we hope you all really enjoy Uchangi's second year coffee with BCR!",https://bloomcoffeeroasters.in/products/uchangi-estate-naturals-light-roast,https://cdn.shopify.com/s/files/1/0550/0082/6042/files/uchanginaturals.png?v=1781856173,Coffee
Uchangi Estate - Naturals - Sakleshpur - Light Roast,Bloom Coffee,750.0,250g,Light Roast,"Green Grapes, Jaggery and Jasmine Welcome to the magical hills of Uchangi",Sakleshpur,Natural,"Elevation: 1100 MASL Variety: S795 Processing: Naturals Fermentation: 18 hours Aerobic fermentation Roast: Light Producers: Vaibhav Gupta Tasting notes: Green Grapes, Jaggery and Jasmine Welcome to the magical hills of Uchangi, a small village located near Sakleshpur Here in this enchanted forest, you’ll find deers, elephants, and even the occasional civet cat roaming amongst 100- year old coffee plants blessed by the original seven beans brought from Yemen so long ago. The Gupta Estate, is a 101-acre estate that features gently sloping hills tucked between gurgling streams and mighty trees, where generation after generation has perfected the art of growing coffee. Vaibhav Gupta now manages this farm along with his father and they have started their journey as speciality coffee growers from the 2022-2023 season and we are proud to be amongst the first to feature their coffees amongst the Indian roasters. This naturals has undergone an 18 hour in fruit fermentation, after selective hand picking and multiple rounds of sorting. The cherries were then slow dried over 28 days in two stages. The cherries were first sun dried and then moved to a polyhouse for greater control over the drying process. We are really happy with how this coffee has come out with our light roast profile. The coffee is generally on the sweeter side with notes of Green Grapes, Jaggery, and hints of Jasmine. The coffee has a velvety mouthfeel which we quite enjoyed. We look forward to working with Vaibhav for many many years to come and we hope you all really enjoy Uchangi's second year coffee with BCR!",https://bloomcoffeeroasters.in/products/uchangi-estate-naturals-light-roast,https://cdn.shopify.com/s/files/1/0550/0082/6042/files/uchanginaturals.png?v=1781856173,Coffee
Uchangi Estate - Naturals - Sakleshpur - Light Roast,Bloom Coffee,750.0,250g,Light Roast,"Green Grapes, Jaggery and Jasmine Welcome to the magical hills of Uchangi",Sakleshpur,Natural,"Elevation: 1100 MASL Variety: S795 Processing: Naturals Fermentation: 18 hours Aerobic fermentation Roast: Light Producers: Vaibhav Gupta Tasting notes: Green Grapes, Jaggery and Jasmine Welcome to the magical hills of Uchangi, a small village located near Sakleshpur Here in this enchanted forest, you’ll find deers, elephants, and even the occasional civet cat roaming amongst 100- year old coffee plants blessed by the original seven beans brought from Yemen so long ago. The Gupta Estate, is a 101-acre estate that features gently sloping hills tucked between gurgling streams and mighty trees, where generation after generation has perfected the art of growing coffee. Vaibhav Gupta now manages this farm along with his father and they have started their journey as speciality coffee growers from the 2022-2023 season and we are proud to be amongst the first to feature their coffees amongst the Indian roasters. This naturals has undergone an 18 hour in fruit fermentation, after selective hand picking and multiple rounds of sorting. The cherries were then slow dried over 28 days in two stages. The cherries were first sun dried and then moved to a polyhouse for greater control over the drying process. We are really happy with how this coffee has come out with our light roast profile. The coffee is generally on the sweeter side with notes of Green Grapes, Jaggery, and hints of Jasmine. The coffee has a velvety mouthfeel which we quite enjoyed. We look forward to working with Vaibhav for many many years to come and we hope you all really enjoy Uchangi's second year coffee with BCR!",https://bloomcoffeeroasters.in/products/uchangi-estate-naturals-light-roast,https://cdn.shopify.com/s/files/1/0550/0082/6042/files/uchanginaturals.png?v=1781856173,Coffee
Uchangi Estate - Naturals - Sakleshpur - Light Roast,Bloom Coffee,750.0,250g,Light Roast,"Green Grapes, Jaggery and Jasmine Welcome to the magical hills of Uchangi",Sakleshpur,Natural,"Elevation: 1100 MASL Variety: S795 Processing: Naturals Fermentation: 18 hours Aerobic fermentation Roast: Light Producers: Vaibhav Gupta Tasting notes: Green Grapes, Jaggery and Jasmine Welcome to the magical hills of Uchangi, a small village located near Sakleshpur Here in this enchanted forest, you’ll find deers, elephants, and even the occasional civet cat roaming amongst 100- year old coffee plants blessed by the original seven beans brought from Yemen so long ago. The Gupta Estate, is a 101-acre estate that features gently sloping hills tucked between gurgling streams and mighty trees, where generation after generation has perfected the art of growing coffee. Vaibhav Gupta now manages this farm along with his father and they have started their journey as speciality coffee growers from the 2022-2023 season and we are proud to be amongst the first to feature their coffees amongst the Indian roasters. This naturals has undergone an 18 hour in fruit fermentation, after selective hand picking and multiple rounds of sorting. The cherries were then slow dried over 28 days in two stages. The cherries were first sun dried and then moved to a polyhouse for greater control over the drying process. We are really happy with how this coffee has come out with our light roast profile. The coffee is generally on the sweeter side with notes of Green Grapes, Jaggery, and hints of Jasmine. The coffee has a velvety mouthfeel which we quite enjoyed. We look forward to working with Vaibhav for many many years to come and we hope you all really enjoy Uchangi's second year coffee with BCR!",https://bloomcoffeeroasters.in/products/uchangi-estate-naturals-light-roast,https://cdn.shopify.com/s/files/1/0550/0082/6042/files/uchanginaturals.png?v=1781856173,Coffee
Uchangi Estate - Naturals - Sakleshpur - Light Roast,Bloom Coffee,750.0,250g,Light Roast,"Green Grapes, Jaggery and Jasmine Welcome to the magical hills of Uchangi",Sakleshpur,Natural,"Elevation: 1100 MASL Variety: S795 Processing: Naturals Fermentation: 18 hours Aerobic fermentation Roast: Light Producers: Vaibhav Gupta Tasting notes: Green Grapes, Jaggery and Jasmine Welcome to the magical hills of Uchangi, a small village located near Sakleshpur Here in this enchanted forest, you’ll find deers, elephants, and even the occasional civet cat roaming amongst 100- year old coffee plants blessed by the original seven beans brought from Yemen so long ago. The Gupta Estate, is a 101-acre estate that features gently sloping hills tucked between gurgling streams and mighty trees, where generation after generation has perfected the art of growing coffee. Vaibhav Gupta now manages this farm along with his father and they have started their journey as speciality coffee growers from the 2022-2023 season and we are proud to be amongst the first to feature their coffees amongst the Indian roasters. This naturals has undergone an 18 hour in fruit fermentation, after selective hand picking and multiple rounds of sorting. The cherries were then slow dried over 28 days in two stages. The cherries were first sun dried and then moved to a polyhouse for greater control over the drying process. We are really happy with how this coffee has come out with our light roast profile. The coffee is generally on the sweeter side with notes of Green Grapes, Jaggery, and hints of Jasmine. The coffee has a velvety mouthfeel which we quite enjoyed. We look forward to working with Vaibhav for many many years to come and we hope you all really enjoy Uchangi's second year coffee with BCR!",https://bloomcoffeeroasters.in/products/uchangi-estate-naturals-light-roast,https://cdn.shopify.com/s/files/1/0550/0082/6042/files/uchanginaturals.png?v=1781856173,Coffee
Uchangi Estate - Naturals - Sakleshpur - Light Roast,Bloom Coffee,750.0,250g,Light Roast,"Green Grapes, Jaggery and Jasmine Welcome to the magical hills of Uchangi",Sakleshpur,Natural,"Elevation: 1100 MASL Variety: S795 Processing: Naturals Fermentation: 18 hours Aerobic fermentation Roast: Light Producers: Vaibhav Gupta Tasting notes: Green Grapes, Jaggery and Jasmine Welcome to the magical hills of Uchangi, a small village located near Sakleshpur Here in this enchanted forest, you’ll find deers, elephants, and even the occasional civet cat roaming amongst 100- year old coffee plants blessed by the original seven beans brought from Yemen so long ago. The Gupta Estate, is a 101-acre estate that features gently sloping hills tucked between gurgling streams and mighty trees, where generation after generation has perfected the art of growing coffee. Vaibhav Gupta now manages this farm along with his father and they have started their journey as speciality coffee growers from the 2022-2023 season and we are proud to be amongst the first to feature their coffees amongst the Indian roasters. This naturals has undergone an 18 hour in fruit fermentation, after selective hand picking and multiple rounds of sorting. The cherries were then slow dried over 28 days in two stages. The cherries were first sun dried and then moved to a polyhouse for greater control over the drying process. We are really happy with how this coffee has come out with our light roast profile. The coffee is generally on the sweeter side with notes of Green Grapes, Jaggery, and hints of Jasmine. The coffee has a velvety mouthfeel which we quite enjoyed. We look forward to working with Vaibhav for many many years to come and we hope you all really enjoy Uchangi's second year coffee with BCR!",https://bloomcoffeeroasters.in/products/uchangi-estate-naturals-light-roast,https://cdn.shopify.com/s/files/1/0550/0082/6042/files/uchanginaturals.png?v=1781856173,Coffee
Kolli Berry Estate - Naturals - Chikmagalur - Light Roast,Bloom Coffee,975.0,250g,Light Roast,"Raspberry, White Chocolate & Fresh Stone Fruit Pranathi from Koliberri Coffee runs an all-women farm called Kolibyle",Chikmagalur,s some truly incredible coffees,"Elevation: 1150 MASL Variety: S795 Processing: Naturals Fermentation: Anaerobic Naturals Roast: Light Producers: Pranathi Shetty Tasting notes: Raspberry, White Chocolate & Fresh Stone Fruit Pranathi from Koliberri Coffee runs an all-women farm called Kolibyle Estate in Mudigere village, Chikmagalur, where she grows and processes some truly incredible coffees. The farm has been in Pranathi’s family for seventy years, and over the last few years she has focused on producing exceptional naturally processed coffees using minimal intervention. At Koliberri, the focus has been on transforming agricultural practices and improving soil quality using organic and sustainable methods. This has led to healthier coffee plants and some seriously yummy coffees for us At BCR, we tend to enjoy naturally processed coffees without a lot of additional intervention—which, unfortunately for us, has become pretty hard to come by. Thankfully, we inevitably find a few coffees every year that pass our bar of being clean and sweet, sans the funk. This anaerobic natural, for us, is one of the best expressions of a simple, clean, sweet natural. Ripe cherries were picked and meticulously sorted, then fermented anaerobically for 96 hours before being dried on raised beds for 28 days. This was the first coffee we sampled and the first coffee we purchased from the previous harvest—and it’s the coffee we’ve gone back to again and again in the roastery. A light roast with notes of raspberry, white chocolate, and fresh stone fruits, this coffee is super bright with a very clean, sharp acidity. It’s beautifully balanced by sweet stone fruits and a soft milk chocolate finish that creates a lovely, silky mouthfeel. Give around 10 days before you start brewing this one!",https://bloomcoffeeroasters.in/products/kolli-berry-estate-naturals-chikmagalur-light-roast,https://cdn.shopify.com/s/files/1/0550/0082/6042/files/koliberry.jpg?v=1772530868,Coffee
Kolli Berry Estate - Naturals - Chikmagalur - Light Roast,Bloom Coffee,975.0,250g,Light Roast,"Raspberry, White Chocolate & Fresh Stone Fruit Pranathi from Koliberri Coffee runs an all-women farm called Kolibyle",Chikmagalur,s some truly incredible coffees,"Elevation: 1150 MASL Variety: S795 Processing: Naturals Fermentation: Anaerobic Naturals Roast: Light Producers: Pranathi Shetty Tasting notes: Raspberry, White Chocolate & Fresh Stone Fruit Pranathi from Koliberri Coffee runs an all-women farm called Kolibyle Estate in Mudigere village, Chikmagalur, where she grows and processes some truly incredible coffees. The farm has been in Pranathi’s family for seventy years, and over the last few years she has focused on producing exceptional naturally processed coffees using minimal intervention. At Koliberri, the focus has been on transforming agricultural practices and improving soil quality using organic and sustainable methods. This has led to healthier coffee plants and some seriously yummy coffees for us At BCR, we tend to enjoy naturally processed coffees without a lot of additional intervention—which, unfortunately for us, has become pretty hard to come by. Thankfully, we inevitably find a few coffees every year that pass our bar of being clean and sweet, sans the funk. This anaerobic natural, for us, is one of the best expressions of a simple, clean, sweet natural. Ripe cherries were picked and meticulously sorted, then fermented anaerobically for 96 hours before being dried on raised beds for 28 days. This was the first coffee we sampled and the first coffee we purchased from the previous harvest—and it’s the coffee we’ve gone back to again and again in the roastery. A light roast with notes of raspberry, white chocolate, and fresh stone fruits, this coffee is super bright with a very clean, sharp acidity. It’s beautifully balanced by sweet stone fruits and a soft milk chocolate finish that creates a lovely, silky mouthfeel. Give around 10 days before you start brewing this one!",https://bloomcoffeeroasters.in/products/kolli-berry-estate-naturals-chikmagalur-light-roast,https://cdn.shopify.com/s/files/1/0550/0082/6042/files/koliberry.jpg?v=1772530868,Coffee
Kolli Berry Estate - Naturals - Chikmagalur - Light Roast,Bloom Coffee,975.0,250g,Light Roast,"Raspberry, White Chocolate & Fresh Stone Fruit Pranathi from Koliberri Coffee runs an all-women farm called Kolibyle",Chikmagalur,s some truly incredible coffees,"Elevation: 1150 MASL Variety: S795 Processing: Naturals Fermentation: Anaerobic Naturals Roast: Light Producers: Pranathi Shetty Tasting notes: Raspberry, White Chocolate & Fresh Stone Fruit Pranathi from Koliberri Coffee runs an all-women farm called Kolibyle Estate in Mudigere village, Chikmagalur, where she grows and processes some truly incredible coffees. The farm has been in Pranathi’s family for seventy years, and over the last few years she has focused on producing exceptional naturally processed coffees using minimal intervention. At Koliberri, the focus has been on transforming agricultural practices and improving soil quality using organic and sustainable methods. This has led to healthier coffee plants and some seriously yummy coffees for us At BCR, we tend to enjoy naturally processed coffees without a lot of additional intervention—which, unfortunately for us, has become pretty hard to come by. Thankfully, we inevitably find a few coffees every year that pass our bar of being clean and sweet, sans the funk. This anaerobic natural, for us, is one of the best expressions of a simple, clean, sweet natural. Ripe cherries were picked and meticulously sorted, then fermented anaerobically for 96 hours before being dried on raised beds for 28 days. This was the first coffee we sampled and the first coffee we purchased from the previous harvest—and it’s the coffee we’ve gone back to again and again in the roastery. A light roast with notes of raspberry, white chocolate, and fresh stone fruits, this coffee is super bright with a very clean, sharp acidity. It’s beautifully balanced by sweet stone fruits and a soft milk chocolate finish that creates a lovely, silky mouthfeel. Give around 10 days before you start brewing this one!",https://bloomcoffeeroasters.in/products/kolli-berry-estate-naturals-chikmagalur-light-roast,https://cdn.shopify.com/s/files/1/0550/0082/6042/files/koliberry.jpg?v=1772530868,Coffee
Kolli Berry Estate - Naturals - Chikmagalur - Light Roast,Bloom Coffee,975.0,250g,Light Roast,"Raspberry, White Chocolate & Fresh Stone Fruit Pranathi from Koliberri Coffee runs an all-women farm called Kolibyle",Chikmagalur,s some truly incredible coffees,"Elevation: 1150 MASL Variety: S795 Processing: Naturals Fermentation: Anaerobic Naturals Roast: Light Producers: Pranathi Shetty Tasting notes: Raspberry, White Chocolate & Fresh Stone Fruit Pranathi from Koliberri Coffee runs an all-women farm called Kolibyle Estate in Mudigere village, Chikmagalur, where she grows and processes some truly incredible coffees. The farm has been in Pranathi’s family for seventy years, and over the last few years she has focused on producing exceptional naturally processed coffees using minimal intervention. At Koliberri, the focus has been on transforming agricultural practices and improving soil quality using organic and sustainable methods. This has led to healthier coffee plants and some seriously yummy coffees for us At BCR, we tend to enjoy naturally processed coffees without a lot of additional intervention—which, unfortunately for us, has become pretty hard to come by. Thankfully, we inevitably find a few coffees every year that pass our bar of being clean and sweet, sans the funk. This anaerobic natural, for us, is one of the best expressions of a simple, clean, sweet natural. Ripe cherries were picked and meticulously sorted, then fermented anaerobically for 96 hours before being dried on raised beds for 28 days. This was the first coffee we sampled and the first coffee we purchased from the previous harvest—and it’s the coffee we’ve gone back to again and again in the roastery. A light roast with notes of raspberry, white chocolate, and fresh stone fruits, this coffee is super bright with a very clean, sharp acidity. It’s beautifully balanced by sweet stone fruits and a soft milk chocolate finish that creates a lovely, silky mouthfeel. Give around 10 days before you start brewing this one!",https://bloomcoffeeroasters.in/products/kolli-berry-estate-naturals-chikmagalur-light-roast,https://cdn.shopify.com/s/files/1/0550/0082/6042/files/koliberry.jpg?v=1772530868,Coffee
Kolli Berry Estate - Naturals - Chikmagalur - Light Roast,Bloom Coffee,975.0,250g,Light Roast,"Raspberry, White Chocolate & Fresh Stone Fruit Pranathi from Koliberri Coffee runs an all-women farm called Kolibyle",Chikmagalur,s some truly incredible coffees,"Elevation: 1150 MASL Variety: S795 Processing: Naturals Fermentation: Anaerobic Naturals Roast: Light Producers: Pranathi Shetty Tasting notes: Raspberry, White Chocolate & Fresh Stone Fruit Pranathi from Koliberri Coffee runs an all-women farm called Kolibyle Estate in Mudigere village, Chikmagalur, where she grows and processes some truly incredible coffees. The farm has been in Pranathi’s family for seventy years, and over the last few years she has focused on producing exceptional naturally processed coffees using minimal intervention. At Koliberri, the focus has been on transforming agricultural practices and improving soil quality using organic and sustainable methods. This has led to healthier coffee plants and some seriously yummy coffees for us At BCR, we tend to enjoy naturally processed coffees without a lot of additional intervention—which, unfortunately for us, has become pretty hard to come by. Thankfully, we inevitably find a few coffees every year that pass our bar of being clean and sweet, sans the funk. This anaerobic natural, for us, is one of the best expressions of a simple, clean, sweet natural. Ripe cherries were picked and meticulously sorted, then fermented anaerobically for 96 hours before being dried on raised beds for 28 days. This was the first coffee we sampled and the first coffee we purchased from the previous harvest—and it’s the coffee we’ve gone back to again and again in the roastery. A light roast with notes of raspberry, white chocolate, and fresh stone fruits, this coffee is super bright with a very clean, sharp acidity. It’s beautifully balanced by sweet stone fruits and a soft milk chocolate finish that creates a lovely, silky mouthfeel. Give around 10 days before you start brewing this one!",https://bloomcoffeeroasters.in/products/kolli-berry-estate-naturals-chikmagalur-light-roast,https://cdn.shopify.com/s/files/1/0550/0082/6042/files/koliberry.jpg?v=1772530868,Coffee
Kolli Berry Estate - Naturals - Chikmagalur - Light Roast,Bloom Coffee,975.0,250g,Light Roast,"Raspberry, White Chocolate & Fresh Stone Fruit Pranathi from Koliberri Coffee runs an all-women farm called Kolibyle",Chikmagalur,s some truly incredible coffees,"Elevation: 1150 MASL Variety: S795 Processing: Naturals Fermentation: Anaerobic Naturals Roast: Light Producers: Pranathi Shetty Tasting notes: Raspberry, White Chocolate & Fresh Stone Fruit Pranathi from Koliberri Coffee runs an all-women farm called Kolibyle Estate in Mudigere village, Chikmagalur, where she grows and processes some truly incredible coffees. The farm has been in Pranathi’s family for seventy years, and over the last few years she has focused on producing exceptional naturally processed coffees using minimal intervention. At Koliberri, the focus has been on transforming agricultural practices and improving soil quality using organic and sustainable methods. This has led to healthier coffee plants and some seriously yummy coffees for us At BCR, we tend to enjoy naturally processed coffees without a lot of additional intervention—which, unfortunately for us, has become pretty hard to come by. Thankfully, we inevitably find a few coffees every year that pass our bar of being clean and sweet, sans the funk. This anaerobic natural, for us, is one of the best expressions of a simple, clean, sweet natural. Ripe cherries were picked and meticulously sorted, then fermented anaerobically for 96 hours before being dried on raised beds for 28 days. This was the first coffee we sampled and the first coffee we purchased from the previous harvest—and it’s the coffee we’ve gone back to again and again in the roastery. A light roast with notes of raspberry, white chocolate, and fresh stone fruits, this coffee is super bright with a very clean, sharp acidity. It’s beautifully balanced by sweet stone fruits and a soft milk chocolate finish that creates a lovely, silky mouthfeel. Give around 10 days before you start brewing this one!",https://bloomcoffeeroasters.in/products/kolli-berry-estate-naturals-chikmagalur-light-roast,https://cdn.shopify.com/s/files/1/0550/0082/6042/files/koliberry.jpg?v=1772530868,Coffee
Kolli Berry Estate - Naturals - Chikmagalur - Light Roast,Bloom Coffee,975.0,250g,Light Roast,"Raspberry, White Chocolate & Fresh Stone Fruit Pranathi from Koliberri Coffee runs an all-women farm called Kolibyle",Chikmagalur,s some truly incredible coffees,"Elevation: 1150 MASL Variety: S795 Processing: Naturals Fermentation: Anaerobic Naturals Roast: Light Producers: Pranathi Shetty Tasting notes: Raspberry, White Chocolate & Fresh Stone Fruit Pranathi from Koliberri Coffee runs an all-women farm called Kolibyle Estate in Mudigere village, Chikmagalur, where she grows and processes some truly incredible coffees. The farm has been in Pranathi’s family for seventy years, and over the last few years she has focused on producing exceptional naturally processed coffees using minimal intervention. At Koliberri, the focus has been on transforming agricultural practices and improving soil quality using organic and sustainable methods. This has led to healthier coffee plants and some seriously yummy coffees for us At BCR, we tend to enjoy naturally processed coffees without a lot of additional intervention—which, unfortunately for us, has become pretty hard to come by. Thankfully, we inevitably find a few coffees every year that pass our bar of being clean and sweet, sans the funk. This anaerobic natural, for us, is one of the best expressions of a simple, clean, sweet natural. Ripe cherries were picked and meticulously sorted, then fermented anaerobically for 96 hours before being dried on raised beds for 28 days. This was the first coffee we sampled and the first coffee we purchased from the previous harvest—and it’s the coffee we’ve gone back to again and again in the roastery. A light roast with notes of raspberry, white chocolate, and fresh stone fruits, this coffee is super bright with a very clean, sharp acidity. It’s beautifully balanced by sweet stone fruits and a soft milk chocolate finish that creates a lovely, silky mouthfeel. Give around 10 days before you start brewing this one!",https://bloomcoffeeroasters.in/products/kolli-berry-estate-naturals-chikmagalur-light-roast,https://cdn.shopify.com/s/files/1/0550/0082/6042/files/koliberry.jpg?v=1772530868,Coffee
Kolli Berry Estate - Naturals - Chikmagalur - Light Roast,Bloom Coffee,975.0,250g,Light Roast,"Raspberry, White Chocolate & Fresh Stone Fruit Pranathi from Koliberri Coffee runs an all-women farm called Kolibyle",Chikmagalur,s some truly incredible coffees,"Elevation: 1150 MASL Variety: S795 Processing: Naturals Fermentation: Anaerobic Naturals Roast: Light Producers: Pranathi Shetty Tasting notes: Raspberry, White Chocolate & Fresh Stone Fruit Pranathi from Koliberri Coffee runs an all-women farm called Kolibyle Estate in Mudigere village, Chikmagalur, where she grows and processes some truly incredible coffees. The farm has been in Pranathi’s family for seventy years, and over the last few years she has focused on producing exceptional naturally processed coffees using minimal intervention. At Koliberri, the focus has been on transforming agricultural practices and improving soil quality using organic and sustainable methods. This has led to healthier coffee plants and some seriously yummy coffees for us At BCR, we tend to enjoy naturally processed coffees without a lot of additional intervention—which, unfortunately for us, has become pretty hard to come by. Thankfully, we inevitably find a few coffees every year that pass our bar of being clean and sweet, sans the funk. This anaerobic natural, for us, is one of the best expressions of a simple, clean, sweet natural. Ripe cherries were picked and meticulously sorted, then fermented anaerobically for 96 hours before being dried on raised beds for 28 days. This was the first coffee we sampled and the first coffee we purchased from the previous harvest—and it’s the coffee we’ve gone back to again and again in the roastery. A light roast with notes of raspberry, white chocolate, and fresh stone fruits, this coffee is super bright with a very clean, sharp acidity. It’s beautifully balanced by sweet stone fruits and a soft milk chocolate finish that creates a lovely, silky mouthfeel. Give around 10 days before you start brewing this one!",https://bloomcoffeeroasters.in/products/kolli-berry-estate-naturals-chikmagalur-light-roast,https://cdn.shopify.com/s/files/1/0550/0082/6042/files/koliberry.jpg?v=1772530868,Coffee
Kolli Berry Estate - Naturals - Chikmagalur - Light Roast,Bloom Coffee,975.0,250g,Light Roast,"Raspberry, White Chocolate & Fresh Stone Fruit Pranathi from Koliberri Coffee runs an all-women farm called Kolibyle",Chikmagalur,s some truly incredible coffees,"Elevation: 1150 MASL Variety: S795 Processing: Naturals Fermentation: Anaerobic Naturals Roast: Light Producers: Pranathi Shetty Tasting notes: Raspberry, White Chocolate & Fresh Stone Fruit Pranathi from Koliberri Coffee runs an all-women farm called Kolibyle Estate in Mudigere village, Chikmagalur, where she grows and processes some truly incredible coffees. The farm has been in Pranathi’s family for seventy years, and over the last few years she has focused on producing exceptional naturally processed coffees using minimal intervention. At Koliberri, the focus has been on transforming agricultural practices and improving soil quality using organic and sustainable methods. This has led to healthier coffee plants and some seriously yummy coffees for us At BCR, we tend to enjoy naturally processed coffees without a lot of additional intervention—which, unfortunately for us, has become pretty hard to come by. Thankfully, we inevitably find a few coffees every year that pass our bar of being clean and sweet, sans the funk. This anaerobic natural, for us, is one of the best expressions of a simple, clean, sweet natural. Ripe cherries were picked and meticulously sorted, then fermented anaerobically for 96 hours before being dried on raised beds for 28 days. This was the first coffee we sampled and the first coffee we purchased from the previous harvest—and it’s the coffee we’ve gone back to again and again in the roastery. A light roast with notes of raspberry, white chocolate, and fresh stone fruits, this coffee is super bright with a very clean, sharp acidity. It’s beautifully balanced by sweet stone fruits and a soft milk chocolate finish that creates a lovely, silky mouthfeel. Give around 10 days before you start brewing this one!",https://bloomcoffeeroasters.in/products/kolli-berry-estate-naturals-chikmagalur-light-roast,https://cdn.shopify.com/s/files/1/0550/0082/6042/files/koliberry.jpg?v=1772530868,Coffee
Kelachandra estate - Naturals - Chikmagalur - Light Roast,Bloom Coffee,750.0,250g,Light Roast,"Stone Fruit, Cacao, Floral Kelachandra coffee have been stepping up in their speciality coffee offerings year on year",Chikmagalur,anaerobic Naturals,"Elevation: 1150MASL Variety: Chandragiri Processing: Naturals Fermentation: Anaerobic Roast: Light Producers: Kelachandra Coffee Works Tasting notes: Stone Fruit, Cacao, Floral Kelachandra coffee have been stepping up in their speciality coffee offerings year on year, and this year some of their lots were just super. This Chandragiri Anaerobic Naturals was a great example a well processed anaerobic Naturals. Being a relatively lower in elevation, the team has to work very hard, and has to be dilligent in the fermentation and the drying to ensure that the coffee tasted sweet, bright and complex, just the way we like them. This anaerobic Naturals took the ripest cherries, fermented them in steel tanks for 48 hours before they were dried over 24 days on raised beds. Over the last two years, we have really enjoyed Chandragiris, and some of our favourite coffees from the the last two years have been Chandragiris. This Chandragiri has again been one of the stand out coffees for this year, and we're quite glad that a variety that's uniquely Indian keep cropping up in our favourite coffees year after year. We feel that Chandragiris have a naturally high sweetness compared to some other varieties especially as light roasts, and this coffee lives up to our expectations. We get a subtle fruity cup from this coffee with notes of Stone Fruit, Cacao, and a hint of floral aromas Give around 8-10 days before you start brewing this one!",https://bloomcoffeeroasters.in/products/kelachandra-estate-naturals-chikmagalur-light-roast,https://cdn.shopify.com/s/files/1/0550/0082/6042/files/kelachandranaturals_1.jpg?v=1765531860,Coffee
Kelachandra estate - Naturals - Chikmagalur - Light Roast,Bloom Coffee,750.0,250g,Light Roast,"Stone Fruit, Cacao, Floral Kelachandra coffee have been stepping up in their speciality coffee offerings year on year",Chikmagalur,anaerobic Naturals,"Elevation: 1150MASL Variety: Chandragiri Processing: Naturals Fermentation: Anaerobic Roast: Light Producers: Kelachandra Coffee Works Tasting notes: Stone Fruit, Cacao, Floral Kelachandra coffee have been stepping up in their speciality coffee offerings year on year, and this year some of their lots were just super. This Chandragiri Anaerobic Naturals was a great example a well processed anaerobic Naturals. Being a relatively lower in elevation, the team has to work very hard, and has to be dilligent in the fermentation and the drying to ensure that the coffee tasted sweet, bright and complex, just the way we like them. This anaerobic Naturals took the ripest cherries, fermented them in steel tanks for 48 hours before they were dried over 24 days on raised beds. Over the last two years, we have really enjoyed Chandragiris, and some of our favourite coffees from the the last two years have been Chandragiris. This Chandragiri has again been one of the stand out coffees for this year, and we're quite glad that a variety that's uniquely Indian keep cropping up in our favourite coffees year after year. We feel that Chandragiris have a naturally high sweetness compared to some other varieties especially as light roasts, and this coffee lives up to our expectations. We get a subtle fruity cup from this coffee with notes of Stone Fruit, Cacao, and a hint of floral aromas Give around 8-10 days before you start brewing this one!",https://bloomcoffeeroasters.in/products/kelachandra-estate-naturals-chikmagalur-light-roast,https://cdn.shopify.com/s/files/1/0550/0082/6042/files/kelachandranaturals_1.jpg?v=1765531860,Coffee
Kelachandra estate - Naturals - Chikmagalur - Light Roast,Bloom Coffee,750.0,250g,Light Roast,"Stone Fruit, Cacao, Floral Kelachandra coffee have been stepping up in their speciality coffee offerings year on year",Chikmagalur,anaerobic Naturals,"Elevation: 1150MASL Variety: Chandragiri Processing: Naturals Fermentation: Anaerobic Roast: Light Producers: Kelachandra Coffee Works Tasting notes: Stone Fruit, Cacao, Floral Kelachandra coffee have been stepping up in their speciality coffee offerings year on year, and this year some of their lots were just super. This Chandragiri Anaerobic Naturals was a great example a well processed anaerobic Naturals. Being a relatively lower in elevation, the team has to work very hard, and has to be dilligent in the fermentation and the drying to ensure that the coffee tasted sweet, bright and complex, just the way we like them. This anaerobic Naturals took the ripest cherries, fermented them in steel tanks for 48 hours before they were dried over 24 days on raised beds. Over the last two years, we have really enjoyed Chandragiris, and some of our favourite coffees from the the last two years have been Chandragiris. This Chandragiri has again been one of the stand out coffees for this year, and we're quite glad that a variety that's uniquely Indian keep cropping up in our favourite coffees year after year. We feel that Chandragiris have a naturally high sweetness compared to some other varieties especially as light roasts, and this coffee lives up to our expectations. We get a subtle fruity cup from this coffee with notes of Stone Fruit, Cacao, and a hint of floral aromas Give around 8-10 days before you start brewing this one!",https://bloomcoffeeroasters.in/products/kelachandra-estate-naturals-chikmagalur-light-roast,https://cdn.shopify.com/s/files/1/0550/0082/6042/files/kelachandranaturals_1.jpg?v=1765531860,Coffee
Kelachandra estate - Naturals - Chikmagalur - Light Roast,Bloom Coffee,750.0,250g,Light Roast,"Stone Fruit, Cacao, Floral Kelachandra coffee have been stepping up in their speciality coffee offerings year on year",Chikmagalur,anaerobic Naturals,"Elevation: 1150MASL Variety: Chandragiri Processing: Naturals Fermentation: Anaerobic Roast: Light Producers: Kelachandra Coffee Works Tasting notes: Stone Fruit, Cacao, Floral Kelachandra coffee have been stepping up in their speciality coffee offerings year on year, and this year some of their lots were just super. This Chandragiri Anaerobic Naturals was a great example a well processed anaerobic Naturals. Being a relatively lower in elevation, the team has to work very hard, and has to be dilligent in the fermentation and the drying to ensure that the coffee tasted sweet, bright and complex, just the way we like them. This anaerobic Naturals took the ripest cherries, fermented them in steel tanks for 48 hours before they were dried over 24 days on raised beds. Over the last two years, we have really enjoyed Chandragiris, and some of our favourite coffees from the the last two years have been Chandragiris. This Chandragiri has again been one of the stand out coffees for this year, and we're quite glad that a variety that's uniquely Indian keep cropping up in our favourite coffees year after year. We feel that Chandragiris have a naturally high sweetness compared to some other varieties especially as light roasts, and this coffee lives up to our expectations. We get a subtle fruity cup from this coffee with notes of Stone Fruit, Cacao, and a hint of floral aromas Give around 8-10 days before you start brewing this one!",https://bloomcoffeeroasters.in/products/kelachandra-estate-naturals-chikmagalur-light-roast,https://cdn.shopify.com/s/files/1/0550/0082/6042/files/kelachandranaturals_1.jpg?v=1765531860,Coffee
Kelachandra estate - Naturals - Chikmagalur - Light Roast,Bloom Coffee,750.0,250g,Light Roast,"Stone Fruit, Cacao, Floral Kelachandra coffee have been stepping up in their speciality coffee offerings year on year",Chikmagalur,anaerobic Naturals,"Elevation: 1150MASL Variety: Chandragiri Processing: Naturals Fermentation: Anaerobic Roast: Light Producers: Kelachandra Coffee Works Tasting notes: Stone Fruit, Cacao, Floral Kelachandra coffee have been stepping up in their speciality coffee offerings year on year, and this year some of their lots were just super. This Chandragiri Anaerobic Naturals was a great example a well processed anaerobic Naturals. Being a relatively lower in elevation, the team has to work very hard, and has to be dilligent in the fermentation and the drying to ensure that the coffee tasted sweet, bright and complex, just the way we like them. This anaerobic Naturals took the ripest cherries, fermented them in steel tanks for 48 hours before they were dried over 24 days on raised beds. Over the last two years, we have really enjoyed Chandragiris, and some of our favourite coffees from the the last two years have been Chandragiris. This Chandragiri has again been one of the stand out coffees for this year, and we're quite glad that a variety that's uniquely Indian keep cropping up in our favourite coffees year after year. We feel that Chandragiris have a naturally high sweetness compared to some other varieties especially as light roasts, and this coffee lives up to our expectations. We get a subtle fruity cup from this coffee with notes of Stone Fruit, Cacao, and a hint of floral aromas Give around 8-10 days before you start brewing this one!",https://bloomcoffeeroasters.in/products/kelachandra-estate-naturals-chikmagalur-light-roast,https://cdn.shopify.com/s/files/1/0550/0082/6042/files/kelachandranaturals_1.jpg?v=1765531860,Coffee
Kelachandra estate - Naturals - Chikmagalur - Light Roast,Bloom Coffee,750.0,250g,Light Roast,"Stone Fruit, Cacao, Floral Kelachandra coffee have been stepping up in their speciality coffee offerings year on year",Chikmagalur,anaerobic Naturals,"Elevation: 1150MASL Variety: Chandragiri Processing: Naturals Fermentation: Anaerobic Roast: Light Producers: Kelachandra Coffee Works Tasting notes: Stone Fruit, Cacao, Floral Kelachandra coffee have been stepping up in their speciality coffee offerings year on year, and this year some of their lots were just super. This Chandragiri Anaerobic Naturals was a great example a well processed anaerobic Naturals. Being a relatively lower in elevation, the team has to work very hard, and has to be dilligent in the fermentation and the drying to ensure that the coffee tasted sweet, bright and complex, just the way we like them. This anaerobic Naturals took the ripest cherries, fermented them in steel tanks for 48 hours before they were dried over 24 days on raised beds. Over the last two years, we have really enjoyed Chandragiris, and some of our favourite coffees from the the last two years have been Chandragiris. This Chandragiri has again been one of the stand out coffees for this year, and we're quite glad that a variety that's uniquely Indian keep cropping up in our favourite coffees year after year. We feel that Chandragiris have a naturally high sweetness compared to some other varieties especially as light roasts, and this coffee lives up to our expectations. We get a subtle fruity cup from this coffee with notes of Stone Fruit, Cacao, and a hint of floral aromas Give around 8-10 days before you start brewing this one!",https://bloomcoffeeroasters.in/products/kelachandra-estate-naturals-chikmagalur-light-roast,https://cdn.shopify.com/s/files/1/0550/0082/6042/files/kelachandranaturals_1.jpg?v=1765531860,Coffee
Kelachandra estate - Naturals - Chikmagalur - Light Roast,Bloom Coffee,750.0,250g,Light Roast,"Stone Fruit, Cacao, Floral Kelachandra coffee have been stepping up in their speciality coffee offerings year on year",Chikmagalur,anaerobic Naturals,"Elevation: 1150MASL Variety: Chandragiri Processing: Naturals Fermentation: Anaerobic Roast: Light Producers: Kelachandra Coffee Works Tasting notes: Stone Fruit, Cacao, Floral Kelachandra coffee have been stepping up in their speciality coffee offerings year on year, and this year some of their lots were just super. This Chandragiri Anaerobic Naturals was a great example a well processed anaerobic Naturals. Being a relatively lower in elevation, the team has to work very hard, and has to be dilligent in the fermentation and the drying to ensure that the coffee tasted sweet, bright and complex, just the way we like them. This anaerobic Naturals took the ripest cherries, fermented them in steel tanks for 48 hours before they were dried over 24 days on raised beds. Over the last two years, we have really enjoyed Chandragiris, and some of our favourite coffees from the the last two years have been Chandragiris. This Chandragiri has again been one of the stand out coffees for this year, and we're quite glad that a variety that's uniquely Indian keep cropping up in our favourite coffees year after year. We feel that Chandragiris have a naturally high sweetness compared to some other varieties especially as light roasts, and this coffee lives up to our expectations. We get a subtle fruity cup from this coffee with notes of Stone Fruit, Cacao, and a hint of floral aromas Give around 8-10 days before you start brewing this one!",https://bloomcoffeeroasters.in/products/kelachandra-estate-naturals-chikmagalur-light-roast,https://cdn.shopify.com/s/files/1/0550/0082/6042/files/kelachandranaturals_1.jpg?v=1765531860,Coffee
Kelachandra estate - Naturals - Chikmagalur - Light Roast,Bloom Coffee,750.0,250g,Light Roast,"Stone Fruit, Cacao, Floral Kelachandra coffee have been stepping up in their speciality coffee offerings year on year",Chikmagalur,anaerobic Naturals,"Elevation: 1150MASL Variety: Chandragiri Processing: Naturals Fermentation: Anaerobic Roast: Light Producers: Kelachandra Coffee Works Tasting notes: Stone Fruit, Cacao, Floral Kelachandra coffee have been stepping up in their speciality coffee offerings year on year, and this year some of their lots were just super. This Chandragiri Anaerobic Naturals was a great example a well processed anaerobic Naturals. Being a relatively lower in elevation, the team has to work very hard, and has to be dilligent in the fermentation and the drying to ensure that the coffee tasted sweet, bright and complex, just the way we like them. This anaerobic Naturals took the ripest cherries, fermented them in steel tanks for 48 hours before they were dried over 24 days on raised beds. Over the last two years, we have really enjoyed Chandragiris, and some of our favourite coffees from the the last two years have been Chandragiris. This Chandragiri has again been one of the stand out coffees for this year, and we're quite glad that a variety that's uniquely Indian keep cropping up in our favourite coffees year after year. We feel that Chandragiris have a naturally high sweetness compared to some other varieties especially as light roasts, and this coffee lives up to our expectations. We get a subtle fruity cup from this coffee with notes of Stone Fruit, Cacao, and a hint of floral aromas Give around 8-10 days before you start brewing this one!",https://bloomcoffeeroasters.in/products/kelachandra-estate-naturals-chikmagalur-light-roast,https://cdn.shopify.com/s/files/1/0550/0082/6042/files/kelachandranaturals_1.jpg?v=1765531860,Coffee
Kelachandra estate - Naturals - Chikmagalur - Light Roast,Bloom Coffee,750.0,250g,Light Roast,"Stone Fruit, Cacao, Floral Kelachandra coffee have been stepping up in their speciality coffee offerings year on year",Chikmagalur,anaerobic Naturals,"Elevation: 1150MASL Variety: Chandragiri Processing: Naturals Fermentation: Anaerobic Roast: Light Producers: Kelachandra Coffee Works Tasting notes: Stone Fruit, Cacao, Floral Kelachandra coffee have been stepping up in their speciality coffee offerings year on year, and this year some of their lots were just super. This Chandragiri Anaerobic Naturals was a great example a well processed anaerobic Naturals. Being a relatively lower in elevation, the team has to work very hard, and has to be dilligent in the fermentation and the drying to ensure that the coffee tasted sweet, bright and complex, just the way we like them. This anaerobic Naturals took the ripest cherries, fermented them in steel tanks for 48 hours before they were dried over 24 days on raised beds. Over the last two years, we have really enjoyed Chandragiris, and some of our favourite coffees from the the last two years have been Chandragiris. This Chandragiri has again been one of the stand out coffees for this year, and we're quite glad that a variety that's uniquely Indian keep cropping up in our favourite coffees year after year. We feel that Chandragiris have a naturally high sweetness compared to some other varieties especially as light roasts, and this coffee lives up to our expectations. We get a subtle fruity cup from this coffee with notes of Stone Fruit, Cacao, and a hint of floral aromas Give around 8-10 days before you start brewing this one!",https://bloomcoffeeroasters.in/products/kelachandra-estate-naturals-chikmagalur-light-roast,https://cdn.shopify.com/s/files/1/0550/0082/6042/files/kelachandranaturals_1.jpg?v=1765531860,Coffee
Kelachandra estate - Honey (Sugarcane Co-Ferment) - Chikmagalur - Light Roast,Bloom Coffee,925.0,250g,Light Roast,"Plum, Milk Chocolate, Fresh Tropical Fruits This year, the team at Kelachandra stepped up their efforts and from their",Chikmagalur,Natural,"Elevation: 1150MASL Variety: Chandragiri Processing: Yellow Honey Fermentation: Sugarcane Co-Ferment Roast: Light Producers: Kelachandra Coffee Works Tasting notes: Plum, Milk Chocolate, Fresh Tropical Fruits This year, the team at Kelachandra stepped up their efforts and from their Jensury Estate they gave us a beautiful Sugarcane fermented honey process Chandragiri that stood out most of the other coffees we tasted with regards to just how clean and fresh the coffee tasted. Being a relatively lower in elevation, the team had to work very hard, and had to be dilligent in the fermentation and the drying to ensure that the coffee tasted sweet, bright and complex, just the way we like them. We first tasted this coffee at the IICF at their stall and some other roaster had booked the entire lot, but on first sip we knew this coffee deserved to be brewed by the best brewers in the country so Shivansh sweet talked his way into getting us the entire lot! Over the last two years, we have really enjoyed Chandragiris, and some of our favourite coffees from the the last two years have been Chandragiris. This Chandragiri has again been one of the stand out coffees for this year, and we're quite glad that a variety that's uniquely Indian keep cropping up in our favourite coffees year after year. We feel that Chandragiris have a naturally high sweetness compared to some other varieties especially as light roasts, and this coffee lives up to our expectations. Ripe cherries were picked, sorted, cleaned and then pulped leaving a little bit of mucilage. They were then fermented for 24 hours in sugarcane pulp, which introduces extra sugars loads of fun microbial activity which has increased the overall sweetness, and the notes of tropical fruits in the cup. With our light roast, we feel we were able to bring out a lot of that inherent sweetness and notes of fresh tropical fruits. The lower elevation seems to have kept a balancing note of milk chocolate, which is complemented by a brig",https://bloomcoffeeroasters.in/products/kelachandra-estate-honey-sugarcane-co-ferment-chikmagalur-light-roast,,Coffee
Kelachandra estate - Honey (Sugarcane Co-Ferment) - Chikmagalur - Light Roast,Bloom Coffee,925.0,250g,Light Roast,"Plum, Milk Chocolate, Fresh Tropical Fruits This year, the team at Kelachandra stepped up their efforts and from their",Chikmagalur,Natural,"Elevation: 1150MASL Variety: Chandragiri Processing: Yellow Honey Fermentation: Sugarcane Co-Ferment Roast: Light Producers: Kelachandra Coffee Works Tasting notes: Plum, Milk Chocolate, Fresh Tropical Fruits This year, the team at Kelachandra stepped up their efforts and from their Jensury Estate they gave us a beautiful Sugarcane fermented honey process Chandragiri that stood out most of the other coffees we tasted with regards to just how clean and fresh the coffee tasted. Being a relatively lower in elevation, the team had to work very hard, and had to be dilligent in the fermentation and the drying to ensure that the coffee tasted sweet, bright and complex, just the way we like them. We first tasted this coffee at the IICF at their stall and some other roaster had booked the entire lot, but on first sip we knew this coffee deserved to be brewed by the best brewers in the country so Shivansh sweet talked his way into getting us the entire lot! Over the last two years, we have really enjoyed Chandragiris, and some of our favourite coffees from the the last two years have been Chandragiris. This Chandragiri has again been one of the stand out coffees for this year, and we're quite glad that a variety that's uniquely Indian keep cropping up in our favourite coffees year after year. We feel that Chandragiris have a naturally high sweetness compared to some other varieties especially as light roasts, and this coffee lives up to our expectations. Ripe cherries were picked, sorted, cleaned and then pulped leaving a little bit of mucilage. They were then fermented for 24 hours in sugarcane pulp, which introduces extra sugars loads of fun microbial activity which has increased the overall sweetness, and the notes of tropical fruits in the cup. With our light roast, we feel we were able to bring out a lot of that inherent sweetness and notes of fresh tropical fruits. The lower elevation seems to have kept a balancing note of milk chocolate, which is complemented by a brig",https://bloomcoffeeroasters.in/products/kelachandra-estate-honey-sugarcane-co-ferment-chikmagalur-light-roast,,Coffee
Kelachandra estate - Honey (Sugarcane Co-Ferment) - Chikmagalur - Light Roast,Bloom Coffee,925.0,250g,Light Roast,"Plum, Milk Chocolate, Fresh Tropical Fruits This year, the team at Kelachandra stepped up their efforts and from their",Chikmagalur,Natural,"Elevation: 1150MASL Variety: Chandragiri Processing: Yellow Honey Fermentation: Sugarcane Co-Ferment Roast: Light Producers: Kelachandra Coffee Works Tasting notes: Plum, Milk Chocolate, Fresh Tropical Fruits This year, the team at Kelachandra stepped up their efforts and from their Jensury Estate they gave us a beautiful Sugarcane fermented honey process Chandragiri that stood out most of the other coffees we tasted with regards to just how clean and fresh the coffee tasted. Being a relatively lower in elevation, the team had to work very hard, and had to be dilligent in the fermentation and the drying to ensure that the coffee tasted sweet, bright and complex, just the way we like them. We first tasted this coffee at the IICF at their stall and some other roaster had booked the entire lot, but on first sip we knew this coffee deserved to be brewed by the best brewers in the country so Shivansh sweet talked his way into getting us the entire lot! Over the last two years, we have really enjoyed Chandragiris, and some of our favourite coffees from the the last two years have been Chandragiris. This Chandragiri has again been one of the stand out coffees for this year, and we're quite glad that a variety that's uniquely Indian keep cropping up in our favourite coffees year after year. We feel that Chandragiris have a naturally high sweetness compared to some other varieties especially as light roasts, and this coffee lives up to our expectations. Ripe cherries were picked, sorted, cleaned and then pulped leaving a little bit of mucilage. They were then fermented for 24 hours in sugarcane pulp, which introduces extra sugars loads of fun microbial activity which has increased the overall sweetness, and the notes of tropical fruits in the cup. With our light roast, we feel we were able to bring out a lot of that inherent sweetness and notes of fresh tropical fruits. The lower elevation seems to have kept a balancing note of milk chocolate, which is complemented by a brig",https://bloomcoffeeroasters.in/products/kelachandra-estate-honey-sugarcane-co-ferment-chikmagalur-light-roast,,Coffee
Kelachandra estate - Honey (Sugarcane Co-Ferment) - Chikmagalur - Light Roast,Bloom Coffee,925.0,250g,Light Roast,"Plum, Milk Chocolate, Fresh Tropical Fruits This year, the team at Kelachandra stepped up their efforts and from their",Chikmagalur,Natural,"Elevation: 1150MASL Variety: Chandragiri Processing: Yellow Honey Fermentation: Sugarcane Co-Ferment Roast: Light Producers: Kelachandra Coffee Works Tasting notes: Plum, Milk Chocolate, Fresh Tropical Fruits This year, the team at Kelachandra stepped up their efforts and from their Jensury Estate they gave us a beautiful Sugarcane fermented honey process Chandragiri that stood out most of the other coffees we tasted with regards to just how clean and fresh the coffee tasted. Being a relatively lower in elevation, the team had to work very hard, and had to be dilligent in the fermentation and the drying to ensure that the coffee tasted sweet, bright and complex, just the way we like them. We first tasted this coffee at the IICF at their stall and some other roaster had booked the entire lot, but on first sip we knew this coffee deserved to be brewed by the best brewers in the country so Shivansh sweet talked his way into getting us the entire lot! Over the last two years, we have really enjoyed Chandragiris, and some of our favourite coffees from the the last two years have been Chandragiris. This Chandragiri has again been one of the stand out coffees for this year, and we're quite glad that a variety that's uniquely Indian keep cropping up in our favourite coffees year after year. We feel that Chandragiris have a naturally high sweetness compared to some other varieties especially as light roasts, and this coffee lives up to our expectations. Ripe cherries were picked, sorted, cleaned and then pulped leaving a little bit of mucilage. They were then fermented for 24 hours in sugarcane pulp, which introduces extra sugars loads of fun microbial activity which has increased the overall sweetness, and the notes of tropical fruits in the cup. With our light roast, we feel we were able to bring out a lot of that inherent sweetness and notes of fresh tropical fruits. The lower elevation seems to have kept a balancing note of milk chocolate, which is complemented by a brig",https://bloomcoffeeroasters.in/products/kelachandra-estate-honey-sugarcane-co-ferment-chikmagalur-light-roast,,Coffee
Kelachandra estate - Honey (Sugarcane Co-Ferment) - Chikmagalur - Light Roast,Bloom Coffee,925.0,250g,Light Roast,"Plum, Milk Chocolate, Fresh Tropical Fruits This year, the team at Kelachandra stepped up their efforts and from their",Chikmagalur,Natural,"Elevation: 1150MASL Variety: Chandragiri Processing: Yellow Honey Fermentation: Sugarcane Co-Ferment Roast: Light Producers: Kelachandra Coffee Works Tasting notes: Plum, Milk Chocolate, Fresh Tropical Fruits This year, the team at Kelachandra stepped up their efforts and from their Jensury Estate they gave us a beautiful Sugarcane fermented honey process Chandragiri that stood out most of the other coffees we tasted with regards to just how clean and fresh the coffee tasted. Being a relatively lower in elevation, the team had to work very hard, and had to be dilligent in the fermentation and the drying to ensure that the coffee tasted sweet, bright and complex, just the way we like them. We first tasted this coffee at the IICF at their stall and some other roaster had booked the entire lot, but on first sip we knew this coffee deserved to be brewed by the best brewers in the country so Shivansh sweet talked his way into getting us the entire lot! Over the last two years, we have really enjoyed Chandragiris, and some of our favourite coffees from the the last two years have been Chandragiris. This Chandragiri has again been one of the stand out coffees for this year, and we're quite glad that a variety that's uniquely Indian keep cropping up in our favourite coffees year after year. We feel that Chandragiris have a naturally high sweetness compared to some other varieties especially as light roasts, and this coffee lives up to our expectations. Ripe cherries were picked, sorted, cleaned and then pulped leaving a little bit of mucilage. They were then fermented for 24 hours in sugarcane pulp, which introduces extra sugars loads of fun microbial activity which has increased the overall sweetness, and the notes of tropical fruits in the cup. With our light roast, we feel we were able to bring out a lot of that inherent sweetness and notes of fresh tropical fruits. The lower elevation seems to have kept a balancing note of milk chocolate, which is complemented by a brig",https://bloomcoffeeroasters.in/products/kelachandra-estate-honey-sugarcane-co-ferment-chikmagalur-light-roast,,Coffee
Kelachandra estate - Honey (Sugarcane Co-Ferment) - Chikmagalur - Light Roast,Bloom Coffee,925.0,250g,Light Roast,"Plum, Milk Chocolate, Fresh Tropical Fruits This year, the team at Kelachandra stepped up their efforts and from their",Chikmagalur,Natural,"Elevation: 1150MASL Variety: Chandragiri Processing: Yellow Honey Fermentation: Sugarcane Co-Ferment Roast: Light Producers: Kelachandra Coffee Works Tasting notes: Plum, Milk Chocolate, Fresh Tropical Fruits This year, the team at Kelachandra stepped up their efforts and from their Jensury Estate they gave us a beautiful Sugarcane fermented honey process Chandragiri that stood out most of the other coffees we tasted with regards to just how clean and fresh the coffee tasted. Being a relatively lower in elevation, the team had to work very hard, and had to be dilligent in the fermentation and the drying to ensure that the coffee tasted sweet, bright and complex, just the way we like them. We first tasted this coffee at the IICF at their stall and some other roaster had booked the entire lot, but on first sip we knew this coffee deserved to be brewed by the best brewers in the country so Shivansh sweet talked his way into getting us the entire lot! Over the last two years, we have really enjoyed Chandragiris, and some of our favourite coffees from the the last two years have been Chandragiris. This Chandragiri has again been one of the stand out coffees for this year, and we're quite glad that a variety that's uniquely Indian keep cropping up in our favourite coffees year after year. We feel that Chandragiris have a naturally high sweetness compared to some other varieties especially as light roasts, and this coffee lives up to our expectations. Ripe cherries were picked, sorted, cleaned and then pulped leaving a little bit of mucilage. They were then fermented for 24 hours in sugarcane pulp, which introduces extra sugars loads of fun microbial activity which has increased the overall sweetness, and the notes of tropical fruits in the cup. With our light roast, we feel we were able to bring out a lot of that inherent sweetness and notes of fresh tropical fruits. The lower elevation seems to have kept a balancing note of milk chocolate, which is complemented by a brig",https://bloomcoffeeroasters.in/products/kelachandra-estate-honey-sugarcane-co-ferment-chikmagalur-light-roast,,Coffee
Kelachandra estate - Honey (Sugarcane Co-Ferment) - Chikmagalur - Light Roast,Bloom Coffee,925.0,250g,Light Roast,"Plum, Milk Chocolate, Fresh Tropical Fruits This year, the team at Kelachandra stepped up their efforts and from their",Chikmagalur,Natural,"Elevation: 1150MASL Variety: Chandragiri Processing: Yellow Honey Fermentation: Sugarcane Co-Ferment Roast: Light Producers: Kelachandra Coffee Works Tasting notes: Plum, Milk Chocolate, Fresh Tropical Fruits This year, the team at Kelachandra stepped up their efforts and from their Jensury Estate they gave us a beautiful Sugarcane fermented honey process Chandragiri that stood out most of the other coffees we tasted with regards to just how clean and fresh the coffee tasted. Being a relatively lower in elevation, the team had to work very hard, and had to be dilligent in the fermentation and the drying to ensure that the coffee tasted sweet, bright and complex, just the way we like them. We first tasted this coffee at the IICF at their stall and some other roaster had booked the entire lot, but on first sip we knew this coffee deserved to be brewed by the best brewers in the country so Shivansh sweet talked his way into getting us the entire lot! Over the last two years, we have really enjoyed Chandragiris, and some of our favourite coffees from the the last two years have been Chandragiris. This Chandragiri has again been one of the stand out coffees for this year, and we're quite glad that a variety that's uniquely Indian keep cropping up in our favourite coffees year after year. We feel that Chandragiris have a naturally high sweetness compared to some other varieties especially as light roasts, and this coffee lives up to our expectations. Ripe cherries were picked, sorted, cleaned and then pulped leaving a little bit of mucilage. They were then fermented for 24 hours in sugarcane pulp, which introduces extra sugars loads of fun microbial activity which has increased the overall sweetness, and the notes of tropical fruits in the cup. With our light roast, we feel we were able to bring out a lot of that inherent sweetness and notes of fresh tropical fruits. The lower elevation seems to have kept a balancing note of milk chocolate, which is complemented by a brig",https://bloomcoffeeroasters.in/products/kelachandra-estate-honey-sugarcane-co-ferment-chikmagalur-light-roast,,Coffee
Kelachandra estate - Honey (Sugarcane Co-Ferment) - Chikmagalur - Light Roast,Bloom Coffee,925.0,250g,Light Roast,"Plum, Milk Chocolate, Fresh Tropical Fruits This year, the team at Kelachandra stepped up their efforts and from their",Chikmagalur,Natural,"Elevation: 1150MASL Variety: Chandragiri Processing: Yellow Honey Fermentation: Sugarcane Co-Ferment Roast: Light Producers: Kelachandra Coffee Works Tasting notes: Plum, Milk Chocolate, Fresh Tropical Fruits This year, the team at Kelachandra stepped up their efforts and from their Jensury Estate they gave us a beautiful Sugarcane fermented honey process Chandragiri that stood out most of the other coffees we tasted with regards to just how clean and fresh the coffee tasted. Being a relatively lower in elevation, the team had to work very hard, and had to be dilligent in the fermentation and the drying to ensure that the coffee tasted sweet, bright and complex, just the way we like them. We first tasted this coffee at the IICF at their stall and some other roaster had booked the entire lot, but on first sip we knew this coffee deserved to be brewed by the best brewers in the country so Shivansh sweet talked his way into getting us the entire lot! Over the last two years, we have really enjoyed Chandragiris, and some of our favourite coffees from the the last two years have been Chandragiris. This Chandragiri has again been one of the stand out coffees for this year, and we're quite glad that a variety that's uniquely Indian keep cropping up in our favourite coffees year after year. We feel that Chandragiris have a naturally high sweetness compared to some other varieties especially as light roasts, and this coffee lives up to our expectations. Ripe cherries were picked, sorted, cleaned and then pulped leaving a little bit of mucilage. They were then fermented for 24 hours in sugarcane pulp, which introduces extra sugars loads of fun microbial activity which has increased the overall sweetness, and the notes of tropical fruits in the cup. With our light roast, we feel we were able to bring out a lot of that inherent sweetness and notes of fresh tropical fruits. The lower elevation seems to have kept a balancing note of milk chocolate, which is complemented by a brig",https://bloomcoffeeroasters.in/products/kelachandra-estate-honey-sugarcane-co-ferment-chikmagalur-light-roast,,Coffee
Kelachandra estate - Honey (Sugarcane Co-Ferment) - Chikmagalur - Light Roast,Bloom Coffee,925.0,250g,Light Roast,"Plum, Milk Chocolate, Fresh Tropical Fruits This year, the team at Kelachandra stepped up their efforts and from their",Chikmagalur,Natural,"Elevation: 1150MASL Variety: Chandragiri Processing: Yellow Honey Fermentation: Sugarcane Co-Ferment Roast: Light Producers: Kelachandra Coffee Works Tasting notes: Plum, Milk Chocolate, Fresh Tropical Fruits This year, the team at Kelachandra stepped up their efforts and from their Jensury Estate they gave us a beautiful Sugarcane fermented honey process Chandragiri that stood out most of the other coffees we tasted with regards to just how clean and fresh the coffee tasted. Being a relatively lower in elevation, the team had to work very hard, and had to be dilligent in the fermentation and the drying to ensure that the coffee tasted sweet, bright and complex, just the way we like them. We first tasted this coffee at the IICF at their stall and some other roaster had booked the entire lot, but on first sip we knew this coffee deserved to be brewed by the best brewers in the country so Shivansh sweet talked his way into getting us the entire lot! Over the last two years, we have really enjoyed Chandragiris, and some of our favourite coffees from the the last two years have been Chandragiris. This Chandragiri has again been one of the stand out coffees for this year, and we're quite glad that a variety that's uniquely Indian keep cropping up in our favourite coffees year after year. We feel that Chandragiris have a naturally high sweetness compared to some other varieties especially as light roasts, and this coffee lives up to our expectations. Ripe cherries were picked, sorted, cleaned and then pulped leaving a little bit of mucilage. They were then fermented for 24 hours in sugarcane pulp, which introduces extra sugars loads of fun microbial activity which has increased the overall sweetness, and the notes of tropical fruits in the cup. With our light roast, we feel we were able to bring out a lot of that inherent sweetness and notes of fresh tropical fruits. The lower elevation seems to have kept a balancing note of milk chocolate, which is complemented by a brig",https://bloomcoffeeroasters.in/products/kelachandra-estate-honey-sugarcane-co-ferment-chikmagalur-light-roast,,Coffee
Kid Dynamite - Dark Roast,Bloom Coffee,1700.0,1kg,Dark Roast,,Wayanad,"robusta from the Kottaram Estate in Wayanad, Kerala","Elevation: 3300 ft. – 4500ft. Varietal: Arabica S795, Robusta C x R Planters: Sharan Gowda, and Vinay Venugopal Processing: Washed Arabica and Naturals Robusta Roast: Dark This blend features the lovely washed arabica from the Salawara Estate, and the natural processed robusta from the Kottaram Estate in Wayanad, Kerala. This is the first time we've purchased coffee from Kerala, and thanks the incredible work and efforts done by Vinay, his family and his team at the estate, we were blown away by the flavour profile of the robusta naturals. Thanks to the super chocolate and sweet notes of the Rubusta we were able to roast this a bit a darker than usual, and still not get off and bitter notes in the cup. Kid Dynamite is a perfect for those who like a punch in their coffees, and it goes really well with milk based beverages, be it through espresso or through a south Indian Filter.",https://bloomcoffeeroasters.in/products/kid-dynamite-dark-roast-copy,https://cdn.shopify.com/s/files/1/0550/0082/6042/files/bagfinal.png?v=1738482624,Coffee
Kid Dynamite - Dark Roast,Bloom Coffee,1700.0,1kg,Dark Roast,,Wayanad,"robusta from the Kottaram Estate in Wayanad, Kerala","Elevation: 3300 ft. – 4500ft. Varietal: Arabica S795, Robusta C x R Planters: Sharan Gowda, and Vinay Venugopal Processing: Washed Arabica and Naturals Robusta Roast: Dark This blend features the lovely washed arabica from the Salawara Estate, and the natural processed robusta from the Kottaram Estate in Wayanad, Kerala. This is the first time we've purchased coffee from Kerala, and thanks the incredible work and efforts done by Vinay, his family and his team at the estate, we were blown away by the flavour profile of the robusta naturals. Thanks to the super chocolate and sweet notes of the Rubusta we were able to roast this a bit a darker than usual, and still not get off and bitter notes in the cup. Kid Dynamite is a perfect for those who like a punch in their coffees, and it goes really well with milk based beverages, be it through espresso or through a south Indian Filter.",https://bloomcoffeeroasters.in/products/kid-dynamite-dark-roast-copy,https://cdn.shopify.com/s/files/1/0550/0082/6042/files/bagfinal.png?v=1738482624,Coffee
Kid Dynamite - Dark Roast,Bloom Coffee,1700.0,1kg,Dark Roast,,Wayanad,"robusta from the Kottaram Estate in Wayanad, Kerala","Elevation: 3300 ft. – 4500ft. Varietal: Arabica S795, Robusta C x R Planters: Sharan Gowda, and Vinay Venugopal Processing: Washed Arabica and Naturals Robusta Roast: Dark This blend features the lovely washed arabica from the Salawara Estate, and the natural processed robusta from the Kottaram Estate in Wayanad, Kerala. This is the first time we've purchased coffee from Kerala, and thanks the incredible work and efforts done by Vinay, his family and his team at the estate, we were blown away by the flavour profile of the robusta naturals. Thanks to the super chocolate and sweet notes of the Rubusta we were able to roast this a bit a darker than usual, and still not get off and bitter notes in the cup. Kid Dynamite is a perfect for those who like a punch in their coffees, and it goes really well with milk based beverages, be it through espresso or through a south Indian Filter.",https://bloomcoffeeroasters.in/products/kid-dynamite-dark-roast-copy,https://cdn.shopify.com/s/files/1/0550/0082/6042/files/bagfinal.png?v=1738482624,Coffee
Kid Dynamite - Dark Roast,Bloom Coffee,1700.0,1kg,Dark Roast,,Wayanad,"robusta from the Kottaram Estate in Wayanad, Kerala","Elevation: 3300 ft. – 4500ft. Varietal: Arabica S795, Robusta C x R Planters: Sharan Gowda, and Vinay Venugopal Processing: Washed Arabica and Naturals Robusta Roast: Dark This blend features the lovely washed arabica from the Salawara Estate, and the natural processed robusta from the Kottaram Estate in Wayanad, Kerala. This is the first time we've purchased coffee from Kerala, and thanks the incredible work and efforts done by Vinay, his family and his team at the estate, we were blown away by the flavour profile of the robusta naturals. Thanks to the super chocolate and sweet notes of the Rubusta we were able to roast this a bit a darker than usual, and still not get off and bitter notes in the cup. Kid Dynamite is a perfect for those who like a punch in their coffees, and it goes really well with milk based beverages, be it through espresso or through a south Indian Filter.",https://bloomcoffeeroasters.in/products/kid-dynamite-dark-roast-copy,https://cdn.shopify.com/s/files/1/0550/0082/6042/files/bagfinal.png?v=1738482624,Coffee
Kid Dynamite - Dark Roast,Bloom Coffee,1700.0,1kg,Dark Roast,,Wayanad,"robusta from the Kottaram Estate in Wayanad, Kerala","Elevation: 3300 ft. – 4500ft. Varietal: Arabica S795, Robusta C x R Planters: Sharan Gowda, and Vinay Venugopal Processing: Washed Arabica and Naturals Robusta Roast: Dark This blend features the lovely washed arabica from the Salawara Estate, and the natural processed robusta from the Kottaram Estate in Wayanad, Kerala. This is the first time we've purchased coffee from Kerala, and thanks the incredible work and efforts done by Vinay, his family and his team at the estate, we were blown away by the flavour profile of the robusta naturals. Thanks to the super chocolate and sweet notes of the Rubusta we were able to roast this a bit a darker than usual, and still not get off and bitter notes in the cup. Kid Dynamite is a perfect for those who like a punch in their coffees, and it goes really well with milk based beverages, be it through espresso or through a south Indian Filter.",https://bloomcoffeeroasters.in/products/kid-dynamite-dark-roast-copy,https://cdn.shopify.com/s/files/1/0550/0082/6042/files/bagfinal.png?v=1738482624,Coffee
Kid Dynamite - Dark Roast,Bloom Coffee,1700.0,1kg,Dark Roast,,Wayanad,"robusta from the Kottaram Estate in Wayanad, Kerala","Elevation: 3300 ft. – 4500ft. Varietal: Arabica S795, Robusta C x R Planters: Sharan Gowda, and Vinay Venugopal Processing: Washed Arabica and Naturals Robusta Roast: Dark This blend features the lovely washed arabica from the Salawara Estate, and the natural processed robusta from the Kottaram Estate in Wayanad, Kerala. This is the first time we've purchased coffee from Kerala, and thanks the incredible work and efforts done by Vinay, his family and his team at the estate, we were blown away by the flavour profile of the robusta naturals. Thanks to the super chocolate and sweet notes of the Rubusta we were able to roast this a bit a darker than usual, and still not get off and bitter notes in the cup. Kid Dynamite is a perfect for those who like a punch in their coffees, and it goes really well with milk based beverages, be it through espresso or through a south Indian Filter.",https://bloomcoffeeroasters.in/products/kid-dynamite-dark-roast-copy,https://cdn.shopify.com/s/files/1/0550/0082/6042/files/bagfinal.png?v=1738482624,Coffee
Kid Dynamite - Dark Roast,Bloom Coffee,1700.0,1kg,Dark Roast,,Wayanad,"robusta from the Kottaram Estate in Wayanad, Kerala","Elevation: 3300 ft. – 4500ft. Varietal: Arabica S795, Robusta C x R Planters: Sharan Gowda, and Vinay Venugopal Processing: Washed Arabica and Naturals Robusta Roast: Dark This blend features the lovely washed arabica from the Salawara Estate, and the natural processed robusta from the Kottaram Estate in Wayanad, Kerala. This is the first time we've purchased coffee from Kerala, and thanks the incredible work and efforts done by Vinay, his family and his team at the estate, we were blown away by the flavour profile of the robusta naturals. Thanks to the super chocolate and sweet notes of the Rubusta we were able to roast this a bit a darker than usual, and still not get off and bitter notes in the cup. Kid Dynamite is a perfect for those who like a punch in their coffees, and it goes really well with milk based beverages, be it through espresso or through a south Indian Filter.",https://bloomcoffeeroasters.in/products/kid-dynamite-dark-roast-copy,https://cdn.shopify.com/s/files/1/0550/0082/6042/files/bagfinal.png?v=1738482624,Coffee
Kid Dynamite - Dark Roast,Bloom Coffee,1700.0,1kg,Dark Roast,,Wayanad,"robusta from the Kottaram Estate in Wayanad, Kerala","Elevation: 3300 ft. – 4500ft. Varietal: Arabica S795, Robusta C x R Planters: Sharan Gowda, and Vinay Venugopal Processing: Washed Arabica and Naturals Robusta Roast: Dark This blend features the lovely washed arabica from the Salawara Estate, and the natural processed robusta from the Kottaram Estate in Wayanad, Kerala. This is the first time we've purchased coffee from Kerala, and thanks the incredible work and efforts done by Vinay, his family and his team at the estate, we were blown away by the flavour profile of the robusta naturals. Thanks to the super chocolate and sweet notes of the Rubusta we were able to roast this a bit a darker than usual, and still not get off and bitter notes in the cup. Kid Dynamite is a perfect for those who like a punch in their coffees, and it goes really well with milk based beverages, be it through espresso or through a south Indian Filter.",https://bloomcoffeeroasters.in/products/kid-dynamite-dark-roast-copy,https://cdn.shopify.com/s/files/1/0550/0082/6042/files/bagfinal.png?v=1738482624,Coffee
Kid Dynamite - Dark Roast,Bloom Coffee,1700.0,1kg,Dark Roast,,Wayanad,"robusta from the Kottaram Estate in Wayanad, Kerala","Elevation: 3300 ft. – 4500ft. Varietal: Arabica S795, Robusta C x R Planters: Sharan Gowda, and Vinay Venugopal Processing: Washed Arabica and Naturals Robusta Roast: Dark This blend features the lovely washed arabica from the Salawara Estate, and the natural processed robusta from the Kottaram Estate in Wayanad, Kerala. This is the first time we've purchased coffee from Kerala, and thanks the incredible work and efforts done by Vinay, his family and his team at the estate, we were blown away by the flavour profile of the robusta naturals. Thanks to the super chocolate and sweet notes of the Rubusta we were able to roast this a bit a darker than usual, and still not get off and bitter notes in the cup. Kid Dynamite is a perfect for those who like a punch in their coffees, and it goes really well with milk based beverages, be it through espresso or through a south Indian Filter.",https://bloomcoffeeroasters.in/products/kid-dynamite-dark-roast-copy,https://cdn.shopify.com/s/files/1/0550/0082/6042/files/bagfinal.png?v=1738482624,Coffee
Kid Dynamite - Dark Roast,Bloom Coffee,550.0,250g,Dark Roast,,Wayanad,"robusta from the Kottaram Estate in Wayanad, Kerala","Elevation: 3300 ft. – 4500ft. Varietal: Arabica S795, Robusta C x R Planters: Sharan Gowda, and Vinay Venugopal Processing: Washed Arabica and Naturals Robusta Roast: Dark This blend features the lovely washed arabica from the Salawara Estate, and the natural processed robusta from the Kottaram Estate in Wayanad, Kerala. This is the first time we've purchased coffee from Kerala, and thanks the incredible work and efforts done by Vinay, his family and his team at the estate, we were blown away by the flavour profile of the robusta naturals. Thanks to the super chocolate and sweet notes of the Rubusta we were able to roast this a bit a darker than usual, and still not get off and bitter notes in the cup. Kid Dynamite is a perfect for those who like a punch in their coffees, and it goes really well with milk based beverages, be it through espresso or through a south Indian Filter.",https://bloomcoffeeroasters.in/products/kid-dynamite-dark-roast-copy,https://cdn.shopify.com/s/files/1/0550/0082/6042/files/bagfinal.png?v=1738482624,Coffee
Kid Dynamite - Dark Roast,Bloom Coffee,550.0,250g,Dark Roast,,Wayanad,"robusta from the Kottaram Estate in Wayanad, Kerala","Elevation: 3300 ft. – 4500ft. Varietal: Arabica S795, Robusta C x R Planters: Sharan Gowda, and Vinay Venugopal Processing: Washed Arabica and Naturals Robusta Roast: Dark This blend features the lovely washed arabica from the Salawara Estate, and the natural processed robusta from the Kottaram Estate in Wayanad, Kerala. This is the first time we've purchased coffee from Kerala, and thanks the incredible work and efforts done by Vinay, his family and his team at the estate, we were blown away by the flavour profile of the robusta naturals. Thanks to the super chocolate and sweet notes of the Rubusta we were able to roast this a bit a darker than usual, and still not get off and bitter notes in the cup. Kid Dynamite is a perfect for those who like a punch in their coffees, and it goes really well with milk based beverages, be it through espresso or through a south Indian Filter.",https://bloomcoffeeroasters.in/products/kid-dynamite-dark-roast-copy,https://cdn.shopify.com/s/files/1/0550/0082/6042/files/bagfinal.png?v=1738482624,Coffee
Kid Dynamite - Dark Roast,Bloom Coffee,550.0,250g,Dark Roast,,Wayanad,"robusta from the Kottaram Estate in Wayanad, Kerala","Elevation: 3300 ft. – 4500ft. Varietal: Arabica S795, Robusta C x R Planters: Sharan Gowda, and Vinay Venugopal Processing: Washed Arabica and Naturals Robusta Roast: Dark This blend features the lovely washed arabica from the Salawara Estate, and the natural processed robusta from the Kottaram Estate in Wayanad, Kerala. This is the first time we've purchased coffee from Kerala, and thanks the incredible work and efforts done by Vinay, his family and his team at the estate, we were blown away by the flavour profile of the robusta naturals. Thanks to the super chocolate and sweet notes of the Rubusta we were able to roast this a bit a darker than usual, and still not get off and bitter notes in the cup. Kid Dynamite is a perfect for those who like a punch in their coffees, and it goes really well with milk based beverages, be it through espresso or through a south Indian Filter.",https://bloomcoffeeroasters.in/products/kid-dynamite-dark-roast-copy,https://cdn.shopify.com/s/files/1/0550/0082/6042/files/bagfinal.png?v=1738482624,Coffee
Kid Dynamite - Dark Roast,Bloom Coffee,550.0,250g,Dark Roast,,Wayanad,"robusta from the Kottaram Estate in Wayanad, Kerala","Elevation: 3300 ft. – 4500ft. Varietal: Arabica S795, Robusta C x R Planters: Sharan Gowda, and Vinay Venugopal Processing: Washed Arabica and Naturals Robusta Roast: Dark This blend features the lovely washed arabica from the Salawara Estate, and the natural processed robusta from the Kottaram Estate in Wayanad, Kerala. This is the first time we've purchased coffee from Kerala, and thanks the incredible work and efforts done by Vinay, his family and his team at the estate, we were blown away by the flavour profile of the robusta naturals. Thanks to the super chocolate and sweet notes of the Rubusta we were able to roast this a bit a darker than usual, and still not get off and bitter notes in the cup. Kid Dynamite is a perfect for those who like a punch in their coffees, and it goes really well with milk based beverages, be it through espresso or through a south Indian Filter.",https://bloomcoffeeroasters.in/products/kid-dynamite-dark-roast-copy,https://cdn.shopify.com/s/files/1/0550/0082/6042/files/bagfinal.png?v=1738482624,Coffee
Kid Dynamite - Dark Roast,Bloom Coffee,550.0,250g,Dark Roast,,Wayanad,"robusta from the Kottaram Estate in Wayanad, Kerala","Elevation: 3300 ft. – 4500ft. Varietal: Arabica S795, Robusta C x R Planters: Sharan Gowda, and Vinay Venugopal Processing: Washed Arabica and Naturals Robusta Roast: Dark This blend features the lovely washed arabica from the Salawara Estate, and the natural processed robusta from the Kottaram Estate in Wayanad, Kerala. This is the first time we've purchased coffee from Kerala, and thanks the incredible work and efforts done by Vinay, his family and his team at the estate, we were blown away by the flavour profile of the robusta naturals. Thanks to the super chocolate and sweet notes of the Rubusta we were able to roast this a bit a darker than usual, and still not get off and bitter notes in the cup. Kid Dynamite is a perfect for those who like a punch in their coffees, and it goes really well with milk based beverages, be it through espresso or through a south Indian Filter.",https://bloomcoffeeroasters.in/products/kid-dynamite-dark-roast-copy,https://cdn.shopify.com/s/files/1/0550/0082/6042/files/bagfinal.png?v=1738482624,Coffee
Kid Dynamite - Dark Roast,Bloom Coffee,550.0,250g,Dark Roast,,Wayanad,"robusta from the Kottaram Estate in Wayanad, Kerala","Elevation: 3300 ft. – 4500ft. Varietal: Arabica S795, Robusta C x R Planters: Sharan Gowda, and Vinay Venugopal Processing: Washed Arabica and Naturals Robusta Roast: Dark This blend features the lovely washed arabica from the Salawara Estate, and the natural processed robusta from the Kottaram Estate in Wayanad, Kerala. This is the first time we've purchased coffee from Kerala, and thanks the incredible work and efforts done by Vinay, his family and his team at the estate, we were blown away by the flavour profile of the robusta naturals. Thanks to the super chocolate and sweet notes of the Rubusta we were able to roast this a bit a darker than usual, and still not get off and bitter notes in the cup. Kid Dynamite is a perfect for those who like a punch in their coffees, and it goes really well with milk based beverages, be it through espresso or through a south Indian Filter.",https://bloomcoffeeroasters.in/products/kid-dynamite-dark-roast-copy,https://cdn.shopify.com/s/files/1/0550/0082/6042/files/bagfinal.png?v=1738482624,Coffee
Kid Dynamite - Dark Roast,Bloom Coffee,550.0,250g,Dark Roast,,Wayanad,"robusta from the Kottaram Estate in Wayanad, Kerala","Elevation: 3300 ft. – 4500ft. Varietal: Arabica S795, Robusta C x R Planters: Sharan Gowda, and Vinay Venugopal Processing: Washed Arabica and Naturals Robusta Roast: Dark This blend features the lovely washed arabica from the Salawara Estate, and the natural processed robusta from the Kottaram Estate in Wayanad, Kerala. This is the first time we've purchased coffee from Kerala, and thanks the incredible work and efforts done by Vinay, his family and his team at the estate, we were blown away by the flavour profile of the robusta naturals. Thanks to the super chocolate and sweet notes of the Rubusta we were able to roast this a bit a darker than usual, and still not get off and bitter notes in the cup. Kid Dynamite is a perfect for those who like a punch in their coffees, and it goes really well with milk based beverages, be it through espresso or through a south Indian Filter.",https://bloomcoffeeroasters.in/products/kid-dynamite-dark-roast-copy,https://cdn.shopify.com/s/files/1/0550/0082/6042/files/bagfinal.png?v=1738482624,Coffee
Kid Dynamite - Dark Roast,Bloom Coffee,550.0,250g,Dark Roast,,Wayanad,"robusta from the Kottaram Estate in Wayanad, Kerala","Elevation: 3300 ft. – 4500ft. Varietal: Arabica S795, Robusta C x R Planters: Sharan Gowda, and Vinay Venugopal Processing: Washed Arabica and Naturals Robusta Roast: Dark This blend features the lovely washed arabica from the Salawara Estate, and the natural processed robusta from the Kottaram Estate in Wayanad, Kerala. This is the first time we've purchased coffee from Kerala, and thanks the incredible work and efforts done by Vinay, his family and his team at the estate, we were blown away by the flavour profile of the robusta naturals. Thanks to the super chocolate and sweet notes of the Rubusta we were able to roast this a bit a darker than usual, and still not get off and bitter notes in the cup. Kid Dynamite is a perfect for those who like a punch in their coffees, and it goes really well with milk based beverages, be it through espresso or through a south Indian Filter.",https://bloomcoffeeroasters.in/products/kid-dynamite-dark-roast-copy,https://cdn.shopify.com/s/files/1/0550/0082/6042/files/bagfinal.png?v=1738482624,Coffee
Kid Dynamite - Dark Roast,Bloom Coffee,550.0,250g,Dark Roast,,Wayanad,"robusta from the Kottaram Estate in Wayanad, Kerala","Elevation: 3300 ft. – 4500ft. Varietal: Arabica S795, Robusta C x R Planters: Sharan Gowda, and Vinay Venugopal Processing: Washed Arabica and Naturals Robusta Roast: Dark This blend features the lovely washed arabica from the Salawara Estate, and the natural processed robusta from the Kottaram Estate in Wayanad, Kerala. This is the first time we've purchased coffee from Kerala, and thanks the incredible work and efforts done by Vinay, his family and his team at the estate, we were blown away by the flavour profile of the robusta naturals. Thanks to the super chocolate and sweet notes of the Rubusta we were able to roast this a bit a darker than usual, and still not get off and bitter notes in the cup. Kid Dynamite is a perfect for those who like a punch in their coffees, and it goes really well with milk based beverages, be it through espresso or through a south Indian Filter.",https://bloomcoffeeroasters.in/products/kid-dynamite-dark-roast-copy,https://cdn.shopify.com/s/files/1/0550/0082/6042/files/bagfinal.png?v=1738482624,Coffee
Meera - Medium Light Roast,Bloom Coffee,2200.0,1kg,Medium-Light Roast,"Caramel, Bakers Chocolate, Berries and Vanilla Meera - A fearless espresso blend that breaks the conventions of what an",Coorg,Natural,"Estates: Venkids Valley Estate & Hoysala Estate Region: Coorg & Chikmagalur Elevation: 1100 - 1250 MASL Varietal: SLN6, Chandragiri Processing: Washed & Naturals Roast: Medium Light Tasting notes: Caramel, Bakers Chocolate, Berries and Vanilla Meera - A fearless espresso blend that breaks the conventions of what an espresso blend should be! Meera is our Medium-light roast espresso blend with notes of strawberries, baker’s chocolate, vanilla and decadent caramel. This is our tribute to one of India's most celebrated mystic poets, Meera Bai. Meera features two incredible coffees, our staple washed arabica from Coorg’s favourite plantation, the Venkids Valley Estate, and a stunning “Natural Naturals“ from the Krishnagiri Estate, located in some of the highest elevations of Chikmagalur. What do we get when we blend a clean bright washed and a super sweet, jammy Natural Naturals? A yummy, sweet, super complex, rich espresso, which holds its own in milk beverages as well! It’s fair to say that this blend has had a pretty long development phase, but you know that we don’t take our blends lightly, and launch them only when we’re really happy with it, and right now we’re delighted with this and are finally ready to introduce you to “Meera”. Recommended recipe: Dose : Being a lighter roast, we would recommend dosing one-half a gram lesser than what you would dose for a medium/medium dark roast coffee Grind Size: Grind a step or two finer than what you would normally for a medium roast Yield: We recommend a yield of 2.5 times the dose of the dry coffee. For eg: Dose: 20 grams; Yield: 50 grams Time: The lighter the roast, the more you need to extract to get good sweetness and complexity. We like shots between 28-33 seconds for a straight 9-bar approach for Meera. If you can pressure profile, we like to start with a 5-second pre-infusion at 2 bars, and then ramp up to 8 bars till we hit the desired yield, which usually takes around 45-50 seconds. PUCK PREP: We can't over-emphasi",https://bloomcoffeeroasters.in/products/meera-medium-light-roast,https://cdn.shopify.com/s/files/1/0550/0082/6042/files/Untitleddesign_10.png?v=1685501597,Coffee
Meera - Medium Light Roast,Bloom Coffee,2200.0,1kg,Medium-Light Roast,"Caramel, Bakers Chocolate, Berries and Vanilla Meera - A fearless espresso blend that breaks the conventions of what an",Coorg,Natural,"Estates: Venkids Valley Estate & Hoysala Estate Region: Coorg & Chikmagalur Elevation: 1100 - 1250 MASL Varietal: SLN6, Chandragiri Processing: Washed & Naturals Roast: Medium Light Tasting notes: Caramel, Bakers Chocolate, Berries and Vanilla Meera - A fearless espresso blend that breaks the conventions of what an espresso blend should be! Meera is our Medium-light roast espresso blend with notes of strawberries, baker’s chocolate, vanilla and decadent caramel. This is our tribute to one of India's most celebrated mystic poets, Meera Bai. Meera features two incredible coffees, our staple washed arabica from Coorg’s favourite plantation, the Venkids Valley Estate, and a stunning “Natural Naturals“ from the Krishnagiri Estate, located in some of the highest elevations of Chikmagalur. What do we get when we blend a clean bright washed and a super sweet, jammy Natural Naturals? A yummy, sweet, super complex, rich espresso, which holds its own in milk beverages as well! It’s fair to say that this blend has had a pretty long development phase, but you know that we don’t take our blends lightly, and launch them only when we’re really happy with it, and right now we’re delighted with this and are finally ready to introduce you to “Meera”. Recommended recipe: Dose : Being a lighter roast, we would recommend dosing one-half a gram lesser than what you would dose for a medium/medium dark roast coffee Grind Size: Grind a step or two finer than what you would normally for a medium roast Yield: We recommend a yield of 2.5 times the dose of the dry coffee. For eg: Dose: 20 grams; Yield: 50 grams Time: The lighter the roast, the more you need to extract to get good sweetness and complexity. We like shots between 28-33 seconds for a straight 9-bar approach for Meera. If you can pressure profile, we like to start with a 5-second pre-infusion at 2 bars, and then ramp up to 8 bars till we hit the desired yield, which usually takes around 45-50 seconds. PUCK PREP: We can't over-emphasi",https://bloomcoffeeroasters.in/products/meera-medium-light-roast,https://cdn.shopify.com/s/files/1/0550/0082/6042/files/Untitleddesign_10.png?v=1685501597,Coffee
Meera - Medium Light Roast,Bloom Coffee,2200.0,1kg,Medium-Light Roast,"Caramel, Bakers Chocolate, Berries and Vanilla Meera - A fearless espresso blend that breaks the conventions of what an",Coorg,Natural,"Estates: Venkids Valley Estate & Hoysala Estate Region: Coorg & Chikmagalur Elevation: 1100 - 1250 MASL Varietal: SLN6, Chandragiri Processing: Washed & Naturals Roast: Medium Light Tasting notes: Caramel, Bakers Chocolate, Berries and Vanilla Meera - A fearless espresso blend that breaks the conventions of what an espresso blend should be! Meera is our Medium-light roast espresso blend with notes of strawberries, baker’s chocolate, vanilla and decadent caramel. This is our tribute to one of India's most celebrated mystic poets, Meera Bai. Meera features two incredible coffees, our staple washed arabica from Coorg’s favourite plantation, the Venkids Valley Estate, and a stunning “Natural Naturals“ from the Krishnagiri Estate, located in some of the highest elevations of Chikmagalur. What do we get when we blend a clean bright washed and a super sweet, jammy Natural Naturals? A yummy, sweet, super complex, rich espresso, which holds its own in milk beverages as well! It’s fair to say that this blend has had a pretty long development phase, but you know that we don’t take our blends lightly, and launch them only when we’re really happy with it, and right now we’re delighted with this and are finally ready to introduce you to “Meera”. Recommended recipe: Dose : Being a lighter roast, we would recommend dosing one-half a gram lesser than what you would dose for a medium/medium dark roast coffee Grind Size: Grind a step or two finer than what you would normally for a medium roast Yield: We recommend a yield of 2.5 times the dose of the dry coffee. For eg: Dose: 20 grams; Yield: 50 grams Time: The lighter the roast, the more you need to extract to get good sweetness and complexity. We like shots between 28-33 seconds for a straight 9-bar approach for Meera. If you can pressure profile, we like to start with a 5-second pre-infusion at 2 bars, and then ramp up to 8 bars till we hit the desired yield, which usually takes around 45-50 seconds. PUCK PREP: We can't over-emphasi",https://bloomcoffeeroasters.in/products/meera-medium-light-roast,https://cdn.shopify.com/s/files/1/0550/0082/6042/files/Untitleddesign_10.png?v=1685501597,Coffee
Meera - Medium Light Roast,Bloom Coffee,2200.0,1kg,Medium-Light Roast,"Caramel, Bakers Chocolate, Berries and Vanilla Meera - A fearless espresso blend that breaks the conventions of what an",Coorg,Natural,"Estates: Venkids Valley Estate & Hoysala Estate Region: Coorg & Chikmagalur Elevation: 1100 - 1250 MASL Varietal: SLN6, Chandragiri Processing: Washed & Naturals Roast: Medium Light Tasting notes: Caramel, Bakers Chocolate, Berries and Vanilla Meera - A fearless espresso blend that breaks the conventions of what an espresso blend should be! Meera is our Medium-light roast espresso blend with notes of strawberries, baker’s chocolate, vanilla and decadent caramel. This is our tribute to one of India's most celebrated mystic poets, Meera Bai. Meera features two incredible coffees, our staple washed arabica from Coorg’s favourite plantation, the Venkids Valley Estate, and a stunning “Natural Naturals“ from the Krishnagiri Estate, located in some of the highest elevations of Chikmagalur. What do we get when we blend a clean bright washed and a super sweet, jammy Natural Naturals? A yummy, sweet, super complex, rich espresso, which holds its own in milk beverages as well! It’s fair to say that this blend has had a pretty long development phase, but you know that we don’t take our blends lightly, and launch them only when we’re really happy with it, and right now we’re delighted with this and are finally ready to introduce you to “Meera”. Recommended recipe: Dose : Being a lighter roast, we would recommend dosing one-half a gram lesser than what you would dose for a medium/medium dark roast coffee Grind Size: Grind a step or two finer than what you would normally for a medium roast Yield: We recommend a yield of 2.5 times the dose of the dry coffee. For eg: Dose: 20 grams; Yield: 50 grams Time: The lighter the roast, the more you need to extract to get good sweetness and complexity. We like shots between 28-33 seconds for a straight 9-bar approach for Meera. If you can pressure profile, we like to start with a 5-second pre-infusion at 2 bars, and then ramp up to 8 bars till we hit the desired yield, which usually takes around 45-50 seconds. PUCK PREP: We can't over-emphasi",https://bloomcoffeeroasters.in/products/meera-medium-light-roast,https://cdn.shopify.com/s/files/1/0550/0082/6042/files/Untitleddesign_10.png?v=1685501597,Coffee
Meera - Medium Light Roast,Bloom Coffee,2200.0,1kg,Medium-Light Roast,"Caramel, Bakers Chocolate, Berries and Vanilla Meera - A fearless espresso blend that breaks the conventions of what an",Coorg,Natural,"Estates: Venkids Valley Estate & Hoysala Estate Region: Coorg & Chikmagalur Elevation: 1100 - 1250 MASL Varietal: SLN6, Chandragiri Processing: Washed & Naturals Roast: Medium Light Tasting notes: Caramel, Bakers Chocolate, Berries and Vanilla Meera - A fearless espresso blend that breaks the conventions of what an espresso blend should be! Meera is our Medium-light roast espresso blend with notes of strawberries, baker’s chocolate, vanilla and decadent caramel. This is our tribute to one of India's most celebrated mystic poets, Meera Bai. Meera features two incredible coffees, our staple washed arabica from Coorg’s favourite plantation, the Venkids Valley Estate, and a stunning “Natural Naturals“ from the Krishnagiri Estate, located in some of the highest elevations of Chikmagalur. What do we get when we blend a clean bright washed and a super sweet, jammy Natural Naturals? A yummy, sweet, super complex, rich espresso, which holds its own in milk beverages as well! It’s fair to say that this blend has had a pretty long development phase, but you know that we don’t take our blends lightly, and launch them only when we’re really happy with it, and right now we’re delighted with this and are finally ready to introduce you to “Meera”. Recommended recipe: Dose : Being a lighter roast, we would recommend dosing one-half a gram lesser than what you would dose for a medium/medium dark roast coffee Grind Size: Grind a step or two finer than what you would normally for a medium roast Yield: We recommend a yield of 2.5 times the dose of the dry coffee. For eg: Dose: 20 grams; Yield: 50 grams Time: The lighter the roast, the more you need to extract to get good sweetness and complexity. We like shots between 28-33 seconds for a straight 9-bar approach for Meera. If you can pressure profile, we like to start with a 5-second pre-infusion at 2 bars, and then ramp up to 8 bars till we hit the desired yield, which usually takes around 45-50 seconds. PUCK PREP: We can't over-emphasi",https://bloomcoffeeroasters.in/products/meera-medium-light-roast,https://cdn.shopify.com/s/files/1/0550/0082/6042/files/Untitleddesign_10.png?v=1685501597,Coffee
Meera - Medium Light Roast,Bloom Coffee,2200.0,1kg,Medium-Light Roast,"Caramel, Bakers Chocolate, Berries and Vanilla Meera - A fearless espresso blend that breaks the conventions of what an",Coorg,Natural,"Estates: Venkids Valley Estate & Hoysala Estate Region: Coorg & Chikmagalur Elevation: 1100 - 1250 MASL Varietal: SLN6, Chandragiri Processing: Washed & Naturals Roast: Medium Light Tasting notes: Caramel, Bakers Chocolate, Berries and Vanilla Meera - A fearless espresso blend that breaks the conventions of what an espresso blend should be! Meera is our Medium-light roast espresso blend with notes of strawberries, baker’s chocolate, vanilla and decadent caramel. This is our tribute to one of India's most celebrated mystic poets, Meera Bai. Meera features two incredible coffees, our staple washed arabica from Coorg’s favourite plantation, the Venkids Valley Estate, and a stunning “Natural Naturals“ from the Krishnagiri Estate, located in some of the highest elevations of Chikmagalur. What do we get when we blend a clean bright washed and a super sweet, jammy Natural Naturals? A yummy, sweet, super complex, rich espresso, which holds its own in milk beverages as well! It’s fair to say that this blend has had a pretty long development phase, but you know that we don’t take our blends lightly, and launch them only when we’re really happy with it, and right now we’re delighted with this and are finally ready to introduce you to “Meera”. Recommended recipe: Dose : Being a lighter roast, we would recommend dosing one-half a gram lesser than what you would dose for a medium/medium dark roast coffee Grind Size: Grind a step or two finer than what you would normally for a medium roast Yield: We recommend a yield of 2.5 times the dose of the dry coffee. For eg: Dose: 20 grams; Yield: 50 grams Time: The lighter the roast, the more you need to extract to get good sweetness and complexity. We like shots between 28-33 seconds for a straight 9-bar approach for Meera. If you can pressure profile, we like to start with a 5-second pre-infusion at 2 bars, and then ramp up to 8 bars till we hit the desired yield, which usually takes around 45-50 seconds. PUCK PREP: We can't over-emphasi",https://bloomcoffeeroasters.in/products/meera-medium-light-roast,https://cdn.shopify.com/s/files/1/0550/0082/6042/files/Untitleddesign_10.png?v=1685501597,Coffee
Meera - Medium Light Roast,Bloom Coffee,2200.0,1kg,Medium-Light Roast,"Caramel, Bakers Chocolate, Berries and Vanilla Meera - A fearless espresso blend that breaks the conventions of what an",Coorg,Natural,"Estates: Venkids Valley Estate & Hoysala Estate Region: Coorg & Chikmagalur Elevation: 1100 - 1250 MASL Varietal: SLN6, Chandragiri Processing: Washed & Naturals Roast: Medium Light Tasting notes: Caramel, Bakers Chocolate, Berries and Vanilla Meera - A fearless espresso blend that breaks the conventions of what an espresso blend should be! Meera is our Medium-light roast espresso blend with notes of strawberries, baker’s chocolate, vanilla and decadent caramel. This is our tribute to one of India's most celebrated mystic poets, Meera Bai. Meera features two incredible coffees, our staple washed arabica from Coorg’s favourite plantation, the Venkids Valley Estate, and a stunning “Natural Naturals“ from the Krishnagiri Estate, located in some of the highest elevations of Chikmagalur. What do we get when we blend a clean bright washed and a super sweet, jammy Natural Naturals? A yummy, sweet, super complex, rich espresso, which holds its own in milk beverages as well! It’s fair to say that this blend has had a pretty long development phase, but you know that we don’t take our blends lightly, and launch them only when we’re really happy with it, and right now we’re delighted with this and are finally ready to introduce you to “Meera”. Recommended recipe: Dose : Being a lighter roast, we would recommend dosing one-half a gram lesser than what you would dose for a medium/medium dark roast coffee Grind Size: Grind a step or two finer than what you would normally for a medium roast Yield: We recommend a yield of 2.5 times the dose of the dry coffee. For eg: Dose: 20 grams; Yield: 50 grams Time: The lighter the roast, the more you need to extract to get good sweetness and complexity. We like shots between 28-33 seconds for a straight 9-bar approach for Meera. If you can pressure profile, we like to start with a 5-second pre-infusion at 2 bars, and then ramp up to 8 bars till we hit the desired yield, which usually takes around 45-50 seconds. PUCK PREP: We can't over-emphasi",https://bloomcoffeeroasters.in/products/meera-medium-light-roast,https://cdn.shopify.com/s/files/1/0550/0082/6042/files/Untitleddesign_10.png?v=1685501597,Coffee
Meera - Medium Light Roast,Bloom Coffee,2200.0,1kg,Medium-Light Roast,"Caramel, Bakers Chocolate, Berries and Vanilla Meera - A fearless espresso blend that breaks the conventions of what an",Coorg,Natural,"Estates: Venkids Valley Estate & Hoysala Estate Region: Coorg & Chikmagalur Elevation: 1100 - 1250 MASL Varietal: SLN6, Chandragiri Processing: Washed & Naturals Roast: Medium Light Tasting notes: Caramel, Bakers Chocolate, Berries and Vanilla Meera - A fearless espresso blend that breaks the conventions of what an espresso blend should be! Meera is our Medium-light roast espresso blend with notes of strawberries, baker’s chocolate, vanilla and decadent caramel. This is our tribute to one of India's most celebrated mystic poets, Meera Bai. Meera features two incredible coffees, our staple washed arabica from Coorg’s favourite plantation, the Venkids Valley Estate, and a stunning “Natural Naturals“ from the Krishnagiri Estate, located in some of the highest elevations of Chikmagalur. What do we get when we blend a clean bright washed and a super sweet, jammy Natural Naturals? A yummy, sweet, super complex, rich espresso, which holds its own in milk beverages as well! It’s fair to say that this blend has had a pretty long development phase, but you know that we don’t take our blends lightly, and launch them only when we’re really happy with it, and right now we’re delighted with this and are finally ready to introduce you to “Meera”. Recommended recipe: Dose : Being a lighter roast, we would recommend dosing one-half a gram lesser than what you would dose for a medium/medium dark roast coffee Grind Size: Grind a step or two finer than what you would normally for a medium roast Yield: We recommend a yield of 2.5 times the dose of the dry coffee. For eg: Dose: 20 grams; Yield: 50 grams Time: The lighter the roast, the more you need to extract to get good sweetness and complexity. We like shots between 28-33 seconds for a straight 9-bar approach for Meera. If you can pressure profile, we like to start with a 5-second pre-infusion at 2 bars, and then ramp up to 8 bars till we hit the desired yield, which usually takes around 45-50 seconds. PUCK PREP: We can't over-emphasi",https://bloomcoffeeroasters.in/products/meera-medium-light-roast,https://cdn.shopify.com/s/files/1/0550/0082/6042/files/Untitleddesign_10.png?v=1685501597,Coffee
Meera - Medium Light Roast,Bloom Coffee,2200.0,1kg,Medium-Light Roast,"Caramel, Bakers Chocolate, Berries and Vanilla Meera - A fearless espresso blend that breaks the conventions of what an",Coorg,Natural,"Estates: Venkids Valley Estate & Hoysala Estate Region: Coorg & Chikmagalur Elevation: 1100 - 1250 MASL Varietal: SLN6, Chandragiri Processing: Washed & Naturals Roast: Medium Light Tasting notes: Caramel, Bakers Chocolate, Berries and Vanilla Meera - A fearless espresso blend that breaks the conventions of what an espresso blend should be! Meera is our Medium-light roast espresso blend with notes of strawberries, baker’s chocolate, vanilla and decadent caramel. This is our tribute to one of India's most celebrated mystic poets, Meera Bai. Meera features two incredible coffees, our staple washed arabica from Coorg’s favourite plantation, the Venkids Valley Estate, and a stunning “Natural Naturals“ from the Krishnagiri Estate, located in some of the highest elevations of Chikmagalur. What do we get when we blend a clean bright washed and a super sweet, jammy Natural Naturals? A yummy, sweet, super complex, rich espresso, which holds its own in milk beverages as well! It’s fair to say that this blend has had a pretty long development phase, but you know that we don’t take our blends lightly, and launch them only when we’re really happy with it, and right now we’re delighted with this and are finally ready to introduce you to “Meera”. Recommended recipe: Dose : Being a lighter roast, we would recommend dosing one-half a gram lesser than what you would dose for a medium/medium dark roast coffee Grind Size: Grind a step or two finer than what you would normally for a medium roast Yield: We recommend a yield of 2.5 times the dose of the dry coffee. For eg: Dose: 20 grams; Yield: 50 grams Time: The lighter the roast, the more you need to extract to get good sweetness and complexity. We like shots between 28-33 seconds for a straight 9-bar approach for Meera. If you can pressure profile, we like to start with a 5-second pre-infusion at 2 bars, and then ramp up to 8 bars till we hit the desired yield, which usually takes around 45-50 seconds. PUCK PREP: We can't over-emphasi",https://bloomcoffeeroasters.in/products/meera-medium-light-roast,https://cdn.shopify.com/s/files/1/0550/0082/6042/files/Untitleddesign_10.png?v=1685501597,Coffee
Meera - Medium Light Roast,Bloom Coffee,700.0,250g,Medium-Light Roast,"Caramel, Bakers Chocolate, Berries and Vanilla Meera - A fearless espresso blend that breaks the conventions of what an",Coorg,Natural,"Estates: Venkids Valley Estate & Hoysala Estate Region: Coorg & Chikmagalur Elevation: 1100 - 1250 MASL Varietal: SLN6, Chandragiri Processing: Washed & Naturals Roast: Medium Light Tasting notes: Caramel, Bakers Chocolate, Berries and Vanilla Meera - A fearless espresso blend that breaks the conventions of what an espresso blend should be! Meera is our Medium-light roast espresso blend with notes of strawberries, baker’s chocolate, vanilla and decadent caramel. This is our tribute to one of India's most celebrated mystic poets, Meera Bai. Meera features two incredible coffees, our staple washed arabica from Coorg’s favourite plantation, the Venkids Valley Estate, and a stunning “Natural Naturals“ from the Krishnagiri Estate, located in some of the highest elevations of Chikmagalur. What do we get when we blend a clean bright washed and a super sweet, jammy Natural Naturals? A yummy, sweet, super complex, rich espresso, which holds its own in milk beverages as well! It’s fair to say that this blend has had a pretty long development phase, but you know that we don’t take our blends lightly, and launch them only when we’re really happy with it, and right now we’re delighted with this and are finally ready to introduce you to “Meera”. Recommended recipe: Dose : Being a lighter roast, we would recommend dosing one-half a gram lesser than what you would dose for a medium/medium dark roast coffee Grind Size: Grind a step or two finer than what you would normally for a medium roast Yield: We recommend a yield of 2.5 times the dose of the dry coffee. For eg: Dose: 20 grams; Yield: 50 grams Time: The lighter the roast, the more you need to extract to get good sweetness and complexity. We like shots between 28-33 seconds for a straight 9-bar approach for Meera. If you can pressure profile, we like to start with a 5-second pre-infusion at 2 bars, and then ramp up to 8 bars till we hit the desired yield, which usually takes around 45-50 seconds. PUCK PREP: We can't over-emphasi",https://bloomcoffeeroasters.in/products/meera-medium-light-roast,https://cdn.shopify.com/s/files/1/0550/0082/6042/files/Untitleddesign_10.png?v=1685501597,Coffee
Meera - Medium Light Roast,Bloom Coffee,700.0,250g,Medium-Light Roast,"Caramel, Bakers Chocolate, Berries and Vanilla Meera - A fearless espresso blend that breaks the conventions of what an",Coorg,Natural,"Estates: Venkids Valley Estate & Hoysala Estate Region: Coorg & Chikmagalur Elevation: 1100 - 1250 MASL Varietal: SLN6, Chandragiri Processing: Washed & Naturals Roast: Medium Light Tasting notes: Caramel, Bakers Chocolate, Berries and Vanilla Meera - A fearless espresso blend that breaks the conventions of what an espresso blend should be! Meera is our Medium-light roast espresso blend with notes of strawberries, baker’s chocolate, vanilla and decadent caramel. This is our tribute to one of India's most celebrated mystic poets, Meera Bai. Meera features two incredible coffees, our staple washed arabica from Coorg’s favourite plantation, the Venkids Valley Estate, and a stunning “Natural Naturals“ from the Krishnagiri Estate, located in some of the highest elevations of Chikmagalur. What do we get when we blend a clean bright washed and a super sweet, jammy Natural Naturals? A yummy, sweet, super complex, rich espresso, which holds its own in milk beverages as well! It’s fair to say that this blend has had a pretty long development phase, but you know that we don’t take our blends lightly, and launch them only when we’re really happy with it, and right now we’re delighted with this and are finally ready to introduce you to “Meera”. Recommended recipe: Dose : Being a lighter roast, we would recommend dosing one-half a gram lesser than what you would dose for a medium/medium dark roast coffee Grind Size: Grind a step or two finer than what you would normally for a medium roast Yield: We recommend a yield of 2.5 times the dose of the dry coffee. For eg: Dose: 20 grams; Yield: 50 grams Time: The lighter the roast, the more you need to extract to get good sweetness and complexity. We like shots between 28-33 seconds for a straight 9-bar approach for Meera. If you can pressure profile, we like to start with a 5-second pre-infusion at 2 bars, and then ramp up to 8 bars till we hit the desired yield, which usually takes around 45-50 seconds. PUCK PREP: We can't over-emphasi",https://bloomcoffeeroasters.in/products/meera-medium-light-roast,https://cdn.shopify.com/s/files/1/0550/0082/6042/files/Untitleddesign_10.png?v=1685501597,Coffee
Meera - Medium Light Roast,Bloom Coffee,700.0,250g,Medium-Light Roast,"Caramel, Bakers Chocolate, Berries and Vanilla Meera - A fearless espresso blend that breaks the conventions of what an",Coorg,Natural,"Estates: Venkids Valley Estate & Hoysala Estate Region: Coorg & Chikmagalur Elevation: 1100 - 1250 MASL Varietal: SLN6, Chandragiri Processing: Washed & Naturals Roast: Medium Light Tasting notes: Caramel, Bakers Chocolate, Berries and Vanilla Meera - A fearless espresso blend that breaks the conventions of what an espresso blend should be! Meera is our Medium-light roast espresso blend with notes of strawberries, baker’s chocolate, vanilla and decadent caramel. This is our tribute to one of India's most celebrated mystic poets, Meera Bai. Meera features two incredible coffees, our staple washed arabica from Coorg’s favourite plantation, the Venkids Valley Estate, and a stunning “Natural Naturals“ from the Krishnagiri Estate, located in some of the highest elevations of Chikmagalur. What do we get when we blend a clean bright washed and a super sweet, jammy Natural Naturals? A yummy, sweet, super complex, rich espresso, which holds its own in milk beverages as well! It’s fair to say that this blend has had a pretty long development phase, but you know that we don’t take our blends lightly, and launch them only when we’re really happy with it, and right now we’re delighted with this and are finally ready to introduce you to “Meera”. Recommended recipe: Dose : Being a lighter roast, we would recommend dosing one-half a gram lesser than what you would dose for a medium/medium dark roast coffee Grind Size: Grind a step or two finer than what you would normally for a medium roast Yield: We recommend a yield of 2.5 times the dose of the dry coffee. For eg: Dose: 20 grams; Yield: 50 grams Time: The lighter the roast, the more you need to extract to get good sweetness and complexity. We like shots between 28-33 seconds for a straight 9-bar approach for Meera. If you can pressure profile, we like to start with a 5-second pre-infusion at 2 bars, and then ramp up to 8 bars till we hit the desired yield, which usually takes around 45-50 seconds. PUCK PREP: We can't over-emphasi",https://bloomcoffeeroasters.in/products/meera-medium-light-roast,https://cdn.shopify.com/s/files/1/0550/0082/6042/files/Untitleddesign_10.png?v=1685501597,Coffee
Meera - Medium Light Roast,Bloom Coffee,700.0,250g,Medium-Light Roast,"Caramel, Bakers Chocolate, Berries and Vanilla Meera - A fearless espresso blend that breaks the conventions of what an",Coorg,Natural,"Estates: Venkids Valley Estate & Hoysala Estate Region: Coorg & Chikmagalur Elevation: 1100 - 1250 MASL Varietal: SLN6, Chandragiri Processing: Washed & Naturals Roast: Medium Light Tasting notes: Caramel, Bakers Chocolate, Berries and Vanilla Meera - A fearless espresso blend that breaks the conventions of what an espresso blend should be! Meera is our Medium-light roast espresso blend with notes of strawberries, baker’s chocolate, vanilla and decadent caramel. This is our tribute to one of India's most celebrated mystic poets, Meera Bai. Meera features two incredible coffees, our staple washed arabica from Coorg’s favourite plantation, the Venkids Valley Estate, and a stunning “Natural Naturals“ from the Krishnagiri Estate, located in some of the highest elevations of Chikmagalur. What do we get when we blend a clean bright washed and a super sweet, jammy Natural Naturals? A yummy, sweet, super complex, rich espresso, which holds its own in milk beverages as well! It’s fair to say that this blend has had a pretty long development phase, but you know that we don’t take our blends lightly, and launch them only when we’re really happy with it, and right now we’re delighted with this and are finally ready to introduce you to “Meera”. Recommended recipe: Dose : Being a lighter roast, we would recommend dosing one-half a gram lesser than what you would dose for a medium/medium dark roast coffee Grind Size: Grind a step or two finer than what you would normally for a medium roast Yield: We recommend a yield of 2.5 times the dose of the dry coffee. For eg: Dose: 20 grams; Yield: 50 grams Time: The lighter the roast, the more you need to extract to get good sweetness and complexity. We like shots between 28-33 seconds for a straight 9-bar approach for Meera. If you can pressure profile, we like to start with a 5-second pre-infusion at 2 bars, and then ramp up to 8 bars till we hit the desired yield, which usually takes around 45-50 seconds. PUCK PREP: We can't over-emphasi",https://bloomcoffeeroasters.in/products/meera-medium-light-roast,https://cdn.shopify.com/s/files/1/0550/0082/6042/files/Untitleddesign_10.png?v=1685501597,Coffee
Meera - Medium Light Roast,Bloom Coffee,700.0,250g,Medium-Light Roast,"Caramel, Bakers Chocolate, Berries and Vanilla Meera - A fearless espresso blend that breaks the conventions of what an",Coorg,Natural,"Estates: Venkids Valley Estate & Hoysala Estate Region: Coorg & Chikmagalur Elevation: 1100 - 1250 MASL Varietal: SLN6, Chandragiri Processing: Washed & Naturals Roast: Medium Light Tasting notes: Caramel, Bakers Chocolate, Berries and Vanilla Meera - A fearless espresso blend that breaks the conventions of what an espresso blend should be! Meera is our Medium-light roast espresso blend with notes of strawberries, baker’s chocolate, vanilla and decadent caramel. This is our tribute to one of India's most celebrated mystic poets, Meera Bai. Meera features two incredible coffees, our staple washed arabica from Coorg’s favourite plantation, the Venkids Valley Estate, and a stunning “Natural Naturals“ from the Krishnagiri Estate, located in some of the highest elevations of Chikmagalur. What do we get when we blend a clean bright washed and a super sweet, jammy Natural Naturals? A yummy, sweet, super complex, rich espresso, which holds its own in milk beverages as well! It’s fair to say that this blend has had a pretty long development phase, but you know that we don’t take our blends lightly, and launch them only when we’re really happy with it, and right now we’re delighted with this and are finally ready to introduce you to “Meera”. Recommended recipe: Dose : Being a lighter roast, we would recommend dosing one-half a gram lesser than what you would dose for a medium/medium dark roast coffee Grind Size: Grind a step or two finer than what you would normally for a medium roast Yield: We recommend a yield of 2.5 times the dose of the dry coffee. For eg: Dose: 20 grams; Yield: 50 grams Time: The lighter the roast, the more you need to extract to get good sweetness and complexity. We like shots between 28-33 seconds for a straight 9-bar approach for Meera. If you can pressure profile, we like to start with a 5-second pre-infusion at 2 bars, and then ramp up to 8 bars till we hit the desired yield, which usually takes around 45-50 seconds. PUCK PREP: We can't over-emphasi",https://bloomcoffeeroasters.in/products/meera-medium-light-roast,https://cdn.shopify.com/s/files/1/0550/0082/6042/files/Untitleddesign_10.png?v=1685501597,Coffee
Meera - Medium Light Roast,Bloom Coffee,700.0,250g,Medium-Light Roast,"Caramel, Bakers Chocolate, Berries and Vanilla Meera - A fearless espresso blend that breaks the conventions of what an",Coorg,Natural,"Estates: Venkids Valley Estate & Hoysala Estate Region: Coorg & Chikmagalur Elevation: 1100 - 1250 MASL Varietal: SLN6, Chandragiri Processing: Washed & Naturals Roast: Medium Light Tasting notes: Caramel, Bakers Chocolate, Berries and Vanilla Meera - A fearless espresso blend that breaks the conventions of what an espresso blend should be! Meera is our Medium-light roast espresso blend with notes of strawberries, baker’s chocolate, vanilla and decadent caramel. This is our tribute to one of India's most celebrated mystic poets, Meera Bai. Meera features two incredible coffees, our staple washed arabica from Coorg’s favourite plantation, the Venkids Valley Estate, and a stunning “Natural Naturals“ from the Krishnagiri Estate, located in some of the highest elevations of Chikmagalur. What do we get when we blend a clean bright washed and a super sweet, jammy Natural Naturals? A yummy, sweet, super complex, rich espresso, which holds its own in milk beverages as well! It’s fair to say that this blend has had a pretty long development phase, but you know that we don’t take our blends lightly, and launch them only when we’re really happy with it, and right now we’re delighted with this and are finally ready to introduce you to “Meera”. Recommended recipe: Dose : Being a lighter roast, we would recommend dosing one-half a gram lesser than what you would dose for a medium/medium dark roast coffee Grind Size: Grind a step or two finer than what you would normally for a medium roast Yield: We recommend a yield of 2.5 times the dose of the dry coffee. For eg: Dose: 20 grams; Yield: 50 grams Time: The lighter the roast, the more you need to extract to get good sweetness and complexity. We like shots between 28-33 seconds for a straight 9-bar approach for Meera. If you can pressure profile, we like to start with a 5-second pre-infusion at 2 bars, and then ramp up to 8 bars till we hit the desired yield, which usually takes around 45-50 seconds. PUCK PREP: We can't over-emphasi",https://bloomcoffeeroasters.in/products/meera-medium-light-roast,https://cdn.shopify.com/s/files/1/0550/0082/6042/files/Untitleddesign_10.png?v=1685501597,Coffee
Meera - Medium Light Roast,Bloom Coffee,700.0,250g,Medium-Light Roast,"Caramel, Bakers Chocolate, Berries and Vanilla Meera - A fearless espresso blend that breaks the conventions of what an",Coorg,Natural,"Estates: Venkids Valley Estate & Hoysala Estate Region: Coorg & Chikmagalur Elevation: 1100 - 1250 MASL Varietal: SLN6, Chandragiri Processing: Washed & Naturals Roast: Medium Light Tasting notes: Caramel, Bakers Chocolate, Berries and Vanilla Meera - A fearless espresso blend that breaks the conventions of what an espresso blend should be! Meera is our Medium-light roast espresso blend with notes of strawberries, baker’s chocolate, vanilla and decadent caramel. This is our tribute to one of India's most celebrated mystic poets, Meera Bai. Meera features two incredible coffees, our staple washed arabica from Coorg’s favourite plantation, the Venkids Valley Estate, and a stunning “Natural Naturals“ from the Krishnagiri Estate, located in some of the highest elevations of Chikmagalur. What do we get when we blend a clean bright washed and a super sweet, jammy Natural Naturals? A yummy, sweet, super complex, rich espresso, which holds its own in milk beverages as well! It’s fair to say that this blend has had a pretty long development phase, but you know that we don’t take our blends lightly, and launch them only when we’re really happy with it, and right now we’re delighted with this and are finally ready to introduce you to “Meera”. Recommended recipe: Dose : Being a lighter roast, we would recommend dosing one-half a gram lesser than what you would dose for a medium/medium dark roast coffee Grind Size: Grind a step or two finer than what you would normally for a medium roast Yield: We recommend a yield of 2.5 times the dose of the dry coffee. For eg: Dose: 20 grams; Yield: 50 grams Time: The lighter the roast, the more you need to extract to get good sweetness and complexity. We like shots between 28-33 seconds for a straight 9-bar approach for Meera. If you can pressure profile, we like to start with a 5-second pre-infusion at 2 bars, and then ramp up to 8 bars till we hit the desired yield, which usually takes around 45-50 seconds. PUCK PREP: We can't over-emphasi",https://bloomcoffeeroasters.in/products/meera-medium-light-roast,https://cdn.shopify.com/s/files/1/0550/0082/6042/files/Untitleddesign_10.png?v=1685501597,Coffee
Meera - Medium Light Roast,Bloom Coffee,700.0,250g,Medium-Light Roast,"Caramel, Bakers Chocolate, Berries and Vanilla Meera - A fearless espresso blend that breaks the conventions of what an",Coorg,Natural,"Estates: Venkids Valley Estate & Hoysala Estate Region: Coorg & Chikmagalur Elevation: 1100 - 1250 MASL Varietal: SLN6, Chandragiri Processing: Washed & Naturals Roast: Medium Light Tasting notes: Caramel, Bakers Chocolate, Berries and Vanilla Meera - A fearless espresso blend that breaks the conventions of what an espresso blend should be! Meera is our Medium-light roast espresso blend with notes of strawberries, baker’s chocolate, vanilla and decadent caramel. This is our tribute to one of India's most celebrated mystic poets, Meera Bai. Meera features two incredible coffees, our staple washed arabica from Coorg’s favourite plantation, the Venkids Valley Estate, and a stunning “Natural Naturals“ from the Krishnagiri Estate, located in some of the highest elevations of Chikmagalur. What do we get when we blend a clean bright washed and a super sweet, jammy Natural Naturals? A yummy, sweet, super complex, rich espresso, which holds its own in milk beverages as well! It’s fair to say that this blend has had a pretty long development phase, but you know that we don’t take our blends lightly, and launch them only when we’re really happy with it, and right now we’re delighted with this and are finally ready to introduce you to “Meera”. Recommended recipe: Dose : Being a lighter roast, we would recommend dosing one-half a gram lesser than what you would dose for a medium/medium dark roast coffee Grind Size: Grind a step or two finer than what you would normally for a medium roast Yield: We recommend a yield of 2.5 times the dose of the dry coffee. For eg: Dose: 20 grams; Yield: 50 grams Time: The lighter the roast, the more you need to extract to get good sweetness and complexity. We like shots between 28-33 seconds for a straight 9-bar approach for Meera. If you can pressure profile, we like to start with a 5-second pre-infusion at 2 bars, and then ramp up to 8 bars till we hit the desired yield, which usually takes around 45-50 seconds. PUCK PREP: We can't over-emphasi",https://bloomcoffeeroasters.in/products/meera-medium-light-roast,https://cdn.shopify.com/s/files/1/0550/0082/6042/files/Untitleddesign_10.png?v=1685501597,Coffee
Meera - Medium Light Roast,Bloom Coffee,700.0,250g,Medium-Light Roast,"Caramel, Bakers Chocolate, Berries and Vanilla Meera - A fearless espresso blend that breaks the conventions of what an",Coorg,Natural,"Estates: Venkids Valley Estate & Hoysala Estate Region: Coorg & Chikmagalur Elevation: 1100 - 1250 MASL Varietal: SLN6, Chandragiri Processing: Washed & Naturals Roast: Medium Light Tasting notes: Caramel, Bakers Chocolate, Berries and Vanilla Meera - A fearless espresso blend that breaks the conventions of what an espresso blend should be! Meera is our Medium-light roast espresso blend with notes of strawberries, baker’s chocolate, vanilla and decadent caramel. This is our tribute to one of India's most celebrated mystic poets, Meera Bai. Meera features two incredible coffees, our staple washed arabica from Coorg’s favourite plantation, the Venkids Valley Estate, and a stunning “Natural Naturals“ from the Krishnagiri Estate, located in some of the highest elevations of Chikmagalur. What do we get when we blend a clean bright washed and a super sweet, jammy Natural Naturals? A yummy, sweet, super complex, rich espresso, which holds its own in milk beverages as well! It’s fair to say that this blend has had a pretty long development phase, but you know that we don’t take our blends lightly, and launch them only when we’re really happy with it, and right now we’re delighted with this and are finally ready to introduce you to “Meera”. Recommended recipe: Dose : Being a lighter roast, we would recommend dosing one-half a gram lesser than what you would dose for a medium/medium dark roast coffee Grind Size: Grind a step or two finer than what you would normally for a medium roast Yield: We recommend a yield of 2.5 times the dose of the dry coffee. For eg: Dose: 20 grams; Yield: 50 grams Time: The lighter the roast, the more you need to extract to get good sweetness and complexity. We like shots between 28-33 seconds for a straight 9-bar approach for Meera. If you can pressure profile, we like to start with a 5-second pre-infusion at 2 bars, and then ramp up to 8 bars till we hit the desired yield, which usually takes around 45-50 seconds. PUCK PREP: We can't over-emphasi",https://bloomcoffeeroasters.in/products/meera-medium-light-roast,https://cdn.shopify.com/s/files/1/0550/0082/6042/files/Untitleddesign_10.png?v=1685501597,Coffee
Balanoor Plantations - Kents (Washed) - Chikmagalur - Medium Roast,Bloom Coffee,2100.0,1kg,Medium Roast,"Chocolate, Citrus Fruits, and Plum Over the last 3 years, we have received some delicious excellent coffees from the",Balanoor Estate,Washed,"Elevation: 3850 ft. Variety: Kents Processing: Washed Roast: Medium Tasting notes: Chocolate, Citrus Fruits, and Plum Over the last 3 years, we have received some delicious excellent coffees from the wonderful people at Balanoor Plantations. They have been producing some of the finest speciality coffee in the country for a number of years, and they have undoubtedly given us some of our favourite washed coffees. The Kents variety is found widely in Indian coffee, and the work that the team at Balanoor puts in really makes this delightful coffee. This is the third year we've had this coffee, and somehow despite all the challenges, it just keeps getting better! This medium roast has notes of rich milk chocolate, a subtle citrus acidity, and plum. This coffee is truly a delight, and is delicious black or with milk as a filter or an espresso! Yup, you heard it right: a coffee can be anything you want it to be!",https://bloomcoffeeroasters.in/products/balanoor-plantations-kents-medium-roast,https://cdn.shopify.com/s/files/1/0550/0082/6042/products/balanoor_kents.png?v=1672224071,Coffee
Balanoor Plantations - Kents (Washed) - Chikmagalur - Medium Roast,Bloom Coffee,2100.0,1kg,Medium Roast,"Chocolate, Citrus Fruits, and Plum Over the last 3 years, we have received some delicious excellent coffees from the",Balanoor Estate,Washed,"Elevation: 3850 ft. Variety: Kents Processing: Washed Roast: Medium Tasting notes: Chocolate, Citrus Fruits, and Plum Over the last 3 years, we have received some delicious excellent coffees from the wonderful people at Balanoor Plantations. They have been producing some of the finest speciality coffee in the country for a number of years, and they have undoubtedly given us some of our favourite washed coffees. The Kents variety is found widely in Indian coffee, and the work that the team at Balanoor puts in really makes this delightful coffee. This is the third year we've had this coffee, and somehow despite all the challenges, it just keeps getting better! This medium roast has notes of rich milk chocolate, a subtle citrus acidity, and plum. This coffee is truly a delight, and is delicious black or with milk as a filter or an espresso! Yup, you heard it right: a coffee can be anything you want it to be!",https://bloomcoffeeroasters.in/products/balanoor-plantations-kents-medium-roast,https://cdn.shopify.com/s/files/1/0550/0082/6042/products/balanoor_kents.png?v=1672224071,Coffee
Balanoor Plantations - Kents (Washed) - Chikmagalur - Medium Roast,Bloom Coffee,2100.0,1kg,Medium Roast,"Chocolate, Citrus Fruits, and Plum Over the last 3 years, we have received some delicious excellent coffees from the",Balanoor Estate,Washed,"Elevation: 3850 ft. Variety: Kents Processing: Washed Roast: Medium Tasting notes: Chocolate, Citrus Fruits, and Plum Over the last 3 years, we have received some delicious excellent coffees from the wonderful people at Balanoor Plantations. They have been producing some of the finest speciality coffee in the country for a number of years, and they have undoubtedly given us some of our favourite washed coffees. The Kents variety is found widely in Indian coffee, and the work that the team at Balanoor puts in really makes this delightful coffee. This is the third year we've had this coffee, and somehow despite all the challenges, it just keeps getting better! This medium roast has notes of rich milk chocolate, a subtle citrus acidity, and plum. This coffee is truly a delight, and is delicious black or with milk as a filter or an espresso! Yup, you heard it right: a coffee can be anything you want it to be!",https://bloomcoffeeroasters.in/products/balanoor-plantations-kents-medium-roast,https://cdn.shopify.com/s/files/1/0550/0082/6042/products/balanoor_kents.png?v=1672224071,Coffee
Balanoor Plantations - Kents (Washed) - Chikmagalur - Medium Roast,Bloom Coffee,2100.0,1kg,Medium Roast,"Chocolate, Citrus Fruits, and Plum Over the last 3 years, we have received some delicious excellent coffees from the",Balanoor Estate,Washed,"Elevation: 3850 ft. Variety: Kents Processing: Washed Roast: Medium Tasting notes: Chocolate, Citrus Fruits, and Plum Over the last 3 years, we have received some delicious excellent coffees from the wonderful people at Balanoor Plantations. They have been producing some of the finest speciality coffee in the country for a number of years, and they have undoubtedly given us some of our favourite washed coffees. The Kents variety is found widely in Indian coffee, and the work that the team at Balanoor puts in really makes this delightful coffee. This is the third year we've had this coffee, and somehow despite all the challenges, it just keeps getting better! This medium roast has notes of rich milk chocolate, a subtle citrus acidity, and plum. This coffee is truly a delight, and is delicious black or with milk as a filter or an espresso! Yup, you heard it right: a coffee can be anything you want it to be!",https://bloomcoffeeroasters.in/products/balanoor-plantations-kents-medium-roast,https://cdn.shopify.com/s/files/1/0550/0082/6042/products/balanoor_kents.png?v=1672224071,Coffee
Balanoor Plantations - Kents (Washed) - Chikmagalur - Medium Roast,Bloom Coffee,2100.0,1kg,Medium Roast,"Chocolate, Citrus Fruits, and Plum Over the last 3 years, we have received some delicious excellent coffees from the",Balanoor Estate,Washed,"Elevation: 3850 ft. Variety: Kents Processing: Washed Roast: Medium Tasting notes: Chocolate, Citrus Fruits, and Plum Over the last 3 years, we have received some delicious excellent coffees from the wonderful people at Balanoor Plantations. They have been producing some of the finest speciality coffee in the country for a number of years, and they have undoubtedly given us some of our favourite washed coffees. The Kents variety is found widely in Indian coffee, and the work that the team at Balanoor puts in really makes this delightful coffee. This is the third year we've had this coffee, and somehow despite all the challenges, it just keeps getting better! This medium roast has notes of rich milk chocolate, a subtle citrus acidity, and plum. This coffee is truly a delight, and is delicious black or with milk as a filter or an espresso! Yup, you heard it right: a coffee can be anything you want it to be!",https://bloomcoffeeroasters.in/products/balanoor-plantations-kents-medium-roast,https://cdn.shopify.com/s/files/1/0550/0082/6042/products/balanoor_kents.png?v=1672224071,Coffee
Balanoor Plantations - Kents (Washed) - Chikmagalur - Medium Roast,Bloom Coffee,2100.0,1kg,Medium Roast,"Chocolate, Citrus Fruits, and Plum Over the last 3 years, we have received some delicious excellent coffees from the",Balanoor Estate,Washed,"Elevation: 3850 ft. Variety: Kents Processing: Washed Roast: Medium Tasting notes: Chocolate, Citrus Fruits, and Plum Over the last 3 years, we have received some delicious excellent coffees from the wonderful people at Balanoor Plantations. They have been producing some of the finest speciality coffee in the country for a number of years, and they have undoubtedly given us some of our favourite washed coffees. The Kents variety is found widely in Indian coffee, and the work that the team at Balanoor puts in really makes this delightful coffee. This is the third year we've had this coffee, and somehow despite all the challenges, it just keeps getting better! This medium roast has notes of rich milk chocolate, a subtle citrus acidity, and plum. This coffee is truly a delight, and is delicious black or with milk as a filter or an espresso! Yup, you heard it right: a coffee can be anything you want it to be!",https://bloomcoffeeroasters.in/products/balanoor-plantations-kents-medium-roast,https://cdn.shopify.com/s/files/1/0550/0082/6042/products/balanoor_kents.png?v=1672224071,Coffee
Balanoor Plantations - Kents (Washed) - Chikmagalur - Medium Roast,Bloom Coffee,2100.0,1kg,Medium Roast,"Chocolate, Citrus Fruits, and Plum Over the last 3 years, we have received some delicious excellent coffees from the",Balanoor Estate,Washed,"Elevation: 3850 ft. Variety: Kents Processing: Washed Roast: Medium Tasting notes: Chocolate, Citrus Fruits, and Plum Over the last 3 years, we have received some delicious excellent coffees from the wonderful people at Balanoor Plantations. They have been producing some of the finest speciality coffee in the country for a number of years, and they have undoubtedly given us some of our favourite washed coffees. The Kents variety is found widely in Indian coffee, and the work that the team at Balanoor puts in really makes this delightful coffee. This is the third year we've had this coffee, and somehow despite all the challenges, it just keeps getting better! This medium roast has notes of rich milk chocolate, a subtle citrus acidity, and plum. This coffee is truly a delight, and is delicious black or with milk as a filter or an espresso! Yup, you heard it right: a coffee can be anything you want it to be!",https://bloomcoffeeroasters.in/products/balanoor-plantations-kents-medium-roast,https://cdn.shopify.com/s/files/1/0550/0082/6042/products/balanoor_kents.png?v=1672224071,Coffee
Balanoor Plantations - Kents (Washed) - Chikmagalur - Medium Roast,Bloom Coffee,2100.0,1kg,Medium Roast,"Chocolate, Citrus Fruits, and Plum Over the last 3 years, we have received some delicious excellent coffees from the",Balanoor Estate,Washed,"Elevation: 3850 ft. Variety: Kents Processing: Washed Roast: Medium Tasting notes: Chocolate, Citrus Fruits, and Plum Over the last 3 years, we have received some delicious excellent coffees from the wonderful people at Balanoor Plantations. They have been producing some of the finest speciality coffee in the country for a number of years, and they have undoubtedly given us some of our favourite washed coffees. The Kents variety is found widely in Indian coffee, and the work that the team at Balanoor puts in really makes this delightful coffee. This is the third year we've had this coffee, and somehow despite all the challenges, it just keeps getting better! This medium roast has notes of rich milk chocolate, a subtle citrus acidity, and plum. This coffee is truly a delight, and is delicious black or with milk as a filter or an espresso! Yup, you heard it right: a coffee can be anything you want it to be!",https://bloomcoffeeroasters.in/products/balanoor-plantations-kents-medium-roast,https://cdn.shopify.com/s/files/1/0550/0082/6042/products/balanoor_kents.png?v=1672224071,Coffee
Balanoor Plantations - Kents (Washed) - Chikmagalur - Medium Roast,Bloom Coffee,2100.0,1kg,Medium Roast,"Chocolate, Citrus Fruits, and Plum Over the last 3 years, we have received some delicious excellent coffees from the",Balanoor Estate,Washed,"Elevation: 3850 ft. Variety: Kents Processing: Washed Roast: Medium Tasting notes: Chocolate, Citrus Fruits, and Plum Over the last 3 years, we have received some delicious excellent coffees from the wonderful people at Balanoor Plantations. They have been producing some of the finest speciality coffee in the country for a number of years, and they have undoubtedly given us some of our favourite washed coffees. The Kents variety is found widely in Indian coffee, and the work that the team at Balanoor puts in really makes this delightful coffee. This is the third year we've had this coffee, and somehow despite all the challenges, it just keeps getting better! This medium roast has notes of rich milk chocolate, a subtle citrus acidity, and plum. This coffee is truly a delight, and is delicious black or with milk as a filter or an espresso! Yup, you heard it right: a coffee can be anything you want it to be!",https://bloomcoffeeroasters.in/products/balanoor-plantations-kents-medium-roast,https://cdn.shopify.com/s/files/1/0550/0082/6042/products/balanoor_kents.png?v=1672224071,Coffee
Balanoor Plantations - Kents (Washed) - Chikmagalur - Medium Roast,Bloom Coffee,650.0,250g,Medium Roast,"Chocolate, Citrus Fruits, and Plum Over the last 3 years, we have received some delicious excellent coffees from the",Balanoor Estate,Washed,"Elevation: 3850 ft. Variety: Kents Processing: Washed Roast: Medium Tasting notes: Chocolate, Citrus Fruits, and Plum Over the last 3 years, we have received some delicious excellent coffees from the wonderful people at Balanoor Plantations. They have been producing some of the finest speciality coffee in the country for a number of years, and they have undoubtedly given us some of our favourite washed coffees. The Kents variety is found widely in Indian coffee, and the work that the team at Balanoor puts in really makes this delightful coffee. This is the third year we've had this coffee, and somehow despite all the challenges, it just keeps getting better! This medium roast has notes of rich milk chocolate, a subtle citrus acidity, and plum. This coffee is truly a delight, and is delicious black or with milk as a filter or an espresso! Yup, you heard it right: a coffee can be anything you want it to be!",https://bloomcoffeeroasters.in/products/balanoor-plantations-kents-medium-roast,https://cdn.shopify.com/s/files/1/0550/0082/6042/products/balanoor_kents.png?v=1672224071,Coffee
Balanoor Plantations - Kents (Washed) - Chikmagalur - Medium Roast,Bloom Coffee,650.0,250g,Medium Roast,"Chocolate, Citrus Fruits, and Plum Over the last 3 years, we have received some delicious excellent coffees from the",Balanoor Estate,Washed,"Elevation: 3850 ft. Variety: Kents Processing: Washed Roast: Medium Tasting notes: Chocolate, Citrus Fruits, and Plum Over the last 3 years, we have received some delicious excellent coffees from the wonderful people at Balanoor Plantations. They have been producing some of the finest speciality coffee in the country for a number of years, and they have undoubtedly given us some of our favourite washed coffees. The Kents variety is found widely in Indian coffee, and the work that the team at Balanoor puts in really makes this delightful coffee. This is the third year we've had this coffee, and somehow despite all the challenges, it just keeps getting better! This medium roast has notes of rich milk chocolate, a subtle citrus acidity, and plum. This coffee is truly a delight, and is delicious black or with milk as a filter or an espresso! Yup, you heard it right: a coffee can be anything you want it to be!",https://bloomcoffeeroasters.in/products/balanoor-plantations-kents-medium-roast,https://cdn.shopify.com/s/files/1/0550/0082/6042/products/balanoor_kents.png?v=1672224071,Coffee
Balanoor Plantations - Kents (Washed) - Chikmagalur - Medium Roast,Bloom Coffee,650.0,250g,Medium Roast,"Chocolate, Citrus Fruits, and Plum Over the last 3 years, we have received some delicious excellent coffees from the",Balanoor Estate,Washed,"Elevation: 3850 ft. Variety: Kents Processing: Washed Roast: Medium Tasting notes: Chocolate, Citrus Fruits, and Plum Over the last 3 years, we have received some delicious excellent coffees from the wonderful people at Balanoor Plantations. They have been producing some of the finest speciality coffee in the country for a number of years, and they have undoubtedly given us some of our favourite washed coffees. The Kents variety is found widely in Indian coffee, and the work that the team at Balanoor puts in really makes this delightful coffee. This is the third year we've had this coffee, and somehow despite all the challenges, it just keeps getting better! This medium roast has notes of rich milk chocolate, a subtle citrus acidity, and plum. This coffee is truly a delight, and is delicious black or with milk as a filter or an espresso! Yup, you heard it right: a coffee can be anything you want it to be!",https://bloomcoffeeroasters.in/products/balanoor-plantations-kents-medium-roast,https://cdn.shopify.com/s/files/1/0550/0082/6042/products/balanoor_kents.png?v=1672224071,Coffee
Balanoor Plantations - Kents (Washed) - Chikmagalur - Medium Roast,Bloom Coffee,650.0,250g,Medium Roast,"Chocolate, Citrus Fruits, and Plum Over the last 3 years, we have received some delicious excellent coffees from the",Balanoor Estate,Washed,"Elevation: 3850 ft. Variety: Kents Processing: Washed Roast: Medium Tasting notes: Chocolate, Citrus Fruits, and Plum Over the last 3 years, we have received some delicious excellent coffees from the wonderful people at Balanoor Plantations. They have been producing some of the finest speciality coffee in the country for a number of years, and they have undoubtedly given us some of our favourite washed coffees. The Kents variety is found widely in Indian coffee, and the work that the team at Balanoor puts in really makes this delightful coffee. This is the third year we've had this coffee, and somehow despite all the challenges, it just keeps getting better! This medium roast has notes of rich milk chocolate, a subtle citrus acidity, and plum. This coffee is truly a delight, and is delicious black or with milk as a filter or an espresso! Yup, you heard it right: a coffee can be anything you want it to be!",https://bloomcoffeeroasters.in/products/balanoor-plantations-kents-medium-roast,https://cdn.shopify.com/s/files/1/0550/0082/6042/products/balanoor_kents.png?v=1672224071,Coffee
Balanoor Plantations - Kents (Washed) - Chikmagalur - Medium Roast,Bloom Coffee,650.0,250g,Medium Roast,"Chocolate, Citrus Fruits, and Plum Over the last 3 years, we have received some delicious excellent coffees from the",Balanoor Estate,Washed,"Elevation: 3850 ft. Variety: Kents Processing: Washed Roast: Medium Tasting notes: Chocolate, Citrus Fruits, and Plum Over the last 3 years, we have received some delicious excellent coffees from the wonderful people at Balanoor Plantations. They have been producing some of the finest speciality coffee in the country for a number of years, and they have undoubtedly given us some of our favourite washed coffees. The Kents variety is found widely in Indian coffee, and the work that the team at Balanoor puts in really makes this delightful coffee. This is the third year we've had this coffee, and somehow despite all the challenges, it just keeps getting better! This medium roast has notes of rich milk chocolate, a subtle citrus acidity, and plum. This coffee is truly a delight, and is delicious black or with milk as a filter or an espresso! Yup, you heard it right: a coffee can be anything you want it to be!",https://bloomcoffeeroasters.in/products/balanoor-plantations-kents-medium-roast,https://cdn.shopify.com/s/files/1/0550/0082/6042/products/balanoor_kents.png?v=1672224071,Coffee
Balanoor Plantations - Kents (Washed) - Chikmagalur - Medium Roast,Bloom Coffee,650.0,250g,Medium Roast,"Chocolate, Citrus Fruits, and Plum Over the last 3 years, we have received some delicious excellent coffees from the",Balanoor Estate,Washed,"Elevation: 3850 ft. Variety: Kents Processing: Washed Roast: Medium Tasting notes: Chocolate, Citrus Fruits, and Plum Over the last 3 years, we have received some delicious excellent coffees from the wonderful people at Balanoor Plantations. They have been producing some of the finest speciality coffee in the country for a number of years, and they have undoubtedly given us some of our favourite washed coffees. The Kents variety is found widely in Indian coffee, and the work that the team at Balanoor puts in really makes this delightful coffee. This is the third year we've had this coffee, and somehow despite all the challenges, it just keeps getting better! This medium roast has notes of rich milk chocolate, a subtle citrus acidity, and plum. This coffee is truly a delight, and is delicious black or with milk as a filter or an espresso! Yup, you heard it right: a coffee can be anything you want it to be!",https://bloomcoffeeroasters.in/products/balanoor-plantations-kents-medium-roast,https://cdn.shopify.com/s/files/1/0550/0082/6042/products/balanoor_kents.png?v=1672224071,Coffee
Balanoor Plantations - Kents (Washed) - Chikmagalur - Medium Roast,Bloom Coffee,650.0,250g,Medium Roast,"Chocolate, Citrus Fruits, and Plum Over the last 3 years, we have received some delicious excellent coffees from the",Balanoor Estate,Washed,"Elevation: 3850 ft. Variety: Kents Processing: Washed Roast: Medium Tasting notes: Chocolate, Citrus Fruits, and Plum Over the last 3 years, we have received some delicious excellent coffees from the wonderful people at Balanoor Plantations. They have been producing some of the finest speciality coffee in the country for a number of years, and they have undoubtedly given us some of our favourite washed coffees. The Kents variety is found widely in Indian coffee, and the work that the team at Balanoor puts in really makes this delightful coffee. This is the third year we've had this coffee, and somehow despite all the challenges, it just keeps getting better! This medium roast has notes of rich milk chocolate, a subtle citrus acidity, and plum. This coffee is truly a delight, and is delicious black or with milk as a filter or an espresso! Yup, you heard it right: a coffee can be anything you want it to be!",https://bloomcoffeeroasters.in/products/balanoor-plantations-kents-medium-roast,https://cdn.shopify.com/s/files/1/0550/0082/6042/products/balanoor_kents.png?v=1672224071,Coffee
Balanoor Plantations - Kents (Washed) - Chikmagalur - Medium Roast,Bloom Coffee,650.0,250g,Medium Roast,"Chocolate, Citrus Fruits, and Plum Over the last 3 years, we have received some delicious excellent coffees from the",Balanoor Estate,Washed,"Elevation: 3850 ft. Variety: Kents Processing: Washed Roast: Medium Tasting notes: Chocolate, Citrus Fruits, and Plum Over the last 3 years, we have received some delicious excellent coffees from the wonderful people at Balanoor Plantations. They have been producing some of the finest speciality coffee in the country for a number of years, and they have undoubtedly given us some of our favourite washed coffees. The Kents variety is found widely in Indian coffee, and the work that the team at Balanoor puts in really makes this delightful coffee. This is the third year we've had this coffee, and somehow despite all the challenges, it just keeps getting better! This medium roast has notes of rich milk chocolate, a subtle citrus acidity, and plum. This coffee is truly a delight, and is delicious black or with milk as a filter or an espresso! Yup, you heard it right: a coffee can be anything you want it to be!",https://bloomcoffeeroasters.in/products/balanoor-plantations-kents-medium-roast,https://cdn.shopify.com/s/files/1/0550/0082/6042/products/balanoor_kents.png?v=1672224071,Coffee
Balanoor Plantations - Kents (Washed) - Chikmagalur - Medium Roast,Bloom Coffee,650.0,250g,Medium Roast,"Chocolate, Citrus Fruits, and Plum Over the last 3 years, we have received some delicious excellent coffees from the",Balanoor Estate,Washed,"Elevation: 3850 ft. Variety: Kents Processing: Washed Roast: Medium Tasting notes: Chocolate, Citrus Fruits, and Plum Over the last 3 years, we have received some delicious excellent coffees from the wonderful people at Balanoor Plantations. They have been producing some of the finest speciality coffee in the country for a number of years, and they have undoubtedly given us some of our favourite washed coffees. The Kents variety is found widely in Indian coffee, and the work that the team at Balanoor puts in really makes this delightful coffee. This is the third year we've had this coffee, and somehow despite all the challenges, it just keeps getting better! This medium roast has notes of rich milk chocolate, a subtle citrus acidity, and plum. This coffee is truly a delight, and is delicious black or with milk as a filter or an espresso! Yup, you heard it right: a coffee can be anything you want it to be!",https://bloomcoffeeroasters.in/products/balanoor-plantations-kents-medium-roast,https://cdn.shopify.com/s/files/1/0550/0082/6042/products/balanoor_kents.png?v=1672224071,Coffee
Course - Introduction to speciality coffee,Bloom Coffee,1500.0,15/10/2022,,,,,"Let us introduce you to our friend speciality coffee What does it cover? What is speciality coffee? The coffee journey from seed to cup Tasting different roast levels Tasting different processes Introduction to brewing speciality coffee Sample packs of 3 coffees of your choice Who should attend? Budding Home Baristas Aspiring Career Baristas/Individuals keen to pursue a career in the Food & Beverage industry Coffee Enthusiasts Duration: 1 days (4 hours) Timing: 11:00AM - 04:00PM Location: Bloom Coffee Roasters, MDC Panchkula For more details please call at 9877453912",https://bloomcoffeeroasters.in/products/course-introduction-to-speciality-coffee,https://cdn.shopify.com/s/files/1/0550/0082/6042/products/BCRCroptoCup_1.png?v=1661962446,Coffee
Course: Crop to Cup,Bloom Coffee,3000.0,21/10/2022-22/10/2022,,,,,"Learn about the journey of how your favourite beverage ends up in your cup! What does it cover? What is coffee and its origins? The different varieties and species of coffee Waves of coffee Differences between Robusta and Arabica coffee Introduction of speciality coffee and trends Coffee supply chain Types of coffee processing Introduction to brewing coffee Who should attend? Budding Home Baristas Aspiring Career Baristas/Individuals keen to pursue a career in the Food & Beverage industry Coffee Enthusiasts Duration: 2 days (4 hours each) Timing: 10:00AM - 02:00PM Location: Bloom Coffee Roasters, MDC Panchkula For more details please call at 9877453912",https://bloomcoffeeroasters.in/products/crop-to-cup-workshop,https://cdn.shopify.com/s/files/1/0550/0082/6042/products/BCRCroptoCup.png?v=1661924746,Accessories
Course - Barista Basics,Bloom Coffee,5000.0,25/11/2022-26/11/2022,,,,,"Your journey as a barista starts here! Learn from SCA-certified baristas on how to make the perfect espresso and espresso-based drinks! What does it cover? What is speciality coffee? The course sets the foundation blocks for learners to set a coffee grinder, make espressos, foam and texture milk for milk-based espresso drinks (latte, cappuccino, etc.). The course also explores the implementation of health and safety practices and customer service protocols. The coffee journey from seed to cup Differences between Robusta and Arabica coffee Introduction of speciality coffee and trends Skills to prepare and serve espresso Sensory aspects of an espresso Prepare and serve cappuccino and latte Milk steaming techniques to create milk-based coffee beverages Who should attend? Budding Home Baristas Aspiring Career Baristas/Individuals keen to pursue a career in the Food & Beverage industry Coffee Enthusiasts Duration: 2 days (5 hours each) Timing: 10:00AM - 03:00PM Location: Bloom Coffee Roasters, MDC Panchkula For more details please call at 9877453912",https://bloomcoffeeroasters.in/products/course-barista-basics,https://cdn.shopify.com/s/files/1/0550/0082/6042/products/Baristabasics.png?v=1661924836,Coffee
Pulney Coffee (Washed) - Pulney Hills - Medium Roast,Bloom Coffee,2100.0,1kg,Medium Roast,"Citrus Fruits, Cherries, and Nuts",Laks Farm,Washed,"Farm: Laks Farm, Pachalur Village Planter: Mr. H.R. Iyer Elevation: 4920 ft. Variety: Chandragiri and SL9 Processing: Washed Roast: Medium Tasting notes: Citrus Fruits, Cherries, and Nuts Originating from one of the highest growing regions in Tamil Nadu, these coffees are dense and have a beautiful aftertaste because of the high growing Region. The Laks farm is completely organic and devoid of any chemical pesticides and fertilisers. The coffees are intercropped with oranges, cardamom, pepper and banana. The beans of the highest brix are identified (colour coded bands are given to workers at the estate to pick the cherries). They are sorted for defects twice before using the penagos washer + pulper. Floats are removed and the coffee beans with little bit of mucilage are dried on raised beds. They are exposed to the morning sun for the first two days and then completely dried in shade for a period of 20-25 days. Mr. Iyer is without doubt one of the sweetest and most earnest people we have encountered in coffee and with passion and efforts of Viggnesh in processing, this coffee was one of the best washed coffees we tasted this year! This medium roast has sweet notes of Cherry, and Nuts with a mild Citrus Acidity, and works really well both black and with milk, as a filter or an an espresso!",https://bloomcoffeeroasters.in/products/pulney-coffee-washed-pulney-hills-medium-roast,https://cdn.shopify.com/s/files/1/0550/0082/6042/products/pulney_washed.png?v=1653996583,Coffee
Pulney Coffee (Washed) - Pulney Hills - Medium Roast,Bloom Coffee,2100.0,1kg,Medium Roast,"Citrus Fruits, Cherries, and Nuts",Laks Farm,Washed,"Farm: Laks Farm, Pachalur Village Planter: Mr. H.R. Iyer Elevation: 4920 ft. Variety: Chandragiri and SL9 Processing: Washed Roast: Medium Tasting notes: Citrus Fruits, Cherries, and Nuts Originating from one of the highest growing regions in Tamil Nadu, these coffees are dense and have a beautiful aftertaste because of the high growing Region. The Laks farm is completely organic and devoid of any chemical pesticides and fertilisers. The coffees are intercropped with oranges, cardamom, pepper and banana. The beans of the highest brix are identified (colour coded bands are given to workers at the estate to pick the cherries). They are sorted for defects twice before using the penagos washer + pulper. Floats are removed and the coffee beans with little bit of mucilage are dried on raised beds. They are exposed to the morning sun for the first two days and then completely dried in shade for a period of 20-25 days. Mr. Iyer is without doubt one of the sweetest and most earnest people we have encountered in coffee and with passion and efforts of Viggnesh in processing, this coffee was one of the best washed coffees we tasted this year! This medium roast has sweet notes of Cherry, and Nuts with a mild Citrus Acidity, and works really well both black and with milk, as a filter or an an espresso!",https://bloomcoffeeroasters.in/products/pulney-coffee-washed-pulney-hills-medium-roast,https://cdn.shopify.com/s/files/1/0550/0082/6042/products/pulney_washed.png?v=1653996583,Coffee
Pulney Coffee (Washed) - Pulney Hills - Medium Roast,Bloom Coffee,2100.0,1kg,Medium Roast,"Citrus Fruits, Cherries, and Nuts",Laks Farm,Washed,"Farm: Laks Farm, Pachalur Village Planter: Mr. H.R. Iyer Elevation: 4920 ft. Variety: Chandragiri and SL9 Processing: Washed Roast: Medium Tasting notes: Citrus Fruits, Cherries, and Nuts Originating from one of the highest growing regions in Tamil Nadu, these coffees are dense and have a beautiful aftertaste because of the high growing Region. The Laks farm is completely organic and devoid of any chemical pesticides and fertilisers. The coffees are intercropped with oranges, cardamom, pepper and banana. The beans of the highest brix are identified (colour coded bands are given to workers at the estate to pick the cherries). They are sorted for defects twice before using the penagos washer + pulper. Floats are removed and the coffee beans with little bit of mucilage are dried on raised beds. They are exposed to the morning sun for the first two days and then completely dried in shade for a period of 20-25 days. Mr. Iyer is without doubt one of the sweetest and most earnest people we have encountered in coffee and with passion and efforts of Viggnesh in processing, this coffee was one of the best washed coffees we tasted this year! This medium roast has sweet notes of Cherry, and Nuts with a mild Citrus Acidity, and works really well both black and with milk, as a filter or an an espresso!",https://bloomcoffeeroasters.in/products/pulney-coffee-washed-pulney-hills-medium-roast,https://cdn.shopify.com/s/files/1/0550/0082/6042/products/pulney_washed.png?v=1653996583,Coffee
Pulney Coffee (Washed) - Pulney Hills - Medium Roast,Bloom Coffee,2100.0,1kg,Medium Roast,"Citrus Fruits, Cherries, and Nuts",Laks Farm,Washed,"Farm: Laks Farm, Pachalur Village Planter: Mr. H.R. Iyer Elevation: 4920 ft. Variety: Chandragiri and SL9 Processing: Washed Roast: Medium Tasting notes: Citrus Fruits, Cherries, and Nuts Originating from one of the highest growing regions in Tamil Nadu, these coffees are dense and have a beautiful aftertaste because of the high growing Region. The Laks farm is completely organic and devoid of any chemical pesticides and fertilisers. The coffees are intercropped with oranges, cardamom, pepper and banana. The beans of the highest brix are identified (colour coded bands are given to workers at the estate to pick the cherries). They are sorted for defects twice before using the penagos washer + pulper. Floats are removed and the coffee beans with little bit of mucilage are dried on raised beds. They are exposed to the morning sun for the first two days and then completely dried in shade for a period of 20-25 days. Mr. Iyer is without doubt one of the sweetest and most earnest people we have encountered in coffee and with passion and efforts of Viggnesh in processing, this coffee was one of the best washed coffees we tasted this year! This medium roast has sweet notes of Cherry, and Nuts with a mild Citrus Acidity, and works really well both black and with milk, as a filter or an an espresso!",https://bloomcoffeeroasters.in/products/pulney-coffee-washed-pulney-hills-medium-roast,https://cdn.shopify.com/s/files/1/0550/0082/6042/products/pulney_washed.png?v=1653996583,Coffee
Pulney Coffee (Washed) - Pulney Hills - Medium Roast,Bloom Coffee,2100.0,1kg,Medium Roast,"Citrus Fruits, Cherries, and Nuts",Laks Farm,Washed,"Farm: Laks Farm, Pachalur Village Planter: Mr. H.R. Iyer Elevation: 4920 ft. Variety: Chandragiri and SL9 Processing: Washed Roast: Medium Tasting notes: Citrus Fruits, Cherries, and Nuts Originating from one of the highest growing regions in Tamil Nadu, these coffees are dense and have a beautiful aftertaste because of the high growing Region. The Laks farm is completely organic and devoid of any chemical pesticides and fertilisers. The coffees are intercropped with oranges, cardamom, pepper and banana. The beans of the highest brix are identified (colour coded bands are given to workers at the estate to pick the cherries). They are sorted for defects twice before using the penagos washer + pulper. Floats are removed and the coffee beans with little bit of mucilage are dried on raised beds. They are exposed to the morning sun for the first two days and then completely dried in shade for a period of 20-25 days. Mr. Iyer is without doubt one of the sweetest and most earnest people we have encountered in coffee and with passion and efforts of Viggnesh in processing, this coffee was one of the best washed coffees we tasted this year! This medium roast has sweet notes of Cherry, and Nuts with a mild Citrus Acidity, and works really well both black and with milk, as a filter or an an espresso!",https://bloomcoffeeroasters.in/products/pulney-coffee-washed-pulney-hills-medium-roast,https://cdn.shopify.com/s/files/1/0550/0082/6042/products/pulney_washed.png?v=1653996583,Coffee
Pulney Coffee (Washed) - Pulney Hills - Medium Roast,Bloom Coffee,2100.0,1kg,Medium Roast,"Citrus Fruits, Cherries, and Nuts",Laks Farm,Washed,"Farm: Laks Farm, Pachalur Village Planter: Mr. H.R. Iyer Elevation: 4920 ft. Variety: Chandragiri and SL9 Processing: Washed Roast: Medium Tasting notes: Citrus Fruits, Cherries, and Nuts Originating from one of the highest growing regions in Tamil Nadu, these coffees are dense and have a beautiful aftertaste because of the high growing Region. The Laks farm is completely organic and devoid of any chemical pesticides and fertilisers. The coffees are intercropped with oranges, cardamom, pepper and banana. The beans of the highest brix are identified (colour coded bands are given to workers at the estate to pick the cherries). They are sorted for defects twice before using the penagos washer + pulper. Floats are removed and the coffee beans with little bit of mucilage are dried on raised beds. They are exposed to the morning sun for the first two days and then completely dried in shade for a period of 20-25 days. Mr. Iyer is without doubt one of the sweetest and most earnest people we have encountered in coffee and with passion and efforts of Viggnesh in processing, this coffee was one of the best washed coffees we tasted this year! This medium roast has sweet notes of Cherry, and Nuts with a mild Citrus Acidity, and works really well both black and with milk, as a filter or an an espresso!",https://bloomcoffeeroasters.in/products/pulney-coffee-washed-pulney-hills-medium-roast,https://cdn.shopify.com/s/files/1/0550/0082/6042/products/pulney_washed.png?v=1653996583,Coffee
Pulney Coffee (Washed) - Pulney Hills - Medium Roast,Bloom Coffee,2100.0,1kg,Medium Roast,"Citrus Fruits, Cherries, and Nuts",Laks Farm,Washed,"Farm: Laks Farm, Pachalur Village Planter: Mr. H.R. Iyer Elevation: 4920 ft. Variety: Chandragiri and SL9 Processing: Washed Roast: Medium Tasting notes: Citrus Fruits, Cherries, and Nuts Originating from one of the highest growing regions in Tamil Nadu, these coffees are dense and have a beautiful aftertaste because of the high growing Region. The Laks farm is completely organic and devoid of any chemical pesticides and fertilisers. The coffees are intercropped with oranges, cardamom, pepper and banana. The beans of the highest brix are identified (colour coded bands are given to workers at the estate to pick the cherries). They are sorted for defects twice before using the penagos washer + pulper. Floats are removed and the coffee beans with little bit of mucilage are dried on raised beds. They are exposed to the morning sun for the first two days and then completely dried in shade for a period of 20-25 days. Mr. Iyer is without doubt one of the sweetest and most earnest people we have encountered in coffee and with passion and efforts of Viggnesh in processing, this coffee was one of the best washed coffees we tasted this year! This medium roast has sweet notes of Cherry, and Nuts with a mild Citrus Acidity, and works really well both black and with milk, as a filter or an an espresso!",https://bloomcoffeeroasters.in/products/pulney-coffee-washed-pulney-hills-medium-roast,https://cdn.shopify.com/s/files/1/0550/0082/6042/products/pulney_washed.png?v=1653996583,Coffee
Pulney Coffee (Washed) - Pulney Hills - Medium Roast,Bloom Coffee,2100.0,1kg,Medium Roast,"Citrus Fruits, Cherries, and Nuts",Laks Farm,Washed,"Farm: Laks Farm, Pachalur Village Planter: Mr. H.R. Iyer Elevation: 4920 ft. Variety: Chandragiri and SL9 Processing: Washed Roast: Medium Tasting notes: Citrus Fruits, Cherries, and Nuts Originating from one of the highest growing regions in Tamil Nadu, these coffees are dense and have a beautiful aftertaste because of the high growing Region. The Laks farm is completely organic and devoid of any chemical pesticides and fertilisers. The coffees are intercropped with oranges, cardamom, pepper and banana. The beans of the highest brix are identified (colour coded bands are given to workers at the estate to pick the cherries). They are sorted for defects twice before using the penagos washer + pulper. Floats are removed and the coffee beans with little bit of mucilage are dried on raised beds. They are exposed to the morning sun for the first two days and then completely dried in shade for a period of 20-25 days. Mr. Iyer is without doubt one of the sweetest and most earnest people we have encountered in coffee and with passion and efforts of Viggnesh in processing, this coffee was one of the best washed coffees we tasted this year! This medium roast has sweet notes of Cherry, and Nuts with a mild Citrus Acidity, and works really well both black and with milk, as a filter or an an espresso!",https://bloomcoffeeroasters.in/products/pulney-coffee-washed-pulney-hills-medium-roast,https://cdn.shopify.com/s/files/1/0550/0082/6042/products/pulney_washed.png?v=1653996583,Coffee
Pulney Coffee (Washed) - Pulney Hills - Medium Roast,Bloom Coffee,2100.0,1kg,Medium Roast,"Citrus Fruits, Cherries, and Nuts",Laks Farm,Washed,"Farm: Laks Farm, Pachalur Village Planter: Mr. H.R. Iyer Elevation: 4920 ft. Variety: Chandragiri and SL9 Processing: Washed Roast: Medium Tasting notes: Citrus Fruits, Cherries, and Nuts Originating from one of the highest growing regions in Tamil Nadu, these coffees are dense and have a beautiful aftertaste because of the high growing Region. The Laks farm is completely organic and devoid of any chemical pesticides and fertilisers. The coffees are intercropped with oranges, cardamom, pepper and banana. The beans of the highest brix are identified (colour coded bands are given to workers at the estate to pick the cherries). They are sorted for defects twice before using the penagos washer + pulper. Floats are removed and the coffee beans with little bit of mucilage are dried on raised beds. They are exposed to the morning sun for the first two days and then completely dried in shade for a period of 20-25 days. Mr. Iyer is without doubt one of the sweetest and most earnest people we have encountered in coffee and with passion and efforts of Viggnesh in processing, this coffee was one of the best washed coffees we tasted this year! This medium roast has sweet notes of Cherry, and Nuts with a mild Citrus Acidity, and works really well both black and with milk, as a filter or an an espresso!",https://bloomcoffeeroasters.in/products/pulney-coffee-washed-pulney-hills-medium-roast,https://cdn.shopify.com/s/files/1/0550/0082/6042/products/pulney_washed.png?v=1653996583,Coffee
Pulney Coffee (Washed) - Pulney Hills - Medium Roast,Bloom Coffee,675.0,250g,Medium Roast,"Citrus Fruits, Cherries, and Nuts",Laks Farm,Washed,"Farm: Laks Farm, Pachalur Village Planter: Mr. H.R. Iyer Elevation: 4920 ft. Variety: Chandragiri and SL9 Processing: Washed Roast: Medium Tasting notes: Citrus Fruits, Cherries, and Nuts Originating from one of the highest growing regions in Tamil Nadu, these coffees are dense and have a beautiful aftertaste because of the high growing Region. The Laks farm is completely organic and devoid of any chemical pesticides and fertilisers. The coffees are intercropped with oranges, cardamom, pepper and banana. The beans of the highest brix are identified (colour coded bands are given to workers at the estate to pick the cherries). They are sorted for defects twice before using the penagos washer + pulper. Floats are removed and the coffee beans with little bit of mucilage are dried on raised beds. They are exposed to the morning sun for the first two days and then completely dried in shade for a period of 20-25 days. Mr. Iyer is without doubt one of the sweetest and most earnest people we have encountered in coffee and with passion and efforts of Viggnesh in processing, this coffee was one of the best washed coffees we tasted this year! This medium roast has sweet notes of Cherry, and Nuts with a mild Citrus Acidity, and works really well both black and with milk, as a filter or an an espresso!",https://bloomcoffeeroasters.in/products/pulney-coffee-washed-pulney-hills-medium-roast,https://cdn.shopify.com/s/files/1/0550/0082/6042/products/pulney_washed.png?v=1653996583,Coffee
Pulney Coffee (Washed) - Pulney Hills - Medium Roast,Bloom Coffee,675.0,250g,Medium Roast,"Citrus Fruits, Cherries, and Nuts",Laks Farm,Washed,"Farm: Laks Farm, Pachalur Village Planter: Mr. H.R. Iyer Elevation: 4920 ft. Variety: Chandragiri and SL9 Processing: Washed Roast: Medium Tasting notes: Citrus Fruits, Cherries, and Nuts Originating from one of the highest growing regions in Tamil Nadu, these coffees are dense and have a beautiful aftertaste because of the high growing Region. The Laks farm is completely organic and devoid of any chemical pesticides and fertilisers. The coffees are intercropped with oranges, cardamom, pepper and banana. The beans of the highest brix are identified (colour coded bands are given to workers at the estate to pick the cherries). They are sorted for defects twice before using the penagos washer + pulper. Floats are removed and the coffee beans with little bit of mucilage are dried on raised beds. They are exposed to the morning sun for the first two days and then completely dried in shade for a period of 20-25 days. Mr. Iyer is without doubt one of the sweetest and most earnest people we have encountered in coffee and with passion and efforts of Viggnesh in processing, this coffee was one of the best washed coffees we tasted this year! This medium roast has sweet notes of Cherry, and Nuts with a mild Citrus Acidity, and works really well both black and with milk, as a filter or an an espresso!",https://bloomcoffeeroasters.in/products/pulney-coffee-washed-pulney-hills-medium-roast,https://cdn.shopify.com/s/files/1/0550/0082/6042/products/pulney_washed.png?v=1653996583,Coffee
Pulney Coffee (Washed) - Pulney Hills - Medium Roast,Bloom Coffee,675.0,250g,Medium Roast,"Citrus Fruits, Cherries, and Nuts",Laks Farm,Washed,"Farm: Laks Farm, Pachalur Village Planter: Mr. H.R. Iyer Elevation: 4920 ft. Variety: Chandragiri and SL9 Processing: Washed Roast: Medium Tasting notes: Citrus Fruits, Cherries, and Nuts Originating from one of the highest growing regions in Tamil Nadu, these coffees are dense and have a beautiful aftertaste because of the high growing Region. The Laks farm is completely organic and devoid of any chemical pesticides and fertilisers. The coffees are intercropped with oranges, cardamom, pepper and banana. The beans of the highest brix are identified (colour coded bands are given to workers at the estate to pick the cherries). They are sorted for defects twice before using the penagos washer + pulper. Floats are removed and the coffee beans with little bit of mucilage are dried on raised beds. They are exposed to the morning sun for the first two days and then completely dried in shade for a period of 20-25 days. Mr. Iyer is without doubt one of the sweetest and most earnest people we have encountered in coffee and with passion and efforts of Viggnesh in processing, this coffee was one of the best washed coffees we tasted this year! This medium roast has sweet notes of Cherry, and Nuts with a mild Citrus Acidity, and works really well both black and with milk, as a filter or an an espresso!",https://bloomcoffeeroasters.in/products/pulney-coffee-washed-pulney-hills-medium-roast,https://cdn.shopify.com/s/files/1/0550/0082/6042/products/pulney_washed.png?v=1653996583,Coffee
Pulney Coffee (Washed) - Pulney Hills - Medium Roast,Bloom Coffee,675.0,250g,Medium Roast,"Citrus Fruits, Cherries, and Nuts",Laks Farm,Washed,"Farm: Laks Farm, Pachalur Village Planter: Mr. H.R. Iyer Elevation: 4920 ft. Variety: Chandragiri and SL9 Processing: Washed Roast: Medium Tasting notes: Citrus Fruits, Cherries, and Nuts Originating from one of the highest growing regions in Tamil Nadu, these coffees are dense and have a beautiful aftertaste because of the high growing Region. The Laks farm is completely organic and devoid of any chemical pesticides and fertilisers. The coffees are intercropped with oranges, cardamom, pepper and banana. The beans of the highest brix are identified (colour coded bands are given to workers at the estate to pick the cherries). They are sorted for defects twice before using the penagos washer + pulper. Floats are removed and the coffee beans with little bit of mucilage are dried on raised beds. They are exposed to the morning sun for the first two days and then completely dried in shade for a period of 20-25 days. Mr. Iyer is without doubt one of the sweetest and most earnest people we have encountered in coffee and with passion and efforts of Viggnesh in processing, this coffee was one of the best washed coffees we tasted this year! This medium roast has sweet notes of Cherry, and Nuts with a mild Citrus Acidity, and works really well both black and with milk, as a filter or an an espresso!",https://bloomcoffeeroasters.in/products/pulney-coffee-washed-pulney-hills-medium-roast,https://cdn.shopify.com/s/files/1/0550/0082/6042/products/pulney_washed.png?v=1653996583,Coffee
Pulney Coffee (Washed) - Pulney Hills - Medium Roast,Bloom Coffee,675.0,250g,Medium Roast,"Citrus Fruits, Cherries, and Nuts",Laks Farm,Washed,"Farm: Laks Farm, Pachalur Village Planter: Mr. H.R. Iyer Elevation: 4920 ft. Variety: Chandragiri and SL9 Processing: Washed Roast: Medium Tasting notes: Citrus Fruits, Cherries, and Nuts Originating from one of the highest growing regions in Tamil Nadu, these coffees are dense and have a beautiful aftertaste because of the high growing Region. The Laks farm is completely organic and devoid of any chemical pesticides and fertilisers. The coffees are intercropped with oranges, cardamom, pepper and banana. The beans of the highest brix are identified (colour coded bands are given to workers at the estate to pick the cherries). They are sorted for defects twice before using the penagos washer + pulper. Floats are removed and the coffee beans with little bit of mucilage are dried on raised beds. They are exposed to the morning sun for the first two days and then completely dried in shade for a period of 20-25 days. Mr. Iyer is without doubt one of the sweetest and most earnest people we have encountered in coffee and with passion and efforts of Viggnesh in processing, this coffee was one of the best washed coffees we tasted this year! This medium roast has sweet notes of Cherry, and Nuts with a mild Citrus Acidity, and works really well both black and with milk, as a filter or an an espresso!",https://bloomcoffeeroasters.in/products/pulney-coffee-washed-pulney-hills-medium-roast,https://cdn.shopify.com/s/files/1/0550/0082/6042/products/pulney_washed.png?v=1653996583,Coffee
Pulney Coffee (Washed) - Pulney Hills - Medium Roast,Bloom Coffee,675.0,250g,Medium Roast,"Citrus Fruits, Cherries, and Nuts",Laks Farm,Washed,"Farm: Laks Farm, Pachalur Village Planter: Mr. H.R. Iyer Elevation: 4920 ft. Variety: Chandragiri and SL9 Processing: Washed Roast: Medium Tasting notes: Citrus Fruits, Cherries, and Nuts Originating from one of the highest growing regions in Tamil Nadu, these coffees are dense and have a beautiful aftertaste because of the high growing Region. The Laks farm is completely organic and devoid of any chemical pesticides and fertilisers. The coffees are intercropped with oranges, cardamom, pepper and banana. The beans of the highest brix are identified (colour coded bands are given to workers at the estate to pick the cherries). They are sorted for defects twice before using the penagos washer + pulper. Floats are removed and the coffee beans with little bit of mucilage are dried on raised beds. They are exposed to the morning sun for the first two days and then completely dried in shade for a period of 20-25 days. Mr. Iyer is without doubt one of the sweetest and most earnest people we have encountered in coffee and with passion and efforts of Viggnesh in processing, this coffee was one of the best washed coffees we tasted this year! This medium roast has sweet notes of Cherry, and Nuts with a mild Citrus Acidity, and works really well both black and with milk, as a filter or an an espresso!",https://bloomcoffeeroasters.in/products/pulney-coffee-washed-pulney-hills-medium-roast,https://cdn.shopify.com/s/files/1/0550/0082/6042/products/pulney_washed.png?v=1653996583,Coffee
Pulney Coffee (Washed) - Pulney Hills - Medium Roast,Bloom Coffee,675.0,250g,Medium Roast,"Citrus Fruits, Cherries, and Nuts",Laks Farm,Washed,"Farm: Laks Farm, Pachalur Village Planter: Mr. H.R. Iyer Elevation: 4920 ft. Variety: Chandragiri and SL9 Processing: Washed Roast: Medium Tasting notes: Citrus Fruits, Cherries, and Nuts Originating from one of the highest growing regions in Tamil Nadu, these coffees are dense and have a beautiful aftertaste because of the high growing Region. The Laks farm is completely organic and devoid of any chemical pesticides and fertilisers. The coffees are intercropped with oranges, cardamom, pepper and banana. The beans of the highest brix are identified (colour coded bands are given to workers at the estate to pick the cherries). They are sorted for defects twice before using the penagos washer + pulper. Floats are removed and the coffee beans with little bit of mucilage are dried on raised beds. They are exposed to the morning sun for the first two days and then completely dried in shade for a period of 20-25 days. Mr. Iyer is without doubt one of the sweetest and most earnest people we have encountered in coffee and with passion and efforts of Viggnesh in processing, this coffee was one of the best washed coffees we tasted this year! This medium roast has sweet notes of Cherry, and Nuts with a mild Citrus Acidity, and works really well both black and with milk, as a filter or an an espresso!",https://bloomcoffeeroasters.in/products/pulney-coffee-washed-pulney-hills-medium-roast,https://cdn.shopify.com/s/files/1/0550/0082/6042/products/pulney_washed.png?v=1653996583,Coffee
Pulney Coffee (Washed) - Pulney Hills - Medium Roast,Bloom Coffee,675.0,250g,Medium Roast,"Citrus Fruits, Cherries, and Nuts",Laks Farm,Washed,"Farm: Laks Farm, Pachalur Village Planter: Mr. H.R. Iyer Elevation: 4920 ft. Variety: Chandragiri and SL9 Processing: Washed Roast: Medium Tasting notes: Citrus Fruits, Cherries, and Nuts Originating from one of the highest growing regions in Tamil Nadu, these coffees are dense and have a beautiful aftertaste because of the high growing Region. The Laks farm is completely organic and devoid of any chemical pesticides and fertilisers. The coffees are intercropped with oranges, cardamom, pepper and banana. The beans of the highest brix are identified (colour coded bands are given to workers at the estate to pick the cherries). They are sorted for defects twice before using the penagos washer + pulper. Floats are removed and the coffee beans with little bit of mucilage are dried on raised beds. They are exposed to the morning sun for the first two days and then completely dried in shade for a period of 20-25 days. Mr. Iyer is without doubt one of the sweetest and most earnest people we have encountered in coffee and with passion and efforts of Viggnesh in processing, this coffee was one of the best washed coffees we tasted this year! This medium roast has sweet notes of Cherry, and Nuts with a mild Citrus Acidity, and works really well both black and with milk, as a filter or an an espresso!",https://bloomcoffeeroasters.in/products/pulney-coffee-washed-pulney-hills-medium-roast,https://cdn.shopify.com/s/files/1/0550/0082/6042/products/pulney_washed.png?v=1653996583,Coffee
Pulney Coffee (Washed) - Pulney Hills - Medium Roast,Bloom Coffee,675.0,250g,Medium Roast,"Citrus Fruits, Cherries, and Nuts",Laks Farm,Washed,"Farm: Laks Farm, Pachalur Village Planter: Mr. H.R. Iyer Elevation: 4920 ft. Variety: Chandragiri and SL9 Processing: Washed Roast: Medium Tasting notes: Citrus Fruits, Cherries, and Nuts Originating from one of the highest growing regions in Tamil Nadu, these coffees are dense and have a beautiful aftertaste because of the high growing Region. The Laks farm is completely organic and devoid of any chemical pesticides and fertilisers. The coffees are intercropped with oranges, cardamom, pepper and banana. The beans of the highest brix are identified (colour coded bands are given to workers at the estate to pick the cherries). They are sorted for defects twice before using the penagos washer + pulper. Floats are removed and the coffee beans with little bit of mucilage are dried on raised beds. They are exposed to the morning sun for the first two days and then completely dried in shade for a period of 20-25 days. Mr. Iyer is without doubt one of the sweetest and most earnest people we have encountered in coffee and with passion and efforts of Viggnesh in processing, this coffee was one of the best washed coffees we tasted this year! This medium roast has sweet notes of Cherry, and Nuts with a mild Citrus Acidity, and works really well both black and with milk, as a filter or an an espresso!",https://bloomcoffeeroasters.in/products/pulney-coffee-washed-pulney-hills-medium-roast,https://cdn.shopify.com/s/files/1/0550/0082/6042/products/pulney_washed.png?v=1653996583,Coffee
Venkids Valley Estate (Washed) – Coorg - Medium Dark Roast,Bloom Coffee,2000.0,1kg,Medium-Dark Roast,"Mexican chocolate, Caramel, and Orange Zest A short, scenic drive from Madikeri, past a rivulet or two",Coorg,Washed,"Elevation: 3600 ft. Varietal: SLN6 Processing: Washed Roast: Medium Tasting notes: Mexican chocolate, Caramel, and Orange Zest A short, scenic drive from Madikeri, past a rivulet or two, leads you to the charming “Papakuchi Coffee” by Venkids Valley Estate, where you are welcomed by Pavan and his wife Shilpa. The estate spreads across 200 acres, and is divided into “Patte” or fields, named aptly by the workers. Imagine being able to spot the exact patch of land your coffee was grown on. Yes, that’s the level of traceability Pavan is able to achieve at this estate. This SLN6, grown in the “Kenjipatte” is roasted to slightly darker than a medium (some might even call it a medium) to really enhance the syrupy body and the notes of caramel which are offset by the a splash of orange zest. Pretty great for filters, great for espresso! Pick you grind and brew away!",https://bloomcoffeeroasters.in/products/venkids-valley-estate-medium-dark,https://cdn.shopify.com/s/files/1/0550/0082/6042/products/venkidsvalleywashedfront.png?v=1652961626,Coffee
Venkids Valley Estate (Washed) – Coorg - Medium Dark Roast,Bloom Coffee,2000.0,1kg,Medium-Dark Roast,"Mexican chocolate, Caramel, and Orange Zest A short, scenic drive from Madikeri, past a rivulet or two",Coorg,Washed,"Elevation: 3600 ft. Varietal: SLN6 Processing: Washed Roast: Medium Tasting notes: Mexican chocolate, Caramel, and Orange Zest A short, scenic drive from Madikeri, past a rivulet or two, leads you to the charming “Papakuchi Coffee” by Venkids Valley Estate, where you are welcomed by Pavan and his wife Shilpa. The estate spreads across 200 acres, and is divided into “Patte” or fields, named aptly by the workers. Imagine being able to spot the exact patch of land your coffee was grown on. Yes, that’s the level of traceability Pavan is able to achieve at this estate. This SLN6, grown in the “Kenjipatte” is roasted to slightly darker than a medium (some might even call it a medium) to really enhance the syrupy body and the notes of caramel which are offset by the a splash of orange zest. Pretty great for filters, great for espresso! Pick you grind and brew away!",https://bloomcoffeeroasters.in/products/venkids-valley-estate-medium-dark,https://cdn.shopify.com/s/files/1/0550/0082/6042/products/venkidsvalleywashedfront.png?v=1652961626,Coffee
Venkids Valley Estate (Washed) – Coorg - Medium Dark Roast,Bloom Coffee,2000.0,1kg,Medium-Dark Roast,"Mexican chocolate, Caramel, and Orange Zest A short, scenic drive from Madikeri, past a rivulet or two",Coorg,Washed,"Elevation: 3600 ft. Varietal: SLN6 Processing: Washed Roast: Medium Tasting notes: Mexican chocolate, Caramel, and Orange Zest A short, scenic drive from Madikeri, past a rivulet or two, leads you to the charming “Papakuchi Coffee” by Venkids Valley Estate, where you are welcomed by Pavan and his wife Shilpa. The estate spreads across 200 acres, and is divided into “Patte” or fields, named aptly by the workers. Imagine being able to spot the exact patch of land your coffee was grown on. Yes, that’s the level of traceability Pavan is able to achieve at this estate. This SLN6, grown in the “Kenjipatte” is roasted to slightly darker than a medium (some might even call it a medium) to really enhance the syrupy body and the notes of caramel which are offset by the a splash of orange zest. Pretty great for filters, great for espresso! Pick you grind and brew away!",https://bloomcoffeeroasters.in/products/venkids-valley-estate-medium-dark,https://cdn.shopify.com/s/files/1/0550/0082/6042/products/venkidsvalleywashedfront.png?v=1652961626,Coffee
Venkids Valley Estate (Washed) – Coorg - Medium Dark Roast,Bloom Coffee,2000.0,1kg,Medium-Dark Roast,"Mexican chocolate, Caramel, and Orange Zest A short, scenic drive from Madikeri, past a rivulet or two",Coorg,Washed,"Elevation: 3600 ft. Varietal: SLN6 Processing: Washed Roast: Medium Tasting notes: Mexican chocolate, Caramel, and Orange Zest A short, scenic drive from Madikeri, past a rivulet or two, leads you to the charming “Papakuchi Coffee” by Venkids Valley Estate, where you are welcomed by Pavan and his wife Shilpa. The estate spreads across 200 acres, and is divided into “Patte” or fields, named aptly by the workers. Imagine being able to spot the exact patch of land your coffee was grown on. Yes, that’s the level of traceability Pavan is able to achieve at this estate. This SLN6, grown in the “Kenjipatte” is roasted to slightly darker than a medium (some might even call it a medium) to really enhance the syrupy body and the notes of caramel which are offset by the a splash of orange zest. Pretty great for filters, great for espresso! Pick you grind and brew away!",https://bloomcoffeeroasters.in/products/venkids-valley-estate-medium-dark,https://cdn.shopify.com/s/files/1/0550/0082/6042/products/venkidsvalleywashedfront.png?v=1652961626,Coffee
Venkids Valley Estate (Washed) – Coorg - Medium Dark Roast,Bloom Coffee,2000.0,1kg,Medium-Dark Roast,"Mexican chocolate, Caramel, and Orange Zest A short, scenic drive from Madikeri, past a rivulet or two",Coorg,Washed,"Elevation: 3600 ft. Varietal: SLN6 Processing: Washed Roast: Medium Tasting notes: Mexican chocolate, Caramel, and Orange Zest A short, scenic drive from Madikeri, past a rivulet or two, leads you to the charming “Papakuchi Coffee” by Venkids Valley Estate, where you are welcomed by Pavan and his wife Shilpa. The estate spreads across 200 acres, and is divided into “Patte” or fields, named aptly by the workers. Imagine being able to spot the exact patch of land your coffee was grown on. Yes, that’s the level of traceability Pavan is able to achieve at this estate. This SLN6, grown in the “Kenjipatte” is roasted to slightly darker than a medium (some might even call it a medium) to really enhance the syrupy body and the notes of caramel which are offset by the a splash of orange zest. Pretty great for filters, great for espresso! Pick you grind and brew away!",https://bloomcoffeeroasters.in/products/venkids-valley-estate-medium-dark,https://cdn.shopify.com/s/files/1/0550/0082/6042/products/venkidsvalleywashedfront.png?v=1652961626,Coffee
Venkids Valley Estate (Washed) – Coorg - Medium Dark Roast,Bloom Coffee,2000.0,1kg,Medium-Dark Roast,"Mexican chocolate, Caramel, and Orange Zest A short, scenic drive from Madikeri, past a rivulet or two",Coorg,Washed,"Elevation: 3600 ft. Varietal: SLN6 Processing: Washed Roast: Medium Tasting notes: Mexican chocolate, Caramel, and Orange Zest A short, scenic drive from Madikeri, past a rivulet or two, leads you to the charming “Papakuchi Coffee” by Venkids Valley Estate, where you are welcomed by Pavan and his wife Shilpa. The estate spreads across 200 acres, and is divided into “Patte” or fields, named aptly by the workers. Imagine being able to spot the exact patch of land your coffee was grown on. Yes, that’s the level of traceability Pavan is able to achieve at this estate. This SLN6, grown in the “Kenjipatte” is roasted to slightly darker than a medium (some might even call it a medium) to really enhance the syrupy body and the notes of caramel which are offset by the a splash of orange zest. Pretty great for filters, great for espresso! Pick you grind and brew away!",https://bloomcoffeeroasters.in/products/venkids-valley-estate-medium-dark,https://cdn.shopify.com/s/files/1/0550/0082/6042/products/venkidsvalleywashedfront.png?v=1652961626,Coffee
Venkids Valley Estate (Washed) – Coorg - Medium Dark Roast,Bloom Coffee,2000.0,1kg,Medium-Dark Roast,"Mexican chocolate, Caramel, and Orange Zest A short, scenic drive from Madikeri, past a rivulet or two",Coorg,Washed,"Elevation: 3600 ft. Varietal: SLN6 Processing: Washed Roast: Medium Tasting notes: Mexican chocolate, Caramel, and Orange Zest A short, scenic drive from Madikeri, past a rivulet or two, leads you to the charming “Papakuchi Coffee” by Venkids Valley Estate, where you are welcomed by Pavan and his wife Shilpa. The estate spreads across 200 acres, and is divided into “Patte” or fields, named aptly by the workers. Imagine being able to spot the exact patch of land your coffee was grown on. Yes, that’s the level of traceability Pavan is able to achieve at this estate. This SLN6, grown in the “Kenjipatte” is roasted to slightly darker than a medium (some might even call it a medium) to really enhance the syrupy body and the notes of caramel which are offset by the a splash of orange zest. Pretty great for filters, great for espresso! Pick you grind and brew away!",https://bloomcoffeeroasters.in/products/venkids-valley-estate-medium-dark,https://cdn.shopify.com/s/files/1/0550/0082/6042/products/venkidsvalleywashedfront.png?v=1652961626,Coffee
Venkids Valley Estate (Washed) – Coorg - Medium Dark Roast,Bloom Coffee,2000.0,1kg,Medium-Dark Roast,"Mexican chocolate, Caramel, and Orange Zest A short, scenic drive from Madikeri, past a rivulet or two",Coorg,Washed,"Elevation: 3600 ft. Varietal: SLN6 Processing: Washed Roast: Medium Tasting notes: Mexican chocolate, Caramel, and Orange Zest A short, scenic drive from Madikeri, past a rivulet or two, leads you to the charming “Papakuchi Coffee” by Venkids Valley Estate, where you are welcomed by Pavan and his wife Shilpa. The estate spreads across 200 acres, and is divided into “Patte” or fields, named aptly by the workers. Imagine being able to spot the exact patch of land your coffee was grown on. Yes, that’s the level of traceability Pavan is able to achieve at this estate. This SLN6, grown in the “Kenjipatte” is roasted to slightly darker than a medium (some might even call it a medium) to really enhance the syrupy body and the notes of caramel which are offset by the a splash of orange zest. Pretty great for filters, great for espresso! Pick you grind and brew away!",https://bloomcoffeeroasters.in/products/venkids-valley-estate-medium-dark,https://cdn.shopify.com/s/files/1/0550/0082/6042/products/venkidsvalleywashedfront.png?v=1652961626,Coffee
Venkids Valley Estate (Washed) – Coorg - Medium Dark Roast,Bloom Coffee,2000.0,1kg,Medium-Dark Roast,"Mexican chocolate, Caramel, and Orange Zest A short, scenic drive from Madikeri, past a rivulet or two",Coorg,Washed,"Elevation: 3600 ft. Varietal: SLN6 Processing: Washed Roast: Medium Tasting notes: Mexican chocolate, Caramel, and Orange Zest A short, scenic drive from Madikeri, past a rivulet or two, leads you to the charming “Papakuchi Coffee” by Venkids Valley Estate, where you are welcomed by Pavan and his wife Shilpa. The estate spreads across 200 acres, and is divided into “Patte” or fields, named aptly by the workers. Imagine being able to spot the exact patch of land your coffee was grown on. Yes, that’s the level of traceability Pavan is able to achieve at this estate. This SLN6, grown in the “Kenjipatte” is roasted to slightly darker than a medium (some might even call it a medium) to really enhance the syrupy body and the notes of caramel which are offset by the a splash of orange zest. Pretty great for filters, great for espresso! Pick you grind and brew away!",https://bloomcoffeeroasters.in/products/venkids-valley-estate-medium-dark,https://cdn.shopify.com/s/files/1/0550/0082/6042/products/venkidsvalleywashedfront.png?v=1652961626,Coffee
Venkids Valley Estate (Washed) – Coorg - Medium Dark Roast,Bloom Coffee,600.0,250g,Medium-Dark Roast,"Mexican chocolate, Caramel, and Orange Zest A short, scenic drive from Madikeri, past a rivulet or two",Coorg,Washed,"Elevation: 3600 ft. Varietal: SLN6 Processing: Washed Roast: Medium Tasting notes: Mexican chocolate, Caramel, and Orange Zest A short, scenic drive from Madikeri, past a rivulet or two, leads you to the charming “Papakuchi Coffee” by Venkids Valley Estate, where you are welcomed by Pavan and his wife Shilpa. The estate spreads across 200 acres, and is divided into “Patte” or fields, named aptly by the workers. Imagine being able to spot the exact patch of land your coffee was grown on. Yes, that’s the level of traceability Pavan is able to achieve at this estate. This SLN6, grown in the “Kenjipatte” is roasted to slightly darker than a medium (some might even call it a medium) to really enhance the syrupy body and the notes of caramel which are offset by the a splash of orange zest. Pretty great for filters, great for espresso! Pick you grind and brew away!",https://bloomcoffeeroasters.in/products/venkids-valley-estate-medium-dark,https://cdn.shopify.com/s/files/1/0550/0082/6042/products/venkidsvalleywashedfront.png?v=1652961626,Coffee
Venkids Valley Estate (Washed) – Coorg - Medium Dark Roast,Bloom Coffee,600.0,250g,Medium-Dark Roast,"Mexican chocolate, Caramel, and Orange Zest A short, scenic drive from Madikeri, past a rivulet or two",Coorg,Washed,"Elevation: 3600 ft. Varietal: SLN6 Processing: Washed Roast: Medium Tasting notes: Mexican chocolate, Caramel, and Orange Zest A short, scenic drive from Madikeri, past a rivulet or two, leads you to the charming “Papakuchi Coffee” by Venkids Valley Estate, where you are welcomed by Pavan and his wife Shilpa. The estate spreads across 200 acres, and is divided into “Patte” or fields, named aptly by the workers. Imagine being able to spot the exact patch of land your coffee was grown on. Yes, that’s the level of traceability Pavan is able to achieve at this estate. This SLN6, grown in the “Kenjipatte” is roasted to slightly darker than a medium (some might even call it a medium) to really enhance the syrupy body and the notes of caramel which are offset by the a splash of orange zest. Pretty great for filters, great for espresso! Pick you grind and brew away!",https://bloomcoffeeroasters.in/products/venkids-valley-estate-medium-dark,https://cdn.shopify.com/s/files/1/0550/0082/6042/products/venkidsvalleywashedfront.png?v=1652961626,Coffee
Venkids Valley Estate (Washed) – Coorg - Medium Dark Roast,Bloom Coffee,600.0,250g,Medium-Dark Roast,"Mexican chocolate, Caramel, and Orange Zest A short, scenic drive from Madikeri, past a rivulet or two",Coorg,Washed,"Elevation: 3600 ft. Varietal: SLN6 Processing: Washed Roast: Medium Tasting notes: Mexican chocolate, Caramel, and Orange Zest A short, scenic drive from Madikeri, past a rivulet or two, leads you to the charming “Papakuchi Coffee” by Venkids Valley Estate, where you are welcomed by Pavan and his wife Shilpa. The estate spreads across 200 acres, and is divided into “Patte” or fields, named aptly by the workers. Imagine being able to spot the exact patch of land your coffee was grown on. Yes, that’s the level of traceability Pavan is able to achieve at this estate. This SLN6, grown in the “Kenjipatte” is roasted to slightly darker than a medium (some might even call it a medium) to really enhance the syrupy body and the notes of caramel which are offset by the a splash of orange zest. Pretty great for filters, great for espresso! Pick you grind and brew away!",https://bloomcoffeeroasters.in/products/venkids-valley-estate-medium-dark,https://cdn.shopify.com/s/files/1/0550/0082/6042/products/venkidsvalleywashedfront.png?v=1652961626,Coffee
Venkids Valley Estate (Washed) – Coorg - Medium Dark Roast,Bloom Coffee,600.0,250g,Medium-Dark Roast,"Mexican chocolate, Caramel, and Orange Zest A short, scenic drive from Madikeri, past a rivulet or two",Coorg,Washed,"Elevation: 3600 ft. Varietal: SLN6 Processing: Washed Roast: Medium Tasting notes: Mexican chocolate, Caramel, and Orange Zest A short, scenic drive from Madikeri, past a rivulet or two, leads you to the charming “Papakuchi Coffee” by Venkids Valley Estate, where you are welcomed by Pavan and his wife Shilpa. The estate spreads across 200 acres, and is divided into “Patte” or fields, named aptly by the workers. Imagine being able to spot the exact patch of land your coffee was grown on. Yes, that’s the level of traceability Pavan is able to achieve at this estate. This SLN6, grown in the “Kenjipatte” is roasted to slightly darker than a medium (some might even call it a medium) to really enhance the syrupy body and the notes of caramel which are offset by the a splash of orange zest. Pretty great for filters, great for espresso! Pick you grind and brew away!",https://bloomcoffeeroasters.in/products/venkids-valley-estate-medium-dark,https://cdn.shopify.com/s/files/1/0550/0082/6042/products/venkidsvalleywashedfront.png?v=1652961626,Coffee
Venkids Valley Estate (Washed) – Coorg - Medium Dark Roast,Bloom Coffee,600.0,250g,Medium-Dark Roast,"Mexican chocolate, Caramel, and Orange Zest A short, scenic drive from Madikeri, past a rivulet or two",Coorg,Washed,"Elevation: 3600 ft. Varietal: SLN6 Processing: Washed Roast: Medium Tasting notes: Mexican chocolate, Caramel, and Orange Zest A short, scenic drive from Madikeri, past a rivulet or two, leads you to the charming “Papakuchi Coffee” by Venkids Valley Estate, where you are welcomed by Pavan and his wife Shilpa. The estate spreads across 200 acres, and is divided into “Patte” or fields, named aptly by the workers. Imagine being able to spot the exact patch of land your coffee was grown on. Yes, that’s the level of traceability Pavan is able to achieve at this estate. This SLN6, grown in the “Kenjipatte” is roasted to slightly darker than a medium (some might even call it a medium) to really enhance the syrupy body and the notes of caramel which are offset by the a splash of orange zest. Pretty great for filters, great for espresso! Pick you grind and brew away!",https://bloomcoffeeroasters.in/products/venkids-valley-estate-medium-dark,https://cdn.shopify.com/s/files/1/0550/0082/6042/products/venkidsvalleywashedfront.png?v=1652961626,Coffee
Venkids Valley Estate (Washed) – Coorg - Medium Dark Roast,Bloom Coffee,600.0,250g,Medium-Dark Roast,"Mexican chocolate, Caramel, and Orange Zest A short, scenic drive from Madikeri, past a rivulet or two",Coorg,Washed,"Elevation: 3600 ft. Varietal: SLN6 Processing: Washed Roast: Medium Tasting notes: Mexican chocolate, Caramel, and Orange Zest A short, scenic drive from Madikeri, past a rivulet or two, leads you to the charming “Papakuchi Coffee” by Venkids Valley Estate, where you are welcomed by Pavan and his wife Shilpa. The estate spreads across 200 acres, and is divided into “Patte” or fields, named aptly by the workers. Imagine being able to spot the exact patch of land your coffee was grown on. Yes, that’s the level of traceability Pavan is able to achieve at this estate. This SLN6, grown in the “Kenjipatte” is roasted to slightly darker than a medium (some might even call it a medium) to really enhance the syrupy body and the notes of caramel which are offset by the a splash of orange zest. Pretty great for filters, great for espresso! Pick you grind and brew away!",https://bloomcoffeeroasters.in/products/venkids-valley-estate-medium-dark,https://cdn.shopify.com/s/files/1/0550/0082/6042/products/venkidsvalleywashedfront.png?v=1652961626,Coffee
Venkids Valley Estate (Washed) – Coorg - Medium Dark Roast,Bloom Coffee,600.0,250g,Medium-Dark Roast,"Mexican chocolate, Caramel, and Orange Zest A short, scenic drive from Madikeri, past a rivulet or two",Coorg,Washed,"Elevation: 3600 ft. Varietal: SLN6 Processing: Washed Roast: Medium Tasting notes: Mexican chocolate, Caramel, and Orange Zest A short, scenic drive from Madikeri, past a rivulet or two, leads you to the charming “Papakuchi Coffee” by Venkids Valley Estate, where you are welcomed by Pavan and his wife Shilpa. The estate spreads across 200 acres, and is divided into “Patte” or fields, named aptly by the workers. Imagine being able to spot the exact patch of land your coffee was grown on. Yes, that’s the level of traceability Pavan is able to achieve at this estate. This SLN6, grown in the “Kenjipatte” is roasted to slightly darker than a medium (some might even call it a medium) to really enhance the syrupy body and the notes of caramel which are offset by the a splash of orange zest. Pretty great for filters, great for espresso! Pick you grind and brew away!",https://bloomcoffeeroasters.in/products/venkids-valley-estate-medium-dark,https://cdn.shopify.com/s/files/1/0550/0082/6042/products/venkidsvalleywashedfront.png?v=1652961626,Coffee
Venkids Valley Estate (Washed) – Coorg - Medium Dark Roast,Bloom Coffee,600.0,250g,Medium-Dark Roast,"Mexican chocolate, Caramel, and Orange Zest A short, scenic drive from Madikeri, past a rivulet or two",Coorg,Washed,"Elevation: 3600 ft. Varietal: SLN6 Processing: Washed Roast: Medium Tasting notes: Mexican chocolate, Caramel, and Orange Zest A short, scenic drive from Madikeri, past a rivulet or two, leads you to the charming “Papakuchi Coffee” by Venkids Valley Estate, where you are welcomed by Pavan and his wife Shilpa. The estate spreads across 200 acres, and is divided into “Patte” or fields, named aptly by the workers. Imagine being able to spot the exact patch of land your coffee was grown on. Yes, that’s the level of traceability Pavan is able to achieve at this estate. This SLN6, grown in the “Kenjipatte” is roasted to slightly darker than a medium (some might even call it a medium) to really enhance the syrupy body and the notes of caramel which are offset by the a splash of orange zest. Pretty great for filters, great for espresso! Pick you grind and brew away!",https://bloomcoffeeroasters.in/products/venkids-valley-estate-medium-dark,https://cdn.shopify.com/s/files/1/0550/0082/6042/products/venkidsvalleywashedfront.png?v=1652961626,Coffee
Venkids Valley Estate (Washed) – Coorg - Medium Dark Roast,Bloom Coffee,600.0,250g,Medium-Dark Roast,"Mexican chocolate, Caramel, and Orange Zest A short, scenic drive from Madikeri, past a rivulet or two",Coorg,Washed,"Elevation: 3600 ft. Varietal: SLN6 Processing: Washed Roast: Medium Tasting notes: Mexican chocolate, Caramel, and Orange Zest A short, scenic drive from Madikeri, past a rivulet or two, leads you to the charming “Papakuchi Coffee” by Venkids Valley Estate, where you are welcomed by Pavan and his wife Shilpa. The estate spreads across 200 acres, and is divided into “Patte” or fields, named aptly by the workers. Imagine being able to spot the exact patch of land your coffee was grown on. Yes, that’s the level of traceability Pavan is able to achieve at this estate. This SLN6, grown in the “Kenjipatte” is roasted to slightly darker than a medium (some might even call it a medium) to really enhance the syrupy body and the notes of caramel which are offset by the a splash of orange zest. Pretty great for filters, great for espresso! Pick you grind and brew away!",https://bloomcoffeeroasters.in/products/venkids-valley-estate-medium-dark,https://cdn.shopify.com/s/files/1/0550/0082/6042/products/venkidsvalleywashedfront.png?v=1652961626,Coffee
Salawara Estate – Chikmaglur - Dark Roast,Bloom Coffee,2000.0,1kg,Dark Roast,"Caramel, milk chocolate, subtle hints of citrus",Chikmagalur,Washed,"Tasting Notes: Caramel, milk chocolate, subtle hints of citrus Elevation: 3130 ft. Varietal: Processing: Washed Roast: Dark Spread across 400 acres in the fabled hills of Chikmaglur, the Salawara estate was started in 1880, and produces some delicious Arabicas and Robustas that have won various awards in India and abroad. This washed arabica grown at 3130 ft. tastes of the rich terroir of the estate, dotted with exotic herbs and spices that are grown alongside the coffee. The coffee is roasted darker than our medium to bring out more of the delicious milk chocolate",https://bloomcoffeeroasters.in/products/salawara-estate-dark-roast,https://cdn.shopify.com/s/files/1/0550/0082/6042/products/salawarapng.png?v=1652961538,Coffee
Salawara Estate – Chikmaglur - Dark Roast,Bloom Coffee,2000.0,1kg,Dark Roast,"Caramel, milk chocolate, subtle hints of citrus",Chikmagalur,Washed,"Tasting Notes: Caramel, milk chocolate, subtle hints of citrus Elevation: 3130 ft. Varietal: Processing: Washed Roast: Dark Spread across 400 acres in the fabled hills of Chikmaglur, the Salawara estate was started in 1880, and produces some delicious Arabicas and Robustas that have won various awards in India and abroad. This washed arabica grown at 3130 ft. tastes of the rich terroir of the estate, dotted with exotic herbs and spices that are grown alongside the coffee. The coffee is roasted darker than our medium to bring out more of the delicious milk chocolate",https://bloomcoffeeroasters.in/products/salawara-estate-dark-roast,https://cdn.shopify.com/s/files/1/0550/0082/6042/products/salawarapng.png?v=1652961538,Coffee
Salawara Estate – Chikmaglur - Dark Roast,Bloom Coffee,2000.0,1kg,Dark Roast,"Caramel, milk chocolate, subtle hints of citrus",Chikmagalur,Washed,"Tasting Notes: Caramel, milk chocolate, subtle hints of citrus Elevation: 3130 ft. Varietal: Processing: Washed Roast: Dark Spread across 400 acres in the fabled hills of Chikmaglur, the Salawara estate was started in 1880, and produces some delicious Arabicas and Robustas that have won various awards in India and abroad. This washed arabica grown at 3130 ft. tastes of the rich terroir of the estate, dotted with exotic herbs and spices that are grown alongside the coffee. The coffee is roasted darker than our medium to bring out more of the delicious milk chocolate",https://bloomcoffeeroasters.in/products/salawara-estate-dark-roast,https://cdn.shopify.com/s/files/1/0550/0082/6042/products/salawarapng.png?v=1652961538,Coffee
Salawara Estate – Chikmaglur - Dark Roast,Bloom Coffee,2000.0,1kg,Dark Roast,"Caramel, milk chocolate, subtle hints of citrus",Chikmagalur,Washed,"Tasting Notes: Caramel, milk chocolate, subtle hints of citrus Elevation: 3130 ft. Varietal: Processing: Washed Roast: Dark Spread across 400 acres in the fabled hills of Chikmaglur, the Salawara estate was started in 1880, and produces some delicious Arabicas and Robustas that have won various awards in India and abroad. This washed arabica grown at 3130 ft. tastes of the rich terroir of the estate, dotted with exotic herbs and spices that are grown alongside the coffee. The coffee is roasted darker than our medium to bring out more of the delicious milk chocolate",https://bloomcoffeeroasters.in/products/salawara-estate-dark-roast,https://cdn.shopify.com/s/files/1/0550/0082/6042/products/salawarapng.png?v=1652961538,Coffee
Salawara Estate – Chikmaglur - Dark Roast,Bloom Coffee,2000.0,1kg,Dark Roast,"Caramel, milk chocolate, subtle hints of citrus",Chikmagalur,Washed,"Tasting Notes: Caramel, milk chocolate, subtle hints of citrus Elevation: 3130 ft. Varietal: Processing: Washed Roast: Dark Spread across 400 acres in the fabled hills of Chikmaglur, the Salawara estate was started in 1880, and produces some delicious Arabicas and Robustas that have won various awards in India and abroad. This washed arabica grown at 3130 ft. tastes of the rich terroir of the estate, dotted with exotic herbs and spices that are grown alongside the coffee. The coffee is roasted darker than our medium to bring out more of the delicious milk chocolate",https://bloomcoffeeroasters.in/products/salawara-estate-dark-roast,https://cdn.shopify.com/s/files/1/0550/0082/6042/products/salawarapng.png?v=1652961538,Coffee
Salawara Estate – Chikmaglur - Dark Roast,Bloom Coffee,2000.0,1kg,Dark Roast,"Caramel, milk chocolate, subtle hints of citrus",Chikmagalur,Washed,"Tasting Notes: Caramel, milk chocolate, subtle hints of citrus Elevation: 3130 ft. Varietal: Processing: Washed Roast: Dark Spread across 400 acres in the fabled hills of Chikmaglur, the Salawara estate was started in 1880, and produces some delicious Arabicas and Robustas that have won various awards in India and abroad. This washed arabica grown at 3130 ft. tastes of the rich terroir of the estate, dotted with exotic herbs and spices that are grown alongside the coffee. The coffee is roasted darker than our medium to bring out more of the delicious milk chocolate",https://bloomcoffeeroasters.in/products/salawara-estate-dark-roast,https://cdn.shopify.com/s/files/1/0550/0082/6042/products/salawarapng.png?v=1652961538,Coffee
Salawara Estate – Chikmaglur - Dark Roast,Bloom Coffee,2000.0,1kg,Dark Roast,"Caramel, milk chocolate, subtle hints of citrus",Chikmagalur,Washed,"Tasting Notes: Caramel, milk chocolate, subtle hints of citrus Elevation: 3130 ft. Varietal: Processing: Washed Roast: Dark Spread across 400 acres in the fabled hills of Chikmaglur, the Salawara estate was started in 1880, and produces some delicious Arabicas and Robustas that have won various awards in India and abroad. This washed arabica grown at 3130 ft. tastes of the rich terroir of the estate, dotted with exotic herbs and spices that are grown alongside the coffee. The coffee is roasted darker than our medium to bring out more of the delicious milk chocolate",https://bloomcoffeeroasters.in/products/salawara-estate-dark-roast,https://cdn.shopify.com/s/files/1/0550/0082/6042/products/salawarapng.png?v=1652961538,Coffee
Salawara Estate – Chikmaglur - Dark Roast,Bloom Coffee,2000.0,1kg,Dark Roast,"Caramel, milk chocolate, subtle hints of citrus",Chikmagalur,Washed,"Tasting Notes: Caramel, milk chocolate, subtle hints of citrus Elevation: 3130 ft. Varietal: Processing: Washed Roast: Dark Spread across 400 acres in the fabled hills of Chikmaglur, the Salawara estate was started in 1880, and produces some delicious Arabicas and Robustas that have won various awards in India and abroad. This washed arabica grown at 3130 ft. tastes of the rich terroir of the estate, dotted with exotic herbs and spices that are grown alongside the coffee. The coffee is roasted darker than our medium to bring out more of the delicious milk chocolate",https://bloomcoffeeroasters.in/products/salawara-estate-dark-roast,https://cdn.shopify.com/s/files/1/0550/0082/6042/products/salawarapng.png?v=1652961538,Coffee
Salawara Estate – Chikmaglur - Dark Roast,Bloom Coffee,2000.0,1kg,Dark Roast,"Caramel, milk chocolate, subtle hints of citrus",Chikmagalur,Washed,"Tasting Notes: Caramel, milk chocolate, subtle hints of citrus Elevation: 3130 ft. Varietal: Processing: Washed Roast: Dark Spread across 400 acres in the fabled hills of Chikmaglur, the Salawara estate was started in 1880, and produces some delicious Arabicas and Robustas that have won various awards in India and abroad. This washed arabica grown at 3130 ft. tastes of the rich terroir of the estate, dotted with exotic herbs and spices that are grown alongside the coffee. The coffee is roasted darker than our medium to bring out more of the delicious milk chocolate",https://bloomcoffeeroasters.in/products/salawara-estate-dark-roast,https://cdn.shopify.com/s/files/1/0550/0082/6042/products/salawarapng.png?v=1652961538,Coffee
Salawara Estate – Chikmaglur - Dark Roast,Bloom Coffee,650.0,250g,Dark Roast,"Caramel, milk chocolate, subtle hints of citrus",Chikmagalur,Washed,"Tasting Notes: Caramel, milk chocolate, subtle hints of citrus Elevation: 3130 ft. Varietal: Processing: Washed Roast: Dark Spread across 400 acres in the fabled hills of Chikmaglur, the Salawara estate was started in 1880, and produces some delicious Arabicas and Robustas that have won various awards in India and abroad. This washed arabica grown at 3130 ft. tastes of the rich terroir of the estate, dotted with exotic herbs and spices that are grown alongside the coffee. The coffee is roasted darker than our medium to bring out more of the delicious milk chocolate",https://bloomcoffeeroasters.in/products/salawara-estate-dark-roast,https://cdn.shopify.com/s/files/1/0550/0082/6042/products/salawarapng.png?v=1652961538,Coffee
Salawara Estate – Chikmaglur - Dark Roast,Bloom Coffee,650.0,250g,Dark Roast,"Caramel, milk chocolate, subtle hints of citrus",Chikmagalur,Washed,"Tasting Notes: Caramel, milk chocolate, subtle hints of citrus Elevation: 3130 ft. Varietal: Processing: Washed Roast: Dark Spread across 400 acres in the fabled hills of Chikmaglur, the Salawara estate was started in 1880, and produces some delicious Arabicas and Robustas that have won various awards in India and abroad. This washed arabica grown at 3130 ft. tastes of the rich terroir of the estate, dotted with exotic herbs and spices that are grown alongside the coffee. The coffee is roasted darker than our medium to bring out more of the delicious milk chocolate",https://bloomcoffeeroasters.in/products/salawara-estate-dark-roast,https://cdn.shopify.com/s/files/1/0550/0082/6042/products/salawarapng.png?v=1652961538,Coffee
Salawara Estate – Chikmaglur - Dark Roast,Bloom Coffee,650.0,250g,Dark Roast,"Caramel, milk chocolate, subtle hints of citrus",Chikmagalur,Washed,"Tasting Notes: Caramel, milk chocolate, subtle hints of citrus Elevation: 3130 ft. Varietal: Processing: Washed Roast: Dark Spread across 400 acres in the fabled hills of Chikmaglur, the Salawara estate was started in 1880, and produces some delicious Arabicas and Robustas that have won various awards in India and abroad. This washed arabica grown at 3130 ft. tastes of the rich terroir of the estate, dotted with exotic herbs and spices that are grown alongside the coffee. The coffee is roasted darker than our medium to bring out more of the delicious milk chocolate",https://bloomcoffeeroasters.in/products/salawara-estate-dark-roast,https://cdn.shopify.com/s/files/1/0550/0082/6042/products/salawarapng.png?v=1652961538,Coffee
Salawara Estate – Chikmaglur - Dark Roast,Bloom Coffee,650.0,250g,Dark Roast,"Caramel, milk chocolate, subtle hints of citrus",Chikmagalur,Washed,"Tasting Notes: Caramel, milk chocolate, subtle hints of citrus Elevation: 3130 ft. Varietal: Processing: Washed Roast: Dark Spread across 400 acres in the fabled hills of Chikmaglur, the Salawara estate was started in 1880, and produces some delicious Arabicas and Robustas that have won various awards in India and abroad. This washed arabica grown at 3130 ft. tastes of the rich terroir of the estate, dotted with exotic herbs and spices that are grown alongside the coffee. The coffee is roasted darker than our medium to bring out more of the delicious milk chocolate",https://bloomcoffeeroasters.in/products/salawara-estate-dark-roast,https://cdn.shopify.com/s/files/1/0550/0082/6042/products/salawarapng.png?v=1652961538,Coffee
Salawara Estate – Chikmaglur - Dark Roast,Bloom Coffee,650.0,250g,Dark Roast,"Caramel, milk chocolate, subtle hints of citrus",Chikmagalur,Washed,"Tasting Notes: Caramel, milk chocolate, subtle hints of citrus Elevation: 3130 ft. Varietal: Processing: Washed Roast: Dark Spread across 400 acres in the fabled hills of Chikmaglur, the Salawara estate was started in 1880, and produces some delicious Arabicas and Robustas that have won various awards in India and abroad. This washed arabica grown at 3130 ft. tastes of the rich terroir of the estate, dotted with exotic herbs and spices that are grown alongside the coffee. The coffee is roasted darker than our medium to bring out more of the delicious milk chocolate",https://bloomcoffeeroasters.in/products/salawara-estate-dark-roast,https://cdn.shopify.com/s/files/1/0550/0082/6042/products/salawarapng.png?v=1652961538,Coffee
Salawara Estate – Chikmaglur - Dark Roast,Bloom Coffee,650.0,250g,Dark Roast,"Caramel, milk chocolate, subtle hints of citrus",Chikmagalur,Washed,"Tasting Notes: Caramel, milk chocolate, subtle hints of citrus Elevation: 3130 ft. Varietal: Processing: Washed Roast: Dark Spread across 400 acres in the fabled hills of Chikmaglur, the Salawara estate was started in 1880, and produces some delicious Arabicas and Robustas that have won various awards in India and abroad. This washed arabica grown at 3130 ft. tastes of the rich terroir of the estate, dotted with exotic herbs and spices that are grown alongside the coffee. The coffee is roasted darker than our medium to bring out more of the delicious milk chocolate",https://bloomcoffeeroasters.in/products/salawara-estate-dark-roast,https://cdn.shopify.com/s/files/1/0550/0082/6042/products/salawarapng.png?v=1652961538,Coffee
Salawara Estate – Chikmaglur - Dark Roast,Bloom Coffee,650.0,250g,Dark Roast,"Caramel, milk chocolate, subtle hints of citrus",Chikmagalur,Washed,"Tasting Notes: Caramel, milk chocolate, subtle hints of citrus Elevation: 3130 ft. Varietal: Processing: Washed Roast: Dark Spread across 400 acres in the fabled hills of Chikmaglur, the Salawara estate was started in 1880, and produces some delicious Arabicas and Robustas that have won various awards in India and abroad. This washed arabica grown at 3130 ft. tastes of the rich terroir of the estate, dotted with exotic herbs and spices that are grown alongside the coffee. The coffee is roasted darker than our medium to bring out more of the delicious milk chocolate",https://bloomcoffeeroasters.in/products/salawara-estate-dark-roast,https://cdn.shopify.com/s/files/1/0550/0082/6042/products/salawarapng.png?v=1652961538,Coffee
Salawara Estate – Chikmaglur - Dark Roast,Bloom Coffee,650.0,250g,Dark Roast,"Caramel, milk chocolate, subtle hints of citrus",Chikmagalur,Washed,"Tasting Notes: Caramel, milk chocolate, subtle hints of citrus Elevation: 3130 ft. Varietal: Processing: Washed Roast: Dark Spread across 400 acres in the fabled hills of Chikmaglur, the Salawara estate was started in 1880, and produces some delicious Arabicas and Robustas that have won various awards in India and abroad. This washed arabica grown at 3130 ft. tastes of the rich terroir of the estate, dotted with exotic herbs and spices that are grown alongside the coffee. The coffee is roasted darker than our medium to bring out more of the delicious milk chocolate",https://bloomcoffeeroasters.in/products/salawara-estate-dark-roast,https://cdn.shopify.com/s/files/1/0550/0082/6042/products/salawarapng.png?v=1652961538,Coffee
Salawara Estate – Chikmaglur - Dark Roast,Bloom Coffee,650.0,250g,Dark Roast,"Caramel, milk chocolate, subtle hints of citrus",Chikmagalur,Washed,"Tasting Notes: Caramel, milk chocolate, subtle hints of citrus Elevation: 3130 ft. Varietal: Processing: Washed Roast: Dark Spread across 400 acres in the fabled hills of Chikmaglur, the Salawara estate was started in 1880, and produces some delicious Arabicas and Robustas that have won various awards in India and abroad. This washed arabica grown at 3130 ft. tastes of the rich terroir of the estate, dotted with exotic herbs and spices that are grown alongside the coffee. The coffee is roasted darker than our medium to bring out more of the delicious milk chocolate",https://bloomcoffeeroasters.in/products/salawara-estate-dark-roast,https://cdn.shopify.com/s/files/1/0550/0082/6042/products/salawarapng.png?v=1652961538,Coffee
BCR Custom Sample Pack of 3,Bloom Coffee,600.0,,Light Roast,,,,"Can't quite make up your mind about which our delicious coffees would be your idea? Commitment phobic?? Don't worry about it, let us help you out! Choose three coffees you think you'll like, and the grind size you need, and we'll send 75 gram samples of those coffees to help you pick your one or maybe even two true loves! This sample pack includes all our medium, medium dark and dark roasts, but not the light roasts. Click here to check out the Light Roast Sampler.",https://bloomcoffeeroasters.in/products/bcr-custom-sample-pack-of-3,https://cdn.shopify.com/s/files/1/0550/0082/6042/products/3samplebags.png?v=1623135207,Coffee
Coffee Subscription,Bloom Coffee,3450.0,6 months / Once a month / 1,,"A customised prepaid subscription, where we send you delicious freshly",,,"A customised prepaid subscription, where we send you delicious freshly roasted coffees to your doorstep when you want, as often as you want, as many as you want and for as long as you want! Please note that The Pre-Paid Subscription does not include our 9 experimental lots for this season as they were exclusively part of the BCR Season Ticket How much does it cost? We have kept a flat rate of Rs. 575 per bag which includes shipping, and taxes! The total cost depends on the duration, frequency, no. of bags you use! For Eg. Duration: 6 months; Frequency: once a month, No. of bags: 2 - Total bags = 12; The total cost = Rs. 6,900! What you get? Coffee, without moving a muscle, at a discounted flat rate which will include all our delicious year-round coffees, and seasonal blends. Personally curated selections of coffees, as per your brewing and taste preferences! Occasional surprise samples of pre-release coffees.",https://bloomcoffeeroasters.in/products/coffee-subscription,https://cdn.shopify.com/s/files/1/0550/0082/6042/products/CopyofPre-paidCoffeeSubscription.png?v=1622880364,Subscriptions
Coffee Subscription,Bloom Coffee,6900.0,6 months / Once a month / 2,,"A customised prepaid subscription, where we send you delicious freshly",,,"A customised prepaid subscription, where we send you delicious freshly roasted coffees to your doorstep when you want, as often as you want, as many as you want and for as long as you want! Please note that The Pre-Paid Subscription does not include our 9 experimental lots for this season as they were exclusively part of the BCR Season Ticket How much does it cost? We have kept a flat rate of Rs. 575 per bag which includes shipping, and taxes! The total cost depends on the duration, frequency, no. of bags you use! For Eg. Duration: 6 months; Frequency: once a month, No. of bags: 2 - Total bags = 12; The total cost = Rs. 6,900! What you get? Coffee, without moving a muscle, at a discounted flat rate which will include all our delicious year-round coffees, and seasonal blends. Personally curated selections of coffees, as per your brewing and taste preferences! Occasional surprise samples of pre-release coffees.",https://bloomcoffeeroasters.in/products/coffee-subscription,https://cdn.shopify.com/s/files/1/0550/0082/6042/products/CopyofPre-paidCoffeeSubscription.png?v=1622880364,Subscriptions
Coffee Subscription,Bloom Coffee,6900.0,6 months / Twice a month / 1,,"A customised prepaid subscription, where we send you delicious freshly",,,"A customised prepaid subscription, where we send you delicious freshly roasted coffees to your doorstep when you want, as often as you want, as many as you want and for as long as you want! Please note that The Pre-Paid Subscription does not include our 9 experimental lots for this season as they were exclusively part of the BCR Season Ticket How much does it cost? We have kept a flat rate of Rs. 575 per bag which includes shipping, and taxes! The total cost depends on the duration, frequency, no. of bags you use! For Eg. Duration: 6 months; Frequency: once a month, No. of bags: 2 - Total bags = 12; The total cost = Rs. 6,900! What you get? Coffee, without moving a muscle, at a discounted flat rate which will include all our delicious year-round coffees, and seasonal blends. Personally curated selections of coffees, as per your brewing and taste preferences! Occasional surprise samples of pre-release coffees.",https://bloomcoffeeroasters.in/products/coffee-subscription,https://cdn.shopify.com/s/files/1/0550/0082/6042/products/CopyofPre-paidCoffeeSubscription.png?v=1622880364,Subscriptions
Coffee Subscription,Bloom Coffee,13800.0,6 months / Twice a month / 2,,"A customised prepaid subscription, where we send you delicious freshly",,,"A customised prepaid subscription, where we send you delicious freshly roasted coffees to your doorstep when you want, as often as you want, as many as you want and for as long as you want! Please note that The Pre-Paid Subscription does not include our 9 experimental lots for this season as they were exclusively part of the BCR Season Ticket How much does it cost? We have kept a flat rate of Rs. 575 per bag which includes shipping, and taxes! The total cost depends on the duration, frequency, no. of bags you use! For Eg. Duration: 6 months; Frequency: once a month, No. of bags: 2 - Total bags = 12; The total cost = Rs. 6,900! What you get? Coffee, without moving a muscle, at a discounted flat rate which will include all our delicious year-round coffees, and seasonal blends. Personally curated selections of coffees, as per your brewing and taste preferences! Occasional surprise samples of pre-release coffees.",https://bloomcoffeeroasters.in/products/coffee-subscription,https://cdn.shopify.com/s/files/1/0550/0082/6042/products/CopyofPre-paidCoffeeSubscription.png?v=1622880364,Subscriptions
Coffee Subscription,Bloom Coffee,6900.0,12 months / Once a month / 1,,"A customised prepaid subscription, where we send you delicious freshly",,,"A customised prepaid subscription, where we send you delicious freshly roasted coffees to your doorstep when you want, as often as you want, as many as you want and for as long as you want! Please note that The Pre-Paid Subscription does not include our 9 experimental lots for this season as they were exclusively part of the BCR Season Ticket How much does it cost? We have kept a flat rate of Rs. 575 per bag which includes shipping, and taxes! The total cost depends on the duration, frequency, no. of bags you use! For Eg. Duration: 6 months; Frequency: once a month, No. of bags: 2 - Total bags = 12; The total cost = Rs. 6,900! What you get? Coffee, without moving a muscle, at a discounted flat rate which will include all our delicious year-round coffees, and seasonal blends. Personally curated selections of coffees, as per your brewing and taste preferences! Occasional surprise samples of pre-release coffees.",https://bloomcoffeeroasters.in/products/coffee-subscription,https://cdn.shopify.com/s/files/1/0550/0082/6042/products/CopyofPre-paidCoffeeSubscription.png?v=1622880364,Subscriptions
Coffee Subscription,Bloom Coffee,13800.0,12 months / Once a month / 2,,"A customised prepaid subscription, where we send you delicious freshly",,,"A customised prepaid subscription, where we send you delicious freshly roasted coffees to your doorstep when you want, as often as you want, as many as you want and for as long as you want! Please note that The Pre-Paid Subscription does not include our 9 experimental lots for this season as they were exclusively part of the BCR Season Ticket How much does it cost? We have kept a flat rate of Rs. 575 per bag which includes shipping, and taxes! The total cost depends on the duration, frequency, no. of bags you use! For Eg. Duration: 6 months; Frequency: once a month, No. of bags: 2 - Total bags = 12; The total cost = Rs. 6,900! What you get? Coffee, without moving a muscle, at a discounted flat rate which will include all our delicious year-round coffees, and seasonal blends. Personally curated selections of coffees, as per your brewing and taste preferences! Occasional surprise samples of pre-release coffees.",https://bloomcoffeeroasters.in/products/coffee-subscription,https://cdn.shopify.com/s/files/1/0550/0082/6042/products/CopyofPre-paidCoffeeSubscription.png?v=1622880364,Subscriptions
Coffee Subscription,Bloom Coffee,13800.0,12 months / Twice a month / 1,,"A customised prepaid subscription, where we send you delicious freshly",,,"A customised prepaid subscription, where we send you delicious freshly roasted coffees to your doorstep when you want, as often as you want, as many as you want and for as long as you want! Please note that The Pre-Paid Subscription does not include our 9 experimental lots for this season as they were exclusively part of the BCR Season Ticket How much does it cost? We have kept a flat rate of Rs. 575 per bag which includes shipping, and taxes! The total cost depends on the duration, frequency, no. of bags you use! For Eg. Duration: 6 months; Frequency: once a month, No. of bags: 2 - Total bags = 12; The total cost = Rs. 6,900! What you get? Coffee, without moving a muscle, at a discounted flat rate which will include all our delicious year-round coffees, and seasonal blends. Personally curated selections of coffees, as per your brewing and taste preferences! Occasional surprise samples of pre-release coffees.",https://bloomcoffeeroasters.in/products/coffee-subscription,https://cdn.shopify.com/s/files/1/0550/0082/6042/products/CopyofPre-paidCoffeeSubscription.png?v=1622880364,Subscriptions
Coffee Subscription,Bloom Coffee,27600.0,12 months / Twice a month / 2,,"A customised prepaid subscription, where we send you delicious freshly",,,"A customised prepaid subscription, where we send you delicious freshly roasted coffees to your doorstep when you want, as often as you want, as many as you want and for as long as you want! Please note that The Pre-Paid Subscription does not include our 9 experimental lots for this season as they were exclusively part of the BCR Season Ticket How much does it cost? We have kept a flat rate of Rs. 575 per bag which includes shipping, and taxes! The total cost depends on the duration, frequency, no. of bags you use! For Eg. Duration: 6 months; Frequency: once a month, No. of bags: 2 - Total bags = 12; The total cost = Rs. 6,900! What you get? Coffee, without moving a muscle, at a discounted flat rate which will include all our delicious year-round coffees, and seasonal blends. Personally curated selections of coffees, as per your brewing and taste preferences! Occasional surprise samples of pre-release coffees.",https://bloomcoffeeroasters.in/products/coffee-subscription,https://cdn.shopify.com/s/files/1/0550/0082/6042/products/CopyofPre-paidCoffeeSubscription.png?v=1622880364,Subscriptions
_Additional Price,Bloom Coffee,1.0,,,,,,nan,https://bloomcoffeeroasters.in/products/_additional-price,https://cdn.shopify.com/s/files/1/0550/0082/6042/products/additional-price.png?v=1622546326,Coffee
Satchmo - Dark Roast,Bloom Coffee,2100.0,1kg,Dark Roast,"Chocolate, Dark Caramel, and hints of Citrus Chocolate, Dark Caramel and hints of citrus",,Washed,"Elevation: 3200-3400 ft. Varietal: SL6 & SL9 Planters: Pavan Nanjappa & Sharan Gowda Processing: Washed Roast: Medium Dark Tasting notes: Chocolate, Dark Caramel, and hints of Citrus Chocolate, Dark Caramel and hints of citrus, sounds to us like one of the magnificent trumpet solos of the one the only Louis Armstrong! For us, Louis Armstrong a.k.a. Satchmo is the epitome of balance, with a voice that can go from a deep, rich gravel to almost fragile falsettos. Every moment of every song is filled with gorgeous melody, depth and genius improvisations! “Satchmo” the blend, just like it’s muse, has pitch perfect sweetness, a deep body that swells like a crescendo, and a subtle “Vibratoesque” citrus acidity. A coffee that goes not toe to toe, but “Cheek to Cheek” with all accompaniments. The blend is on the darker side of a medium, and has the richness of chocolate and dark caramel, and a raspy acidity that can cut through whatever you throw at it, yes we’re looking at you milk and sugar. Satchmo makes the perfect espressos, moka pots, french presses, south indian filters, and what not, to get you a coffee that’ll make you see sit across and think “What a Wonderful World”",https://bloomcoffeeroasters.in/products/satchmo-dark-roast,https://cdn.shopify.com/s/files/1/0550/0082/6042/products/satchmo.png?v=1652961583,Coffee
Satchmo - Dark Roast,Bloom Coffee,2100.0,1kg,Dark Roast,"Chocolate, Dark Caramel, and hints of Citrus Chocolate, Dark Caramel and hints of citrus",,Washed,"Elevation: 3200-3400 ft. Varietal: SL6 & SL9 Planters: Pavan Nanjappa & Sharan Gowda Processing: Washed Roast: Medium Dark Tasting notes: Chocolate, Dark Caramel, and hints of Citrus Chocolate, Dark Caramel and hints of citrus, sounds to us like one of the magnificent trumpet solos of the one the only Louis Armstrong! For us, Louis Armstrong a.k.a. Satchmo is the epitome of balance, with a voice that can go from a deep, rich gravel to almost fragile falsettos. Every moment of every song is filled with gorgeous melody, depth and genius improvisations! “Satchmo” the blend, just like it’s muse, has pitch perfect sweetness, a deep body that swells like a crescendo, and a subtle “Vibratoesque” citrus acidity. A coffee that goes not toe to toe, but “Cheek to Cheek” with all accompaniments. The blend is on the darker side of a medium, and has the richness of chocolate and dark caramel, and a raspy acidity that can cut through whatever you throw at it, yes we’re looking at you milk and sugar. Satchmo makes the perfect espressos, moka pots, french presses, south indian filters, and what not, to get you a coffee that’ll make you see sit across and think “What a Wonderful World”",https://bloomcoffeeroasters.in/products/satchmo-dark-roast,https://cdn.shopify.com/s/files/1/0550/0082/6042/products/satchmo.png?v=1652961583,Coffee
Satchmo - Dark Roast,Bloom Coffee,2100.0,1kg,Dark Roast,"Chocolate, Dark Caramel, and hints of Citrus Chocolate, Dark Caramel and hints of citrus",,Washed,"Elevation: 3200-3400 ft. Varietal: SL6 & SL9 Planters: Pavan Nanjappa & Sharan Gowda Processing: Washed Roast: Medium Dark Tasting notes: Chocolate, Dark Caramel, and hints of Citrus Chocolate, Dark Caramel and hints of citrus, sounds to us like one of the magnificent trumpet solos of the one the only Louis Armstrong! For us, Louis Armstrong a.k.a. Satchmo is the epitome of balance, with a voice that can go from a deep, rich gravel to almost fragile falsettos. Every moment of every song is filled with gorgeous melody, depth and genius improvisations! “Satchmo” the blend, just like it’s muse, has pitch perfect sweetness, a deep body that swells like a crescendo, and a subtle “Vibratoesque” citrus acidity. A coffee that goes not toe to toe, but “Cheek to Cheek” with all accompaniments. The blend is on the darker side of a medium, and has the richness of chocolate and dark caramel, and a raspy acidity that can cut through whatever you throw at it, yes we’re looking at you milk and sugar. Satchmo makes the perfect espressos, moka pots, french presses, south indian filters, and what not, to get you a coffee that’ll make you see sit across and think “What a Wonderful World”",https://bloomcoffeeroasters.in/products/satchmo-dark-roast,https://cdn.shopify.com/s/files/1/0550/0082/6042/products/satchmo.png?v=1652961583,Coffee
Satchmo - Dark Roast,Bloom Coffee,2100.0,1kg,Dark Roast,"Chocolate, Dark Caramel, and hints of Citrus Chocolate, Dark Caramel and hints of citrus",,Washed,"Elevation: 3200-3400 ft. Varietal: SL6 & SL9 Planters: Pavan Nanjappa & Sharan Gowda Processing: Washed Roast: Medium Dark Tasting notes: Chocolate, Dark Caramel, and hints of Citrus Chocolate, Dark Caramel and hints of citrus, sounds to us like one of the magnificent trumpet solos of the one the only Louis Armstrong! For us, Louis Armstrong a.k.a. Satchmo is the epitome of balance, with a voice that can go from a deep, rich gravel to almost fragile falsettos. Every moment of every song is filled with gorgeous melody, depth and genius improvisations! “Satchmo” the blend, just like it’s muse, has pitch perfect sweetness, a deep body that swells like a crescendo, and a subtle “Vibratoesque” citrus acidity. A coffee that goes not toe to toe, but “Cheek to Cheek” with all accompaniments. The blend is on the darker side of a medium, and has the richness of chocolate and dark caramel, and a raspy acidity that can cut through whatever you throw at it, yes we’re looking at you milk and sugar. Satchmo makes the perfect espressos, moka pots, french presses, south indian filters, and what not, to get you a coffee that’ll make you see sit across and think “What a Wonderful World”",https://bloomcoffeeroasters.in/products/satchmo-dark-roast,https://cdn.shopify.com/s/files/1/0550/0082/6042/products/satchmo.png?v=1652961583,Coffee
Satchmo - Dark Roast,Bloom Coffee,2100.0,1kg,Dark Roast,"Chocolate, Dark Caramel, and hints of Citrus Chocolate, Dark Caramel and hints of citrus",,Washed,"Elevation: 3200-3400 ft. Varietal: SL6 & SL9 Planters: Pavan Nanjappa & Sharan Gowda Processing: Washed Roast: Medium Dark Tasting notes: Chocolate, Dark Caramel, and hints of Citrus Chocolate, Dark Caramel and hints of citrus, sounds to us like one of the magnificent trumpet solos of the one the only Louis Armstrong! For us, Louis Armstrong a.k.a. Satchmo is the epitome of balance, with a voice that can go from a deep, rich gravel to almost fragile falsettos. Every moment of every song is filled with gorgeous melody, depth and genius improvisations! “Satchmo” the blend, just like it’s muse, has pitch perfect sweetness, a deep body that swells like a crescendo, and a subtle “Vibratoesque” citrus acidity. A coffee that goes not toe to toe, but “Cheek to Cheek” with all accompaniments. The blend is on the darker side of a medium, and has the richness of chocolate and dark caramel, and a raspy acidity that can cut through whatever you throw at it, yes we’re looking at you milk and sugar. Satchmo makes the perfect espressos, moka pots, french presses, south indian filters, and what not, to get you a coffee that’ll make you see sit across and think “What a Wonderful World”",https://bloomcoffeeroasters.in/products/satchmo-dark-roast,https://cdn.shopify.com/s/files/1/0550/0082/6042/products/satchmo.png?v=1652961583,Coffee
Satchmo - Dark Roast,Bloom Coffee,2100.0,1kg,Dark Roast,"Chocolate, Dark Caramel, and hints of Citrus Chocolate, Dark Caramel and hints of citrus",,Washed,"Elevation: 3200-3400 ft. Varietal: SL6 & SL9 Planters: Pavan Nanjappa & Sharan Gowda Processing: Washed Roast: Medium Dark Tasting notes: Chocolate, Dark Caramel, and hints of Citrus Chocolate, Dark Caramel and hints of citrus, sounds to us like one of the magnificent trumpet solos of the one the only Louis Armstrong! For us, Louis Armstrong a.k.a. Satchmo is the epitome of balance, with a voice that can go from a deep, rich gravel to almost fragile falsettos. Every moment of every song is filled with gorgeous melody, depth and genius improvisations! “Satchmo” the blend, just like it’s muse, has pitch perfect sweetness, a deep body that swells like a crescendo, and a subtle “Vibratoesque” citrus acidity. A coffee that goes not toe to toe, but “Cheek to Cheek” with all accompaniments. The blend is on the darker side of a medium, and has the richness of chocolate and dark caramel, and a raspy acidity that can cut through whatever you throw at it, yes we’re looking at you milk and sugar. Satchmo makes the perfect espressos, moka pots, french presses, south indian filters, and what not, to get you a coffee that’ll make you see sit across and think “What a Wonderful World”",https://bloomcoffeeroasters.in/products/satchmo-dark-roast,https://cdn.shopify.com/s/files/1/0550/0082/6042/products/satchmo.png?v=1652961583,Coffee
Satchmo - Dark Roast,Bloom Coffee,2100.0,1kg,Dark Roast,"Chocolate, Dark Caramel, and hints of Citrus Chocolate, Dark Caramel and hints of citrus",,Washed,"Elevation: 3200-3400 ft. Varietal: SL6 & SL9 Planters: Pavan Nanjappa & Sharan Gowda Processing: Washed Roast: Medium Dark Tasting notes: Chocolate, Dark Caramel, and hints of Citrus Chocolate, Dark Caramel and hints of citrus, sounds to us like one of the magnificent trumpet solos of the one the only Louis Armstrong! For us, Louis Armstrong a.k.a. Satchmo is the epitome of balance, with a voice that can go from a deep, rich gravel to almost fragile falsettos. Every moment of every song is filled with gorgeous melody, depth and genius improvisations! “Satchmo” the blend, just like it’s muse, has pitch perfect sweetness, a deep body that swells like a crescendo, and a subtle “Vibratoesque” citrus acidity. A coffee that goes not toe to toe, but “Cheek to Cheek” with all accompaniments. The blend is on the darker side of a medium, and has the richness of chocolate and dark caramel, and a raspy acidity that can cut through whatever you throw at it, yes we’re looking at you milk and sugar. Satchmo makes the perfect espressos, moka pots, french presses, south indian filters, and what not, to get you a coffee that’ll make you see sit across and think “What a Wonderful World”",https://bloomcoffeeroasters.in/products/satchmo-dark-roast,https://cdn.shopify.com/s/files/1/0550/0082/6042/products/satchmo.png?v=1652961583,Coffee
Satchmo - Dark Roast,Bloom Coffee,2100.0,1kg,Dark Roast,"Chocolate, Dark Caramel, and hints of Citrus Chocolate, Dark Caramel and hints of citrus",,Washed,"Elevation: 3200-3400 ft. Varietal: SL6 & SL9 Planters: Pavan Nanjappa & Sharan Gowda Processing: Washed Roast: Medium Dark Tasting notes: Chocolate, Dark Caramel, and hints of Citrus Chocolate, Dark Caramel and hints of citrus, sounds to us like one of the magnificent trumpet solos of the one the only Louis Armstrong! For us, Louis Armstrong a.k.a. Satchmo is the epitome of balance, with a voice that can go from a deep, rich gravel to almost fragile falsettos. Every moment of every song is filled with gorgeous melody, depth and genius improvisations! “Satchmo” the blend, just like it’s muse, has pitch perfect sweetness, a deep body that swells like a crescendo, and a subtle “Vibratoesque” citrus acidity. A coffee that goes not toe to toe, but “Cheek to Cheek” with all accompaniments. The blend is on the darker side of a medium, and has the richness of chocolate and dark caramel, and a raspy acidity that can cut through whatever you throw at it, yes we’re looking at you milk and sugar. Satchmo makes the perfect espressos, moka pots, french presses, south indian filters, and what not, to get you a coffee that’ll make you see sit across and think “What a Wonderful World”",https://bloomcoffeeroasters.in/products/satchmo-dark-roast,https://cdn.shopify.com/s/files/1/0550/0082/6042/products/satchmo.png?v=1652961583,Coffee
Satchmo - Dark Roast,Bloom Coffee,2100.0,1kg,Dark Roast,"Chocolate, Dark Caramel, and hints of Citrus Chocolate, Dark Caramel and hints of citrus",,Washed,"Elevation: 3200-3400 ft. Varietal: SL6 & SL9 Planters: Pavan Nanjappa & Sharan Gowda Processing: Washed Roast: Medium Dark Tasting notes: Chocolate, Dark Caramel, and hints of Citrus Chocolate, Dark Caramel and hints of citrus, sounds to us like one of the magnificent trumpet solos of the one the only Louis Armstrong! For us, Louis Armstrong a.k.a. Satchmo is the epitome of balance, with a voice that can go from a deep, rich gravel to almost fragile falsettos. Every moment of every song is filled with gorgeous melody, depth and genius improvisations! “Satchmo” the blend, just like it’s muse, has pitch perfect sweetness, a deep body that swells like a crescendo, and a subtle “Vibratoesque” citrus acidity. A coffee that goes not toe to toe, but “Cheek to Cheek” with all accompaniments. The blend is on the darker side of a medium, and has the richness of chocolate and dark caramel, and a raspy acidity that can cut through whatever you throw at it, yes we’re looking at you milk and sugar. Satchmo makes the perfect espressos, moka pots, french presses, south indian filters, and what not, to get you a coffee that’ll make you see sit across and think “What a Wonderful World”",https://bloomcoffeeroasters.in/products/satchmo-dark-roast,https://cdn.shopify.com/s/files/1/0550/0082/6042/products/satchmo.png?v=1652961583,Coffee
Satchmo - Dark Roast,Bloom Coffee,525.0,250g,Dark Roast,"Chocolate, Dark Caramel, and hints of Citrus Chocolate, Dark Caramel and hints of citrus",,Washed,"Elevation: 3200-3400 ft. Varietal: SL6 & SL9 Planters: Pavan Nanjappa & Sharan Gowda Processing: Washed Roast: Medium Dark Tasting notes: Chocolate, Dark Caramel, and hints of Citrus Chocolate, Dark Caramel and hints of citrus, sounds to us like one of the magnificent trumpet solos of the one the only Louis Armstrong! For us, Louis Armstrong a.k.a. Satchmo is the epitome of balance, with a voice that can go from a deep, rich gravel to almost fragile falsettos. Every moment of every song is filled with gorgeous melody, depth and genius improvisations! “Satchmo” the blend, just like it’s muse, has pitch perfect sweetness, a deep body that swells like a crescendo, and a subtle “Vibratoesque” citrus acidity. A coffee that goes not toe to toe, but “Cheek to Cheek” with all accompaniments. The blend is on the darker side of a medium, and has the richness of chocolate and dark caramel, and a raspy acidity that can cut through whatever you throw at it, yes we’re looking at you milk and sugar. Satchmo makes the perfect espressos, moka pots, french presses, south indian filters, and what not, to get you a coffee that’ll make you see sit across and think “What a Wonderful World”",https://bloomcoffeeroasters.in/products/satchmo-dark-roast,https://cdn.shopify.com/s/files/1/0550/0082/6042/products/satchmo.png?v=1652961583,Coffee
Satchmo - Dark Roast,Bloom Coffee,525.0,250g,Dark Roast,"Chocolate, Dark Caramel, and hints of Citrus Chocolate, Dark Caramel and hints of citrus",,Washed,"Elevation: 3200-3400 ft. Varietal: SL6 & SL9 Planters: Pavan Nanjappa & Sharan Gowda Processing: Washed Roast: Medium Dark Tasting notes: Chocolate, Dark Caramel, and hints of Citrus Chocolate, Dark Caramel and hints of citrus, sounds to us like one of the magnificent trumpet solos of the one the only Louis Armstrong! For us, Louis Armstrong a.k.a. Satchmo is the epitome of balance, with a voice that can go from a deep, rich gravel to almost fragile falsettos. Every moment of every song is filled with gorgeous melody, depth and genius improvisations! “Satchmo” the blend, just like it’s muse, has pitch perfect sweetness, a deep body that swells like a crescendo, and a subtle “Vibratoesque” citrus acidity. A coffee that goes not toe to toe, but “Cheek to Cheek” with all accompaniments. The blend is on the darker side of a medium, and has the richness of chocolate and dark caramel, and a raspy acidity that can cut through whatever you throw at it, yes we’re looking at you milk and sugar. Satchmo makes the perfect espressos, moka pots, french presses, south indian filters, and what not, to get you a coffee that’ll make you see sit across and think “What a Wonderful World”",https://bloomcoffeeroasters.in/products/satchmo-dark-roast,https://cdn.shopify.com/s/files/1/0550/0082/6042/products/satchmo.png?v=1652961583,Coffee
Satchmo - Dark Roast,Bloom Coffee,525.0,250g,Dark Roast,"Chocolate, Dark Caramel, and hints of Citrus Chocolate, Dark Caramel and hints of citrus",,Washed,"Elevation: 3200-3400 ft. Varietal: SL6 & SL9 Planters: Pavan Nanjappa & Sharan Gowda Processing: Washed Roast: Medium Dark Tasting notes: Chocolate, Dark Caramel, and hints of Citrus Chocolate, Dark Caramel and hints of citrus, sounds to us like one of the magnificent trumpet solos of the one the only Louis Armstrong! For us, Louis Armstrong a.k.a. Satchmo is the epitome of balance, with a voice that can go from a deep, rich gravel to almost fragile falsettos. Every moment of every song is filled with gorgeous melody, depth and genius improvisations! “Satchmo” the blend, just like it’s muse, has pitch perfect sweetness, a deep body that swells like a crescendo, and a subtle “Vibratoesque” citrus acidity. A coffee that goes not toe to toe, but “Cheek to Cheek” with all accompaniments. The blend is on the darker side of a medium, and has the richness of chocolate and dark caramel, and a raspy acidity that can cut through whatever you throw at it, yes we’re looking at you milk and sugar. Satchmo makes the perfect espressos, moka pots, french presses, south indian filters, and what not, to get you a coffee that’ll make you see sit across and think “What a Wonderful World”",https://bloomcoffeeroasters.in/products/satchmo-dark-roast,https://cdn.shopify.com/s/files/1/0550/0082/6042/products/satchmo.png?v=1652961583,Coffee
Satchmo - Dark Roast,Bloom Coffee,525.0,250g,Dark Roast,"Chocolate, Dark Caramel, and hints of Citrus Chocolate, Dark Caramel and hints of citrus",,Washed,"Elevation: 3200-3400 ft. Varietal: SL6 & SL9 Planters: Pavan Nanjappa & Sharan Gowda Processing: Washed Roast: Medium Dark Tasting notes: Chocolate, Dark Caramel, and hints of Citrus Chocolate, Dark Caramel and hints of citrus, sounds to us like one of the magnificent trumpet solos of the one the only Louis Armstrong! For us, Louis Armstrong a.k.a. Satchmo is the epitome of balance, with a voice that can go from a deep, rich gravel to almost fragile falsettos. Every moment of every song is filled with gorgeous melody, depth and genius improvisations! “Satchmo” the blend, just like it’s muse, has pitch perfect sweetness, a deep body that swells like a crescendo, and a subtle “Vibratoesque” citrus acidity. A coffee that goes not toe to toe, but “Cheek to Cheek” with all accompaniments. The blend is on the darker side of a medium, and has the richness of chocolate and dark caramel, and a raspy acidity that can cut through whatever you throw at it, yes we’re looking at you milk and sugar. Satchmo makes the perfect espressos, moka pots, french presses, south indian filters, and what not, to get you a coffee that’ll make you see sit across and think “What a Wonderful World”",https://bloomcoffeeroasters.in/products/satchmo-dark-roast,https://cdn.shopify.com/s/files/1/0550/0082/6042/products/satchmo.png?v=1652961583,Coffee
Satchmo - Dark Roast,Bloom Coffee,525.0,250g,Dark Roast,"Chocolate, Dark Caramel, and hints of Citrus Chocolate, Dark Caramel and hints of citrus",,Washed,"Elevation: 3200-3400 ft. Varietal: SL6 & SL9 Planters: Pavan Nanjappa & Sharan Gowda Processing: Washed Roast: Medium Dark Tasting notes: Chocolate, Dark Caramel, and hints of Citrus Chocolate, Dark Caramel and hints of citrus, sounds to us like one of the magnificent trumpet solos of the one the only Louis Armstrong! For us, Louis Armstrong a.k.a. Satchmo is the epitome of balance, with a voice that can go from a deep, rich gravel to almost fragile falsettos. Every moment of every song is filled with gorgeous melody, depth and genius improvisations! “Satchmo” the blend, just like it’s muse, has pitch perfect sweetness, a deep body that swells like a crescendo, and a subtle “Vibratoesque” citrus acidity. A coffee that goes not toe to toe, but “Cheek to Cheek” with all accompaniments. The blend is on the darker side of a medium, and has the richness of chocolate and dark caramel, and a raspy acidity that can cut through whatever you throw at it, yes we’re looking at you milk and sugar. Satchmo makes the perfect espressos, moka pots, french presses, south indian filters, and what not, to get you a coffee that’ll make you see sit across and think “What a Wonderful World”",https://bloomcoffeeroasters.in/products/satchmo-dark-roast,https://cdn.shopify.com/s/files/1/0550/0082/6042/products/satchmo.png?v=1652961583,Coffee
Satchmo - Dark Roast,Bloom Coffee,525.0,250g,Dark Roast,"Chocolate, Dark Caramel, and hints of Citrus Chocolate, Dark Caramel and hints of citrus",,Washed,"Elevation: 3200-3400 ft. Varietal: SL6 & SL9 Planters: Pavan Nanjappa & Sharan Gowda Processing: Washed Roast: Medium Dark Tasting notes: Chocolate, Dark Caramel, and hints of Citrus Chocolate, Dark Caramel and hints of citrus, sounds to us like one of the magnificent trumpet solos of the one the only Louis Armstrong! For us, Louis Armstrong a.k.a. Satchmo is the epitome of balance, with a voice that can go from a deep, rich gravel to almost fragile falsettos. Every moment of every song is filled with gorgeous melody, depth and genius improvisations! “Satchmo” the blend, just like it’s muse, has pitch perfect sweetness, a deep body that swells like a crescendo, and a subtle “Vibratoesque” citrus acidity. A coffee that goes not toe to toe, but “Cheek to Cheek” with all accompaniments. The blend is on the darker side of a medium, and has the richness of chocolate and dark caramel, and a raspy acidity that can cut through whatever you throw at it, yes we’re looking at you milk and sugar. Satchmo makes the perfect espressos, moka pots, french presses, south indian filters, and what not, to get you a coffee that’ll make you see sit across and think “What a Wonderful World”",https://bloomcoffeeroasters.in/products/satchmo-dark-roast,https://cdn.shopify.com/s/files/1/0550/0082/6042/products/satchmo.png?v=1652961583,Coffee
Satchmo - Dark Roast,Bloom Coffee,525.0,250g,Dark Roast,"Chocolate, Dark Caramel, and hints of Citrus Chocolate, Dark Caramel and hints of citrus",,Washed,"Elevation: 3200-3400 ft. Varietal: SL6 & SL9 Planters: Pavan Nanjappa & Sharan Gowda Processing: Washed Roast: Medium Dark Tasting notes: Chocolate, Dark Caramel, and hints of Citrus Chocolate, Dark Caramel and hints of citrus, sounds to us like one of the magnificent trumpet solos of the one the only Louis Armstrong! For us, Louis Armstrong a.k.a. Satchmo is the epitome of balance, with a voice that can go from a deep, rich gravel to almost fragile falsettos. Every moment of every song is filled with gorgeous melody, depth and genius improvisations! “Satchmo” the blend, just like it’s muse, has pitch perfect sweetness, a deep body that swells like a crescendo, and a subtle “Vibratoesque” citrus acidity. A coffee that goes not toe to toe, but “Cheek to Cheek” with all accompaniments. The blend is on the darker side of a medium, and has the richness of chocolate and dark caramel, and a raspy acidity that can cut through whatever you throw at it, yes we’re looking at you milk and sugar. Satchmo makes the perfect espressos, moka pots, french presses, south indian filters, and what not, to get you a coffee that’ll make you see sit across and think “What a Wonderful World”",https://bloomcoffeeroasters.in/products/satchmo-dark-roast,https://cdn.shopify.com/s/files/1/0550/0082/6042/products/satchmo.png?v=1652961583,Coffee
Satchmo - Dark Roast,Bloom Coffee,525.0,250g,Dark Roast,"Chocolate, Dark Caramel, and hints of Citrus Chocolate, Dark Caramel and hints of citrus",,Washed,"Elevation: 3200-3400 ft. Varietal: SL6 & SL9 Planters: Pavan Nanjappa & Sharan Gowda Processing: Washed Roast: Medium Dark Tasting notes: Chocolate, Dark Caramel, and hints of Citrus Chocolate, Dark Caramel and hints of citrus, sounds to us like one of the magnificent trumpet solos of the one the only Louis Armstrong! For us, Louis Armstrong a.k.a. Satchmo is the epitome of balance, with a voice that can go from a deep, rich gravel to almost fragile falsettos. Every moment of every song is filled with gorgeous melody, depth and genius improvisations! “Satchmo” the blend, just like it’s muse, has pitch perfect sweetness, a deep body that swells like a crescendo, and a subtle “Vibratoesque” citrus acidity. A coffee that goes not toe to toe, but “Cheek to Cheek” with all accompaniments. The blend is on the darker side of a medium, and has the richness of chocolate and dark caramel, and a raspy acidity that can cut through whatever you throw at it, yes we’re looking at you milk and sugar. Satchmo makes the perfect espressos, moka pots, french presses, south indian filters, and what not, to get you a coffee that’ll make you see sit across and think “What a Wonderful World”",https://bloomcoffeeroasters.in/products/satchmo-dark-roast,https://cdn.shopify.com/s/files/1/0550/0082/6042/products/satchmo.png?v=1652961583,Coffee
Satchmo - Dark Roast,Bloom Coffee,525.0,250g,Dark Roast,"Chocolate, Dark Caramel, and hints of Citrus Chocolate, Dark Caramel and hints of citrus",,Washed,"Elevation: 3200-3400 ft. Varietal: SL6 & SL9 Planters: Pavan Nanjappa & Sharan Gowda Processing: Washed Roast: Medium Dark Tasting notes: Chocolate, Dark Caramel, and hints of Citrus Chocolate, Dark Caramel and hints of citrus, sounds to us like one of the magnificent trumpet solos of the one the only Louis Armstrong! For us, Louis Armstrong a.k.a. Satchmo is the epitome of balance, with a voice that can go from a deep, rich gravel to almost fragile falsettos. Every moment of every song is filled with gorgeous melody, depth and genius improvisations! “Satchmo” the blend, just like it’s muse, has pitch perfect sweetness, a deep body that swells like a crescendo, and a subtle “Vibratoesque” citrus acidity. A coffee that goes not toe to toe, but “Cheek to Cheek” with all accompaniments. The blend is on the darker side of a medium, and has the richness of chocolate and dark caramel, and a raspy acidity that can cut through whatever you throw at it, yes we’re looking at you milk and sugar. Satchmo makes the perfect espressos, moka pots, french presses, south indian filters, and what not, to get you a coffee that’ll make you see sit across and think “What a Wonderful World”",https://bloomcoffeeroasters.in/products/satchmo-dark-roast,https://cdn.shopify.com/s/files/1/0550/0082/6042/products/satchmo.png?v=1652961583,Coffee
Vin Van Gogh - Medium Roast,Bloom Coffee,2000.0,1kg,Medium Roast,"Berries, almonds, and spiced Chocolate The",,Washed,"Elevation: 3200-4250 ft. Varietal: SL6, Sln9, Sln5B Planters: Pavan Najappa and Navin Rajes Processing: Washed Roast: Medium dark Tasting notes: Berries, almonds, and spiced Chocolate The origin of this blend goes a fair way back to when Pavan (Venkids Valley Estate) and Navin (Moganad Estate) were schoolmates and were busy making plans for the world domination of Indian speciality coffee! Little did they know then, that the catalyst for this would be small roastery out of Chandigarh, of all the places who would put their two phenomenal washed arabicas together in a top secret ratio, name it after the one of the greatest painters of all time, which is also a word play on their names, and make it the most the delicious, versatile blend to have ever come out of the greater Chandigarh region! Pavan and Navin still remain very tight, and share flights, coffees, jokes, and the roasters they choose to work with! Thankfully, they both agreed to partner with us, which in turn enabled us to come up with this super tasty, bright like a Red Vineyard, over The Cafe Terrace at night, lit up by The Starry Night All stories aside our Vin Van Gogh is our answer to a coffee blend that does everything very very well! It makes a great fruity filter coffee, as well the perfect espresso to have as it is, or a lovely fluffy cappuccino! Pick the grind of your choice, and bask in the glory of Vin’s and Van’s artistry!",https://bloomcoffeeroasters.in/products/vin-van-gogh,https://cdn.shopify.com/s/files/1/0550/0082/6042/products/vinvangogh_2b37bffa-6eae-413e-a60f-ee1f3109df4d.png?v=1652961696,Coffee
Vin Van Gogh - Medium Roast,Bloom Coffee,2000.0,1kg,Medium Roast,"Berries, almonds, and spiced Chocolate The",,Washed,"Elevation: 3200-4250 ft. Varietal: SL6, Sln9, Sln5B Planters: Pavan Najappa and Navin Rajes Processing: Washed Roast: Medium dark Tasting notes: Berries, almonds, and spiced Chocolate The origin of this blend goes a fair way back to when Pavan (Venkids Valley Estate) and Navin (Moganad Estate) were schoolmates and were busy making plans for the world domination of Indian speciality coffee! Little did they know then, that the catalyst for this would be small roastery out of Chandigarh, of all the places who would put their two phenomenal washed arabicas together in a top secret ratio, name it after the one of the greatest painters of all time, which is also a word play on their names, and make it the most the delicious, versatile blend to have ever come out of the greater Chandigarh region! Pavan and Navin still remain very tight, and share flights, coffees, jokes, and the roasters they choose to work with! Thankfully, they both agreed to partner with us, which in turn enabled us to come up with this super tasty, bright like a Red Vineyard, over The Cafe Terrace at night, lit up by The Starry Night All stories aside our Vin Van Gogh is our answer to a coffee blend that does everything very very well! It makes a great fruity filter coffee, as well the perfect espresso to have as it is, or a lovely fluffy cappuccino! Pick the grind of your choice, and bask in the glory of Vin’s and Van’s artistry!",https://bloomcoffeeroasters.in/products/vin-van-gogh,https://cdn.shopify.com/s/files/1/0550/0082/6042/products/vinvangogh_2b37bffa-6eae-413e-a60f-ee1f3109df4d.png?v=1652961696,Coffee
Vin Van Gogh - Medium Roast,Bloom Coffee,2000.0,1kg,Medium Roast,"Berries, almonds, and spiced Chocolate The",,Washed,"Elevation: 3200-4250 ft. Varietal: SL6, Sln9, Sln5B Planters: Pavan Najappa and Navin Rajes Processing: Washed Roast: Medium dark Tasting notes: Berries, almonds, and spiced Chocolate The origin of this blend goes a fair way back to when Pavan (Venkids Valley Estate) and Navin (Moganad Estate) were schoolmates and were busy making plans for the world domination of Indian speciality coffee! Little did they know then, that the catalyst for this would be small roastery out of Chandigarh, of all the places who would put their two phenomenal washed arabicas together in a top secret ratio, name it after the one of the greatest painters of all time, which is also a word play on their names, and make it the most the delicious, versatile blend to have ever come out of the greater Chandigarh region! Pavan and Navin still remain very tight, and share flights, coffees, jokes, and the roasters they choose to work with! Thankfully, they both agreed to partner with us, which in turn enabled us to come up with this super tasty, bright like a Red Vineyard, over The Cafe Terrace at night, lit up by The Starry Night All stories aside our Vin Van Gogh is our answer to a coffee blend that does everything very very well! It makes a great fruity filter coffee, as well the perfect espresso to have as it is, or a lovely fluffy cappuccino! Pick the grind of your choice, and bask in the glory of Vin’s and Van’s artistry!",https://bloomcoffeeroasters.in/products/vin-van-gogh,https://cdn.shopify.com/s/files/1/0550/0082/6042/products/vinvangogh_2b37bffa-6eae-413e-a60f-ee1f3109df4d.png?v=1652961696,Coffee
Vin Van Gogh - Medium Roast,Bloom Coffee,2000.0,1kg,Medium Roast,"Berries, almonds, and spiced Chocolate The",,Washed,"Elevation: 3200-4250 ft. Varietal: SL6, Sln9, Sln5B Planters: Pavan Najappa and Navin Rajes Processing: Washed Roast: Medium dark Tasting notes: Berries, almonds, and spiced Chocolate The origin of this blend goes a fair way back to when Pavan (Venkids Valley Estate) and Navin (Moganad Estate) were schoolmates and were busy making plans for the world domination of Indian speciality coffee! Little did they know then, that the catalyst for this would be small roastery out of Chandigarh, of all the places who would put their two phenomenal washed arabicas together in a top secret ratio, name it after the one of the greatest painters of all time, which is also a word play on their names, and make it the most the delicious, versatile blend to have ever come out of the greater Chandigarh region! Pavan and Navin still remain very tight, and share flights, coffees, jokes, and the roasters they choose to work with! Thankfully, they both agreed to partner with us, which in turn enabled us to come up with this super tasty, bright like a Red Vineyard, over The Cafe Terrace at night, lit up by The Starry Night All stories aside our Vin Van Gogh is our answer to a coffee blend that does everything very very well! It makes a great fruity filter coffee, as well the perfect espresso to have as it is, or a lovely fluffy cappuccino! Pick the grind of your choice, and bask in the glory of Vin’s and Van’s artistry!",https://bloomcoffeeroasters.in/products/vin-van-gogh,https://cdn.shopify.com/s/files/1/0550/0082/6042/products/vinvangogh_2b37bffa-6eae-413e-a60f-ee1f3109df4d.png?v=1652961696,Coffee
Vin Van Gogh - Medium Roast,Bloom Coffee,2000.0,1kg,Medium Roast,"Berries, almonds, and spiced Chocolate The",,Washed,"Elevation: 3200-4250 ft. Varietal: SL6, Sln9, Sln5B Planters: Pavan Najappa and Navin Rajes Processing: Washed Roast: Medium dark Tasting notes: Berries, almonds, and spiced Chocolate The origin of this blend goes a fair way back to when Pavan (Venkids Valley Estate) and Navin (Moganad Estate) were schoolmates and were busy making plans for the world domination of Indian speciality coffee! Little did they know then, that the catalyst for this would be small roastery out of Chandigarh, of all the places who would put their two phenomenal washed arabicas together in a top secret ratio, name it after the one of the greatest painters of all time, which is also a word play on their names, and make it the most the delicious, versatile blend to have ever come out of the greater Chandigarh region! Pavan and Navin still remain very tight, and share flights, coffees, jokes, and the roasters they choose to work with! Thankfully, they both agreed to partner with us, which in turn enabled us to come up with this super tasty, bright like a Red Vineyard, over The Cafe Terrace at night, lit up by The Starry Night All stories aside our Vin Van Gogh is our answer to a coffee blend that does everything very very well! It makes a great fruity filter coffee, as well the perfect espresso to have as it is, or a lovely fluffy cappuccino! Pick the grind of your choice, and bask in the glory of Vin’s and Van’s artistry!",https://bloomcoffeeroasters.in/products/vin-van-gogh,https://cdn.shopify.com/s/files/1/0550/0082/6042/products/vinvangogh_2b37bffa-6eae-413e-a60f-ee1f3109df4d.png?v=1652961696,Coffee
Vin Van Gogh - Medium Roast,Bloom Coffee,2000.0,1kg,Medium Roast,"Berries, almonds, and spiced Chocolate The",,Washed,"Elevation: 3200-4250 ft. Varietal: SL6, Sln9, Sln5B Planters: Pavan Najappa and Navin Rajes Processing: Washed Roast: Medium dark Tasting notes: Berries, almonds, and spiced Chocolate The origin of this blend goes a fair way back to when Pavan (Venkids Valley Estate) and Navin (Moganad Estate) were schoolmates and were busy making plans for the world domination of Indian speciality coffee! Little did they know then, that the catalyst for this would be small roastery out of Chandigarh, of all the places who would put their two phenomenal washed arabicas together in a top secret ratio, name it after the one of the greatest painters of all time, which is also a word play on their names, and make it the most the delicious, versatile blend to have ever come out of the greater Chandigarh region! Pavan and Navin still remain very tight, and share flights, coffees, jokes, and the roasters they choose to work with! Thankfully, they both agreed to partner with us, which in turn enabled us to come up with this super tasty, bright like a Red Vineyard, over The Cafe Terrace at night, lit up by The Starry Night All stories aside our Vin Van Gogh is our answer to a coffee blend that does everything very very well! It makes a great fruity filter coffee, as well the perfect espresso to have as it is, or a lovely fluffy cappuccino! Pick the grind of your choice, and bask in the glory of Vin’s and Van’s artistry!",https://bloomcoffeeroasters.in/products/vin-van-gogh,https://cdn.shopify.com/s/files/1/0550/0082/6042/products/vinvangogh_2b37bffa-6eae-413e-a60f-ee1f3109df4d.png?v=1652961696,Coffee
Vin Van Gogh - Medium Roast,Bloom Coffee,2000.0,1kg,Medium Roast,"Berries, almonds, and spiced Chocolate The",,Washed,"Elevation: 3200-4250 ft. Varietal: SL6, Sln9, Sln5B Planters: Pavan Najappa and Navin Rajes Processing: Washed Roast: Medium dark Tasting notes: Berries, almonds, and spiced Chocolate The origin of this blend goes a fair way back to when Pavan (Venkids Valley Estate) and Navin (Moganad Estate) were schoolmates and were busy making plans for the world domination of Indian speciality coffee! Little did they know then, that the catalyst for this would be small roastery out of Chandigarh, of all the places who would put their two phenomenal washed arabicas together in a top secret ratio, name it after the one of the greatest painters of all time, which is also a word play on their names, and make it the most the delicious, versatile blend to have ever come out of the greater Chandigarh region! Pavan and Navin still remain very tight, and share flights, coffees, jokes, and the roasters they choose to work with! Thankfully, they both agreed to partner with us, which in turn enabled us to come up with this super tasty, bright like a Red Vineyard, over The Cafe Terrace at night, lit up by The Starry Night All stories aside our Vin Van Gogh is our answer to a coffee blend that does everything very very well! It makes a great fruity filter coffee, as well the perfect espresso to have as it is, or a lovely fluffy cappuccino! Pick the grind of your choice, and bask in the glory of Vin’s and Van’s artistry!",https://bloomcoffeeroasters.in/products/vin-van-gogh,https://cdn.shopify.com/s/files/1/0550/0082/6042/products/vinvangogh_2b37bffa-6eae-413e-a60f-ee1f3109df4d.png?v=1652961696,Coffee
Vin Van Gogh - Medium Roast,Bloom Coffee,2000.0,1kg,Medium Roast,"Berries, almonds, and spiced Chocolate The",,Washed,"Elevation: 3200-4250 ft. Varietal: SL6, Sln9, Sln5B Planters: Pavan Najappa and Navin Rajes Processing: Washed Roast: Medium dark Tasting notes: Berries, almonds, and spiced Chocolate The origin of this blend goes a fair way back to when Pavan (Venkids Valley Estate) and Navin (Moganad Estate) were schoolmates and were busy making plans for the world domination of Indian speciality coffee! Little did they know then, that the catalyst for this would be small roastery out of Chandigarh, of all the places who would put their two phenomenal washed arabicas together in a top secret ratio, name it after the one of the greatest painters of all time, which is also a word play on their names, and make it the most the delicious, versatile blend to have ever come out of the greater Chandigarh region! Pavan and Navin still remain very tight, and share flights, coffees, jokes, and the roasters they choose to work with! Thankfully, they both agreed to partner with us, which in turn enabled us to come up with this super tasty, bright like a Red Vineyard, over The Cafe Terrace at night, lit up by The Starry Night All stories aside our Vin Van Gogh is our answer to a coffee blend that does everything very very well! It makes a great fruity filter coffee, as well the perfect espresso to have as it is, or a lovely fluffy cappuccino! Pick the grind of your choice, and bask in the glory of Vin’s and Van’s artistry!",https://bloomcoffeeroasters.in/products/vin-van-gogh,https://cdn.shopify.com/s/files/1/0550/0082/6042/products/vinvangogh_2b37bffa-6eae-413e-a60f-ee1f3109df4d.png?v=1652961696,Coffee
Vin Van Gogh - Medium Roast,Bloom Coffee,2000.0,1kg,Medium Roast,"Berries, almonds, and spiced Chocolate The",,Washed,"Elevation: 3200-4250 ft. Varietal: SL6, Sln9, Sln5B Planters: Pavan Najappa and Navin Rajes Processing: Washed Roast: Medium dark Tasting notes: Berries, almonds, and spiced Chocolate The origin of this blend goes a fair way back to when Pavan (Venkids Valley Estate) and Navin (Moganad Estate) were schoolmates and were busy making plans for the world domination of Indian speciality coffee! Little did they know then, that the catalyst for this would be small roastery out of Chandigarh, of all the places who would put their two phenomenal washed arabicas together in a top secret ratio, name it after the one of the greatest painters of all time, which is also a word play on their names, and make it the most the delicious, versatile blend to have ever come out of the greater Chandigarh region! Pavan and Navin still remain very tight, and share flights, coffees, jokes, and the roasters they choose to work with! Thankfully, they both agreed to partner with us, which in turn enabled us to come up with this super tasty, bright like a Red Vineyard, over The Cafe Terrace at night, lit up by The Starry Night All stories aside our Vin Van Gogh is our answer to a coffee blend that does everything very very well! It makes a great fruity filter coffee, as well the perfect espresso to have as it is, or a lovely fluffy cappuccino! Pick the grind of your choice, and bask in the glory of Vin’s and Van’s artistry!",https://bloomcoffeeroasters.in/products/vin-van-gogh,https://cdn.shopify.com/s/files/1/0550/0082/6042/products/vinvangogh_2b37bffa-6eae-413e-a60f-ee1f3109df4d.png?v=1652961696,Coffee
Vin Van Gogh - Medium Roast,Bloom Coffee,600.0,250g,Medium Roast,"Berries, almonds, and spiced Chocolate The",,Washed,"Elevation: 3200-4250 ft. Varietal: SL6, Sln9, Sln5B Planters: Pavan Najappa and Navin Rajes Processing: Washed Roast: Medium dark Tasting notes: Berries, almonds, and spiced Chocolate The origin of this blend goes a fair way back to when Pavan (Venkids Valley Estate) and Navin (Moganad Estate) were schoolmates and were busy making plans for the world domination of Indian speciality coffee! Little did they know then, that the catalyst for this would be small roastery out of Chandigarh, of all the places who would put their two phenomenal washed arabicas together in a top secret ratio, name it after the one of the greatest painters of all time, which is also a word play on their names, and make it the most the delicious, versatile blend to have ever come out of the greater Chandigarh region! Pavan and Navin still remain very tight, and share flights, coffees, jokes, and the roasters they choose to work with! Thankfully, they both agreed to partner with us, which in turn enabled us to come up with this super tasty, bright like a Red Vineyard, over The Cafe Terrace at night, lit up by The Starry Night All stories aside our Vin Van Gogh is our answer to a coffee blend that does everything very very well! It makes a great fruity filter coffee, as well the perfect espresso to have as it is, or a lovely fluffy cappuccino! Pick the grind of your choice, and bask in the glory of Vin’s and Van’s artistry!",https://bloomcoffeeroasters.in/products/vin-van-gogh,https://cdn.shopify.com/s/files/1/0550/0082/6042/products/vinvangogh_2b37bffa-6eae-413e-a60f-ee1f3109df4d.png?v=1652961696,Coffee
Vin Van Gogh - Medium Roast,Bloom Coffee,600.0,250g,Medium Roast,"Berries, almonds, and spiced Chocolate The",,Washed,"Elevation: 3200-4250 ft. Varietal: SL6, Sln9, Sln5B Planters: Pavan Najappa and Navin Rajes Processing: Washed Roast: Medium dark Tasting notes: Berries, almonds, and spiced Chocolate The origin of this blend goes a fair way back to when Pavan (Venkids Valley Estate) and Navin (Moganad Estate) were schoolmates and were busy making plans for the world domination of Indian speciality coffee! Little did they know then, that the catalyst for this would be small roastery out of Chandigarh, of all the places who would put their two phenomenal washed arabicas together in a top secret ratio, name it after the one of the greatest painters of all time, which is also a word play on their names, and make it the most the delicious, versatile blend to have ever come out of the greater Chandigarh region! Pavan and Navin still remain very tight, and share flights, coffees, jokes, and the roasters they choose to work with! Thankfully, they both agreed to partner with us, which in turn enabled us to come up with this super tasty, bright like a Red Vineyard, over The Cafe Terrace at night, lit up by The Starry Night All stories aside our Vin Van Gogh is our answer to a coffee blend that does everything very very well! It makes a great fruity filter coffee, as well the perfect espresso to have as it is, or a lovely fluffy cappuccino! Pick the grind of your choice, and bask in the glory of Vin’s and Van’s artistry!",https://bloomcoffeeroasters.in/products/vin-van-gogh,https://cdn.shopify.com/s/files/1/0550/0082/6042/products/vinvangogh_2b37bffa-6eae-413e-a60f-ee1f3109df4d.png?v=1652961696,Coffee
Vin Van Gogh - Medium Roast,Bloom Coffee,600.0,250g,Medium Roast,"Berries, almonds, and spiced Chocolate The",,Washed,"Elevation: 3200-4250 ft. Varietal: SL6, Sln9, Sln5B Planters: Pavan Najappa and Navin Rajes Processing: Washed Roast: Medium dark Tasting notes: Berries, almonds, and spiced Chocolate The origin of this blend goes a fair way back to when Pavan (Venkids Valley Estate) and Navin (Moganad Estate) were schoolmates and were busy making plans for the world domination of Indian speciality coffee! Little did they know then, that the catalyst for this would be small roastery out of Chandigarh, of all the places who would put their two phenomenal washed arabicas together in a top secret ratio, name it after the one of the greatest painters of all time, which is also a word play on their names, and make it the most the delicious, versatile blend to have ever come out of the greater Chandigarh region! Pavan and Navin still remain very tight, and share flights, coffees, jokes, and the roasters they choose to work with! Thankfully, they both agreed to partner with us, which in turn enabled us to come up with this super tasty, bright like a Red Vineyard, over The Cafe Terrace at night, lit up by The Starry Night All stories aside our Vin Van Gogh is our answer to a coffee blend that does everything very very well! It makes a great fruity filter coffee, as well the perfect espresso to have as it is, or a lovely fluffy cappuccino! Pick the grind of your choice, and bask in the glory of Vin’s and Van’s artistry!",https://bloomcoffeeroasters.in/products/vin-van-gogh,https://cdn.shopify.com/s/files/1/0550/0082/6042/products/vinvangogh_2b37bffa-6eae-413e-a60f-ee1f3109df4d.png?v=1652961696,Coffee
Vin Van Gogh - Medium Roast,Bloom Coffee,600.0,250g,Medium Roast,"Berries, almonds, and spiced Chocolate The",,Washed,"Elevation: 3200-4250 ft. Varietal: SL6, Sln9, Sln5B Planters: Pavan Najappa and Navin Rajes Processing: Washed Roast: Medium dark Tasting notes: Berries, almonds, and spiced Chocolate The origin of this blend goes a fair way back to when Pavan (Venkids Valley Estate) and Navin (Moganad Estate) were schoolmates and were busy making plans for the world domination of Indian speciality coffee! Little did they know then, that the catalyst for this would be small roastery out of Chandigarh, of all the places who would put their two phenomenal washed arabicas together in a top secret ratio, name it after the one of the greatest painters of all time, which is also a word play on their names, and make it the most the delicious, versatile blend to have ever come out of the greater Chandigarh region! Pavan and Navin still remain very tight, and share flights, coffees, jokes, and the roasters they choose to work with! Thankfully, they both agreed to partner with us, which in turn enabled us to come up with this super tasty, bright like a Red Vineyard, over The Cafe Terrace at night, lit up by The Starry Night All stories aside our Vin Van Gogh is our answer to a coffee blend that does everything very very well! It makes a great fruity filter coffee, as well the perfect espresso to have as it is, or a lovely fluffy cappuccino! Pick the grind of your choice, and bask in the glory of Vin’s and Van’s artistry!",https://bloomcoffeeroasters.in/products/vin-van-gogh,https://cdn.shopify.com/s/files/1/0550/0082/6042/products/vinvangogh_2b37bffa-6eae-413e-a60f-ee1f3109df4d.png?v=1652961696,Coffee
Vin Van Gogh - Medium Roast,Bloom Coffee,600.0,250g,Medium Roast,"Berries, almonds, and spiced Chocolate The",,Washed,"Elevation: 3200-4250 ft. Varietal: SL6, Sln9, Sln5B Planters: Pavan Najappa and Navin Rajes Processing: Washed Roast: Medium dark Tasting notes: Berries, almonds, and spiced Chocolate The origin of this blend goes a fair way back to when Pavan (Venkids Valley Estate) and Navin (Moganad Estate) were schoolmates and were busy making plans for the world domination of Indian speciality coffee! Little did they know then, that the catalyst for this would be small roastery out of Chandigarh, of all the places who would put their two phenomenal washed arabicas together in a top secret ratio, name it after the one of the greatest painters of all time, which is also a word play on their names, and make it the most the delicious, versatile blend to have ever come out of the greater Chandigarh region! Pavan and Navin still remain very tight, and share flights, coffees, jokes, and the roasters they choose to work with! Thankfully, they both agreed to partner with us, which in turn enabled us to come up with this super tasty, bright like a Red Vineyard, over The Cafe Terrace at night, lit up by The Starry Night All stories aside our Vin Van Gogh is our answer to a coffee blend that does everything very very well! It makes a great fruity filter coffee, as well the perfect espresso to have as it is, or a lovely fluffy cappuccino! Pick the grind of your choice, and bask in the glory of Vin’s and Van’s artistry!",https://bloomcoffeeroasters.in/products/vin-van-gogh,https://cdn.shopify.com/s/files/1/0550/0082/6042/products/vinvangogh_2b37bffa-6eae-413e-a60f-ee1f3109df4d.png?v=1652961696,Coffee
Vin Van Gogh - Medium Roast,Bloom Coffee,600.0,250g,Medium Roast,"Berries, almonds, and spiced Chocolate The",,Washed,"Elevation: 3200-4250 ft. Varietal: SL6, Sln9, Sln5B Planters: Pavan Najappa and Navin Rajes Processing: Washed Roast: Medium dark Tasting notes: Berries, almonds, and spiced Chocolate The origin of this blend goes a fair way back to when Pavan (Venkids Valley Estate) and Navin (Moganad Estate) were schoolmates and were busy making plans for the world domination of Indian speciality coffee! Little did they know then, that the catalyst for this would be small roastery out of Chandigarh, of all the places who would put their two phenomenal washed arabicas together in a top secret ratio, name it after the one of the greatest painters of all time, which is also a word play on their names, and make it the most the delicious, versatile blend to have ever come out of the greater Chandigarh region! Pavan and Navin still remain very tight, and share flights, coffees, jokes, and the roasters they choose to work with! Thankfully, they both agreed to partner with us, which in turn enabled us to come up with this super tasty, bright like a Red Vineyard, over The Cafe Terrace at night, lit up by The Starry Night All stories aside our Vin Van Gogh is our answer to a coffee blend that does everything very very well! It makes a great fruity filter coffee, as well the perfect espresso to have as it is, or a lovely fluffy cappuccino! Pick the grind of your choice, and bask in the glory of Vin’s and Van’s artistry!",https://bloomcoffeeroasters.in/products/vin-van-gogh,https://cdn.shopify.com/s/files/1/0550/0082/6042/products/vinvangogh_2b37bffa-6eae-413e-a60f-ee1f3109df4d.png?v=1652961696,Coffee
Vin Van Gogh - Medium Roast,Bloom Coffee,600.0,250g,Medium Roast,"Berries, almonds, and spiced Chocolate The",,Washed,"Elevation: 3200-4250 ft. Varietal: SL6, Sln9, Sln5B Planters: Pavan Najappa and Navin Rajes Processing: Washed Roast: Medium dark Tasting notes: Berries, almonds, and spiced Chocolate The origin of this blend goes a fair way back to when Pavan (Venkids Valley Estate) and Navin (Moganad Estate) were schoolmates and were busy making plans for the world domination of Indian speciality coffee! Little did they know then, that the catalyst for this would be small roastery out of Chandigarh, of all the places who would put their two phenomenal washed arabicas together in a top secret ratio, name it after the one of the greatest painters of all time, which is also a word play on their names, and make it the most the delicious, versatile blend to have ever come out of the greater Chandigarh region! Pavan and Navin still remain very tight, and share flights, coffees, jokes, and the roasters they choose to work with! Thankfully, they both agreed to partner with us, which in turn enabled us to come up with this super tasty, bright like a Red Vineyard, over The Cafe Terrace at night, lit up by The Starry Night All stories aside our Vin Van Gogh is our answer to a coffee blend that does everything very very well! It makes a great fruity filter coffee, as well the perfect espresso to have as it is, or a lovely fluffy cappuccino! Pick the grind of your choice, and bask in the glory of Vin’s and Van’s artistry!",https://bloomcoffeeroasters.in/products/vin-van-gogh,https://cdn.shopify.com/s/files/1/0550/0082/6042/products/vinvangogh_2b37bffa-6eae-413e-a60f-ee1f3109df4d.png?v=1652961696,Coffee
Vin Van Gogh - Medium Roast,Bloom Coffee,600.0,250g,Medium Roast,"Berries, almonds, and spiced Chocolate The",,Washed,"Elevation: 3200-4250 ft. Varietal: SL6, Sln9, Sln5B Planters: Pavan Najappa and Navin Rajes Processing: Washed Roast: Medium dark Tasting notes: Berries, almonds, and spiced Chocolate The origin of this blend goes a fair way back to when Pavan (Venkids Valley Estate) and Navin (Moganad Estate) were schoolmates and were busy making plans for the world domination of Indian speciality coffee! Little did they know then, that the catalyst for this would be small roastery out of Chandigarh, of all the places who would put their two phenomenal washed arabicas together in a top secret ratio, name it after the one of the greatest painters of all time, which is also a word play on their names, and make it the most the delicious, versatile blend to have ever come out of the greater Chandigarh region! Pavan and Navin still remain very tight, and share flights, coffees, jokes, and the roasters they choose to work with! Thankfully, they both agreed to partner with us, which in turn enabled us to come up with this super tasty, bright like a Red Vineyard, over The Cafe Terrace at night, lit up by The Starry Night All stories aside our Vin Van Gogh is our answer to a coffee blend that does everything very very well! It makes a great fruity filter coffee, as well the perfect espresso to have as it is, or a lovely fluffy cappuccino! Pick the grind of your choice, and bask in the glory of Vin’s and Van’s artistry!",https://bloomcoffeeroasters.in/products/vin-van-gogh,https://cdn.shopify.com/s/files/1/0550/0082/6042/products/vinvangogh_2b37bffa-6eae-413e-a60f-ee1f3109df4d.png?v=1652961696,Coffee
Vin Van Gogh - Medium Roast,Bloom Coffee,600.0,250g,Medium Roast,"Berries, almonds, and spiced Chocolate The",,Washed,"Elevation: 3200-4250 ft. Varietal: SL6, Sln9, Sln5B Planters: Pavan Najappa and Navin Rajes Processing: Washed Roast: Medium dark Tasting notes: Berries, almonds, and spiced Chocolate The origin of this blend goes a fair way back to when Pavan (Venkids Valley Estate) and Navin (Moganad Estate) were schoolmates and were busy making plans for the world domination of Indian speciality coffee! Little did they know then, that the catalyst for this would be small roastery out of Chandigarh, of all the places who would put their two phenomenal washed arabicas together in a top secret ratio, name it after the one of the greatest painters of all time, which is also a word play on their names, and make it the most the delicious, versatile blend to have ever come out of the greater Chandigarh region! Pavan and Navin still remain very tight, and share flights, coffees, jokes, and the roasters they choose to work with! Thankfully, they both agreed to partner with us, which in turn enabled us to come up with this super tasty, bright like a Red Vineyard, over The Cafe Terrace at night, lit up by The Starry Night All stories aside our Vin Van Gogh is our answer to a coffee blend that does everything very very well! It makes a great fruity filter coffee, as well the perfect espresso to have as it is, or a lovely fluffy cappuccino! Pick the grind of your choice, and bask in the glory of Vin’s and Van’s artistry!",https://bloomcoffeeroasters.in/products/vin-van-gogh,https://cdn.shopify.com/s/files/1/0550/0082/6042/products/vinvangogh_2b37bffa-6eae-413e-a60f-ee1f3109df4d.png?v=1652961696,Coffee
Ro-Busta Rhymes - Dark Roast,Bloom Coffee,1800.0,1kg,Dark Roast,,,robusta from the Venkids Valley Estate,"Elevation: 3300 ft. – 4500ft. Varietal: Arabica S795, Robusta Planters: Navin Rajes, and Pavan Nanjappa Processing: Washed Arabica and Naturals Robusta Roast: Medium Dark This blend features the lovely washed arabica from the Moganad Estate, and the natural processed robusta from the Venkids Valley Estate. But beware, if you’re expecting a bitter, boring blend, this will let you down! Ro-Busta Rhymes is a super duper tasty blend that really brings the best out both species of the coffees, but what’s really interesting is that acidity and the sweetness in this blend comes a great deal from the Robusta! We recommend you try this blend black just to really get a feel of what the robusta brings to it!",https://bloomcoffeeroasters.in/products/ro-busta-rhymes-medium-dark-roast,https://cdn.shopify.com/s/files/1/0550/0082/6042/products/robustarimes.png?v=1652961492,Coffee
Ro-Busta Rhymes - Dark Roast,Bloom Coffee,1800.0,1kg,Dark Roast,,,robusta from the Venkids Valley Estate,"Elevation: 3300 ft. – 4500ft. Varietal: Arabica S795, Robusta Planters: Navin Rajes, and Pavan Nanjappa Processing: Washed Arabica and Naturals Robusta Roast: Medium Dark This blend features the lovely washed arabica from the Moganad Estate, and the natural processed robusta from the Venkids Valley Estate. But beware, if you’re expecting a bitter, boring blend, this will let you down! Ro-Busta Rhymes is a super duper tasty blend that really brings the best out both species of the coffees, but what’s really interesting is that acidity and the sweetness in this blend comes a great deal from the Robusta! We recommend you try this blend black just to really get a feel of what the robusta brings to it!",https://bloomcoffeeroasters.in/products/ro-busta-rhymes-medium-dark-roast,https://cdn.shopify.com/s/files/1/0550/0082/6042/products/robustarimes.png?v=1652961492,Coffee
Ro-Busta Rhymes - Dark Roast,Bloom Coffee,1800.0,1kg,Dark Roast,,,robusta from the Venkids Valley Estate,"Elevation: 3300 ft. – 4500ft. Varietal: Arabica S795, Robusta Planters: Navin Rajes, and Pavan Nanjappa Processing: Washed Arabica and Naturals Robusta Roast: Medium Dark This blend features the lovely washed arabica from the Moganad Estate, and the natural processed robusta from the Venkids Valley Estate. But beware, if you’re expecting a bitter, boring blend, this will let you down! Ro-Busta Rhymes is a super duper tasty blend that really brings the best out both species of the coffees, but what’s really interesting is that acidity and the sweetness in this blend comes a great deal from the Robusta! We recommend you try this blend black just to really get a feel of what the robusta brings to it!",https://bloomcoffeeroasters.in/products/ro-busta-rhymes-medium-dark-roast,https://cdn.shopify.com/s/files/1/0550/0082/6042/products/robustarimes.png?v=1652961492,Coffee
Ro-Busta Rhymes - Dark Roast,Bloom Coffee,1800.0,1kg,Dark Roast,,,robusta from the Venkids Valley Estate,"Elevation: 3300 ft. – 4500ft. Varietal: Arabica S795, Robusta Planters: Navin Rajes, and Pavan Nanjappa Processing: Washed Arabica and Naturals Robusta Roast: Medium Dark This blend features the lovely washed arabica from the Moganad Estate, and the natural processed robusta from the Venkids Valley Estate. But beware, if you’re expecting a bitter, boring blend, this will let you down! Ro-Busta Rhymes is a super duper tasty blend that really brings the best out both species of the coffees, but what’s really interesting is that acidity and the sweetness in this blend comes a great deal from the Robusta! We recommend you try this blend black just to really get a feel of what the robusta brings to it!",https://bloomcoffeeroasters.in/products/ro-busta-rhymes-medium-dark-roast,https://cdn.shopify.com/s/files/1/0550/0082/6042/products/robustarimes.png?v=1652961492,Coffee
Ro-Busta Rhymes - Dark Roast,Bloom Coffee,1800.0,1kg,Dark Roast,,,robusta from the Venkids Valley Estate,"Elevation: 3300 ft. – 4500ft. Varietal: Arabica S795, Robusta Planters: Navin Rajes, and Pavan Nanjappa Processing: Washed Arabica and Naturals Robusta Roast: Medium Dark This blend features the lovely washed arabica from the Moganad Estate, and the natural processed robusta from the Venkids Valley Estate. But beware, if you’re expecting a bitter, boring blend, this will let you down! Ro-Busta Rhymes is a super duper tasty blend that really brings the best out both species of the coffees, but what’s really interesting is that acidity and the sweetness in this blend comes a great deal from the Robusta! We recommend you try this blend black just to really get a feel of what the robusta brings to it!",https://bloomcoffeeroasters.in/products/ro-busta-rhymes-medium-dark-roast,https://cdn.shopify.com/s/files/1/0550/0082/6042/products/robustarimes.png?v=1652961492,Coffee
Ro-Busta Rhymes - Dark Roast,Bloom Coffee,1800.0,1kg,Dark Roast,,,robusta from the Venkids Valley Estate,"Elevation: 3300 ft. – 4500ft. Varietal: Arabica S795, Robusta Planters: Navin Rajes, and Pavan Nanjappa Processing: Washed Arabica and Naturals Robusta Roast: Medium Dark This blend features the lovely washed arabica from the Moganad Estate, and the natural processed robusta from the Venkids Valley Estate. But beware, if you’re expecting a bitter, boring blend, this will let you down! Ro-Busta Rhymes is a super duper tasty blend that really brings the best out both species of the coffees, but what’s really interesting is that acidity and the sweetness in this blend comes a great deal from the Robusta! We recommend you try this blend black just to really get a feel of what the robusta brings to it!",https://bloomcoffeeroasters.in/products/ro-busta-rhymes-medium-dark-roast,https://cdn.shopify.com/s/files/1/0550/0082/6042/products/robustarimes.png?v=1652961492,Coffee
Ro-Busta Rhymes - Dark Roast,Bloom Coffee,1800.0,1kg,Dark Roast,,,robusta from the Venkids Valley Estate,"Elevation: 3300 ft. – 4500ft. Varietal: Arabica S795, Robusta Planters: Navin Rajes, and Pavan Nanjappa Processing: Washed Arabica and Naturals Robusta Roast: Medium Dark This blend features the lovely washed arabica from the Moganad Estate, and the natural processed robusta from the Venkids Valley Estate. But beware, if you’re expecting a bitter, boring blend, this will let you down! Ro-Busta Rhymes is a super duper tasty blend that really brings the best out both species of the coffees, but what’s really interesting is that acidity and the sweetness in this blend comes a great deal from the Robusta! We recommend you try this blend black just to really get a feel of what the robusta brings to it!",https://bloomcoffeeroasters.in/products/ro-busta-rhymes-medium-dark-roast,https://cdn.shopify.com/s/files/1/0550/0082/6042/products/robustarimes.png?v=1652961492,Coffee
Ro-Busta Rhymes - Dark Roast,Bloom Coffee,1800.0,1kg,Dark Roast,,,robusta from the Venkids Valley Estate,"Elevation: 3300 ft. – 4500ft. Varietal: Arabica S795, Robusta Planters: Navin Rajes, and Pavan Nanjappa Processing: Washed Arabica and Naturals Robusta Roast: Medium Dark This blend features the lovely washed arabica from the Moganad Estate, and the natural processed robusta from the Venkids Valley Estate. But beware, if you’re expecting a bitter, boring blend, this will let you down! Ro-Busta Rhymes is a super duper tasty blend that really brings the best out both species of the coffees, but what’s really interesting is that acidity and the sweetness in this blend comes a great deal from the Robusta! We recommend you try this blend black just to really get a feel of what the robusta brings to it!",https://bloomcoffeeroasters.in/products/ro-busta-rhymes-medium-dark-roast,https://cdn.shopify.com/s/files/1/0550/0082/6042/products/robustarimes.png?v=1652961492,Coffee
Ro-Busta Rhymes - Dark Roast,Bloom Coffee,1800.0,1kg,Dark Roast,,,robusta from the Venkids Valley Estate,"Elevation: 3300 ft. – 4500ft. Varietal: Arabica S795, Robusta Planters: Navin Rajes, and Pavan Nanjappa Processing: Washed Arabica and Naturals Robusta Roast: Medium Dark This blend features the lovely washed arabica from the Moganad Estate, and the natural processed robusta from the Venkids Valley Estate. But beware, if you’re expecting a bitter, boring blend, this will let you down! Ro-Busta Rhymes is a super duper tasty blend that really brings the best out both species of the coffees, but what’s really interesting is that acidity and the sweetness in this blend comes a great deal from the Robusta! We recommend you try this blend black just to really get a feel of what the robusta brings to it!",https://bloomcoffeeroasters.in/products/ro-busta-rhymes-medium-dark-roast,https://cdn.shopify.com/s/files/1/0550/0082/6042/products/robustarimes.png?v=1652961492,Coffee
Ro-Busta Rhymes - Dark Roast,Bloom Coffee,500.0,250g,Dark Roast,,,robusta from the Venkids Valley Estate,"Elevation: 3300 ft. – 4500ft. Varietal: Arabica S795, Robusta Planters: Navin Rajes, and Pavan Nanjappa Processing: Washed Arabica and Naturals Robusta Roast: Medium Dark This blend features the lovely washed arabica from the Moganad Estate, and the natural processed robusta from the Venkids Valley Estate. But beware, if you’re expecting a bitter, boring blend, this will let you down! Ro-Busta Rhymes is a super duper tasty blend that really brings the best out both species of the coffees, but what’s really interesting is that acidity and the sweetness in this blend comes a great deal from the Robusta! We recommend you try this blend black just to really get a feel of what the robusta brings to it!",https://bloomcoffeeroasters.in/products/ro-busta-rhymes-medium-dark-roast,https://cdn.shopify.com/s/files/1/0550/0082/6042/products/robustarimes.png?v=1652961492,Coffee
Ro-Busta Rhymes - Dark Roast,Bloom Coffee,500.0,250g,Dark Roast,,,robusta from the Venkids Valley Estate,"Elevation: 3300 ft. – 4500ft. Varietal: Arabica S795, Robusta Planters: Navin Rajes, and Pavan Nanjappa Processing: Washed Arabica and Naturals Robusta Roast: Medium Dark This blend features the lovely washed arabica from the Moganad Estate, and the natural processed robusta from the Venkids Valley Estate. But beware, if you’re expecting a bitter, boring blend, this will let you down! Ro-Busta Rhymes is a super duper tasty blend that really brings the best out both species of the coffees, but what’s really interesting is that acidity and the sweetness in this blend comes a great deal from the Robusta! We recommend you try this blend black just to really get a feel of what the robusta brings to it!",https://bloomcoffeeroasters.in/products/ro-busta-rhymes-medium-dark-roast,https://cdn.shopify.com/s/files/1/0550/0082/6042/products/robustarimes.png?v=1652961492,Coffee
Ro-Busta Rhymes - Dark Roast,Bloom Coffee,500.0,250g,Dark Roast,,,robusta from the Venkids Valley Estate,"Elevation: 3300 ft. – 4500ft. Varietal: Arabica S795, Robusta Planters: Navin Rajes, and Pavan Nanjappa Processing: Washed Arabica and Naturals Robusta Roast: Medium Dark This blend features the lovely washed arabica from the Moganad Estate, and the natural processed robusta from the Venkids Valley Estate. But beware, if you’re expecting a bitter, boring blend, this will let you down! Ro-Busta Rhymes is a super duper tasty blend that really brings the best out both species of the coffees, but what’s really interesting is that acidity and the sweetness in this blend comes a great deal from the Robusta! We recommend you try this blend black just to really get a feel of what the robusta brings to it!",https://bloomcoffeeroasters.in/products/ro-busta-rhymes-medium-dark-roast,https://cdn.shopify.com/s/files/1/0550/0082/6042/products/robustarimes.png?v=1652961492,Coffee
Ro-Busta Rhymes - Dark Roast,Bloom Coffee,500.0,250g,Dark Roast,,,robusta from the Venkids Valley Estate,"Elevation: 3300 ft. – 4500ft. Varietal: Arabica S795, Robusta Planters: Navin Rajes, and Pavan Nanjappa Processing: Washed Arabica and Naturals Robusta Roast: Medium Dark This blend features the lovely washed arabica from the Moganad Estate, and the natural processed robusta from the Venkids Valley Estate. But beware, if you’re expecting a bitter, boring blend, this will let you down! Ro-Busta Rhymes is a super duper tasty blend that really brings the best out both species of the coffees, but what’s really interesting is that acidity and the sweetness in this blend comes a great deal from the Robusta! We recommend you try this blend black just to really get a feel of what the robusta brings to it!",https://bloomcoffeeroasters.in/products/ro-busta-rhymes-medium-dark-roast,https://cdn.shopify.com/s/files/1/0550/0082/6042/products/robustarimes.png?v=1652961492,Coffee
Ro-Busta Rhymes - Dark Roast,Bloom Coffee,500.0,250g,Dark Roast,,,robusta from the Venkids Valley Estate,"Elevation: 3300 ft. – 4500ft. Varietal: Arabica S795, Robusta Planters: Navin Rajes, and Pavan Nanjappa Processing: Washed Arabica and Naturals Robusta Roast: Medium Dark This blend features the lovely washed arabica from the Moganad Estate, and the natural processed robusta from the Venkids Valley Estate. But beware, if you’re expecting a bitter, boring blend, this will let you down! Ro-Busta Rhymes is a super duper tasty blend that really brings the best out both species of the coffees, but what’s really interesting is that acidity and the sweetness in this blend comes a great deal from the Robusta! We recommend you try this blend black just to really get a feel of what the robusta brings to it!",https://bloomcoffeeroasters.in/products/ro-busta-rhymes-medium-dark-roast,https://cdn.shopify.com/s/files/1/0550/0082/6042/products/robustarimes.png?v=1652961492,Coffee
Ro-Busta Rhymes - Dark Roast,Bloom Coffee,500.0,250g,Dark Roast,,,robusta from the Venkids Valley Estate,"Elevation: 3300 ft. – 4500ft. Varietal: Arabica S795, Robusta Planters: Navin Rajes, and Pavan Nanjappa Processing: Washed Arabica and Naturals Robusta Roast: Medium Dark This blend features the lovely washed arabica from the Moganad Estate, and the natural processed robusta from the Venkids Valley Estate. But beware, if you’re expecting a bitter, boring blend, this will let you down! Ro-Busta Rhymes is a super duper tasty blend that really brings the best out both species of the coffees, but what’s really interesting is that acidity and the sweetness in this blend comes a great deal from the Robusta! We recommend you try this blend black just to really get a feel of what the robusta brings to it!",https://bloomcoffeeroasters.in/products/ro-busta-rhymes-medium-dark-roast,https://cdn.shopify.com/s/files/1/0550/0082/6042/products/robustarimes.png?v=1652961492,Coffee
Ro-Busta Rhymes - Dark Roast,Bloom Coffee,500.0,250g,Dark Roast,,,robusta from the Venkids Valley Estate,"Elevation: 3300 ft. – 4500ft. Varietal: Arabica S795, Robusta Planters: Navin Rajes, and Pavan Nanjappa Processing: Washed Arabica and Naturals Robusta Roast: Medium Dark This blend features the lovely washed arabica from the Moganad Estate, and the natural processed robusta from the Venkids Valley Estate. But beware, if you’re expecting a bitter, boring blend, this will let you down! Ro-Busta Rhymes is a super duper tasty blend that really brings the best out both species of the coffees, but what’s really interesting is that acidity and the sweetness in this blend comes a great deal from the Robusta! We recommend you try this blend black just to really get a feel of what the robusta brings to it!",https://bloomcoffeeroasters.in/products/ro-busta-rhymes-medium-dark-roast,https://cdn.shopify.com/s/files/1/0550/0082/6042/products/robustarimes.png?v=1652961492,Coffee
Ro-Busta Rhymes - Dark Roast,Bloom Coffee,500.0,250g,Dark Roast,,,robusta from the Venkids Valley Estate,"Elevation: 3300 ft. – 4500ft. Varietal: Arabica S795, Robusta Planters: Navin Rajes, and Pavan Nanjappa Processing: Washed Arabica and Naturals Robusta Roast: Medium Dark This blend features the lovely washed arabica from the Moganad Estate, and the natural processed robusta from the Venkids Valley Estate. But beware, if you’re expecting a bitter, boring blend, this will let you down! Ro-Busta Rhymes is a super duper tasty blend that really brings the best out both species of the coffees, but what’s really interesting is that acidity and the sweetness in this blend comes a great deal from the Robusta! We recommend you try this blend black just to really get a feel of what the robusta brings to it!",https://bloomcoffeeroasters.in/products/ro-busta-rhymes-medium-dark-roast,https://cdn.shopify.com/s/files/1/0550/0082/6042/products/robustarimes.png?v=1652961492,Coffee
Ro-Busta Rhymes - Dark Roast,Bloom Coffee,500.0,250g,Dark Roast,,,robusta from the Venkids Valley Estate,"Elevation: 3300 ft. – 4500ft. Varietal: Arabica S795, Robusta Planters: Navin Rajes, and Pavan Nanjappa Processing: Washed Arabica and Naturals Robusta Roast: Medium Dark This blend features the lovely washed arabica from the Moganad Estate, and the natural processed robusta from the Venkids Valley Estate. But beware, if you’re expecting a bitter, boring blend, this will let you down! Ro-Busta Rhymes is a super duper tasty blend that really brings the best out both species of the coffees, but what’s really interesting is that acidity and the sweetness in this blend comes a great deal from the Robusta! We recommend you try this blend black just to really get a feel of what the robusta brings to it!",https://bloomcoffeeroasters.in/products/ro-busta-rhymes-medium-dark-roast,https://cdn.shopify.com/s/files/1/0550/0082/6042/products/robustarimes.png?v=1652961492,Coffee
Kenny Ji - The Cold Brew Blend,Bloom Coffee,2300.0,1kg,,"Bright, Smooth, Easy “You don’t have to wait” any longer for the bloom coffee",,,"Bright | Smooth | Easy “You don’t have to wait” any longer for the bloom coffee roasters cold brew blend. “The Promise” that this holds is that, be it in “The Morning” or “In The Rain” or at the “End of The Night” you will “Forever Be In Love” with the smooth silky “Silhouette” of this delicious coffee. From “The Moment” you’ll have your first sip “By The Time It’s Over”, it’ll leave you “Breathless” and wanting more. Made from a top secret blend coffees, specially roasted for cold brew. It is so smooth that you might even find yourself listening to Kenny G’s greatest hits …hit the sax!",https://bloomcoffeeroasters.in/products/kenny-ji-the-cold-brew-blend,https://cdn.shopify.com/s/files/1/0550/0082/6042/products/coldbrewkennyjifront.png?v=1652961361,Coffee
Kenny Ji - The Cold Brew Blend,Bloom Coffee,2300.0,1kg,,"Bright, Smooth, Easy “You don’t have to wait” any longer for the bloom coffee",,,"Bright | Smooth | Easy “You don’t have to wait” any longer for the bloom coffee roasters cold brew blend. “The Promise” that this holds is that, be it in “The Morning” or “In The Rain” or at the “End of The Night” you will “Forever Be In Love” with the smooth silky “Silhouette” of this delicious coffee. From “The Moment” you’ll have your first sip “By The Time It’s Over”, it’ll leave you “Breathless” and wanting more. Made from a top secret blend coffees, specially roasted for cold brew. It is so smooth that you might even find yourself listening to Kenny G’s greatest hits …hit the sax!",https://bloomcoffeeroasters.in/products/kenny-ji-the-cold-brew-blend,https://cdn.shopify.com/s/files/1/0550/0082/6042/products/coldbrewkennyjifront.png?v=1652961361,Coffee
Kenny Ji - The Cold Brew Blend,Bloom Coffee,2300.0,1kg,,"Bright, Smooth, Easy “You don’t have to wait” any longer for the bloom coffee",,,"Bright | Smooth | Easy “You don’t have to wait” any longer for the bloom coffee roasters cold brew blend. “The Promise” that this holds is that, be it in “The Morning” or “In The Rain” or at the “End of The Night” you will “Forever Be In Love” with the smooth silky “Silhouette” of this delicious coffee. From “The Moment” you’ll have your first sip “By The Time It’s Over”, it’ll leave you “Breathless” and wanting more. Made from a top secret blend coffees, specially roasted for cold brew. It is so smooth that you might even find yourself listening to Kenny G’s greatest hits …hit the sax!",https://bloomcoffeeroasters.in/products/kenny-ji-the-cold-brew-blend,https://cdn.shopify.com/s/files/1/0550/0082/6042/products/coldbrewkennyjifront.png?v=1652961361,Coffee
Kenny Ji - The Cold Brew Blend,Bloom Coffee,575.0,250g,,"Bright, Smooth, Easy “You don’t have to wait” any longer for the bloom coffee",,,"Bright | Smooth | Easy “You don’t have to wait” any longer for the bloom coffee roasters cold brew blend. “The Promise” that this holds is that, be it in “The Morning” or “In The Rain” or at the “End of The Night” you will “Forever Be In Love” with the smooth silky “Silhouette” of this delicious coffee. From “The Moment” you’ll have your first sip “By The Time It’s Over”, it’ll leave you “Breathless” and wanting more. Made from a top secret blend coffees, specially roasted for cold brew. It is so smooth that you might even find yourself listening to Kenny G’s greatest hits …hit the sax!",https://bloomcoffeeroasters.in/products/kenny-ji-the-cold-brew-blend,https://cdn.shopify.com/s/files/1/0550/0082/6042/products/coldbrewkennyjifront.png?v=1652961361,Coffee
Kenny Ji - The Cold Brew Blend,Bloom Coffee,575.0,250g,,"Bright, Smooth, Easy “You don’t have to wait” any longer for the bloom coffee",,,"Bright | Smooth | Easy “You don’t have to wait” any longer for the bloom coffee roasters cold brew blend. “The Promise” that this holds is that, be it in “The Morning” or “In The Rain” or at the “End of The Night” you will “Forever Be In Love” with the smooth silky “Silhouette” of this delicious coffee. From “The Moment” you’ll have your first sip “By The Time It’s Over”, it’ll leave you “Breathless” and wanting more. Made from a top secret blend coffees, specially roasted for cold brew. It is so smooth that you might even find yourself listening to Kenny G’s greatest hits …hit the sax!",https://bloomcoffeeroasters.in/products/kenny-ji-the-cold-brew-blend,https://cdn.shopify.com/s/files/1/0550/0082/6042/products/coldbrewkennyjifront.png?v=1652961361,Coffee
Kenny Ji - The Cold Brew Blend,Bloom Coffee,575.0,250g,,"Bright, Smooth, Easy “You don’t have to wait” any longer for the bloom coffee",,,"Bright | Smooth | Easy “You don’t have to wait” any longer for the bloom coffee roasters cold brew blend. “The Promise” that this holds is that, be it in “The Morning” or “In The Rain” or at the “End of The Night” you will “Forever Be In Love” with the smooth silky “Silhouette” of this delicious coffee. From “The Moment” you’ll have your first sip “By The Time It’s Over”, it’ll leave you “Breathless” and wanting more. Made from a top secret blend coffees, specially roasted for cold brew. It is so smooth that you might even find yourself listening to Kenny G’s greatest hits …hit the sax!",https://bloomcoffeeroasters.in/products/kenny-ji-the-cold-brew-blend,https://cdn.shopify.com/s/files/1/0550/0082/6042/products/coldbrewkennyjifront.png?v=1652961361,Coffee
Cold Brew Concentrate,Bloom Coffee,300.0,255ml,,,,,"For those who like even more flexibility with their coffee, our concentrate a stronger, denser, more intense version of the cold brew! Think of it as a delicious shot of espresso in a bottle for you to use when you want and how you want! The cold brew concentrate is perfect for making blended drinks like the good old home cold coffee, iced lattes, latte like hot coffees and what not! Remember this is pretty freaking strong, be sure to dilute it to your liking!",https://bloomcoffeeroasters.in/products/cold-brew-concentrate,https://cdn.shopify.com/s/files/1/0550/0082/6042/products/ColdBrewConcentrate.png?v=1616048006,Coffee
Cold Brew Concentrate,Bloom Coffee,580.0,255ml,,,,,"For those who like even more flexibility with their coffee, our concentrate a stronger, denser, more intense version of the cold brew! Think of it as a delicious shot of espresso in a bottle for you to use when you want and how you want! The cold brew concentrate is perfect for making blended drinks like the good old home cold coffee, iced lattes, latte like hot coffees and what not! Remember this is pretty freaking strong, be sure to dilute it to your liking!",https://bloomcoffeeroasters.in/products/cold-brew-concentrate,https://cdn.shopify.com/s/files/1/0550/0082/6042/products/ColdBrewConcentrate.png?v=1616048006,Coffee
Cold Brew Concentrate,Bloom Coffee,940.0,255ml,,,,,"For those who like even more flexibility with their coffee, our concentrate a stronger, denser, more intense version of the cold brew! Think of it as a delicious shot of espresso in a bottle for you to use when you want and how you want! The cold brew concentrate is perfect for making blended drinks like the good old home cold coffee, iced lattes, latte like hot coffees and what not! Remember this is pretty freaking strong, be sure to dilute it to your liking!",https://bloomcoffeeroasters.in/products/cold-brew-concentrate,https://cdn.shopify.com/s/files/1/0550/0082/6042/products/ColdBrewConcentrate.png?v=1616048006,Coffee
Cold Brew Concentrate,Bloom Coffee,460.0,485ml,,,,,"For those who like even more flexibility with their coffee, our concentrate a stronger, denser, more intense version of the cold brew! Think of it as a delicious shot of espresso in a bottle for you to use when you want and how you want! The cold brew concentrate is perfect for making blended drinks like the good old home cold coffee, iced lattes, latte like hot coffees and what not! Remember this is pretty freaking strong, be sure to dilute it to your liking!",https://bloomcoffeeroasters.in/products/cold-brew-concentrate,https://cdn.shopify.com/s/files/1/0550/0082/6042/products/ColdBrewConcentrate.png?v=1616048006,Coffee
Cold Brew Concentrate,Bloom Coffee,880.0,485ml,,,,,"For those who like even more flexibility with their coffee, our concentrate a stronger, denser, more intense version of the cold brew! Think of it as a delicious shot of espresso in a bottle for you to use when you want and how you want! The cold brew concentrate is perfect for making blended drinks like the good old home cold coffee, iced lattes, latte like hot coffees and what not! Remember this is pretty freaking strong, be sure to dilute it to your liking!",https://bloomcoffeeroasters.in/products/cold-brew-concentrate,https://cdn.shopify.com/s/files/1/0550/0082/6042/products/ColdBrewConcentrate.png?v=1616048006,Coffee
Cold Brew Concentrate,Bloom Coffee,1300.0,485ml,,,,,"For those who like even more flexibility with their coffee, our concentrate a stronger, denser, more intense version of the cold brew! Think of it as a delicious shot of espresso in a bottle for you to use when you want and how you want! The cold brew concentrate is perfect for making blended drinks like the good old home cold coffee, iced lattes, latte like hot coffees and what not! Remember this is pretty freaking strong, be sure to dilute it to your liking!",https://bloomcoffeeroasters.in/products/cold-brew-concentrate,https://cdn.shopify.com/s/files/1/0550/0082/6042/products/ColdBrewConcentrate.png?v=1616048006,Coffee
Cold Brew,Bloom Coffee,240.0,255ml,,Our cold brew is made from single,,,"Our cold brew is made from single estate coffee beans, which is roasted specially for our cold brew! For our cold brew, we brew our coffee for 16 hours in a vacuum sealed chamber and then we filter it using cloth filters and to really make it sparkle, we pass it through a paper filter, so that you get nothing but the best, freshest, cleanest, tastiest Cold Brew! Also we don’t add any sugar or preservatives! It’s like instant coffee, just a lot lot lot better! How to drink it? Option 1: Just open it and drink it (Yup, it tasted delicious as it is!) Option 2: Add milk (and/or sugar) to taste and make a delicious Iced Latte! Option 3: Like it hot? Just heat it up!",https://bloomcoffeeroasters.in/products/cold-brew,https://cdn.shopify.com/s/files/1/0550/0082/6042/products/ColdBrewBottle.png?v=1616047980,Coffee
Cold Brew,Bloom Coffee,460.0,255ml,,Our cold brew is made from single,,,"Our cold brew is made from single estate coffee beans, which is roasted specially for our cold brew! For our cold brew, we brew our coffee for 16 hours in a vacuum sealed chamber and then we filter it using cloth filters and to really make it sparkle, we pass it through a paper filter, so that you get nothing but the best, freshest, cleanest, tastiest Cold Brew! Also we don’t add any sugar or preservatives! It’s like instant coffee, just a lot lot lot better! How to drink it? Option 1: Just open it and drink it (Yup, it tasted delicious as it is!) Option 2: Add milk (and/or sugar) to taste and make a delicious Iced Latte! Option 3: Like it hot? Just heat it up!",https://bloomcoffeeroasters.in/products/cold-brew,https://cdn.shopify.com/s/files/1/0550/0082/6042/products/ColdBrewBottle.png?v=1616047980,Coffee
Cold Brew,Bloom Coffee,680.0,255ml,,Our cold brew is made from single,,,"Our cold brew is made from single estate coffee beans, which is roasted specially for our cold brew! For our cold brew, we brew our coffee for 16 hours in a vacuum sealed chamber and then we filter it using cloth filters and to really make it sparkle, we pass it through a paper filter, so that you get nothing but the best, freshest, cleanest, tastiest Cold Brew! Also we don’t add any sugar or preservatives! It’s like instant coffee, just a lot lot lot better! How to drink it? Option 1: Just open it and drink it (Yup, it tasted delicious as it is!) Option 2: Add milk (and/or sugar) to taste and make a delicious Iced Latte! Option 3: Like it hot? Just heat it up!",https://bloomcoffeeroasters.in/products/cold-brew,https://cdn.shopify.com/s/files/1/0550/0082/6042/products/ColdBrewBottle.png?v=1616047980,Coffee
Cold Brew,Bloom Coffee,400.0,485ml,,Our cold brew is made from single,,,"Our cold brew is made from single estate coffee beans, which is roasted specially for our cold brew! For our cold brew, we brew our coffee for 16 hours in a vacuum sealed chamber and then we filter it using cloth filters and to really make it sparkle, we pass it through a paper filter, so that you get nothing but the best, freshest, cleanest, tastiest Cold Brew! Also we don’t add any sugar or preservatives! It’s like instant coffee, just a lot lot lot better! How to drink it? Option 1: Just open it and drink it (Yup, it tasted delicious as it is!) Option 2: Add milk (and/or sugar) to taste and make a delicious Iced Latte! Option 3: Like it hot? Just heat it up!",https://bloomcoffeeroasters.in/products/cold-brew,https://cdn.shopify.com/s/files/1/0550/0082/6042/products/ColdBrewBottle.png?v=1616047980,Coffee
Cold Brew,Bloom Coffee,760.0,485ml,,Our cold brew is made from single,,,"Our cold brew is made from single estate coffee beans, which is roasted specially for our cold brew! For our cold brew, we brew our coffee for 16 hours in a vacuum sealed chamber and then we filter it using cloth filters and to really make it sparkle, we pass it through a paper filter, so that you get nothing but the best, freshest, cleanest, tastiest Cold Brew! Also we don’t add any sugar or preservatives! It’s like instant coffee, just a lot lot lot better! How to drink it? Option 1: Just open it and drink it (Yup, it tasted delicious as it is!) Option 2: Add milk (and/or sugar) to taste and make a delicious Iced Latte! Option 3: Like it hot? Just heat it up!",https://bloomcoffeeroasters.in/products/cold-brew,https://cdn.shopify.com/s/files/1/0550/0082/6042/products/ColdBrewBottle.png?v=1616047980,Coffee
Cold Brew,Bloom Coffee,1120.0,485ml,,Our cold brew is made from single,,,"Our cold brew is made from single estate coffee beans, which is roasted specially for our cold brew! For our cold brew, we brew our coffee for 16 hours in a vacuum sealed chamber and then we filter it using cloth filters and to really make it sparkle, we pass it through a paper filter, so that you get nothing but the best, freshest, cleanest, tastiest Cold Brew! Also we don’t add any sugar or preservatives! It’s like instant coffee, just a lot lot lot better! How to drink it? Option 1: Just open it and drink it (Yup, it tasted delicious as it is!) Option 2: Add milk (and/or sugar) to taste and make a delicious Iced Latte! Option 3: Like it hot? Just heat it up!",https://bloomcoffeeroasters.in/products/cold-brew,https://cdn.shopify.com/s/files/1/0550/0082/6042/products/ColdBrewBottle.png?v=1616047980,Coffee
