Name,Roaster,Price,Quantity,Roast_Level,Tasting_Notes,Origin,Process,Desc,URL,Image_URL,Category
Dark Nut Bar,Boojee,150.0,,,"Made with Almonds, Pistachios, Cashews, Jaggery, 70% Dark Chocolate, Buckwheat Groats, Pea Plant Protein, Cocoa Powder",,Natural,"Made with Almonds, Pistachios, Cashews, Jaggery, 70% Dark Chocolate, Buckwheat Groats, Pea Plant Protein, Cocoa Powder, Natural Vanilla. Net Weight. 30g",https://boojeecafe.com/products/dark-nut-energy-bar-30g,https://cdn.shopify.com/s/files/1/0712/3301/2030/files/5_2a997b81-2cc6-4e20-8b6a-e5a261f269d7.png?v=1782121941,Coffee
Blonde Nut Bar,Boojee,120.0,,,"Made with Almonds, Pistachios, Cashews, Jaggery, Buckwheat Groats, Pea Plant Protein, Natural Vanilla",,Natural,"Made with Almonds, Pistachios, Cashews, Jaggery, Buckwheat Groats, Pea Plant Protein, Natural Vanilla. Net Weight. 30g",https://boojeecafe.com/products/blonde-nut-energy-bar-30g,https://cdn.shopify.com/s/files/1/0712/3301/2030/files/1_4ae3b437-4d80-45d2-a773-e79b262e3910.png?v=1782121783,Coffee
Dehydrated Kale Chips,Boojee,250.0,50g,,"Kale leaves dipped in a vegan mixture made of cashews, red pepper, tomatoes, salt, nutritional yeast & dehydrated",,,"Kale leaves dipped in a vegan mixture made of cashews, red pepper, tomatoes, salt, nutritional yeast & dehydrated.",https://boojeecafe.com/products/dehydrated-kale-chips-150-grams,https://cdn.shopify.com/s/files/1/0712/3301/2030/files/Kale_chips_1.png?v=1781938727,Coffee
Dehydrated Kale Chips,Boojee,600.0,150g,,"Kale leaves dipped in a vegan mixture made of cashews, red pepper, tomatoes, salt, nutritional yeast & dehydrated",,,"Kale leaves dipped in a vegan mixture made of cashews, red pepper, tomatoes, salt, nutritional yeast & dehydrated.",https://boojeecafe.com/products/dehydrated-kale-chips-150-grams,https://cdn.shopify.com/s/files/1/0712/3301/2030/files/Kale_chips_1.png?v=1781938727,Coffee
Hazelnut Energy Bite,Boojee,120.0,Single,,Made with Dates (seedless),,,"Made with Dates (seedless), Roasted Hazelnuts, Cocoa Powder, Roasted Jowar Flakes, Salt Nutritional Values per ball (30g) Kcal 109, Protein 2.5, Carbs 16.7, Total Sugars 9, Sugar as sucrose 0, Total Fats 5.3, Saturated 0.45, Unsaturated 4.7, Trans Fat 0, Cholesterol ND<2.0",https://boojeecafe.com/products/hazelnut-energy-balls,https://cdn.shopify.com/s/files/1/0712/3301/2030/files/1_e76fb99c-ed31-4051-a1d5-8ab4c037ab39.png?v=1781938243,Coffee
Hazelnut Energy Bite,Boojee,700.0,Pack of 6,,Made with Dates (seedless),,,"Made with Dates (seedless), Roasted Hazelnuts, Cocoa Powder, Roasted Jowar Flakes, Salt Nutritional Values per ball (30g) Kcal 109, Protein 2.5, Carbs 16.7, Total Sugars 9, Sugar as sucrose 0, Total Fats 5.3, Saturated 0.45, Unsaturated 4.7, Trans Fat 0, Cholesterol ND<2.0",https://boojeecafe.com/products/hazelnut-energy-balls,https://cdn.shopify.com/s/files/1/0712/3301/2030/files/1_e76fb99c-ed31-4051-a1d5-8ab4c037ab39.png?v=1781938243,Coffee
Hazelnut Energy Bite,Boojee,1300.0,Pack of 12,,Made with Dates (seedless),,,"Made with Dates (seedless), Roasted Hazelnuts, Cocoa Powder, Roasted Jowar Flakes, Salt Nutritional Values per ball (30g) Kcal 109, Protein 2.5, Carbs 16.7, Total Sugars 9, Sugar as sucrose 0, Total Fats 5.3, Saturated 0.45, Unsaturated 4.7, Trans Fat 0, Cholesterol ND<2.0",https://boojeecafe.com/products/hazelnut-energy-balls,https://cdn.shopify.com/s/files/1/0712/3301/2030/files/1_e76fb99c-ed31-4051-a1d5-8ab4c037ab39.png?v=1781938243,Coffee
Kiss Me Ratnagiri : Rose Ferment,Boojee,995.0,250g,,Grown at an,Ratnagiri Estate,ing methods,"Grown at an elevation of 4,200–4,625 ft in the Western Ghats near Bababudangiri, Ratnagiri Estate is a family-run farm with roots tracing back to 1927. Since 2015, the estate has dedicated itself to crafting exceptional specialty coffee through sustainable farming and precise processing methods. This coffee derives its distinctive name from its unique processing style, offering notes of rose, raspberry, and tangerine.",https://boojeecafe.com/products/ratnagiri-estate-rose-ferment,https://cdn.shopify.com/s/files/1/0712/3301/2030/files/1_d6e94ecb-6fb5-44e8-9a60-a4175cf15faa.png?v=1770275943,Coffee
Kiss Me Ratnagiri : Rose Ferment,Boojee,995.0,250g,,Grown at an,Ratnagiri Estate,ing methods,"Grown at an elevation of 4,200–4,625 ft in the Western Ghats near Bababudangiri, Ratnagiri Estate is a family-run farm with roots tracing back to 1927. Since 2015, the estate has dedicated itself to crafting exceptional specialty coffee through sustainable farming and precise processing methods. This coffee derives its distinctive name from its unique processing style, offering notes of rose, raspberry, and tangerine.",https://boojeecafe.com/products/ratnagiri-estate-rose-ferment,https://cdn.shopify.com/s/files/1/0712/3301/2030/files/1_d6e94ecb-6fb5-44e8-9a60-a4175cf15faa.png?v=1770275943,Coffee
Kiss Me Ratnagiri : Rose Ferment,Boojee,995.0,250g,,Grown at an,Ratnagiri Estate,ing methods,"Grown at an elevation of 4,200–4,625 ft in the Western Ghats near Bababudangiri, Ratnagiri Estate is a family-run farm with roots tracing back to 1927. Since 2015, the estate has dedicated itself to crafting exceptional specialty coffee through sustainable farming and precise processing methods. This coffee derives its distinctive name from its unique processing style, offering notes of rose, raspberry, and tangerine.",https://boojeecafe.com/products/ratnagiri-estate-rose-ferment,https://cdn.shopify.com/s/files/1/0712/3301/2030/files/1_d6e94ecb-6fb5-44e8-9a60-a4175cf15faa.png?v=1770275943,Coffee
Kiss Me Ratnagiri : Rose Ferment,Boojee,995.0,250g,,Grown at an,Ratnagiri Estate,ing methods,"Grown at an elevation of 4,200–4,625 ft in the Western Ghats near Bababudangiri, Ratnagiri Estate is a family-run farm with roots tracing back to 1927. Since 2015, the estate has dedicated itself to crafting exceptional specialty coffee through sustainable farming and precise processing methods. This coffee derives its distinctive name from its unique processing style, offering notes of rose, raspberry, and tangerine.",https://boojeecafe.com/products/ratnagiri-estate-rose-ferment,https://cdn.shopify.com/s/files/1/0712/3301/2030/files/1_d6e94ecb-6fb5-44e8-9a60-a4175cf15faa.png?v=1770275943,Coffee
Kiss Me Ratnagiri : Rose Ferment,Boojee,995.0,250g,,Grown at an,Ratnagiri Estate,ing methods,"Grown at an elevation of 4,200–4,625 ft in the Western Ghats near Bababudangiri, Ratnagiri Estate is a family-run farm with roots tracing back to 1927. Since 2015, the estate has dedicated itself to crafting exceptional specialty coffee through sustainable farming and precise processing methods. This coffee derives its distinctive name from its unique processing style, offering notes of rose, raspberry, and tangerine.",https://boojeecafe.com/products/ratnagiri-estate-rose-ferment,https://cdn.shopify.com/s/files/1/0712/3301/2030/files/1_d6e94ecb-6fb5-44e8-9a60-a4175cf15faa.png?v=1770275943,Coffee
Kiss Me Ratnagiri : Rose Ferment,Boojee,995.0,250g,,Grown at an,Ratnagiri Estate,ing methods,"Grown at an elevation of 4,200–4,625 ft in the Western Ghats near Bababudangiri, Ratnagiri Estate is a family-run farm with roots tracing back to 1927. Since 2015, the estate has dedicated itself to crafting exceptional specialty coffee through sustainable farming and precise processing methods. This coffee derives its distinctive name from its unique processing style, offering notes of rose, raspberry, and tangerine.",https://boojeecafe.com/products/ratnagiri-estate-rose-ferment,https://cdn.shopify.com/s/files/1/0712/3301/2030/files/1_d6e94ecb-6fb5-44e8-9a60-a4175cf15faa.png?v=1770275943,Coffee
Kiss Me Ratnagiri : Rose Ferment,Boojee,995.0,250g,,Grown at an,Ratnagiri Estate,ing methods,"Grown at an elevation of 4,200–4,625 ft in the Western Ghats near Bababudangiri, Ratnagiri Estate is a family-run farm with roots tracing back to 1927. Since 2015, the estate has dedicated itself to crafting exceptional specialty coffee through sustainable farming and precise processing methods. This coffee derives its distinctive name from its unique processing style, offering notes of rose, raspberry, and tangerine.",https://boojeecafe.com/products/ratnagiri-estate-rose-ferment,https://cdn.shopify.com/s/files/1/0712/3301/2030/files/1_d6e94ecb-6fb5-44e8-9a60-a4175cf15faa.png?v=1770275943,Coffee
Kiss Me Ratnagiri : Rose Ferment,Boojee,995.0,250g,,Grown at an,Ratnagiri Estate,ing methods,"Grown at an elevation of 4,200–4,625 ft in the Western Ghats near Bababudangiri, Ratnagiri Estate is a family-run farm with roots tracing back to 1927. Since 2015, the estate has dedicated itself to crafting exceptional specialty coffee through sustainable farming and precise processing methods. This coffee derives its distinctive name from its unique processing style, offering notes of rose, raspberry, and tangerine.",https://boojeecafe.com/products/ratnagiri-estate-rose-ferment,https://cdn.shopify.com/s/files/1/0712/3301/2030/files/1_d6e94ecb-6fb5-44e8-9a60-a4175cf15faa.png?v=1770275943,Coffee
Kiss Me Ratnagiri : Rose Ferment,Boojee,995.0,250g,,Grown at an,Ratnagiri Estate,ing methods,"Grown at an elevation of 4,200–4,625 ft in the Western Ghats near Bababudangiri, Ratnagiri Estate is a family-run farm with roots tracing back to 1927. Since 2015, the estate has dedicated itself to crafting exceptional specialty coffee through sustainable farming and precise processing methods. This coffee derives its distinctive name from its unique processing style, offering notes of rose, raspberry, and tangerine.",https://boojeecafe.com/products/ratnagiri-estate-rose-ferment,https://cdn.shopify.com/s/files/1/0712/3301/2030/files/1_d6e94ecb-6fb5-44e8-9a60-a4175cf15faa.png?v=1770275943,Coffee
Kiss Me Ratnagiri : Rose Ferment,Boojee,995.0,250g,,Grown at an,Ratnagiri Estate,ing methods,"Grown at an elevation of 4,200–4,625 ft in the Western Ghats near Bababudangiri, Ratnagiri Estate is a family-run farm with roots tracing back to 1927. Since 2015, the estate has dedicated itself to crafting exceptional specialty coffee through sustainable farming and precise processing methods. This coffee derives its distinctive name from its unique processing style, offering notes of rose, raspberry, and tangerine.",https://boojeecafe.com/products/ratnagiri-estate-rose-ferment,https://cdn.shopify.com/s/files/1/0712/3301/2030/files/1_d6e94ecb-6fb5-44e8-9a60-a4175cf15faa.png?v=1770275943,Coffee
Kiss Me Ratnagiri : Rose Ferment,Boojee,995.0,250g,,Grown at an,Ratnagiri Estate,ing methods,"Grown at an elevation of 4,200–4,625 ft in the Western Ghats near Bababudangiri, Ratnagiri Estate is a family-run farm with roots tracing back to 1927. Since 2015, the estate has dedicated itself to crafting exceptional specialty coffee through sustainable farming and precise processing methods. This coffee derives its distinctive name from its unique processing style, offering notes of rose, raspberry, and tangerine.",https://boojeecafe.com/products/ratnagiri-estate-rose-ferment,https://cdn.shopify.com/s/files/1/0712/3301/2030/files/1_d6e94ecb-6fb5-44e8-9a60-a4175cf15faa.png?v=1770275943,Coffee
Kiss Me Ratnagiri : Rose Ferment,Boojee,995.0,250g,,Grown at an,Ratnagiri Estate,ing methods,"Grown at an elevation of 4,200–4,625 ft in the Western Ghats near Bababudangiri, Ratnagiri Estate is a family-run farm with roots tracing back to 1927. Since 2015, the estate has dedicated itself to crafting exceptional specialty coffee through sustainable farming and precise processing methods. This coffee derives its distinctive name from its unique processing style, offering notes of rose, raspberry, and tangerine.",https://boojeecafe.com/products/ratnagiri-estate-rose-ferment,https://cdn.shopify.com/s/files/1/0712/3301/2030/files/1_d6e94ecb-6fb5-44e8-9a60-a4175cf15faa.png?v=1770275943,Coffee
Kiss Me Ratnagiri : Rose Ferment,Boojee,995.0,250g,,Grown at an,Ratnagiri Estate,ing methods,"Grown at an elevation of 4,200–4,625 ft in the Western Ghats near Bababudangiri, Ratnagiri Estate is a family-run farm with roots tracing back to 1927. Since 2015, the estate has dedicated itself to crafting exceptional specialty coffee through sustainable farming and precise processing methods. This coffee derives its distinctive name from its unique processing style, offering notes of rose, raspberry, and tangerine.",https://boojeecafe.com/products/ratnagiri-estate-rose-ferment,https://cdn.shopify.com/s/files/1/0712/3301/2030/files/1_d6e94ecb-6fb5-44e8-9a60-a4175cf15faa.png?v=1770275943,Coffee
Kiss Me Ratnagiri : Rose Ferment,Boojee,995.0,250g,,Grown at an,Ratnagiri Estate,ing methods,"Grown at an elevation of 4,200–4,625 ft in the Western Ghats near Bababudangiri, Ratnagiri Estate is a family-run farm with roots tracing back to 1927. Since 2015, the estate has dedicated itself to crafting exceptional specialty coffee through sustainable farming and precise processing methods. This coffee derives its distinctive name from its unique processing style, offering notes of rose, raspberry, and tangerine.",https://boojeecafe.com/products/ratnagiri-estate-rose-ferment,https://cdn.shopify.com/s/files/1/0712/3301/2030/files/1_d6e94ecb-6fb5-44e8-9a60-a4175cf15faa.png?v=1770275943,Coffee
Kiss Me Ratnagiri : Rose Ferment,Boojee,995.0,250g,,Grown at an,Ratnagiri Estate,ing methods,"Grown at an elevation of 4,200–4,625 ft in the Western Ghats near Bababudangiri, Ratnagiri Estate is a family-run farm with roots tracing back to 1927. Since 2015, the estate has dedicated itself to crafting exceptional specialty coffee through sustainable farming and precise processing methods. This coffee derives its distinctive name from its unique processing style, offering notes of rose, raspberry, and tangerine.",https://boojeecafe.com/products/ratnagiri-estate-rose-ferment,https://cdn.shopify.com/s/files/1/0712/3301/2030/files/1_d6e94ecb-6fb5-44e8-9a60-a4175cf15faa.png?v=1770275943,Coffee
Kiss Me Ratnagiri : Rose Ferment,Boojee,995.0,250g,,Grown at an,Ratnagiri Estate,ing methods,"Grown at an elevation of 4,200–4,625 ft in the Western Ghats near Bababudangiri, Ratnagiri Estate is a family-run farm with roots tracing back to 1927. Since 2015, the estate has dedicated itself to crafting exceptional specialty coffee through sustainable farming and precise processing methods. This coffee derives its distinctive name from its unique processing style, offering notes of rose, raspberry, and tangerine.",https://boojeecafe.com/products/ratnagiri-estate-rose-ferment,https://cdn.shopify.com/s/files/1/0712/3301/2030/files/1_d6e94ecb-6fb5-44e8-9a60-a4175cf15faa.png?v=1770275943,Coffee
Kiss Me Ratnagiri : Rose Ferment,Boojee,995.0,250g,,Grown at an,Ratnagiri Estate,ing methods,"Grown at an elevation of 4,200–4,625 ft in the Western Ghats near Bababudangiri, Ratnagiri Estate is a family-run farm with roots tracing back to 1927. Since 2015, the estate has dedicated itself to crafting exceptional specialty coffee through sustainable farming and precise processing methods. This coffee derives its distinctive name from its unique processing style, offering notes of rose, raspberry, and tangerine.",https://boojeecafe.com/products/ratnagiri-estate-rose-ferment,https://cdn.shopify.com/s/files/1/0712/3301/2030/files/1_d6e94ecb-6fb5-44e8-9a60-a4175cf15faa.png?v=1770275943,Coffee
Kiss Me Ratnagiri : Rose Ferment,Boojee,995.0,250g,,Grown at an,Ratnagiri Estate,ing methods,"Grown at an elevation of 4,200–4,625 ft in the Western Ghats near Bababudangiri, Ratnagiri Estate is a family-run farm with roots tracing back to 1927. Since 2015, the estate has dedicated itself to crafting exceptional specialty coffee through sustainable farming and precise processing methods. This coffee derives its distinctive name from its unique processing style, offering notes of rose, raspberry, and tangerine.",https://boojeecafe.com/products/ratnagiri-estate-rose-ferment,https://cdn.shopify.com/s/files/1/0712/3301/2030/files/1_d6e94ecb-6fb5-44e8-9a60-a4175cf15faa.png?v=1770275943,Coffee
Kiss Me Ratnagiri : Rose Ferment,Boojee,3300.0,1kg,,Grown at an,Ratnagiri Estate,ing methods,"Grown at an elevation of 4,200–4,625 ft in the Western Ghats near Bababudangiri, Ratnagiri Estate is a family-run farm with roots tracing back to 1927. Since 2015, the estate has dedicated itself to crafting exceptional specialty coffee through sustainable farming and precise processing methods. This coffee derives its distinctive name from its unique processing style, offering notes of rose, raspberry, and tangerine.",https://boojeecafe.com/products/ratnagiri-estate-rose-ferment,https://cdn.shopify.com/s/files/1/0712/3301/2030/files/1_d6e94ecb-6fb5-44e8-9a60-a4175cf15faa.png?v=1770275943,Coffee
Kiss Me Ratnagiri : Rose Ferment,Boojee,3300.0,1kg,,Grown at an,Ratnagiri Estate,ing methods,"Grown at an elevation of 4,200–4,625 ft in the Western Ghats near Bababudangiri, Ratnagiri Estate is a family-run farm with roots tracing back to 1927. Since 2015, the estate has dedicated itself to crafting exceptional specialty coffee through sustainable farming and precise processing methods. This coffee derives its distinctive name from its unique processing style, offering notes of rose, raspberry, and tangerine.",https://boojeecafe.com/products/ratnagiri-estate-rose-ferment,https://cdn.shopify.com/s/files/1/0712/3301/2030/files/1_d6e94ecb-6fb5-44e8-9a60-a4175cf15faa.png?v=1770275943,Coffee
Kiss Me Ratnagiri : Rose Ferment,Boojee,3300.0,1kg,,Grown at an,Ratnagiri Estate,ing methods,"Grown at an elevation of 4,200–4,625 ft in the Western Ghats near Bababudangiri, Ratnagiri Estate is a family-run farm with roots tracing back to 1927. Since 2015, the estate has dedicated itself to crafting exceptional specialty coffee through sustainable farming and precise processing methods. This coffee derives its distinctive name from its unique processing style, offering notes of rose, raspberry, and tangerine.",https://boojeecafe.com/products/ratnagiri-estate-rose-ferment,https://cdn.shopify.com/s/files/1/0712/3301/2030/files/1_d6e94ecb-6fb5-44e8-9a60-a4175cf15faa.png?v=1770275943,Coffee
Kiss Me Ratnagiri : Rose Ferment,Boojee,3300.0,1kg,,Grown at an,Ratnagiri Estate,ing methods,"Grown at an elevation of 4,200–4,625 ft in the Western Ghats near Bababudangiri, Ratnagiri Estate is a family-run farm with roots tracing back to 1927. Since 2015, the estate has dedicated itself to crafting exceptional specialty coffee through sustainable farming and precise processing methods. This coffee derives its distinctive name from its unique processing style, offering notes of rose, raspberry, and tangerine.",https://boojeecafe.com/products/ratnagiri-estate-rose-ferment,https://cdn.shopify.com/s/files/1/0712/3301/2030/files/1_d6e94ecb-6fb5-44e8-9a60-a4175cf15faa.png?v=1770275943,Coffee
Kiss Me Ratnagiri : Rose Ferment,Boojee,3300.0,1kg,,Grown at an,Ratnagiri Estate,ing methods,"Grown at an elevation of 4,200–4,625 ft in the Western Ghats near Bababudangiri, Ratnagiri Estate is a family-run farm with roots tracing back to 1927. Since 2015, the estate has dedicated itself to crafting exceptional specialty coffee through sustainable farming and precise processing methods. This coffee derives its distinctive name from its unique processing style, offering notes of rose, raspberry, and tangerine.",https://boojeecafe.com/products/ratnagiri-estate-rose-ferment,https://cdn.shopify.com/s/files/1/0712/3301/2030/files/1_d6e94ecb-6fb5-44e8-9a60-a4175cf15faa.png?v=1770275943,Coffee
Kiss Me Ratnagiri : Rose Ferment,Boojee,995.0,1kg,,Grown at an,Ratnagiri Estate,ing methods,"Grown at an elevation of 4,200–4,625 ft in the Western Ghats near Bababudangiri, Ratnagiri Estate is a family-run farm with roots tracing back to 1927. Since 2015, the estate has dedicated itself to crafting exceptional specialty coffee through sustainable farming and precise processing methods. This coffee derives its distinctive name from its unique processing style, offering notes of rose, raspberry, and tangerine.",https://boojeecafe.com/products/ratnagiri-estate-rose-ferment,https://cdn.shopify.com/s/files/1/0712/3301/2030/files/1_d6e94ecb-6fb5-44e8-9a60-a4175cf15faa.png?v=1770275943,Coffee
Kiss Me Ratnagiri : Rose Ferment,Boojee,3300.0,1kg,,Grown at an,Ratnagiri Estate,ing methods,"Grown at an elevation of 4,200–4,625 ft in the Western Ghats near Bababudangiri, Ratnagiri Estate is a family-run farm with roots tracing back to 1927. Since 2015, the estate has dedicated itself to crafting exceptional specialty coffee through sustainable farming and precise processing methods. This coffee derives its distinctive name from its unique processing style, offering notes of rose, raspberry, and tangerine.",https://boojeecafe.com/products/ratnagiri-estate-rose-ferment,https://cdn.shopify.com/s/files/1/0712/3301/2030/files/1_d6e94ecb-6fb5-44e8-9a60-a4175cf15faa.png?v=1770275943,Coffee
Kiss Me Ratnagiri : Rose Ferment,Boojee,3300.0,1kg,,Grown at an,Ratnagiri Estate,ing methods,"Grown at an elevation of 4,200–4,625 ft in the Western Ghats near Bababudangiri, Ratnagiri Estate is a family-run farm with roots tracing back to 1927. Since 2015, the estate has dedicated itself to crafting exceptional specialty coffee through sustainable farming and precise processing methods. This coffee derives its distinctive name from its unique processing style, offering notes of rose, raspberry, and tangerine.",https://boojeecafe.com/products/ratnagiri-estate-rose-ferment,https://cdn.shopify.com/s/files/1/0712/3301/2030/files/1_d6e94ecb-6fb5-44e8-9a60-a4175cf15faa.png?v=1770275943,Coffee
Kiss Me Ratnagiri : Rose Ferment,Boojee,3300.0,1kg,,Grown at an,Ratnagiri Estate,ing methods,"Grown at an elevation of 4,200–4,625 ft in the Western Ghats near Bababudangiri, Ratnagiri Estate is a family-run farm with roots tracing back to 1927. Since 2015, the estate has dedicated itself to crafting exceptional specialty coffee through sustainable farming and precise processing methods. This coffee derives its distinctive name from its unique processing style, offering notes of rose, raspberry, and tangerine.",https://boojeecafe.com/products/ratnagiri-estate-rose-ferment,https://cdn.shopify.com/s/files/1/0712/3301/2030/files/1_d6e94ecb-6fb5-44e8-9a60-a4175cf15faa.png?v=1770275943,Coffee
Kiss Me Ratnagiri : Rose Ferment,Boojee,3300.0,1kg,,Grown at an,Ratnagiri Estate,ing methods,"Grown at an elevation of 4,200–4,625 ft in the Western Ghats near Bababudangiri, Ratnagiri Estate is a family-run farm with roots tracing back to 1927. Since 2015, the estate has dedicated itself to crafting exceptional specialty coffee through sustainable farming and precise processing methods. This coffee derives its distinctive name from its unique processing style, offering notes of rose, raspberry, and tangerine.",https://boojeecafe.com/products/ratnagiri-estate-rose-ferment,https://cdn.shopify.com/s/files/1/0712/3301/2030/files/1_d6e94ecb-6fb5-44e8-9a60-a4175cf15faa.png?v=1770275943,Coffee
Kiss Me Ratnagiri : Rose Ferment,Boojee,3300.0,1kg,,Grown at an,Ratnagiri Estate,ing methods,"Grown at an elevation of 4,200–4,625 ft in the Western Ghats near Bababudangiri, Ratnagiri Estate is a family-run farm with roots tracing back to 1927. Since 2015, the estate has dedicated itself to crafting exceptional specialty coffee through sustainable farming and precise processing methods. This coffee derives its distinctive name from its unique processing style, offering notes of rose, raspberry, and tangerine.",https://boojeecafe.com/products/ratnagiri-estate-rose-ferment,https://cdn.shopify.com/s/files/1/0712/3301/2030/files/1_d6e94ecb-6fb5-44e8-9a60-a4175cf15faa.png?v=1770275943,Coffee
Kiss Me Ratnagiri : Rose Ferment,Boojee,3300.0,1kg,,Grown at an,Ratnagiri Estate,ing methods,"Grown at an elevation of 4,200–4,625 ft in the Western Ghats near Bababudangiri, Ratnagiri Estate is a family-run farm with roots tracing back to 1927. Since 2015, the estate has dedicated itself to crafting exceptional specialty coffee through sustainable farming and precise processing methods. This coffee derives its distinctive name from its unique processing style, offering notes of rose, raspberry, and tangerine.",https://boojeecafe.com/products/ratnagiri-estate-rose-ferment,https://cdn.shopify.com/s/files/1/0712/3301/2030/files/1_d6e94ecb-6fb5-44e8-9a60-a4175cf15faa.png?v=1770275943,Coffee
Kiss Me Ratnagiri : Rose Ferment,Boojee,3300.0,1kg,,Grown at an,Ratnagiri Estate,ing methods,"Grown at an elevation of 4,200–4,625 ft in the Western Ghats near Bababudangiri, Ratnagiri Estate is a family-run farm with roots tracing back to 1927. Since 2015, the estate has dedicated itself to crafting exceptional specialty coffee through sustainable farming and precise processing methods. This coffee derives its distinctive name from its unique processing style, offering notes of rose, raspberry, and tangerine.",https://boojeecafe.com/products/ratnagiri-estate-rose-ferment,https://cdn.shopify.com/s/files/1/0712/3301/2030/files/1_d6e94ecb-6fb5-44e8-9a60-a4175cf15faa.png?v=1770275943,Coffee
Kiss Me Ratnagiri : Rose Ferment,Boojee,3300.0,1kg,,Grown at an,Ratnagiri Estate,ing methods,"Grown at an elevation of 4,200–4,625 ft in the Western Ghats near Bababudangiri, Ratnagiri Estate is a family-run farm with roots tracing back to 1927. Since 2015, the estate has dedicated itself to crafting exceptional specialty coffee through sustainable farming and precise processing methods. This coffee derives its distinctive name from its unique processing style, offering notes of rose, raspberry, and tangerine.",https://boojeecafe.com/products/ratnagiri-estate-rose-ferment,https://cdn.shopify.com/s/files/1/0712/3301/2030/files/1_d6e94ecb-6fb5-44e8-9a60-a4175cf15faa.png?v=1770275943,Coffee
Kiss Me Ratnagiri : Rose Ferment,Boojee,3300.0,1kg,,Grown at an,Ratnagiri Estate,ing methods,"Grown at an elevation of 4,200–4,625 ft in the Western Ghats near Bababudangiri, Ratnagiri Estate is a family-run farm with roots tracing back to 1927. Since 2015, the estate has dedicated itself to crafting exceptional specialty coffee through sustainable farming and precise processing methods. This coffee derives its distinctive name from its unique processing style, offering notes of rose, raspberry, and tangerine.",https://boojeecafe.com/products/ratnagiri-estate-rose-ferment,https://cdn.shopify.com/s/files/1/0712/3301/2030/files/1_d6e94ecb-6fb5-44e8-9a60-a4175cf15faa.png?v=1770275943,Coffee
Kiss Me Ratnagiri : Rose Ferment,Boojee,3300.0,1kg,,Grown at an,Ratnagiri Estate,ing methods,"Grown at an elevation of 4,200–4,625 ft in the Western Ghats near Bababudangiri, Ratnagiri Estate is a family-run farm with roots tracing back to 1927. Since 2015, the estate has dedicated itself to crafting exceptional specialty coffee through sustainable farming and precise processing methods. This coffee derives its distinctive name from its unique processing style, offering notes of rose, raspberry, and tangerine.",https://boojeecafe.com/products/ratnagiri-estate-rose-ferment,https://cdn.shopify.com/s/files/1/0712/3301/2030/files/1_d6e94ecb-6fb5-44e8-9a60-a4175cf15faa.png?v=1770275943,Coffee
Kiss Me Ratnagiri : Rose Ferment,Boojee,3300.0,1kg,,Grown at an,Ratnagiri Estate,ing methods,"Grown at an elevation of 4,200–4,625 ft in the Western Ghats near Bababudangiri, Ratnagiri Estate is a family-run farm with roots tracing back to 1927. Since 2015, the estate has dedicated itself to crafting exceptional specialty coffee through sustainable farming and precise processing methods. This coffee derives its distinctive name from its unique processing style, offering notes of rose, raspberry, and tangerine.",https://boojeecafe.com/products/ratnagiri-estate-rose-ferment,https://cdn.shopify.com/s/files/1/0712/3301/2030/files/1_d6e94ecb-6fb5-44e8-9a60-a4175cf15faa.png?v=1770275943,Coffee
Kiss Me Ratnagiri : Rose Ferment,Boojee,3300.0,1kg,,Grown at an,Ratnagiri Estate,ing methods,"Grown at an elevation of 4,200–4,625 ft in the Western Ghats near Bababudangiri, Ratnagiri Estate is a family-run farm with roots tracing back to 1927. Since 2015, the estate has dedicated itself to crafting exceptional specialty coffee through sustainable farming and precise processing methods. This coffee derives its distinctive name from its unique processing style, offering notes of rose, raspberry, and tangerine.",https://boojeecafe.com/products/ratnagiri-estate-rose-ferment,https://cdn.shopify.com/s/files/1/0712/3301/2030/files/1_d6e94ecb-6fb5-44e8-9a60-a4175cf15faa.png?v=1770275943,Coffee
Kiss Me Ratnagiri : Rose Ferment,Boojee,9000.0,3kg,,Grown at an,Ratnagiri Estate,ing methods,"Grown at an elevation of 4,200–4,625 ft in the Western Ghats near Bababudangiri, Ratnagiri Estate is a family-run farm with roots tracing back to 1927. Since 2015, the estate has dedicated itself to crafting exceptional specialty coffee through sustainable farming and precise processing methods. This coffee derives its distinctive name from its unique processing style, offering notes of rose, raspberry, and tangerine.",https://boojeecafe.com/products/ratnagiri-estate-rose-ferment,https://cdn.shopify.com/s/files/1/0712/3301/2030/files/1_d6e94ecb-6fb5-44e8-9a60-a4175cf15faa.png?v=1770275943,Coffee
Kiss Me Ratnagiri : Rose Ferment,Boojee,9000.0,3kg,,Grown at an,Ratnagiri Estate,ing methods,"Grown at an elevation of 4,200–4,625 ft in the Western Ghats near Bababudangiri, Ratnagiri Estate is a family-run farm with roots tracing back to 1927. Since 2015, the estate has dedicated itself to crafting exceptional specialty coffee through sustainable farming and precise processing methods. This coffee derives its distinctive name from its unique processing style, offering notes of rose, raspberry, and tangerine.",https://boojeecafe.com/products/ratnagiri-estate-rose-ferment,https://cdn.shopify.com/s/files/1/0712/3301/2030/files/1_d6e94ecb-6fb5-44e8-9a60-a4175cf15faa.png?v=1770275943,Coffee
Kiss Me Ratnagiri : Rose Ferment,Boojee,9000.0,3kg,,Grown at an,Ratnagiri Estate,ing methods,"Grown at an elevation of 4,200–4,625 ft in the Western Ghats near Bababudangiri, Ratnagiri Estate is a family-run farm with roots tracing back to 1927. Since 2015, the estate has dedicated itself to crafting exceptional specialty coffee through sustainable farming and precise processing methods. This coffee derives its distinctive name from its unique processing style, offering notes of rose, raspberry, and tangerine.",https://boojeecafe.com/products/ratnagiri-estate-rose-ferment,https://cdn.shopify.com/s/files/1/0712/3301/2030/files/1_d6e94ecb-6fb5-44e8-9a60-a4175cf15faa.png?v=1770275943,Coffee
Kiss Me Ratnagiri : Rose Ferment,Boojee,9000.0,3kg,,Grown at an,Ratnagiri Estate,ing methods,"Grown at an elevation of 4,200–4,625 ft in the Western Ghats near Bababudangiri, Ratnagiri Estate is a family-run farm with roots tracing back to 1927. Since 2015, the estate has dedicated itself to crafting exceptional specialty coffee through sustainable farming and precise processing methods. This coffee derives its distinctive name from its unique processing style, offering notes of rose, raspberry, and tangerine.",https://boojeecafe.com/products/ratnagiri-estate-rose-ferment,https://cdn.shopify.com/s/files/1/0712/3301/2030/files/1_d6e94ecb-6fb5-44e8-9a60-a4175cf15faa.png?v=1770275943,Coffee
Kiss Me Ratnagiri : Rose Ferment,Boojee,9000.0,3kg,,Grown at an,Ratnagiri Estate,ing methods,"Grown at an elevation of 4,200–4,625 ft in the Western Ghats near Bababudangiri, Ratnagiri Estate is a family-run farm with roots tracing back to 1927. Since 2015, the estate has dedicated itself to crafting exceptional specialty coffee through sustainable farming and precise processing methods. This coffee derives its distinctive name from its unique processing style, offering notes of rose, raspberry, and tangerine.",https://boojeecafe.com/products/ratnagiri-estate-rose-ferment,https://cdn.shopify.com/s/files/1/0712/3301/2030/files/1_d6e94ecb-6fb5-44e8-9a60-a4175cf15faa.png?v=1770275943,Coffee
Kiss Me Ratnagiri : Rose Ferment,Boojee,995.0,3kg,,Grown at an,Ratnagiri Estate,ing methods,"Grown at an elevation of 4,200–4,625 ft in the Western Ghats near Bababudangiri, Ratnagiri Estate is a family-run farm with roots tracing back to 1927. Since 2015, the estate has dedicated itself to crafting exceptional specialty coffee through sustainable farming and precise processing methods. This coffee derives its distinctive name from its unique processing style, offering notes of rose, raspberry, and tangerine.",https://boojeecafe.com/products/ratnagiri-estate-rose-ferment,https://cdn.shopify.com/s/files/1/0712/3301/2030/files/1_d6e94ecb-6fb5-44e8-9a60-a4175cf15faa.png?v=1770275943,Coffee
Kiss Me Ratnagiri : Rose Ferment,Boojee,9000.0,3kg,,Grown at an,Ratnagiri Estate,ing methods,"Grown at an elevation of 4,200–4,625 ft in the Western Ghats near Bababudangiri, Ratnagiri Estate is a family-run farm with roots tracing back to 1927. Since 2015, the estate has dedicated itself to crafting exceptional specialty coffee through sustainable farming and precise processing methods. This coffee derives its distinctive name from its unique processing style, offering notes of rose, raspberry, and tangerine.",https://boojeecafe.com/products/ratnagiri-estate-rose-ferment,https://cdn.shopify.com/s/files/1/0712/3301/2030/files/1_d6e94ecb-6fb5-44e8-9a60-a4175cf15faa.png?v=1770275943,Coffee
Kiss Me Ratnagiri : Rose Ferment,Boojee,9000.0,3kg,,Grown at an,Ratnagiri Estate,ing methods,"Grown at an elevation of 4,200–4,625 ft in the Western Ghats near Bababudangiri, Ratnagiri Estate is a family-run farm with roots tracing back to 1927. Since 2015, the estate has dedicated itself to crafting exceptional specialty coffee through sustainable farming and precise processing methods. This coffee derives its distinctive name from its unique processing style, offering notes of rose, raspberry, and tangerine.",https://boojeecafe.com/products/ratnagiri-estate-rose-ferment,https://cdn.shopify.com/s/files/1/0712/3301/2030/files/1_d6e94ecb-6fb5-44e8-9a60-a4175cf15faa.png?v=1770275943,Coffee
Kiss Me Ratnagiri : Rose Ferment,Boojee,9000.0,3kg,,Grown at an,Ratnagiri Estate,ing methods,"Grown at an elevation of 4,200–4,625 ft in the Western Ghats near Bababudangiri, Ratnagiri Estate is a family-run farm with roots tracing back to 1927. Since 2015, the estate has dedicated itself to crafting exceptional specialty coffee through sustainable farming and precise processing methods. This coffee derives its distinctive name from its unique processing style, offering notes of rose, raspberry, and tangerine.",https://boojeecafe.com/products/ratnagiri-estate-rose-ferment,https://cdn.shopify.com/s/files/1/0712/3301/2030/files/1_d6e94ecb-6fb5-44e8-9a60-a4175cf15faa.png?v=1770275943,Coffee
Kiss Me Ratnagiri : Rose Ferment,Boojee,9000.0,3kg,,Grown at an,Ratnagiri Estate,ing methods,"Grown at an elevation of 4,200–4,625 ft in the Western Ghats near Bababudangiri, Ratnagiri Estate is a family-run farm with roots tracing back to 1927. Since 2015, the estate has dedicated itself to crafting exceptional specialty coffee through sustainable farming and precise processing methods. This coffee derives its distinctive name from its unique processing style, offering notes of rose, raspberry, and tangerine.",https://boojeecafe.com/products/ratnagiri-estate-rose-ferment,https://cdn.shopify.com/s/files/1/0712/3301/2030/files/1_d6e94ecb-6fb5-44e8-9a60-a4175cf15faa.png?v=1770275943,Coffee
Kiss Me Ratnagiri : Rose Ferment,Boojee,9000.0,3kg,,Grown at an,Ratnagiri Estate,ing methods,"Grown at an elevation of 4,200–4,625 ft in the Western Ghats near Bababudangiri, Ratnagiri Estate is a family-run farm with roots tracing back to 1927. Since 2015, the estate has dedicated itself to crafting exceptional specialty coffee through sustainable farming and precise processing methods. This coffee derives its distinctive name from its unique processing style, offering notes of rose, raspberry, and tangerine.",https://boojeecafe.com/products/ratnagiri-estate-rose-ferment,https://cdn.shopify.com/s/files/1/0712/3301/2030/files/1_d6e94ecb-6fb5-44e8-9a60-a4175cf15faa.png?v=1770275943,Coffee
Kiss Me Ratnagiri : Rose Ferment,Boojee,9000.0,3kg,,Grown at an,Ratnagiri Estate,ing methods,"Grown at an elevation of 4,200–4,625 ft in the Western Ghats near Bababudangiri, Ratnagiri Estate is a family-run farm with roots tracing back to 1927. Since 2015, the estate has dedicated itself to crafting exceptional specialty coffee through sustainable farming and precise processing methods. This coffee derives its distinctive name from its unique processing style, offering notes of rose, raspberry, and tangerine.",https://boojeecafe.com/products/ratnagiri-estate-rose-ferment,https://cdn.shopify.com/s/files/1/0712/3301/2030/files/1_d6e94ecb-6fb5-44e8-9a60-a4175cf15faa.png?v=1770275943,Coffee
Kiss Me Ratnagiri : Rose Ferment,Boojee,9000.0,3kg,,Grown at an,Ratnagiri Estate,ing methods,"Grown at an elevation of 4,200–4,625 ft in the Western Ghats near Bababudangiri, Ratnagiri Estate is a family-run farm with roots tracing back to 1927. Since 2015, the estate has dedicated itself to crafting exceptional specialty coffee through sustainable farming and precise processing methods. This coffee derives its distinctive name from its unique processing style, offering notes of rose, raspberry, and tangerine.",https://boojeecafe.com/products/ratnagiri-estate-rose-ferment,https://cdn.shopify.com/s/files/1/0712/3301/2030/files/1_d6e94ecb-6fb5-44e8-9a60-a4175cf15faa.png?v=1770275943,Coffee
Kiss Me Ratnagiri : Rose Ferment,Boojee,9000.0,3kg,,Grown at an,Ratnagiri Estate,ing methods,"Grown at an elevation of 4,200–4,625 ft in the Western Ghats near Bababudangiri, Ratnagiri Estate is a family-run farm with roots tracing back to 1927. Since 2015, the estate has dedicated itself to crafting exceptional specialty coffee through sustainable farming and precise processing methods. This coffee derives its distinctive name from its unique processing style, offering notes of rose, raspberry, and tangerine.",https://boojeecafe.com/products/ratnagiri-estate-rose-ferment,https://cdn.shopify.com/s/files/1/0712/3301/2030/files/1_d6e94ecb-6fb5-44e8-9a60-a4175cf15faa.png?v=1770275943,Coffee
Kiss Me Ratnagiri : Rose Ferment,Boojee,9000.0,3kg,,Grown at an,Ratnagiri Estate,ing methods,"Grown at an elevation of 4,200–4,625 ft in the Western Ghats near Bababudangiri, Ratnagiri Estate is a family-run farm with roots tracing back to 1927. Since 2015, the estate has dedicated itself to crafting exceptional specialty coffee through sustainable farming and precise processing methods. This coffee derives its distinctive name from its unique processing style, offering notes of rose, raspberry, and tangerine.",https://boojeecafe.com/products/ratnagiri-estate-rose-ferment,https://cdn.shopify.com/s/files/1/0712/3301/2030/files/1_d6e94ecb-6fb5-44e8-9a60-a4175cf15faa.png?v=1770275943,Coffee
Kiss Me Ratnagiri : Rose Ferment,Boojee,9000.0,3kg,,Grown at an,Ratnagiri Estate,ing methods,"Grown at an elevation of 4,200–4,625 ft in the Western Ghats near Bababudangiri, Ratnagiri Estate is a family-run farm with roots tracing back to 1927. Since 2015, the estate has dedicated itself to crafting exceptional specialty coffee through sustainable farming and precise processing methods. This coffee derives its distinctive name from its unique processing style, offering notes of rose, raspberry, and tangerine.",https://boojeecafe.com/products/ratnagiri-estate-rose-ferment,https://cdn.shopify.com/s/files/1/0712/3301/2030/files/1_d6e94ecb-6fb5-44e8-9a60-a4175cf15faa.png?v=1770275943,Coffee
Kiss Me Ratnagiri : Rose Ferment,Boojee,9000.0,3kg,,Grown at an,Ratnagiri Estate,ing methods,"Grown at an elevation of 4,200–4,625 ft in the Western Ghats near Bababudangiri, Ratnagiri Estate is a family-run farm with roots tracing back to 1927. Since 2015, the estate has dedicated itself to crafting exceptional specialty coffee through sustainable farming and precise processing methods. This coffee derives its distinctive name from its unique processing style, offering notes of rose, raspberry, and tangerine.",https://boojeecafe.com/products/ratnagiri-estate-rose-ferment,https://cdn.shopify.com/s/files/1/0712/3301/2030/files/1_d6e94ecb-6fb5-44e8-9a60-a4175cf15faa.png?v=1770275943,Coffee
Kiss Me Ratnagiri : Rose Ferment,Boojee,9000.0,3kg,,Grown at an,Ratnagiri Estate,ing methods,"Grown at an elevation of 4,200–4,625 ft in the Western Ghats near Bababudangiri, Ratnagiri Estate is a family-run farm with roots tracing back to 1927. Since 2015, the estate has dedicated itself to crafting exceptional specialty coffee through sustainable farming and precise processing methods. This coffee derives its distinctive name from its unique processing style, offering notes of rose, raspberry, and tangerine.",https://boojeecafe.com/products/ratnagiri-estate-rose-ferment,https://cdn.shopify.com/s/files/1/0712/3301/2030/files/1_d6e94ecb-6fb5-44e8-9a60-a4175cf15faa.png?v=1770275943,Coffee
Colombian Washed Decaf,Boojee,2200.0,250g,Dark Roast,Dark Chocolate,,Natural,"Processed at CR3-Kaffeeveredelung M. Hermsen in Bremen, Germany, one of the most respected decaffeination facilities in the world, this coffee is gently treated to preserve structure, aroma, and flavour integrity. The result is a decaf that tastes intentional, not compromised. The roast profile is deliberately calibrated to draw out depth and balance, allowing the coffee’s natural qualities to shine across brewing styles. From French press to espresso, it remains composed, expressive, and reliable. In the cup, it is rich and rounded, with a smooth finish and quiet complexity offering the full sensory experience of specialty coffee, without the caffeine. A decaf for those who still care deeply about what’s in their cup. Tasting Notes : Dark Chocolate · Roasted Almonds · Caramel",https://boojeecafe.com/products/rwanda-shyira-copy,https://cdn.shopify.com/s/files/1/0712/3301/2030/files/2_1490f654-0814-47de-83cb-dc8995e53deb.png?v=1770275943,Coffee
Colombian Washed Decaf,Boojee,2200.0,250g,Dark Roast,Dark Chocolate,,Natural,"Processed at CR3-Kaffeeveredelung M. Hermsen in Bremen, Germany, one of the most respected decaffeination facilities in the world, this coffee is gently treated to preserve structure, aroma, and flavour integrity. The result is a decaf that tastes intentional, not compromised. The roast profile is deliberately calibrated to draw out depth and balance, allowing the coffee’s natural qualities to shine across brewing styles. From French press to espresso, it remains composed, expressive, and reliable. In the cup, it is rich and rounded, with a smooth finish and quiet complexity offering the full sensory experience of specialty coffee, without the caffeine. A decaf for those who still care deeply about what’s in their cup. Tasting Notes : Dark Chocolate · Roasted Almonds · Caramel",https://boojeecafe.com/products/rwanda-shyira-copy,https://cdn.shopify.com/s/files/1/0712/3301/2030/files/2_1490f654-0814-47de-83cb-dc8995e53deb.png?v=1770275943,Coffee
Colombian Washed Decaf,Boojee,2200.0,250g,Dark Roast,Dark Chocolate,,Natural,"Processed at CR3-Kaffeeveredelung M. Hermsen in Bremen, Germany, one of the most respected decaffeination facilities in the world, this coffee is gently treated to preserve structure, aroma, and flavour integrity. The result is a decaf that tastes intentional, not compromised. The roast profile is deliberately calibrated to draw out depth and balance, allowing the coffee’s natural qualities to shine across brewing styles. From French press to espresso, it remains composed, expressive, and reliable. In the cup, it is rich and rounded, with a smooth finish and quiet complexity offering the full sensory experience of specialty coffee, without the caffeine. A decaf for those who still care deeply about what’s in their cup. Tasting Notes : Dark Chocolate · Roasted Almonds · Caramel",https://boojeecafe.com/products/rwanda-shyira-copy,https://cdn.shopify.com/s/files/1/0712/3301/2030/files/2_1490f654-0814-47de-83cb-dc8995e53deb.png?v=1770275943,Coffee
Colombian Washed Decaf,Boojee,2200.0,250g,Dark Roast,Dark Chocolate,,Natural,"Processed at CR3-Kaffeeveredelung M. Hermsen in Bremen, Germany, one of the most respected decaffeination facilities in the world, this coffee is gently treated to preserve structure, aroma, and flavour integrity. The result is a decaf that tastes intentional, not compromised. The roast profile is deliberately calibrated to draw out depth and balance, allowing the coffee’s natural qualities to shine across brewing styles. From French press to espresso, it remains composed, expressive, and reliable. In the cup, it is rich and rounded, with a smooth finish and quiet complexity offering the full sensory experience of specialty coffee, without the caffeine. A decaf for those who still care deeply about what’s in their cup. Tasting Notes : Dark Chocolate · Roasted Almonds · Caramel",https://boojeecafe.com/products/rwanda-shyira-copy,https://cdn.shopify.com/s/files/1/0712/3301/2030/files/2_1490f654-0814-47de-83cb-dc8995e53deb.png?v=1770275943,Coffee
Colombian Washed Decaf,Boojee,2200.0,250g,Dark Roast,Dark Chocolate,,Natural,"Processed at CR3-Kaffeeveredelung M. Hermsen in Bremen, Germany, one of the most respected decaffeination facilities in the world, this coffee is gently treated to preserve structure, aroma, and flavour integrity. The result is a decaf that tastes intentional, not compromised. The roast profile is deliberately calibrated to draw out depth and balance, allowing the coffee’s natural qualities to shine across brewing styles. From French press to espresso, it remains composed, expressive, and reliable. In the cup, it is rich and rounded, with a smooth finish and quiet complexity offering the full sensory experience of specialty coffee, without the caffeine. A decaf for those who still care deeply about what’s in their cup. Tasting Notes : Dark Chocolate · Roasted Almonds · Caramel",https://boojeecafe.com/products/rwanda-shyira-copy,https://cdn.shopify.com/s/files/1/0712/3301/2030/files/2_1490f654-0814-47de-83cb-dc8995e53deb.png?v=1770275943,Coffee
Colombian Washed Decaf,Boojee,2200.0,250g,Dark Roast,Dark Chocolate,,Natural,"Processed at CR3-Kaffeeveredelung M. Hermsen in Bremen, Germany, one of the most respected decaffeination facilities in the world, this coffee is gently treated to preserve structure, aroma, and flavour integrity. The result is a decaf that tastes intentional, not compromised. The roast profile is deliberately calibrated to draw out depth and balance, allowing the coffee’s natural qualities to shine across brewing styles. From French press to espresso, it remains composed, expressive, and reliable. In the cup, it is rich and rounded, with a smooth finish and quiet complexity offering the full sensory experience of specialty coffee, without the caffeine. A decaf for those who still care deeply about what’s in their cup. Tasting Notes : Dark Chocolate · Roasted Almonds · Caramel",https://boojeecafe.com/products/rwanda-shyira-copy,https://cdn.shopify.com/s/files/1/0712/3301/2030/files/2_1490f654-0814-47de-83cb-dc8995e53deb.png?v=1770275943,Coffee
Colombian Washed Decaf,Boojee,2200.0,250g,Dark Roast,Dark Chocolate,,Natural,"Processed at CR3-Kaffeeveredelung M. Hermsen in Bremen, Germany, one of the most respected decaffeination facilities in the world, this coffee is gently treated to preserve structure, aroma, and flavour integrity. The result is a decaf that tastes intentional, not compromised. The roast profile is deliberately calibrated to draw out depth and balance, allowing the coffee’s natural qualities to shine across brewing styles. From French press to espresso, it remains composed, expressive, and reliable. In the cup, it is rich and rounded, with a smooth finish and quiet complexity offering the full sensory experience of specialty coffee, without the caffeine. A decaf for those who still care deeply about what’s in their cup. Tasting Notes : Dark Chocolate · Roasted Almonds · Caramel",https://boojeecafe.com/products/rwanda-shyira-copy,https://cdn.shopify.com/s/files/1/0712/3301/2030/files/2_1490f654-0814-47de-83cb-dc8995e53deb.png?v=1770275943,Coffee
Colombian Washed Decaf,Boojee,2200.0,250g,Dark Roast,Dark Chocolate,,Natural,"Processed at CR3-Kaffeeveredelung M. Hermsen in Bremen, Germany, one of the most respected decaffeination facilities in the world, this coffee is gently treated to preserve structure, aroma, and flavour integrity. The result is a decaf that tastes intentional, not compromised. The roast profile is deliberately calibrated to draw out depth and balance, allowing the coffee’s natural qualities to shine across brewing styles. From French press to espresso, it remains composed, expressive, and reliable. In the cup, it is rich and rounded, with a smooth finish and quiet complexity offering the full sensory experience of specialty coffee, without the caffeine. A decaf for those who still care deeply about what’s in their cup. Tasting Notes : Dark Chocolate · Roasted Almonds · Caramel",https://boojeecafe.com/products/rwanda-shyira-copy,https://cdn.shopify.com/s/files/1/0712/3301/2030/files/2_1490f654-0814-47de-83cb-dc8995e53deb.png?v=1770275943,Coffee
Colombian Washed Decaf,Boojee,2200.0,250g,Dark Roast,Dark Chocolate,,Natural,"Processed at CR3-Kaffeeveredelung M. Hermsen in Bremen, Germany, one of the most respected decaffeination facilities in the world, this coffee is gently treated to preserve structure, aroma, and flavour integrity. The result is a decaf that tastes intentional, not compromised. The roast profile is deliberately calibrated to draw out depth and balance, allowing the coffee’s natural qualities to shine across brewing styles. From French press to espresso, it remains composed, expressive, and reliable. In the cup, it is rich and rounded, with a smooth finish and quiet complexity offering the full sensory experience of specialty coffee, without the caffeine. A decaf for those who still care deeply about what’s in their cup. Tasting Notes : Dark Chocolate · Roasted Almonds · Caramel",https://boojeecafe.com/products/rwanda-shyira-copy,https://cdn.shopify.com/s/files/1/0712/3301/2030/files/2_1490f654-0814-47de-83cb-dc8995e53deb.png?v=1770275943,Coffee
Colombian Washed Decaf,Boojee,2200.0,250g,Dark Roast,Dark Chocolate,,Natural,"Processed at CR3-Kaffeeveredelung M. Hermsen in Bremen, Germany, one of the most respected decaffeination facilities in the world, this coffee is gently treated to preserve structure, aroma, and flavour integrity. The result is a decaf that tastes intentional, not compromised. The roast profile is deliberately calibrated to draw out depth and balance, allowing the coffee’s natural qualities to shine across brewing styles. From French press to espresso, it remains composed, expressive, and reliable. In the cup, it is rich and rounded, with a smooth finish and quiet complexity offering the full sensory experience of specialty coffee, without the caffeine. A decaf for those who still care deeply about what’s in their cup. Tasting Notes : Dark Chocolate · Roasted Almonds · Caramel",https://boojeecafe.com/products/rwanda-shyira-copy,https://cdn.shopify.com/s/files/1/0712/3301/2030/files/2_1490f654-0814-47de-83cb-dc8995e53deb.png?v=1770275943,Coffee
Colombian Washed Decaf,Boojee,2200.0,250g,Dark Roast,Dark Chocolate,,Natural,"Processed at CR3-Kaffeeveredelung M. Hermsen in Bremen, Germany, one of the most respected decaffeination facilities in the world, this coffee is gently treated to preserve structure, aroma, and flavour integrity. The result is a decaf that tastes intentional, not compromised. The roast profile is deliberately calibrated to draw out depth and balance, allowing the coffee’s natural qualities to shine across brewing styles. From French press to espresso, it remains composed, expressive, and reliable. In the cup, it is rich and rounded, with a smooth finish and quiet complexity offering the full sensory experience of specialty coffee, without the caffeine. A decaf for those who still care deeply about what’s in their cup. Tasting Notes : Dark Chocolate · Roasted Almonds · Caramel",https://boojeecafe.com/products/rwanda-shyira-copy,https://cdn.shopify.com/s/files/1/0712/3301/2030/files/2_1490f654-0814-47de-83cb-dc8995e53deb.png?v=1770275943,Coffee
Colombian Washed Decaf,Boojee,2200.0,250g,Dark Roast,Dark Chocolate,,Natural,"Processed at CR3-Kaffeeveredelung M. Hermsen in Bremen, Germany, one of the most respected decaffeination facilities in the world, this coffee is gently treated to preserve structure, aroma, and flavour integrity. The result is a decaf that tastes intentional, not compromised. The roast profile is deliberately calibrated to draw out depth and balance, allowing the coffee’s natural qualities to shine across brewing styles. From French press to espresso, it remains composed, expressive, and reliable. In the cup, it is rich and rounded, with a smooth finish and quiet complexity offering the full sensory experience of specialty coffee, without the caffeine. A decaf for those who still care deeply about what’s in their cup. Tasting Notes : Dark Chocolate · Roasted Almonds · Caramel",https://boojeecafe.com/products/rwanda-shyira-copy,https://cdn.shopify.com/s/files/1/0712/3301/2030/files/2_1490f654-0814-47de-83cb-dc8995e53deb.png?v=1770275943,Coffee
Colombian Washed Decaf,Boojee,2200.0,250g,Dark Roast,Dark Chocolate,,Natural,"Processed at CR3-Kaffeeveredelung M. Hermsen in Bremen, Germany, one of the most respected decaffeination facilities in the world, this coffee is gently treated to preserve structure, aroma, and flavour integrity. The result is a decaf that tastes intentional, not compromised. The roast profile is deliberately calibrated to draw out depth and balance, allowing the coffee’s natural qualities to shine across brewing styles. From French press to espresso, it remains composed, expressive, and reliable. In the cup, it is rich and rounded, with a smooth finish and quiet complexity offering the full sensory experience of specialty coffee, without the caffeine. A decaf for those who still care deeply about what’s in their cup. Tasting Notes : Dark Chocolate · Roasted Almonds · Caramel",https://boojeecafe.com/products/rwanda-shyira-copy,https://cdn.shopify.com/s/files/1/0712/3301/2030/files/2_1490f654-0814-47de-83cb-dc8995e53deb.png?v=1770275943,Coffee
Colombian Washed Decaf,Boojee,2200.0,250g,Dark Roast,Dark Chocolate,,Natural,"Processed at CR3-Kaffeeveredelung M. Hermsen in Bremen, Germany, one of the most respected decaffeination facilities in the world, this coffee is gently treated to preserve structure, aroma, and flavour integrity. The result is a decaf that tastes intentional, not compromised. The roast profile is deliberately calibrated to draw out depth and balance, allowing the coffee’s natural qualities to shine across brewing styles. From French press to espresso, it remains composed, expressive, and reliable. In the cup, it is rich and rounded, with a smooth finish and quiet complexity offering the full sensory experience of specialty coffee, without the caffeine. A decaf for those who still care deeply about what’s in their cup. Tasting Notes : Dark Chocolate · Roasted Almonds · Caramel",https://boojeecafe.com/products/rwanda-shyira-copy,https://cdn.shopify.com/s/files/1/0712/3301/2030/files/2_1490f654-0814-47de-83cb-dc8995e53deb.png?v=1770275943,Coffee
Colombian Washed Decaf,Boojee,2200.0,250g,Dark Roast,Dark Chocolate,,Natural,"Processed at CR3-Kaffeeveredelung M. Hermsen in Bremen, Germany, one of the most respected decaffeination facilities in the world, this coffee is gently treated to preserve structure, aroma, and flavour integrity. The result is a decaf that tastes intentional, not compromised. The roast profile is deliberately calibrated to draw out depth and balance, allowing the coffee’s natural qualities to shine across brewing styles. From French press to espresso, it remains composed, expressive, and reliable. In the cup, it is rich and rounded, with a smooth finish and quiet complexity offering the full sensory experience of specialty coffee, without the caffeine. A decaf for those who still care deeply about what’s in their cup. Tasting Notes : Dark Chocolate · Roasted Almonds · Caramel",https://boojeecafe.com/products/rwanda-shyira-copy,https://cdn.shopify.com/s/files/1/0712/3301/2030/files/2_1490f654-0814-47de-83cb-dc8995e53deb.png?v=1770275943,Coffee
Colombian Washed Decaf,Boojee,2200.0,250g,Dark Roast,Dark Chocolate,,Natural,"Processed at CR3-Kaffeeveredelung M. Hermsen in Bremen, Germany, one of the most respected decaffeination facilities in the world, this coffee is gently treated to preserve structure, aroma, and flavour integrity. The result is a decaf that tastes intentional, not compromised. The roast profile is deliberately calibrated to draw out depth and balance, allowing the coffee’s natural qualities to shine across brewing styles. From French press to espresso, it remains composed, expressive, and reliable. In the cup, it is rich and rounded, with a smooth finish and quiet complexity offering the full sensory experience of specialty coffee, without the caffeine. A decaf for those who still care deeply about what’s in their cup. Tasting Notes : Dark Chocolate · Roasted Almonds · Caramel",https://boojeecafe.com/products/rwanda-shyira-copy,https://cdn.shopify.com/s/files/1/0712/3301/2030/files/2_1490f654-0814-47de-83cb-dc8995e53deb.png?v=1770275943,Coffee
Colombian Washed Decaf,Boojee,2200.0,250g,Dark Roast,Dark Chocolate,,Natural,"Processed at CR3-Kaffeeveredelung M. Hermsen in Bremen, Germany, one of the most respected decaffeination facilities in the world, this coffee is gently treated to preserve structure, aroma, and flavour integrity. The result is a decaf that tastes intentional, not compromised. The roast profile is deliberately calibrated to draw out depth and balance, allowing the coffee’s natural qualities to shine across brewing styles. From French press to espresso, it remains composed, expressive, and reliable. In the cup, it is rich and rounded, with a smooth finish and quiet complexity offering the full sensory experience of specialty coffee, without the caffeine. A decaf for those who still care deeply about what’s in their cup. Tasting Notes : Dark Chocolate · Roasted Almonds · Caramel",https://boojeecafe.com/products/rwanda-shyira-copy,https://cdn.shopify.com/s/files/1/0712/3301/2030/files/2_1490f654-0814-47de-83cb-dc8995e53deb.png?v=1770275943,Coffee
Colombian Washed Decaf,Boojee,2200.0,250g,Dark Roast,Dark Chocolate,,Natural,"Processed at CR3-Kaffeeveredelung M. Hermsen in Bremen, Germany, one of the most respected decaffeination facilities in the world, this coffee is gently treated to preserve structure, aroma, and flavour integrity. The result is a decaf that tastes intentional, not compromised. The roast profile is deliberately calibrated to draw out depth and balance, allowing the coffee’s natural qualities to shine across brewing styles. From French press to espresso, it remains composed, expressive, and reliable. In the cup, it is rich and rounded, with a smooth finish and quiet complexity offering the full sensory experience of specialty coffee, without the caffeine. A decaf for those who still care deeply about what’s in their cup. Tasting Notes : Dark Chocolate · Roasted Almonds · Caramel",https://boojeecafe.com/products/rwanda-shyira-copy,https://cdn.shopify.com/s/files/1/0712/3301/2030/files/2_1490f654-0814-47de-83cb-dc8995e53deb.png?v=1770275943,Coffee
Colombian Washed Decaf,Boojee,8000.0,1kg,Dark Roast,Dark Chocolate,,Natural,"Processed at CR3-Kaffeeveredelung M. Hermsen in Bremen, Germany, one of the most respected decaffeination facilities in the world, this coffee is gently treated to preserve structure, aroma, and flavour integrity. The result is a decaf that tastes intentional, not compromised. The roast profile is deliberately calibrated to draw out depth and balance, allowing the coffee’s natural qualities to shine across brewing styles. From French press to espresso, it remains composed, expressive, and reliable. In the cup, it is rich and rounded, with a smooth finish and quiet complexity offering the full sensory experience of specialty coffee, without the caffeine. A decaf for those who still care deeply about what’s in their cup. Tasting Notes : Dark Chocolate · Roasted Almonds · Caramel",https://boojeecafe.com/products/rwanda-shyira-copy,https://cdn.shopify.com/s/files/1/0712/3301/2030/files/2_1490f654-0814-47de-83cb-dc8995e53deb.png?v=1770275943,Coffee
Colombian Washed Decaf,Boojee,2200.0,1kg,Dark Roast,Dark Chocolate,,Natural,"Processed at CR3-Kaffeeveredelung M. Hermsen in Bremen, Germany, one of the most respected decaffeination facilities in the world, this coffee is gently treated to preserve structure, aroma, and flavour integrity. The result is a decaf that tastes intentional, not compromised. The roast profile is deliberately calibrated to draw out depth and balance, allowing the coffee’s natural qualities to shine across brewing styles. From French press to espresso, it remains composed, expressive, and reliable. In the cup, it is rich and rounded, with a smooth finish and quiet complexity offering the full sensory experience of specialty coffee, without the caffeine. A decaf for those who still care deeply about what’s in their cup. Tasting Notes : Dark Chocolate · Roasted Almonds · Caramel",https://boojeecafe.com/products/rwanda-shyira-copy,https://cdn.shopify.com/s/files/1/0712/3301/2030/files/2_1490f654-0814-47de-83cb-dc8995e53deb.png?v=1770275943,Coffee
Colombian Washed Decaf,Boojee,20000.0,3kg,Dark Roast,Dark Chocolate,,Natural,"Processed at CR3-Kaffeeveredelung M. Hermsen in Bremen, Germany, one of the most respected decaffeination facilities in the world, this coffee is gently treated to preserve structure, aroma, and flavour integrity. The result is a decaf that tastes intentional, not compromised. The roast profile is deliberately calibrated to draw out depth and balance, allowing the coffee’s natural qualities to shine across brewing styles. From French press to espresso, it remains composed, expressive, and reliable. In the cup, it is rich and rounded, with a smooth finish and quiet complexity offering the full sensory experience of specialty coffee, without the caffeine. A decaf for those who still care deeply about what’s in their cup. Tasting Notes : Dark Chocolate · Roasted Almonds · Caramel",https://boojeecafe.com/products/rwanda-shyira-copy,https://cdn.shopify.com/s/files/1/0712/3301/2030/files/2_1490f654-0814-47de-83cb-dc8995e53deb.png?v=1770275943,Coffee
Colombian Washed Decaf,Boojee,2200.0,3kg,Dark Roast,Dark Chocolate,,Natural,"Processed at CR3-Kaffeeveredelung M. Hermsen in Bremen, Germany, one of the most respected decaffeination facilities in the world, this coffee is gently treated to preserve structure, aroma, and flavour integrity. The result is a decaf that tastes intentional, not compromised. The roast profile is deliberately calibrated to draw out depth and balance, allowing the coffee’s natural qualities to shine across brewing styles. From French press to espresso, it remains composed, expressive, and reliable. In the cup, it is rich and rounded, with a smooth finish and quiet complexity offering the full sensory experience of specialty coffee, without the caffeine. A decaf for those who still care deeply about what’s in their cup. Tasting Notes : Dark Chocolate · Roasted Almonds · Caramel",https://boojeecafe.com/products/rwanda-shyira-copy,https://cdn.shopify.com/s/files/1/0712/3301/2030/files/2_1490f654-0814-47de-83cb-dc8995e53deb.png?v=1770275943,Coffee
Red Affair - Aura Estate,Boojee,995.0,250g,,Blossom Honey • Red Mulberry • Mandarin,,Anaerobic,"Aura Farming – Anaerobic Fermentation Red Honey Process Grown at 3700ft above sea level, Coffee cherries are handpicked at peak ripeness (95%+), washed, and carefully sorted. The cherries undergo 48 hours of anaerobic fermentation before being pulped and slowly dried on raised beds for up to 30 days. Throughout the drying process, temperature and humidity are closely monitored to ensure consistent drying, enhanced sweetness, and a clean, complex cup profile. Tasting Notes: Blossom Honey • Red Mulberry • Mandarin",https://boojeecafe.com/products/silver-lining-aura-estate-copy,https://cdn.shopify.com/s/files/1/0712/3301/2030/files/17A61CF7-BFEA-463B-B200-E70791AAE58D.png?v=1771500552,Coffee
Red Affair - Aura Estate,Boojee,995.0,250g,,Blossom Honey • Red Mulberry • Mandarin,,Anaerobic,"Aura Farming – Anaerobic Fermentation Red Honey Process Grown at 3700ft above sea level, Coffee cherries are handpicked at peak ripeness (95%+), washed, and carefully sorted. The cherries undergo 48 hours of anaerobic fermentation before being pulped and slowly dried on raised beds for up to 30 days. Throughout the drying process, temperature and humidity are closely monitored to ensure consistent drying, enhanced sweetness, and a clean, complex cup profile. Tasting Notes: Blossom Honey • Red Mulberry • Mandarin",https://boojeecafe.com/products/silver-lining-aura-estate-copy,https://cdn.shopify.com/s/files/1/0712/3301/2030/files/17A61CF7-BFEA-463B-B200-E70791AAE58D.png?v=1771500552,Coffee
Red Affair - Aura Estate,Boojee,995.0,250g,,Blossom Honey • Red Mulberry • Mandarin,,Anaerobic,"Aura Farming – Anaerobic Fermentation Red Honey Process Grown at 3700ft above sea level, Coffee cherries are handpicked at peak ripeness (95%+), washed, and carefully sorted. The cherries undergo 48 hours of anaerobic fermentation before being pulped and slowly dried on raised beds for up to 30 days. Throughout the drying process, temperature and humidity are closely monitored to ensure consistent drying, enhanced sweetness, and a clean, complex cup profile. Tasting Notes: Blossom Honey • Red Mulberry • Mandarin",https://boojeecafe.com/products/silver-lining-aura-estate-copy,https://cdn.shopify.com/s/files/1/0712/3301/2030/files/17A61CF7-BFEA-463B-B200-E70791AAE58D.png?v=1771500552,Coffee
Red Affair - Aura Estate,Boojee,995.0,250g,,Blossom Honey • Red Mulberry • Mandarin,,Anaerobic,"Aura Farming – Anaerobic Fermentation Red Honey Process Grown at 3700ft above sea level, Coffee cherries are handpicked at peak ripeness (95%+), washed, and carefully sorted. The cherries undergo 48 hours of anaerobic fermentation before being pulped and slowly dried on raised beds for up to 30 days. Throughout the drying process, temperature and humidity are closely monitored to ensure consistent drying, enhanced sweetness, and a clean, complex cup profile. Tasting Notes: Blossom Honey • Red Mulberry • Mandarin",https://boojeecafe.com/products/silver-lining-aura-estate-copy,https://cdn.shopify.com/s/files/1/0712/3301/2030/files/17A61CF7-BFEA-463B-B200-E70791AAE58D.png?v=1771500552,Coffee
Red Affair - Aura Estate,Boojee,995.0,250g,,Blossom Honey • Red Mulberry • Mandarin,,Anaerobic,"Aura Farming – Anaerobic Fermentation Red Honey Process Grown at 3700ft above sea level, Coffee cherries are handpicked at peak ripeness (95%+), washed, and carefully sorted. The cherries undergo 48 hours of anaerobic fermentation before being pulped and slowly dried on raised beds for up to 30 days. Throughout the drying process, temperature and humidity are closely monitored to ensure consistent drying, enhanced sweetness, and a clean, complex cup profile. Tasting Notes: Blossom Honey • Red Mulberry • Mandarin",https://boojeecafe.com/products/silver-lining-aura-estate-copy,https://cdn.shopify.com/s/files/1/0712/3301/2030/files/17A61CF7-BFEA-463B-B200-E70791AAE58D.png?v=1771500552,Coffee
Red Affair - Aura Estate,Boojee,995.0,250g,,Blossom Honey • Red Mulberry • Mandarin,,Anaerobic,"Aura Farming – Anaerobic Fermentation Red Honey Process Grown at 3700ft above sea level, Coffee cherries are handpicked at peak ripeness (95%+), washed, and carefully sorted. The cherries undergo 48 hours of anaerobic fermentation before being pulped and slowly dried on raised beds for up to 30 days. Throughout the drying process, temperature and humidity are closely monitored to ensure consistent drying, enhanced sweetness, and a clean, complex cup profile. Tasting Notes: Blossom Honey • Red Mulberry • Mandarin",https://boojeecafe.com/products/silver-lining-aura-estate-copy,https://cdn.shopify.com/s/files/1/0712/3301/2030/files/17A61CF7-BFEA-463B-B200-E70791AAE58D.png?v=1771500552,Coffee
Red Affair - Aura Estate,Boojee,995.0,250g,,Blossom Honey • Red Mulberry • Mandarin,,Anaerobic,"Aura Farming – Anaerobic Fermentation Red Honey Process Grown at 3700ft above sea level, Coffee cherries are handpicked at peak ripeness (95%+), washed, and carefully sorted. The cherries undergo 48 hours of anaerobic fermentation before being pulped and slowly dried on raised beds for up to 30 days. Throughout the drying process, temperature and humidity are closely monitored to ensure consistent drying, enhanced sweetness, and a clean, complex cup profile. Tasting Notes: Blossom Honey • Red Mulberry • Mandarin",https://boojeecafe.com/products/silver-lining-aura-estate-copy,https://cdn.shopify.com/s/files/1/0712/3301/2030/files/17A61CF7-BFEA-463B-B200-E70791AAE58D.png?v=1771500552,Coffee
Red Affair - Aura Estate,Boojee,995.0,250g,,Blossom Honey • Red Mulberry • Mandarin,,Anaerobic,"Aura Farming – Anaerobic Fermentation Red Honey Process Grown at 3700ft above sea level, Coffee cherries are handpicked at peak ripeness (95%+), washed, and carefully sorted. The cherries undergo 48 hours of anaerobic fermentation before being pulped and slowly dried on raised beds for up to 30 days. Throughout the drying process, temperature and humidity are closely monitored to ensure consistent drying, enhanced sweetness, and a clean, complex cup profile. Tasting Notes: Blossom Honey • Red Mulberry • Mandarin",https://boojeecafe.com/products/silver-lining-aura-estate-copy,https://cdn.shopify.com/s/files/1/0712/3301/2030/files/17A61CF7-BFEA-463B-B200-E70791AAE58D.png?v=1771500552,Coffee
Red Affair - Aura Estate,Boojee,995.0,250g,,Blossom Honey • Red Mulberry • Mandarin,,Anaerobic,"Aura Farming – Anaerobic Fermentation Red Honey Process Grown at 3700ft above sea level, Coffee cherries are handpicked at peak ripeness (95%+), washed, and carefully sorted. The cherries undergo 48 hours of anaerobic fermentation before being pulped and slowly dried on raised beds for up to 30 days. Throughout the drying process, temperature and humidity are closely monitored to ensure consistent drying, enhanced sweetness, and a clean, complex cup profile. Tasting Notes: Blossom Honey • Red Mulberry • Mandarin",https://boojeecafe.com/products/silver-lining-aura-estate-copy,https://cdn.shopify.com/s/files/1/0712/3301/2030/files/17A61CF7-BFEA-463B-B200-E70791AAE58D.png?v=1771500552,Coffee
Red Affair - Aura Estate,Boojee,995.0,250g,,Blossom Honey • Red Mulberry • Mandarin,,Anaerobic,"Aura Farming – Anaerobic Fermentation Red Honey Process Grown at 3700ft above sea level, Coffee cherries are handpicked at peak ripeness (95%+), washed, and carefully sorted. The cherries undergo 48 hours of anaerobic fermentation before being pulped and slowly dried on raised beds for up to 30 days. Throughout the drying process, temperature and humidity are closely monitored to ensure consistent drying, enhanced sweetness, and a clean, complex cup profile. Tasting Notes: Blossom Honey • Red Mulberry • Mandarin",https://boojeecafe.com/products/silver-lining-aura-estate-copy,https://cdn.shopify.com/s/files/1/0712/3301/2030/files/17A61CF7-BFEA-463B-B200-E70791AAE58D.png?v=1771500552,Coffee
Red Affair - Aura Estate,Boojee,995.0,250g,,Blossom Honey • Red Mulberry • Mandarin,,Anaerobic,"Aura Farming – Anaerobic Fermentation Red Honey Process Grown at 3700ft above sea level, Coffee cherries are handpicked at peak ripeness (95%+), washed, and carefully sorted. The cherries undergo 48 hours of anaerobic fermentation before being pulped and slowly dried on raised beds for up to 30 days. Throughout the drying process, temperature and humidity are closely monitored to ensure consistent drying, enhanced sweetness, and a clean, complex cup profile. Tasting Notes: Blossom Honey • Red Mulberry • Mandarin",https://boojeecafe.com/products/silver-lining-aura-estate-copy,https://cdn.shopify.com/s/files/1/0712/3301/2030/files/17A61CF7-BFEA-463B-B200-E70791AAE58D.png?v=1771500552,Coffee
Red Affair - Aura Estate,Boojee,995.0,250g,,Blossom Honey • Red Mulberry • Mandarin,,Anaerobic,"Aura Farming – Anaerobic Fermentation Red Honey Process Grown at 3700ft above sea level, Coffee cherries are handpicked at peak ripeness (95%+), washed, and carefully sorted. The cherries undergo 48 hours of anaerobic fermentation before being pulped and slowly dried on raised beds for up to 30 days. Throughout the drying process, temperature and humidity are closely monitored to ensure consistent drying, enhanced sweetness, and a clean, complex cup profile. Tasting Notes: Blossom Honey • Red Mulberry • Mandarin",https://boojeecafe.com/products/silver-lining-aura-estate-copy,https://cdn.shopify.com/s/files/1/0712/3301/2030/files/17A61CF7-BFEA-463B-B200-E70791AAE58D.png?v=1771500552,Coffee
Red Affair - Aura Estate,Boojee,995.0,250g,,Blossom Honey • Red Mulberry • Mandarin,,Anaerobic,"Aura Farming – Anaerobic Fermentation Red Honey Process Grown at 3700ft above sea level, Coffee cherries are handpicked at peak ripeness (95%+), washed, and carefully sorted. The cherries undergo 48 hours of anaerobic fermentation before being pulped and slowly dried on raised beds for up to 30 days. Throughout the drying process, temperature and humidity are closely monitored to ensure consistent drying, enhanced sweetness, and a clean, complex cup profile. Tasting Notes: Blossom Honey • Red Mulberry • Mandarin",https://boojeecafe.com/products/silver-lining-aura-estate-copy,https://cdn.shopify.com/s/files/1/0712/3301/2030/files/17A61CF7-BFEA-463B-B200-E70791AAE58D.png?v=1771500552,Coffee
Red Affair - Aura Estate,Boojee,995.0,250g,,Blossom Honey • Red Mulberry • Mandarin,,Anaerobic,"Aura Farming – Anaerobic Fermentation Red Honey Process Grown at 3700ft above sea level, Coffee cherries are handpicked at peak ripeness (95%+), washed, and carefully sorted. The cherries undergo 48 hours of anaerobic fermentation before being pulped and slowly dried on raised beds for up to 30 days. Throughout the drying process, temperature and humidity are closely monitored to ensure consistent drying, enhanced sweetness, and a clean, complex cup profile. Tasting Notes: Blossom Honey • Red Mulberry • Mandarin",https://boojeecafe.com/products/silver-lining-aura-estate-copy,https://cdn.shopify.com/s/files/1/0712/3301/2030/files/17A61CF7-BFEA-463B-B200-E70791AAE58D.png?v=1771500552,Coffee
Red Affair - Aura Estate,Boojee,995.0,250g,,Blossom Honey • Red Mulberry • Mandarin,,Anaerobic,"Aura Farming – Anaerobic Fermentation Red Honey Process Grown at 3700ft above sea level, Coffee cherries are handpicked at peak ripeness (95%+), washed, and carefully sorted. The cherries undergo 48 hours of anaerobic fermentation before being pulped and slowly dried on raised beds for up to 30 days. Throughout the drying process, temperature and humidity are closely monitored to ensure consistent drying, enhanced sweetness, and a clean, complex cup profile. Tasting Notes: Blossom Honey • Red Mulberry • Mandarin",https://boojeecafe.com/products/silver-lining-aura-estate-copy,https://cdn.shopify.com/s/files/1/0712/3301/2030/files/17A61CF7-BFEA-463B-B200-E70791AAE58D.png?v=1771500552,Coffee
Red Affair - Aura Estate,Boojee,995.0,250g,,Blossom Honey • Red Mulberry • Mandarin,,Anaerobic,"Aura Farming – Anaerobic Fermentation Red Honey Process Grown at 3700ft above sea level, Coffee cherries are handpicked at peak ripeness (95%+), washed, and carefully sorted. The cherries undergo 48 hours of anaerobic fermentation before being pulped and slowly dried on raised beds for up to 30 days. Throughout the drying process, temperature and humidity are closely monitored to ensure consistent drying, enhanced sweetness, and a clean, complex cup profile. Tasting Notes: Blossom Honey • Red Mulberry • Mandarin",https://boojeecafe.com/products/silver-lining-aura-estate-copy,https://cdn.shopify.com/s/files/1/0712/3301/2030/files/17A61CF7-BFEA-463B-B200-E70791AAE58D.png?v=1771500552,Coffee
Red Affair - Aura Estate,Boojee,995.0,250g,,Blossom Honey • Red Mulberry • Mandarin,,Anaerobic,"Aura Farming – Anaerobic Fermentation Red Honey Process Grown at 3700ft above sea level, Coffee cherries are handpicked at peak ripeness (95%+), washed, and carefully sorted. The cherries undergo 48 hours of anaerobic fermentation before being pulped and slowly dried on raised beds for up to 30 days. Throughout the drying process, temperature and humidity are closely monitored to ensure consistent drying, enhanced sweetness, and a clean, complex cup profile. Tasting Notes: Blossom Honey • Red Mulberry • Mandarin",https://boojeecafe.com/products/silver-lining-aura-estate-copy,https://cdn.shopify.com/s/files/1/0712/3301/2030/files/17A61CF7-BFEA-463B-B200-E70791AAE58D.png?v=1771500552,Coffee
Red Affair - Aura Estate,Boojee,995.0,250g,,Blossom Honey • Red Mulberry • Mandarin,,Anaerobic,"Aura Farming – Anaerobic Fermentation Red Honey Process Grown at 3700ft above sea level, Coffee cherries are handpicked at peak ripeness (95%+), washed, and carefully sorted. The cherries undergo 48 hours of anaerobic fermentation before being pulped and slowly dried on raised beds for up to 30 days. Throughout the drying process, temperature and humidity are closely monitored to ensure consistent drying, enhanced sweetness, and a clean, complex cup profile. Tasting Notes: Blossom Honey • Red Mulberry • Mandarin",https://boojeecafe.com/products/silver-lining-aura-estate-copy,https://cdn.shopify.com/s/files/1/0712/3301/2030/files/17A61CF7-BFEA-463B-B200-E70791AAE58D.png?v=1771500552,Coffee
Red Affair - Aura Estate,Boojee,3300.0,1kg,,Blossom Honey • Red Mulberry • Mandarin,,Anaerobic,"Aura Farming – Anaerobic Fermentation Red Honey Process Grown at 3700ft above sea level, Coffee cherries are handpicked at peak ripeness (95%+), washed, and carefully sorted. The cherries undergo 48 hours of anaerobic fermentation before being pulped and slowly dried on raised beds for up to 30 days. Throughout the drying process, temperature and humidity are closely monitored to ensure consistent drying, enhanced sweetness, and a clean, complex cup profile. Tasting Notes: Blossom Honey • Red Mulberry • Mandarin",https://boojeecafe.com/products/silver-lining-aura-estate-copy,https://cdn.shopify.com/s/files/1/0712/3301/2030/files/17A61CF7-BFEA-463B-B200-E70791AAE58D.png?v=1771500552,Coffee
Red Affair - Aura Estate,Boojee,3300.0,1kg,,Blossom Honey • Red Mulberry • Mandarin,,Anaerobic,"Aura Farming – Anaerobic Fermentation Red Honey Process Grown at 3700ft above sea level, Coffee cherries are handpicked at peak ripeness (95%+), washed, and carefully sorted. The cherries undergo 48 hours of anaerobic fermentation before being pulped and slowly dried on raised beds for up to 30 days. Throughout the drying process, temperature and humidity are closely monitored to ensure consistent drying, enhanced sweetness, and a clean, complex cup profile. Tasting Notes: Blossom Honey • Red Mulberry • Mandarin",https://boojeecafe.com/products/silver-lining-aura-estate-copy,https://cdn.shopify.com/s/files/1/0712/3301/2030/files/17A61CF7-BFEA-463B-B200-E70791AAE58D.png?v=1771500552,Coffee
Red Affair - Aura Estate,Boojee,3300.0,1kg,,Blossom Honey • Red Mulberry • Mandarin,,Anaerobic,"Aura Farming – Anaerobic Fermentation Red Honey Process Grown at 3700ft above sea level, Coffee cherries are handpicked at peak ripeness (95%+), washed, and carefully sorted. The cherries undergo 48 hours of anaerobic fermentation before being pulped and slowly dried on raised beds for up to 30 days. Throughout the drying process, temperature and humidity are closely monitored to ensure consistent drying, enhanced sweetness, and a clean, complex cup profile. Tasting Notes: Blossom Honey • Red Mulberry • Mandarin",https://boojeecafe.com/products/silver-lining-aura-estate-copy,https://cdn.shopify.com/s/files/1/0712/3301/2030/files/17A61CF7-BFEA-463B-B200-E70791AAE58D.png?v=1771500552,Coffee
Red Affair - Aura Estate,Boojee,3300.0,1kg,,Blossom Honey • Red Mulberry • Mandarin,,Anaerobic,"Aura Farming – Anaerobic Fermentation Red Honey Process Grown at 3700ft above sea level, Coffee cherries are handpicked at peak ripeness (95%+), washed, and carefully sorted. The cherries undergo 48 hours of anaerobic fermentation before being pulped and slowly dried on raised beds for up to 30 days. Throughout the drying process, temperature and humidity are closely monitored to ensure consistent drying, enhanced sweetness, and a clean, complex cup profile. Tasting Notes: Blossom Honey • Red Mulberry • Mandarin",https://boojeecafe.com/products/silver-lining-aura-estate-copy,https://cdn.shopify.com/s/files/1/0712/3301/2030/files/17A61CF7-BFEA-463B-B200-E70791AAE58D.png?v=1771500552,Coffee
Red Affair - Aura Estate,Boojee,3300.0,1kg,,Blossom Honey • Red Mulberry • Mandarin,,Anaerobic,"Aura Farming – Anaerobic Fermentation Red Honey Process Grown at 3700ft above sea level, Coffee cherries are handpicked at peak ripeness (95%+), washed, and carefully sorted. The cherries undergo 48 hours of anaerobic fermentation before being pulped and slowly dried on raised beds for up to 30 days. Throughout the drying process, temperature and humidity are closely monitored to ensure consistent drying, enhanced sweetness, and a clean, complex cup profile. Tasting Notes: Blossom Honey • Red Mulberry • Mandarin",https://boojeecafe.com/products/silver-lining-aura-estate-copy,https://cdn.shopify.com/s/files/1/0712/3301/2030/files/17A61CF7-BFEA-463B-B200-E70791AAE58D.png?v=1771500552,Coffee
Red Affair - Aura Estate,Boojee,3300.0,1kg,,Blossom Honey • Red Mulberry • Mandarin,,Anaerobic,"Aura Farming – Anaerobic Fermentation Red Honey Process Grown at 3700ft above sea level, Coffee cherries are handpicked at peak ripeness (95%+), washed, and carefully sorted. The cherries undergo 48 hours of anaerobic fermentation before being pulped and slowly dried on raised beds for up to 30 days. Throughout the drying process, temperature and humidity are closely monitored to ensure consistent drying, enhanced sweetness, and a clean, complex cup profile. Tasting Notes: Blossom Honey • Red Mulberry • Mandarin",https://boojeecafe.com/products/silver-lining-aura-estate-copy,https://cdn.shopify.com/s/files/1/0712/3301/2030/files/17A61CF7-BFEA-463B-B200-E70791AAE58D.png?v=1771500552,Coffee
Red Affair - Aura Estate,Boojee,3300.0,1kg,,Blossom Honey • Red Mulberry • Mandarin,,Anaerobic,"Aura Farming – Anaerobic Fermentation Red Honey Process Grown at 3700ft above sea level, Coffee cherries are handpicked at peak ripeness (95%+), washed, and carefully sorted. The cherries undergo 48 hours of anaerobic fermentation before being pulped and slowly dried on raised beds for up to 30 days. Throughout the drying process, temperature and humidity are closely monitored to ensure consistent drying, enhanced sweetness, and a clean, complex cup profile. Tasting Notes: Blossom Honey • Red Mulberry • Mandarin",https://boojeecafe.com/products/silver-lining-aura-estate-copy,https://cdn.shopify.com/s/files/1/0712/3301/2030/files/17A61CF7-BFEA-463B-B200-E70791AAE58D.png?v=1771500552,Coffee
Red Affair - Aura Estate,Boojee,3300.0,1kg,,Blossom Honey • Red Mulberry • Mandarin,,Anaerobic,"Aura Farming – Anaerobic Fermentation Red Honey Process Grown at 3700ft above sea level, Coffee cherries are handpicked at peak ripeness (95%+), washed, and carefully sorted. The cherries undergo 48 hours of anaerobic fermentation before being pulped and slowly dried on raised beds for up to 30 days. Throughout the drying process, temperature and humidity are closely monitored to ensure consistent drying, enhanced sweetness, and a clean, complex cup profile. Tasting Notes: Blossom Honey • Red Mulberry • Mandarin",https://boojeecafe.com/products/silver-lining-aura-estate-copy,https://cdn.shopify.com/s/files/1/0712/3301/2030/files/17A61CF7-BFEA-463B-B200-E70791AAE58D.png?v=1771500552,Coffee
Red Affair - Aura Estate,Boojee,3300.0,1kg,,Blossom Honey • Red Mulberry • Mandarin,,Anaerobic,"Aura Farming – Anaerobic Fermentation Red Honey Process Grown at 3700ft above sea level, Coffee cherries are handpicked at peak ripeness (95%+), washed, and carefully sorted. The cherries undergo 48 hours of anaerobic fermentation before being pulped and slowly dried on raised beds for up to 30 days. Throughout the drying process, temperature and humidity are closely monitored to ensure consistent drying, enhanced sweetness, and a clean, complex cup profile. Tasting Notes: Blossom Honey • Red Mulberry • Mandarin",https://boojeecafe.com/products/silver-lining-aura-estate-copy,https://cdn.shopify.com/s/files/1/0712/3301/2030/files/17A61CF7-BFEA-463B-B200-E70791AAE58D.png?v=1771500552,Coffee
Red Affair - Aura Estate,Boojee,3300.0,1kg,,Blossom Honey • Red Mulberry • Mandarin,,Anaerobic,"Aura Farming – Anaerobic Fermentation Red Honey Process Grown at 3700ft above sea level, Coffee cherries are handpicked at peak ripeness (95%+), washed, and carefully sorted. The cherries undergo 48 hours of anaerobic fermentation before being pulped and slowly dried on raised beds for up to 30 days. Throughout the drying process, temperature and humidity are closely monitored to ensure consistent drying, enhanced sweetness, and a clean, complex cup profile. Tasting Notes: Blossom Honey • Red Mulberry • Mandarin",https://boojeecafe.com/products/silver-lining-aura-estate-copy,https://cdn.shopify.com/s/files/1/0712/3301/2030/files/17A61CF7-BFEA-463B-B200-E70791AAE58D.png?v=1771500552,Coffee
Red Affair - Aura Estate,Boojee,3300.0,1kg,,Blossom Honey • Red Mulberry • Mandarin,,Anaerobic,"Aura Farming – Anaerobic Fermentation Red Honey Process Grown at 3700ft above sea level, Coffee cherries are handpicked at peak ripeness (95%+), washed, and carefully sorted. The cherries undergo 48 hours of anaerobic fermentation before being pulped and slowly dried on raised beds for up to 30 days. Throughout the drying process, temperature and humidity are closely monitored to ensure consistent drying, enhanced sweetness, and a clean, complex cup profile. Tasting Notes: Blossom Honey • Red Mulberry • Mandarin",https://boojeecafe.com/products/silver-lining-aura-estate-copy,https://cdn.shopify.com/s/files/1/0712/3301/2030/files/17A61CF7-BFEA-463B-B200-E70791AAE58D.png?v=1771500552,Coffee
Red Affair - Aura Estate,Boojee,3300.0,1kg,,Blossom Honey • Red Mulberry • Mandarin,,Anaerobic,"Aura Farming – Anaerobic Fermentation Red Honey Process Grown at 3700ft above sea level, Coffee cherries are handpicked at peak ripeness (95%+), washed, and carefully sorted. The cherries undergo 48 hours of anaerobic fermentation before being pulped and slowly dried on raised beds for up to 30 days. Throughout the drying process, temperature and humidity are closely monitored to ensure consistent drying, enhanced sweetness, and a clean, complex cup profile. Tasting Notes: Blossom Honey • Red Mulberry • Mandarin",https://boojeecafe.com/products/silver-lining-aura-estate-copy,https://cdn.shopify.com/s/files/1/0712/3301/2030/files/17A61CF7-BFEA-463B-B200-E70791AAE58D.png?v=1771500552,Coffee
Red Affair - Aura Estate,Boojee,3300.0,1kg,,Blossom Honey • Red Mulberry • Mandarin,,Anaerobic,"Aura Farming – Anaerobic Fermentation Red Honey Process Grown at 3700ft above sea level, Coffee cherries are handpicked at peak ripeness (95%+), washed, and carefully sorted. The cherries undergo 48 hours of anaerobic fermentation before being pulped and slowly dried on raised beds for up to 30 days. Throughout the drying process, temperature and humidity are closely monitored to ensure consistent drying, enhanced sweetness, and a clean, complex cup profile. Tasting Notes: Blossom Honey • Red Mulberry • Mandarin",https://boojeecafe.com/products/silver-lining-aura-estate-copy,https://cdn.shopify.com/s/files/1/0712/3301/2030/files/17A61CF7-BFEA-463B-B200-E70791AAE58D.png?v=1771500552,Coffee
Red Affair - Aura Estate,Boojee,3300.0,1kg,,Blossom Honey • Red Mulberry • Mandarin,,Anaerobic,"Aura Farming – Anaerobic Fermentation Red Honey Process Grown at 3700ft above sea level, Coffee cherries are handpicked at peak ripeness (95%+), washed, and carefully sorted. The cherries undergo 48 hours of anaerobic fermentation before being pulped and slowly dried on raised beds for up to 30 days. Throughout the drying process, temperature and humidity are closely monitored to ensure consistent drying, enhanced sweetness, and a clean, complex cup profile. Tasting Notes: Blossom Honey • Red Mulberry • Mandarin",https://boojeecafe.com/products/silver-lining-aura-estate-copy,https://cdn.shopify.com/s/files/1/0712/3301/2030/files/17A61CF7-BFEA-463B-B200-E70791AAE58D.png?v=1771500552,Coffee
Red Affair - Aura Estate,Boojee,3300.0,1kg,,Blossom Honey • Red Mulberry • Mandarin,,Anaerobic,"Aura Farming – Anaerobic Fermentation Red Honey Process Grown at 3700ft above sea level, Coffee cherries are handpicked at peak ripeness (95%+), washed, and carefully sorted. The cherries undergo 48 hours of anaerobic fermentation before being pulped and slowly dried on raised beds for up to 30 days. Throughout the drying process, temperature and humidity are closely monitored to ensure consistent drying, enhanced sweetness, and a clean, complex cup profile. Tasting Notes: Blossom Honey • Red Mulberry • Mandarin",https://boojeecafe.com/products/silver-lining-aura-estate-copy,https://cdn.shopify.com/s/files/1/0712/3301/2030/files/17A61CF7-BFEA-463B-B200-E70791AAE58D.png?v=1771500552,Coffee
Red Affair - Aura Estate,Boojee,3300.0,1kg,,Blossom Honey • Red Mulberry • Mandarin,,Anaerobic,"Aura Farming – Anaerobic Fermentation Red Honey Process Grown at 3700ft above sea level, Coffee cherries are handpicked at peak ripeness (95%+), washed, and carefully sorted. The cherries undergo 48 hours of anaerobic fermentation before being pulped and slowly dried on raised beds for up to 30 days. Throughout the drying process, temperature and humidity are closely monitored to ensure consistent drying, enhanced sweetness, and a clean, complex cup profile. Tasting Notes: Blossom Honey • Red Mulberry • Mandarin",https://boojeecafe.com/products/silver-lining-aura-estate-copy,https://cdn.shopify.com/s/files/1/0712/3301/2030/files/17A61CF7-BFEA-463B-B200-E70791AAE58D.png?v=1771500552,Coffee
Red Affair - Aura Estate,Boojee,3300.0,1kg,,Blossom Honey • Red Mulberry • Mandarin,,Anaerobic,"Aura Farming – Anaerobic Fermentation Red Honey Process Grown at 3700ft above sea level, Coffee cherries are handpicked at peak ripeness (95%+), washed, and carefully sorted. The cherries undergo 48 hours of anaerobic fermentation before being pulped and slowly dried on raised beds for up to 30 days. Throughout the drying process, temperature and humidity are closely monitored to ensure consistent drying, enhanced sweetness, and a clean, complex cup profile. Tasting Notes: Blossom Honey • Red Mulberry • Mandarin",https://boojeecafe.com/products/silver-lining-aura-estate-copy,https://cdn.shopify.com/s/files/1/0712/3301/2030/files/17A61CF7-BFEA-463B-B200-E70791AAE58D.png?v=1771500552,Coffee
Red Affair - Aura Estate,Boojee,3300.0,1kg,,Blossom Honey • Red Mulberry • Mandarin,,Anaerobic,"Aura Farming – Anaerobic Fermentation Red Honey Process Grown at 3700ft above sea level, Coffee cherries are handpicked at peak ripeness (95%+), washed, and carefully sorted. The cherries undergo 48 hours of anaerobic fermentation before being pulped and slowly dried on raised beds for up to 30 days. Throughout the drying process, temperature and humidity are closely monitored to ensure consistent drying, enhanced sweetness, and a clean, complex cup profile. Tasting Notes: Blossom Honey • Red Mulberry • Mandarin",https://boojeecafe.com/products/silver-lining-aura-estate-copy,https://cdn.shopify.com/s/files/1/0712/3301/2030/files/17A61CF7-BFEA-463B-B200-E70791AAE58D.png?v=1771500552,Coffee
Red Affair - Aura Estate,Boojee,9000.0,3kg,,Blossom Honey • Red Mulberry • Mandarin,,Anaerobic,"Aura Farming – Anaerobic Fermentation Red Honey Process Grown at 3700ft above sea level, Coffee cherries are handpicked at peak ripeness (95%+), washed, and carefully sorted. The cherries undergo 48 hours of anaerobic fermentation before being pulped and slowly dried on raised beds for up to 30 days. Throughout the drying process, temperature and humidity are closely monitored to ensure consistent drying, enhanced sweetness, and a clean, complex cup profile. Tasting Notes: Blossom Honey • Red Mulberry • Mandarin",https://boojeecafe.com/products/silver-lining-aura-estate-copy,https://cdn.shopify.com/s/files/1/0712/3301/2030/files/17A61CF7-BFEA-463B-B200-E70791AAE58D.png?v=1771500552,Coffee
Red Affair - Aura Estate,Boojee,9000.0,3kg,,Blossom Honey • Red Mulberry • Mandarin,,Anaerobic,"Aura Farming – Anaerobic Fermentation Red Honey Process Grown at 3700ft above sea level, Coffee cherries are handpicked at peak ripeness (95%+), washed, and carefully sorted. The cherries undergo 48 hours of anaerobic fermentation before being pulped and slowly dried on raised beds for up to 30 days. Throughout the drying process, temperature and humidity are closely monitored to ensure consistent drying, enhanced sweetness, and a clean, complex cup profile. Tasting Notes: Blossom Honey • Red Mulberry • Mandarin",https://boojeecafe.com/products/silver-lining-aura-estate-copy,https://cdn.shopify.com/s/files/1/0712/3301/2030/files/17A61CF7-BFEA-463B-B200-E70791AAE58D.png?v=1771500552,Coffee
Red Affair - Aura Estate,Boojee,9000.0,3kg,,Blossom Honey • Red Mulberry • Mandarin,,Anaerobic,"Aura Farming – Anaerobic Fermentation Red Honey Process Grown at 3700ft above sea level, Coffee cherries are handpicked at peak ripeness (95%+), washed, and carefully sorted. The cherries undergo 48 hours of anaerobic fermentation before being pulped and slowly dried on raised beds for up to 30 days. Throughout the drying process, temperature and humidity are closely monitored to ensure consistent drying, enhanced sweetness, and a clean, complex cup profile. Tasting Notes: Blossom Honey • Red Mulberry • Mandarin",https://boojeecafe.com/products/silver-lining-aura-estate-copy,https://cdn.shopify.com/s/files/1/0712/3301/2030/files/17A61CF7-BFEA-463B-B200-E70791AAE58D.png?v=1771500552,Coffee
Red Affair - Aura Estate,Boojee,9000.0,3kg,,Blossom Honey • Red Mulberry • Mandarin,,Anaerobic,"Aura Farming – Anaerobic Fermentation Red Honey Process Grown at 3700ft above sea level, Coffee cherries are handpicked at peak ripeness (95%+), washed, and carefully sorted. The cherries undergo 48 hours of anaerobic fermentation before being pulped and slowly dried on raised beds for up to 30 days. Throughout the drying process, temperature and humidity are closely monitored to ensure consistent drying, enhanced sweetness, and a clean, complex cup profile. Tasting Notes: Blossom Honey • Red Mulberry • Mandarin",https://boojeecafe.com/products/silver-lining-aura-estate-copy,https://cdn.shopify.com/s/files/1/0712/3301/2030/files/17A61CF7-BFEA-463B-B200-E70791AAE58D.png?v=1771500552,Coffee
Red Affair - Aura Estate,Boojee,9000.0,3kg,,Blossom Honey • Red Mulberry • Mandarin,,Anaerobic,"Aura Farming – Anaerobic Fermentation Red Honey Process Grown at 3700ft above sea level, Coffee cherries are handpicked at peak ripeness (95%+), washed, and carefully sorted. The cherries undergo 48 hours of anaerobic fermentation before being pulped and slowly dried on raised beds for up to 30 days. Throughout the drying process, temperature and humidity are closely monitored to ensure consistent drying, enhanced sweetness, and a clean, complex cup profile. Tasting Notes: Blossom Honey • Red Mulberry • Mandarin",https://boojeecafe.com/products/silver-lining-aura-estate-copy,https://cdn.shopify.com/s/files/1/0712/3301/2030/files/17A61CF7-BFEA-463B-B200-E70791AAE58D.png?v=1771500552,Coffee
Red Affair - Aura Estate,Boojee,9000.0,3kg,,Blossom Honey • Red Mulberry • Mandarin,,Anaerobic,"Aura Farming – Anaerobic Fermentation Red Honey Process Grown at 3700ft above sea level, Coffee cherries are handpicked at peak ripeness (95%+), washed, and carefully sorted. The cherries undergo 48 hours of anaerobic fermentation before being pulped and slowly dried on raised beds for up to 30 days. Throughout the drying process, temperature and humidity are closely monitored to ensure consistent drying, enhanced sweetness, and a clean, complex cup profile. Tasting Notes: Blossom Honey • Red Mulberry • Mandarin",https://boojeecafe.com/products/silver-lining-aura-estate-copy,https://cdn.shopify.com/s/files/1/0712/3301/2030/files/17A61CF7-BFEA-463B-B200-E70791AAE58D.png?v=1771500552,Coffee
Red Affair - Aura Estate,Boojee,9000.0,3kg,,Blossom Honey • Red Mulberry • Mandarin,,Anaerobic,"Aura Farming – Anaerobic Fermentation Red Honey Process Grown at 3700ft above sea level, Coffee cherries are handpicked at peak ripeness (95%+), washed, and carefully sorted. The cherries undergo 48 hours of anaerobic fermentation before being pulped and slowly dried on raised beds for up to 30 days. Throughout the drying process, temperature and humidity are closely monitored to ensure consistent drying, enhanced sweetness, and a clean, complex cup profile. Tasting Notes: Blossom Honey • Red Mulberry • Mandarin",https://boojeecafe.com/products/silver-lining-aura-estate-copy,https://cdn.shopify.com/s/files/1/0712/3301/2030/files/17A61CF7-BFEA-463B-B200-E70791AAE58D.png?v=1771500552,Coffee
Red Affair - Aura Estate,Boojee,9000.0,3kg,,Blossom Honey • Red Mulberry • Mandarin,,Anaerobic,"Aura Farming – Anaerobic Fermentation Red Honey Process Grown at 3700ft above sea level, Coffee cherries are handpicked at peak ripeness (95%+), washed, and carefully sorted. The cherries undergo 48 hours of anaerobic fermentation before being pulped and slowly dried on raised beds for up to 30 days. Throughout the drying process, temperature and humidity are closely monitored to ensure consistent drying, enhanced sweetness, and a clean, complex cup profile. Tasting Notes: Blossom Honey • Red Mulberry • Mandarin",https://boojeecafe.com/products/silver-lining-aura-estate-copy,https://cdn.shopify.com/s/files/1/0712/3301/2030/files/17A61CF7-BFEA-463B-B200-E70791AAE58D.png?v=1771500552,Coffee
Red Affair - Aura Estate,Boojee,9000.0,3kg,,Blossom Honey • Red Mulberry • Mandarin,,Anaerobic,"Aura Farming – Anaerobic Fermentation Red Honey Process Grown at 3700ft above sea level, Coffee cherries are handpicked at peak ripeness (95%+), washed, and carefully sorted. The cherries undergo 48 hours of anaerobic fermentation before being pulped and slowly dried on raised beds for up to 30 days. Throughout the drying process, temperature and humidity are closely monitored to ensure consistent drying, enhanced sweetness, and a clean, complex cup profile. Tasting Notes: Blossom Honey • Red Mulberry • Mandarin",https://boojeecafe.com/products/silver-lining-aura-estate-copy,https://cdn.shopify.com/s/files/1/0712/3301/2030/files/17A61CF7-BFEA-463B-B200-E70791AAE58D.png?v=1771500552,Coffee
Red Affair - Aura Estate,Boojee,9000.0,3kg,,Blossom Honey • Red Mulberry • Mandarin,,Anaerobic,"Aura Farming – Anaerobic Fermentation Red Honey Process Grown at 3700ft above sea level, Coffee cherries are handpicked at peak ripeness (95%+), washed, and carefully sorted. The cherries undergo 48 hours of anaerobic fermentation before being pulped and slowly dried on raised beds for up to 30 days. Throughout the drying process, temperature and humidity are closely monitored to ensure consistent drying, enhanced sweetness, and a clean, complex cup profile. Tasting Notes: Blossom Honey • Red Mulberry • Mandarin",https://boojeecafe.com/products/silver-lining-aura-estate-copy,https://cdn.shopify.com/s/files/1/0712/3301/2030/files/17A61CF7-BFEA-463B-B200-E70791AAE58D.png?v=1771500552,Coffee
Red Affair - Aura Estate,Boojee,9000.0,3kg,,Blossom Honey • Red Mulberry • Mandarin,,Anaerobic,"Aura Farming – Anaerobic Fermentation Red Honey Process Grown at 3700ft above sea level, Coffee cherries are handpicked at peak ripeness (95%+), washed, and carefully sorted. The cherries undergo 48 hours of anaerobic fermentation before being pulped and slowly dried on raised beds for up to 30 days. Throughout the drying process, temperature and humidity are closely monitored to ensure consistent drying, enhanced sweetness, and a clean, complex cup profile. Tasting Notes: Blossom Honey • Red Mulberry • Mandarin",https://boojeecafe.com/products/silver-lining-aura-estate-copy,https://cdn.shopify.com/s/files/1/0712/3301/2030/files/17A61CF7-BFEA-463B-B200-E70791AAE58D.png?v=1771500552,Coffee
Red Affair - Aura Estate,Boojee,9000.0,3kg,,Blossom Honey • Red Mulberry • Mandarin,,Anaerobic,"Aura Farming – Anaerobic Fermentation Red Honey Process Grown at 3700ft above sea level, Coffee cherries are handpicked at peak ripeness (95%+), washed, and carefully sorted. The cherries undergo 48 hours of anaerobic fermentation before being pulped and slowly dried on raised beds for up to 30 days. Throughout the drying process, temperature and humidity are closely monitored to ensure consistent drying, enhanced sweetness, and a clean, complex cup profile. Tasting Notes: Blossom Honey • Red Mulberry • Mandarin",https://boojeecafe.com/products/silver-lining-aura-estate-copy,https://cdn.shopify.com/s/files/1/0712/3301/2030/files/17A61CF7-BFEA-463B-B200-E70791AAE58D.png?v=1771500552,Coffee
Red Affair - Aura Estate,Boojee,9000.0,3kg,,Blossom Honey • Red Mulberry • Mandarin,,Anaerobic,"Aura Farming – Anaerobic Fermentation Red Honey Process Grown at 3700ft above sea level, Coffee cherries are handpicked at peak ripeness (95%+), washed, and carefully sorted. The cherries undergo 48 hours of anaerobic fermentation before being pulped and slowly dried on raised beds for up to 30 days. Throughout the drying process, temperature and humidity are closely monitored to ensure consistent drying, enhanced sweetness, and a clean, complex cup profile. Tasting Notes: Blossom Honey • Red Mulberry • Mandarin",https://boojeecafe.com/products/silver-lining-aura-estate-copy,https://cdn.shopify.com/s/files/1/0712/3301/2030/files/17A61CF7-BFEA-463B-B200-E70791AAE58D.png?v=1771500552,Coffee
Red Affair - Aura Estate,Boojee,9000.0,3kg,,Blossom Honey • Red Mulberry • Mandarin,,Anaerobic,"Aura Farming – Anaerobic Fermentation Red Honey Process Grown at 3700ft above sea level, Coffee cherries are handpicked at peak ripeness (95%+), washed, and carefully sorted. The cherries undergo 48 hours of anaerobic fermentation before being pulped and slowly dried on raised beds for up to 30 days. Throughout the drying process, temperature and humidity are closely monitored to ensure consistent drying, enhanced sweetness, and a clean, complex cup profile. Tasting Notes: Blossom Honey • Red Mulberry • Mandarin",https://boojeecafe.com/products/silver-lining-aura-estate-copy,https://cdn.shopify.com/s/files/1/0712/3301/2030/files/17A61CF7-BFEA-463B-B200-E70791AAE58D.png?v=1771500552,Coffee
Red Affair - Aura Estate,Boojee,9000.0,3kg,,Blossom Honey • Red Mulberry • Mandarin,,Anaerobic,"Aura Farming – Anaerobic Fermentation Red Honey Process Grown at 3700ft above sea level, Coffee cherries are handpicked at peak ripeness (95%+), washed, and carefully sorted. The cherries undergo 48 hours of anaerobic fermentation before being pulped and slowly dried on raised beds for up to 30 days. Throughout the drying process, temperature and humidity are closely monitored to ensure consistent drying, enhanced sweetness, and a clean, complex cup profile. Tasting Notes: Blossom Honey • Red Mulberry • Mandarin",https://boojeecafe.com/products/silver-lining-aura-estate-copy,https://cdn.shopify.com/s/files/1/0712/3301/2030/files/17A61CF7-BFEA-463B-B200-E70791AAE58D.png?v=1771500552,Coffee
Red Affair - Aura Estate,Boojee,9000.0,3kg,,Blossom Honey • Red Mulberry • Mandarin,,Anaerobic,"Aura Farming – Anaerobic Fermentation Red Honey Process Grown at 3700ft above sea level, Coffee cherries are handpicked at peak ripeness (95%+), washed, and carefully sorted. The cherries undergo 48 hours of anaerobic fermentation before being pulped and slowly dried on raised beds for up to 30 days. Throughout the drying process, temperature and humidity are closely monitored to ensure consistent drying, enhanced sweetness, and a clean, complex cup profile. Tasting Notes: Blossom Honey • Red Mulberry • Mandarin",https://boojeecafe.com/products/silver-lining-aura-estate-copy,https://cdn.shopify.com/s/files/1/0712/3301/2030/files/17A61CF7-BFEA-463B-B200-E70791AAE58D.png?v=1771500552,Coffee
Red Affair - Aura Estate,Boojee,9000.0,3kg,,Blossom Honey • Red Mulberry • Mandarin,,Anaerobic,"Aura Farming – Anaerobic Fermentation Red Honey Process Grown at 3700ft above sea level, Coffee cherries are handpicked at peak ripeness (95%+), washed, and carefully sorted. The cherries undergo 48 hours of anaerobic fermentation before being pulped and slowly dried on raised beds for up to 30 days. Throughout the drying process, temperature and humidity are closely monitored to ensure consistent drying, enhanced sweetness, and a clean, complex cup profile. Tasting Notes: Blossom Honey • Red Mulberry • Mandarin",https://boojeecafe.com/products/silver-lining-aura-estate-copy,https://cdn.shopify.com/s/files/1/0712/3301/2030/files/17A61CF7-BFEA-463B-B200-E70791AAE58D.png?v=1771500552,Coffee
Red Affair - Aura Estate,Boojee,9000.0,3kg,,Blossom Honey • Red Mulberry • Mandarin,,Anaerobic,"Aura Farming – Anaerobic Fermentation Red Honey Process Grown at 3700ft above sea level, Coffee cherries are handpicked at peak ripeness (95%+), washed, and carefully sorted. The cherries undergo 48 hours of anaerobic fermentation before being pulped and slowly dried on raised beds for up to 30 days. Throughout the drying process, temperature and humidity are closely monitored to ensure consistent drying, enhanced sweetness, and a clean, complex cup profile. Tasting Notes: Blossom Honey • Red Mulberry • Mandarin",https://boojeecafe.com/products/silver-lining-aura-estate-copy,https://cdn.shopify.com/s/files/1/0712/3301/2030/files/17A61CF7-BFEA-463B-B200-E70791AAE58D.png?v=1771500552,Coffee
Cocoa Granola (300g),Boojee,690.0,,,"Made with jowar flakes, cocoa powder, jaggery, buckwheat groats, hemp seeds, pumpkin seeds, hazelnuts & almonds",,,"Made with jowar flakes, cocoa powder, jaggery, buckwheat groats, hemp seeds, pumpkin seeds, hazelnuts & almonds. Vegan & Gluten-Free Nutritional value per 100g serving - Protein - 13.4g Carbohydrates - 52.5g Fats - 16.5g Kcal - 345",https://boojeecafe.com/products/cocoa-granola,https://cdn.shopify.com/s/files/1/0712/3301/2030/files/0EEBC8FE-8045-49B6-B35D-99B86BCD8ADB.jpg?v=1764364850,Coffee
Watermelon Sugar,Boojee,995.0,250g,,Watermelon • Kumquats • Litchi,Ratnagiri Estate,natural coffee is crafted from the CATUAI,"Produced by Ratnagiri Estate in the Western Ghats near Baba Budangiri, this 72-hour CULTURE PROCESS natural coffee is crafted from the CATUAI varietal grown at 4,200–4,625 ft. Fermented with Lab Culture microbes, lactic acid bacteria, and fresh watermelon pulp in a carbon dioxide-rich environment, the coffee develops a vibrant and complex profile before being slowly dried for 6 days under controlled humidity. Tasting notes: Watermelon • Kumquats • Litchi",https://boojeecafe.com/products/kiss-me-ratnagiri-rose-ferment-copy-1,https://cdn.shopify.com/s/files/1/0712/3301/2030/files/1_d6e94ecb-6fb5-44e8-9a60-a4175cf15faa.png?v=1770275943,Coffee
Watermelon Sugar,Boojee,995.0,250g,,Watermelon • Kumquats • Litchi,Ratnagiri Estate,natural coffee is crafted from the CATUAI,"Produced by Ratnagiri Estate in the Western Ghats near Baba Budangiri, this 72-hour CULTURE PROCESS natural coffee is crafted from the CATUAI varietal grown at 4,200–4,625 ft. Fermented with Lab Culture microbes, lactic acid bacteria, and fresh watermelon pulp in a carbon dioxide-rich environment, the coffee develops a vibrant and complex profile before being slowly dried for 6 days under controlled humidity. Tasting notes: Watermelon • Kumquats • Litchi",https://boojeecafe.com/products/kiss-me-ratnagiri-rose-ferment-copy-1,https://cdn.shopify.com/s/files/1/0712/3301/2030/files/1_d6e94ecb-6fb5-44e8-9a60-a4175cf15faa.png?v=1770275943,Coffee
Watermelon Sugar,Boojee,995.0,250g,,Watermelon • Kumquats • Litchi,Ratnagiri Estate,natural coffee is crafted from the CATUAI,"Produced by Ratnagiri Estate in the Western Ghats near Baba Budangiri, this 72-hour CULTURE PROCESS natural coffee is crafted from the CATUAI varietal grown at 4,200–4,625 ft. Fermented with Lab Culture microbes, lactic acid bacteria, and fresh watermelon pulp in a carbon dioxide-rich environment, the coffee develops a vibrant and complex profile before being slowly dried for 6 days under controlled humidity. Tasting notes: Watermelon • Kumquats • Litchi",https://boojeecafe.com/products/kiss-me-ratnagiri-rose-ferment-copy-1,https://cdn.shopify.com/s/files/1/0712/3301/2030/files/1_d6e94ecb-6fb5-44e8-9a60-a4175cf15faa.png?v=1770275943,Coffee
Watermelon Sugar,Boojee,995.0,250g,,Watermelon • Kumquats • Litchi,Ratnagiri Estate,natural coffee is crafted from the CATUAI,"Produced by Ratnagiri Estate in the Western Ghats near Baba Budangiri, this 72-hour CULTURE PROCESS natural coffee is crafted from the CATUAI varietal grown at 4,200–4,625 ft. Fermented with Lab Culture microbes, lactic acid bacteria, and fresh watermelon pulp in a carbon dioxide-rich environment, the coffee develops a vibrant and complex profile before being slowly dried for 6 days under controlled humidity. Tasting notes: Watermelon • Kumquats • Litchi",https://boojeecafe.com/products/kiss-me-ratnagiri-rose-ferment-copy-1,https://cdn.shopify.com/s/files/1/0712/3301/2030/files/1_d6e94ecb-6fb5-44e8-9a60-a4175cf15faa.png?v=1770275943,Coffee
Watermelon Sugar,Boojee,995.0,250g,,Watermelon • Kumquats • Litchi,Ratnagiri Estate,natural coffee is crafted from the CATUAI,"Produced by Ratnagiri Estate in the Western Ghats near Baba Budangiri, this 72-hour CULTURE PROCESS natural coffee is crafted from the CATUAI varietal grown at 4,200–4,625 ft. Fermented with Lab Culture microbes, lactic acid bacteria, and fresh watermelon pulp in a carbon dioxide-rich environment, the coffee develops a vibrant and complex profile before being slowly dried for 6 days under controlled humidity. Tasting notes: Watermelon • Kumquats • Litchi",https://boojeecafe.com/products/kiss-me-ratnagiri-rose-ferment-copy-1,https://cdn.shopify.com/s/files/1/0712/3301/2030/files/1_d6e94ecb-6fb5-44e8-9a60-a4175cf15faa.png?v=1770275943,Coffee
Watermelon Sugar,Boojee,995.0,250g,,Watermelon • Kumquats • Litchi,Ratnagiri Estate,natural coffee is crafted from the CATUAI,"Produced by Ratnagiri Estate in the Western Ghats near Baba Budangiri, this 72-hour CULTURE PROCESS natural coffee is crafted from the CATUAI varietal grown at 4,200–4,625 ft. Fermented with Lab Culture microbes, lactic acid bacteria, and fresh watermelon pulp in a carbon dioxide-rich environment, the coffee develops a vibrant and complex profile before being slowly dried for 6 days under controlled humidity. Tasting notes: Watermelon • Kumquats • Litchi",https://boojeecafe.com/products/kiss-me-ratnagiri-rose-ferment-copy-1,https://cdn.shopify.com/s/files/1/0712/3301/2030/files/1_d6e94ecb-6fb5-44e8-9a60-a4175cf15faa.png?v=1770275943,Coffee
Watermelon Sugar,Boojee,995.0,250g,,Watermelon • Kumquats • Litchi,Ratnagiri Estate,natural coffee is crafted from the CATUAI,"Produced by Ratnagiri Estate in the Western Ghats near Baba Budangiri, this 72-hour CULTURE PROCESS natural coffee is crafted from the CATUAI varietal grown at 4,200–4,625 ft. Fermented with Lab Culture microbes, lactic acid bacteria, and fresh watermelon pulp in a carbon dioxide-rich environment, the coffee develops a vibrant and complex profile before being slowly dried for 6 days under controlled humidity. Tasting notes: Watermelon • Kumquats • Litchi",https://boojeecafe.com/products/kiss-me-ratnagiri-rose-ferment-copy-1,https://cdn.shopify.com/s/files/1/0712/3301/2030/files/1_d6e94ecb-6fb5-44e8-9a60-a4175cf15faa.png?v=1770275943,Coffee
Watermelon Sugar,Boojee,995.0,250g,,Watermelon • Kumquats • Litchi,Ratnagiri Estate,natural coffee is crafted from the CATUAI,"Produced by Ratnagiri Estate in the Western Ghats near Baba Budangiri, this 72-hour CULTURE PROCESS natural coffee is crafted from the CATUAI varietal grown at 4,200–4,625 ft. Fermented with Lab Culture microbes, lactic acid bacteria, and fresh watermelon pulp in a carbon dioxide-rich environment, the coffee develops a vibrant and complex profile before being slowly dried for 6 days under controlled humidity. Tasting notes: Watermelon • Kumquats • Litchi",https://boojeecafe.com/products/kiss-me-ratnagiri-rose-ferment-copy-1,https://cdn.shopify.com/s/files/1/0712/3301/2030/files/1_d6e94ecb-6fb5-44e8-9a60-a4175cf15faa.png?v=1770275943,Coffee
Watermelon Sugar,Boojee,995.0,250g,,Watermelon • Kumquats • Litchi,Ratnagiri Estate,natural coffee is crafted from the CATUAI,"Produced by Ratnagiri Estate in the Western Ghats near Baba Budangiri, this 72-hour CULTURE PROCESS natural coffee is crafted from the CATUAI varietal grown at 4,200–4,625 ft. Fermented with Lab Culture microbes, lactic acid bacteria, and fresh watermelon pulp in a carbon dioxide-rich environment, the coffee develops a vibrant and complex profile before being slowly dried for 6 days under controlled humidity. Tasting notes: Watermelon • Kumquats • Litchi",https://boojeecafe.com/products/kiss-me-ratnagiri-rose-ferment-copy-1,https://cdn.shopify.com/s/files/1/0712/3301/2030/files/1_d6e94ecb-6fb5-44e8-9a60-a4175cf15faa.png?v=1770275943,Coffee
Watermelon Sugar,Boojee,995.0,250g,,Watermelon • Kumquats • Litchi,Ratnagiri Estate,natural coffee is crafted from the CATUAI,"Produced by Ratnagiri Estate in the Western Ghats near Baba Budangiri, this 72-hour CULTURE PROCESS natural coffee is crafted from the CATUAI varietal grown at 4,200–4,625 ft. Fermented with Lab Culture microbes, lactic acid bacteria, and fresh watermelon pulp in a carbon dioxide-rich environment, the coffee develops a vibrant and complex profile before being slowly dried for 6 days under controlled humidity. Tasting notes: Watermelon • Kumquats • Litchi",https://boojeecafe.com/products/kiss-me-ratnagiri-rose-ferment-copy-1,https://cdn.shopify.com/s/files/1/0712/3301/2030/files/1_d6e94ecb-6fb5-44e8-9a60-a4175cf15faa.png?v=1770275943,Coffee
Watermelon Sugar,Boojee,995.0,250g,,Watermelon • Kumquats • Litchi,Ratnagiri Estate,natural coffee is crafted from the CATUAI,"Produced by Ratnagiri Estate in the Western Ghats near Baba Budangiri, this 72-hour CULTURE PROCESS natural coffee is crafted from the CATUAI varietal grown at 4,200–4,625 ft. Fermented with Lab Culture microbes, lactic acid bacteria, and fresh watermelon pulp in a carbon dioxide-rich environment, the coffee develops a vibrant and complex profile before being slowly dried for 6 days under controlled humidity. Tasting notes: Watermelon • Kumquats • Litchi",https://boojeecafe.com/products/kiss-me-ratnagiri-rose-ferment-copy-1,https://cdn.shopify.com/s/files/1/0712/3301/2030/files/1_d6e94ecb-6fb5-44e8-9a60-a4175cf15faa.png?v=1770275943,Coffee
Watermelon Sugar,Boojee,995.0,250g,,Watermelon • Kumquats • Litchi,Ratnagiri Estate,natural coffee is crafted from the CATUAI,"Produced by Ratnagiri Estate in the Western Ghats near Baba Budangiri, this 72-hour CULTURE PROCESS natural coffee is crafted from the CATUAI varietal grown at 4,200–4,625 ft. Fermented with Lab Culture microbes, lactic acid bacteria, and fresh watermelon pulp in a carbon dioxide-rich environment, the coffee develops a vibrant and complex profile before being slowly dried for 6 days under controlled humidity. Tasting notes: Watermelon • Kumquats • Litchi",https://boojeecafe.com/products/kiss-me-ratnagiri-rose-ferment-copy-1,https://cdn.shopify.com/s/files/1/0712/3301/2030/files/1_d6e94ecb-6fb5-44e8-9a60-a4175cf15faa.png?v=1770275943,Coffee
Watermelon Sugar,Boojee,995.0,250g,,Watermelon • Kumquats • Litchi,Ratnagiri Estate,natural coffee is crafted from the CATUAI,"Produced by Ratnagiri Estate in the Western Ghats near Baba Budangiri, this 72-hour CULTURE PROCESS natural coffee is crafted from the CATUAI varietal grown at 4,200–4,625 ft. Fermented with Lab Culture microbes, lactic acid bacteria, and fresh watermelon pulp in a carbon dioxide-rich environment, the coffee develops a vibrant and complex profile before being slowly dried for 6 days under controlled humidity. Tasting notes: Watermelon • Kumquats • Litchi",https://boojeecafe.com/products/kiss-me-ratnagiri-rose-ferment-copy-1,https://cdn.shopify.com/s/files/1/0712/3301/2030/files/1_d6e94ecb-6fb5-44e8-9a60-a4175cf15faa.png?v=1770275943,Coffee
Watermelon Sugar,Boojee,995.0,250g,,Watermelon • Kumquats • Litchi,Ratnagiri Estate,natural coffee is crafted from the CATUAI,"Produced by Ratnagiri Estate in the Western Ghats near Baba Budangiri, this 72-hour CULTURE PROCESS natural coffee is crafted from the CATUAI varietal grown at 4,200–4,625 ft. Fermented with Lab Culture microbes, lactic acid bacteria, and fresh watermelon pulp in a carbon dioxide-rich environment, the coffee develops a vibrant and complex profile before being slowly dried for 6 days under controlled humidity. Tasting notes: Watermelon • Kumquats • Litchi",https://boojeecafe.com/products/kiss-me-ratnagiri-rose-ferment-copy-1,https://cdn.shopify.com/s/files/1/0712/3301/2030/files/1_d6e94ecb-6fb5-44e8-9a60-a4175cf15faa.png?v=1770275943,Coffee
Watermelon Sugar,Boojee,995.0,250g,,Watermelon • Kumquats • Litchi,Ratnagiri Estate,natural coffee is crafted from the CATUAI,"Produced by Ratnagiri Estate in the Western Ghats near Baba Budangiri, this 72-hour CULTURE PROCESS natural coffee is crafted from the CATUAI varietal grown at 4,200–4,625 ft. Fermented with Lab Culture microbes, lactic acid bacteria, and fresh watermelon pulp in a carbon dioxide-rich environment, the coffee develops a vibrant and complex profile before being slowly dried for 6 days under controlled humidity. Tasting notes: Watermelon • Kumquats • Litchi",https://boojeecafe.com/products/kiss-me-ratnagiri-rose-ferment-copy-1,https://cdn.shopify.com/s/files/1/0712/3301/2030/files/1_d6e94ecb-6fb5-44e8-9a60-a4175cf15faa.png?v=1770275943,Coffee
Watermelon Sugar,Boojee,995.0,250g,,Watermelon • Kumquats • Litchi,Ratnagiri Estate,natural coffee is crafted from the CATUAI,"Produced by Ratnagiri Estate in the Western Ghats near Baba Budangiri, this 72-hour CULTURE PROCESS natural coffee is crafted from the CATUAI varietal grown at 4,200–4,625 ft. Fermented with Lab Culture microbes, lactic acid bacteria, and fresh watermelon pulp in a carbon dioxide-rich environment, the coffee develops a vibrant and complex profile before being slowly dried for 6 days under controlled humidity. Tasting notes: Watermelon • Kumquats • Litchi",https://boojeecafe.com/products/kiss-me-ratnagiri-rose-ferment-copy-1,https://cdn.shopify.com/s/files/1/0712/3301/2030/files/1_d6e94ecb-6fb5-44e8-9a60-a4175cf15faa.png?v=1770275943,Coffee
Watermelon Sugar,Boojee,995.0,250g,,Watermelon • Kumquats • Litchi,Ratnagiri Estate,natural coffee is crafted from the CATUAI,"Produced by Ratnagiri Estate in the Western Ghats near Baba Budangiri, this 72-hour CULTURE PROCESS natural coffee is crafted from the CATUAI varietal grown at 4,200–4,625 ft. Fermented with Lab Culture microbes, lactic acid bacteria, and fresh watermelon pulp in a carbon dioxide-rich environment, the coffee develops a vibrant and complex profile before being slowly dried for 6 days under controlled humidity. Tasting notes: Watermelon • Kumquats • Litchi",https://boojeecafe.com/products/kiss-me-ratnagiri-rose-ferment-copy-1,https://cdn.shopify.com/s/files/1/0712/3301/2030/files/1_d6e94ecb-6fb5-44e8-9a60-a4175cf15faa.png?v=1770275943,Coffee
Watermelon Sugar,Boojee,995.0,250g,,Watermelon • Kumquats • Litchi,Ratnagiri Estate,natural coffee is crafted from the CATUAI,"Produced by Ratnagiri Estate in the Western Ghats near Baba Budangiri, this 72-hour CULTURE PROCESS natural coffee is crafted from the CATUAI varietal grown at 4,200–4,625 ft. Fermented with Lab Culture microbes, lactic acid bacteria, and fresh watermelon pulp in a carbon dioxide-rich environment, the coffee develops a vibrant and complex profile before being slowly dried for 6 days under controlled humidity. Tasting notes: Watermelon • Kumquats • Litchi",https://boojeecafe.com/products/kiss-me-ratnagiri-rose-ferment-copy-1,https://cdn.shopify.com/s/files/1/0712/3301/2030/files/1_d6e94ecb-6fb5-44e8-9a60-a4175cf15faa.png?v=1770275943,Coffee
Watermelon Sugar,Boojee,3300.0,1kg,,Watermelon • Kumquats • Litchi,Ratnagiri Estate,natural coffee is crafted from the CATUAI,"Produced by Ratnagiri Estate in the Western Ghats near Baba Budangiri, this 72-hour CULTURE PROCESS natural coffee is crafted from the CATUAI varietal grown at 4,200–4,625 ft. Fermented with Lab Culture microbes, lactic acid bacteria, and fresh watermelon pulp in a carbon dioxide-rich environment, the coffee develops a vibrant and complex profile before being slowly dried for 6 days under controlled humidity. Tasting notes: Watermelon • Kumquats • Litchi",https://boojeecafe.com/products/kiss-me-ratnagiri-rose-ferment-copy-1,https://cdn.shopify.com/s/files/1/0712/3301/2030/files/1_d6e94ecb-6fb5-44e8-9a60-a4175cf15faa.png?v=1770275943,Coffee
Watermelon Sugar,Boojee,3300.0,1kg,,Watermelon • Kumquats • Litchi,Ratnagiri Estate,natural coffee is crafted from the CATUAI,"Produced by Ratnagiri Estate in the Western Ghats near Baba Budangiri, this 72-hour CULTURE PROCESS natural coffee is crafted from the CATUAI varietal grown at 4,200–4,625 ft. Fermented with Lab Culture microbes, lactic acid bacteria, and fresh watermelon pulp in a carbon dioxide-rich environment, the coffee develops a vibrant and complex profile before being slowly dried for 6 days under controlled humidity. Tasting notes: Watermelon • Kumquats • Litchi",https://boojeecafe.com/products/kiss-me-ratnagiri-rose-ferment-copy-1,https://cdn.shopify.com/s/files/1/0712/3301/2030/files/1_d6e94ecb-6fb5-44e8-9a60-a4175cf15faa.png?v=1770275943,Coffee
Watermelon Sugar,Boojee,3300.0,1kg,,Watermelon • Kumquats • Litchi,Ratnagiri Estate,natural coffee is crafted from the CATUAI,"Produced by Ratnagiri Estate in the Western Ghats near Baba Budangiri, this 72-hour CULTURE PROCESS natural coffee is crafted from the CATUAI varietal grown at 4,200–4,625 ft. Fermented with Lab Culture microbes, lactic acid bacteria, and fresh watermelon pulp in a carbon dioxide-rich environment, the coffee develops a vibrant and complex profile before being slowly dried for 6 days under controlled humidity. Tasting notes: Watermelon • Kumquats • Litchi",https://boojeecafe.com/products/kiss-me-ratnagiri-rose-ferment-copy-1,https://cdn.shopify.com/s/files/1/0712/3301/2030/files/1_d6e94ecb-6fb5-44e8-9a60-a4175cf15faa.png?v=1770275943,Coffee
Watermelon Sugar,Boojee,3300.0,1kg,,Watermelon • Kumquats • Litchi,Ratnagiri Estate,natural coffee is crafted from the CATUAI,"Produced by Ratnagiri Estate in the Western Ghats near Baba Budangiri, this 72-hour CULTURE PROCESS natural coffee is crafted from the CATUAI varietal grown at 4,200–4,625 ft. Fermented with Lab Culture microbes, lactic acid bacteria, and fresh watermelon pulp in a carbon dioxide-rich environment, the coffee develops a vibrant and complex profile before being slowly dried for 6 days under controlled humidity. Tasting notes: Watermelon • Kumquats • Litchi",https://boojeecafe.com/products/kiss-me-ratnagiri-rose-ferment-copy-1,https://cdn.shopify.com/s/files/1/0712/3301/2030/files/1_d6e94ecb-6fb5-44e8-9a60-a4175cf15faa.png?v=1770275943,Coffee
Watermelon Sugar,Boojee,3300.0,1kg,,Watermelon • Kumquats • Litchi,Ratnagiri Estate,natural coffee is crafted from the CATUAI,"Produced by Ratnagiri Estate in the Western Ghats near Baba Budangiri, this 72-hour CULTURE PROCESS natural coffee is crafted from the CATUAI varietal grown at 4,200–4,625 ft. Fermented with Lab Culture microbes, lactic acid bacteria, and fresh watermelon pulp in a carbon dioxide-rich environment, the coffee develops a vibrant and complex profile before being slowly dried for 6 days under controlled humidity. Tasting notes: Watermelon • Kumquats • Litchi",https://boojeecafe.com/products/kiss-me-ratnagiri-rose-ferment-copy-1,https://cdn.shopify.com/s/files/1/0712/3301/2030/files/1_d6e94ecb-6fb5-44e8-9a60-a4175cf15faa.png?v=1770275943,Coffee
Watermelon Sugar,Boojee,3300.0,1kg,,Watermelon • Kumquats • Litchi,Ratnagiri Estate,natural coffee is crafted from the CATUAI,"Produced by Ratnagiri Estate in the Western Ghats near Baba Budangiri, this 72-hour CULTURE PROCESS natural coffee is crafted from the CATUAI varietal grown at 4,200–4,625 ft. Fermented with Lab Culture microbes, lactic acid bacteria, and fresh watermelon pulp in a carbon dioxide-rich environment, the coffee develops a vibrant and complex profile before being slowly dried for 6 days under controlled humidity. Tasting notes: Watermelon • Kumquats • Litchi",https://boojeecafe.com/products/kiss-me-ratnagiri-rose-ferment-copy-1,https://cdn.shopify.com/s/files/1/0712/3301/2030/files/1_d6e94ecb-6fb5-44e8-9a60-a4175cf15faa.png?v=1770275943,Coffee
Watermelon Sugar,Boojee,3300.0,1kg,,Watermelon • Kumquats • Litchi,Ratnagiri Estate,natural coffee is crafted from the CATUAI,"Produced by Ratnagiri Estate in the Western Ghats near Baba Budangiri, this 72-hour CULTURE PROCESS natural coffee is crafted from the CATUAI varietal grown at 4,200–4,625 ft. Fermented with Lab Culture microbes, lactic acid bacteria, and fresh watermelon pulp in a carbon dioxide-rich environment, the coffee develops a vibrant and complex profile before being slowly dried for 6 days under controlled humidity. Tasting notes: Watermelon • Kumquats • Litchi",https://boojeecafe.com/products/kiss-me-ratnagiri-rose-ferment-copy-1,https://cdn.shopify.com/s/files/1/0712/3301/2030/files/1_d6e94ecb-6fb5-44e8-9a60-a4175cf15faa.png?v=1770275943,Coffee
Watermelon Sugar,Boojee,3300.0,1kg,,Watermelon • Kumquats • Litchi,Ratnagiri Estate,natural coffee is crafted from the CATUAI,"Produced by Ratnagiri Estate in the Western Ghats near Baba Budangiri, this 72-hour CULTURE PROCESS natural coffee is crafted from the CATUAI varietal grown at 4,200–4,625 ft. Fermented with Lab Culture microbes, lactic acid bacteria, and fresh watermelon pulp in a carbon dioxide-rich environment, the coffee develops a vibrant and complex profile before being slowly dried for 6 days under controlled humidity. Tasting notes: Watermelon • Kumquats • Litchi",https://boojeecafe.com/products/kiss-me-ratnagiri-rose-ferment-copy-1,https://cdn.shopify.com/s/files/1/0712/3301/2030/files/1_d6e94ecb-6fb5-44e8-9a60-a4175cf15faa.png?v=1770275943,Coffee
Watermelon Sugar,Boojee,3300.0,1kg,,Watermelon • Kumquats • Litchi,Ratnagiri Estate,natural coffee is crafted from the CATUAI,"Produced by Ratnagiri Estate in the Western Ghats near Baba Budangiri, this 72-hour CULTURE PROCESS natural coffee is crafted from the CATUAI varietal grown at 4,200–4,625 ft. Fermented with Lab Culture microbes, lactic acid bacteria, and fresh watermelon pulp in a carbon dioxide-rich environment, the coffee develops a vibrant and complex profile before being slowly dried for 6 days under controlled humidity. Tasting notes: Watermelon • Kumquats • Litchi",https://boojeecafe.com/products/kiss-me-ratnagiri-rose-ferment-copy-1,https://cdn.shopify.com/s/files/1/0712/3301/2030/files/1_d6e94ecb-6fb5-44e8-9a60-a4175cf15faa.png?v=1770275943,Coffee
Watermelon Sugar,Boojee,3300.0,1kg,,Watermelon • Kumquats • Litchi,Ratnagiri Estate,natural coffee is crafted from the CATUAI,"Produced by Ratnagiri Estate in the Western Ghats near Baba Budangiri, this 72-hour CULTURE PROCESS natural coffee is crafted from the CATUAI varietal grown at 4,200–4,625 ft. Fermented with Lab Culture microbes, lactic acid bacteria, and fresh watermelon pulp in a carbon dioxide-rich environment, the coffee develops a vibrant and complex profile before being slowly dried for 6 days under controlled humidity. Tasting notes: Watermelon • Kumquats • Litchi",https://boojeecafe.com/products/kiss-me-ratnagiri-rose-ferment-copy-1,https://cdn.shopify.com/s/files/1/0712/3301/2030/files/1_d6e94ecb-6fb5-44e8-9a60-a4175cf15faa.png?v=1770275943,Coffee
Watermelon Sugar,Boojee,3300.0,1kg,,Watermelon • Kumquats • Litchi,Ratnagiri Estate,natural coffee is crafted from the CATUAI,"Produced by Ratnagiri Estate in the Western Ghats near Baba Budangiri, this 72-hour CULTURE PROCESS natural coffee is crafted from the CATUAI varietal grown at 4,200–4,625 ft. Fermented with Lab Culture microbes, lactic acid bacteria, and fresh watermelon pulp in a carbon dioxide-rich environment, the coffee develops a vibrant and complex profile before being slowly dried for 6 days under controlled humidity. Tasting notes: Watermelon • Kumquats • Litchi",https://boojeecafe.com/products/kiss-me-ratnagiri-rose-ferment-copy-1,https://cdn.shopify.com/s/files/1/0712/3301/2030/files/1_d6e94ecb-6fb5-44e8-9a60-a4175cf15faa.png?v=1770275943,Coffee
Watermelon Sugar,Boojee,3300.0,1kg,,Watermelon • Kumquats • Litchi,Ratnagiri Estate,natural coffee is crafted from the CATUAI,"Produced by Ratnagiri Estate in the Western Ghats near Baba Budangiri, this 72-hour CULTURE PROCESS natural coffee is crafted from the CATUAI varietal grown at 4,200–4,625 ft. Fermented with Lab Culture microbes, lactic acid bacteria, and fresh watermelon pulp in a carbon dioxide-rich environment, the coffee develops a vibrant and complex profile before being slowly dried for 6 days under controlled humidity. Tasting notes: Watermelon • Kumquats • Litchi",https://boojeecafe.com/products/kiss-me-ratnagiri-rose-ferment-copy-1,https://cdn.shopify.com/s/files/1/0712/3301/2030/files/1_d6e94ecb-6fb5-44e8-9a60-a4175cf15faa.png?v=1770275943,Coffee
Watermelon Sugar,Boojee,3300.0,1kg,,Watermelon • Kumquats • Litchi,Ratnagiri Estate,natural coffee is crafted from the CATUAI,"Produced by Ratnagiri Estate in the Western Ghats near Baba Budangiri, this 72-hour CULTURE PROCESS natural coffee is crafted from the CATUAI varietal grown at 4,200–4,625 ft. Fermented with Lab Culture microbes, lactic acid bacteria, and fresh watermelon pulp in a carbon dioxide-rich environment, the coffee develops a vibrant and complex profile before being slowly dried for 6 days under controlled humidity. Tasting notes: Watermelon • Kumquats • Litchi",https://boojeecafe.com/products/kiss-me-ratnagiri-rose-ferment-copy-1,https://cdn.shopify.com/s/files/1/0712/3301/2030/files/1_d6e94ecb-6fb5-44e8-9a60-a4175cf15faa.png?v=1770275943,Coffee
Watermelon Sugar,Boojee,3300.0,1kg,,Watermelon • Kumquats • Litchi,Ratnagiri Estate,natural coffee is crafted from the CATUAI,"Produced by Ratnagiri Estate in the Western Ghats near Baba Budangiri, this 72-hour CULTURE PROCESS natural coffee is crafted from the CATUAI varietal grown at 4,200–4,625 ft. Fermented with Lab Culture microbes, lactic acid bacteria, and fresh watermelon pulp in a carbon dioxide-rich environment, the coffee develops a vibrant and complex profile before being slowly dried for 6 days under controlled humidity. Tasting notes: Watermelon • Kumquats • Litchi",https://boojeecafe.com/products/kiss-me-ratnagiri-rose-ferment-copy-1,https://cdn.shopify.com/s/files/1/0712/3301/2030/files/1_d6e94ecb-6fb5-44e8-9a60-a4175cf15faa.png?v=1770275943,Coffee
Watermelon Sugar,Boojee,3300.0,1kg,,Watermelon • Kumquats • Litchi,Ratnagiri Estate,natural coffee is crafted from the CATUAI,"Produced by Ratnagiri Estate in the Western Ghats near Baba Budangiri, this 72-hour CULTURE PROCESS natural coffee is crafted from the CATUAI varietal grown at 4,200–4,625 ft. Fermented with Lab Culture microbes, lactic acid bacteria, and fresh watermelon pulp in a carbon dioxide-rich environment, the coffee develops a vibrant and complex profile before being slowly dried for 6 days under controlled humidity. Tasting notes: Watermelon • Kumquats • Litchi",https://boojeecafe.com/products/kiss-me-ratnagiri-rose-ferment-copy-1,https://cdn.shopify.com/s/files/1/0712/3301/2030/files/1_d6e94ecb-6fb5-44e8-9a60-a4175cf15faa.png?v=1770275943,Coffee
Watermelon Sugar,Boojee,3300.0,1kg,,Watermelon • Kumquats • Litchi,Ratnagiri Estate,natural coffee is crafted from the CATUAI,"Produced by Ratnagiri Estate in the Western Ghats near Baba Budangiri, this 72-hour CULTURE PROCESS natural coffee is crafted from the CATUAI varietal grown at 4,200–4,625 ft. Fermented with Lab Culture microbes, lactic acid bacteria, and fresh watermelon pulp in a carbon dioxide-rich environment, the coffee develops a vibrant and complex profile before being slowly dried for 6 days under controlled humidity. Tasting notes: Watermelon • Kumquats • Litchi",https://boojeecafe.com/products/kiss-me-ratnagiri-rose-ferment-copy-1,https://cdn.shopify.com/s/files/1/0712/3301/2030/files/1_d6e94ecb-6fb5-44e8-9a60-a4175cf15faa.png?v=1770275943,Coffee
Watermelon Sugar,Boojee,3300.0,1kg,,Watermelon • Kumquats • Litchi,Ratnagiri Estate,natural coffee is crafted from the CATUAI,"Produced by Ratnagiri Estate in the Western Ghats near Baba Budangiri, this 72-hour CULTURE PROCESS natural coffee is crafted from the CATUAI varietal grown at 4,200–4,625 ft. Fermented with Lab Culture microbes, lactic acid bacteria, and fresh watermelon pulp in a carbon dioxide-rich environment, the coffee develops a vibrant and complex profile before being slowly dried for 6 days under controlled humidity. Tasting notes: Watermelon • Kumquats • Litchi",https://boojeecafe.com/products/kiss-me-ratnagiri-rose-ferment-copy-1,https://cdn.shopify.com/s/files/1/0712/3301/2030/files/1_d6e94ecb-6fb5-44e8-9a60-a4175cf15faa.png?v=1770275943,Coffee
Watermelon Sugar,Boojee,3300.0,1kg,,Watermelon • Kumquats • Litchi,Ratnagiri Estate,natural coffee is crafted from the CATUAI,"Produced by Ratnagiri Estate in the Western Ghats near Baba Budangiri, this 72-hour CULTURE PROCESS natural coffee is crafted from the CATUAI varietal grown at 4,200–4,625 ft. Fermented with Lab Culture microbes, lactic acid bacteria, and fresh watermelon pulp in a carbon dioxide-rich environment, the coffee develops a vibrant and complex profile before being slowly dried for 6 days under controlled humidity. Tasting notes: Watermelon • Kumquats • Litchi",https://boojeecafe.com/products/kiss-me-ratnagiri-rose-ferment-copy-1,https://cdn.shopify.com/s/files/1/0712/3301/2030/files/1_d6e94ecb-6fb5-44e8-9a60-a4175cf15faa.png?v=1770275943,Coffee
Watermelon Sugar,Boojee,9000.0,3kg,,Watermelon • Kumquats • Litchi,Ratnagiri Estate,natural coffee is crafted from the CATUAI,"Produced by Ratnagiri Estate in the Western Ghats near Baba Budangiri, this 72-hour CULTURE PROCESS natural coffee is crafted from the CATUAI varietal grown at 4,200–4,625 ft. Fermented with Lab Culture microbes, lactic acid bacteria, and fresh watermelon pulp in a carbon dioxide-rich environment, the coffee develops a vibrant and complex profile before being slowly dried for 6 days under controlled humidity. Tasting notes: Watermelon • Kumquats • Litchi",https://boojeecafe.com/products/kiss-me-ratnagiri-rose-ferment-copy-1,https://cdn.shopify.com/s/files/1/0712/3301/2030/files/1_d6e94ecb-6fb5-44e8-9a60-a4175cf15faa.png?v=1770275943,Coffee
Watermelon Sugar,Boojee,9000.0,3kg,,Watermelon • Kumquats • Litchi,Ratnagiri Estate,natural coffee is crafted from the CATUAI,"Produced by Ratnagiri Estate in the Western Ghats near Baba Budangiri, this 72-hour CULTURE PROCESS natural coffee is crafted from the CATUAI varietal grown at 4,200–4,625 ft. Fermented with Lab Culture microbes, lactic acid bacteria, and fresh watermelon pulp in a carbon dioxide-rich environment, the coffee develops a vibrant and complex profile before being slowly dried for 6 days under controlled humidity. Tasting notes: Watermelon • Kumquats • Litchi",https://boojeecafe.com/products/kiss-me-ratnagiri-rose-ferment-copy-1,https://cdn.shopify.com/s/files/1/0712/3301/2030/files/1_d6e94ecb-6fb5-44e8-9a60-a4175cf15faa.png?v=1770275943,Coffee
Watermelon Sugar,Boojee,9000.0,3kg,,Watermelon • Kumquats • Litchi,Ratnagiri Estate,natural coffee is crafted from the CATUAI,"Produced by Ratnagiri Estate in the Western Ghats near Baba Budangiri, this 72-hour CULTURE PROCESS natural coffee is crafted from the CATUAI varietal grown at 4,200–4,625 ft. Fermented with Lab Culture microbes, lactic acid bacteria, and fresh watermelon pulp in a carbon dioxide-rich environment, the coffee develops a vibrant and complex profile before being slowly dried for 6 days under controlled humidity. Tasting notes: Watermelon • Kumquats • Litchi",https://boojeecafe.com/products/kiss-me-ratnagiri-rose-ferment-copy-1,https://cdn.shopify.com/s/files/1/0712/3301/2030/files/1_d6e94ecb-6fb5-44e8-9a60-a4175cf15faa.png?v=1770275943,Coffee
Watermelon Sugar,Boojee,9000.0,3kg,,Watermelon • Kumquats • Litchi,Ratnagiri Estate,natural coffee is crafted from the CATUAI,"Produced by Ratnagiri Estate in the Western Ghats near Baba Budangiri, this 72-hour CULTURE PROCESS natural coffee is crafted from the CATUAI varietal grown at 4,200–4,625 ft. Fermented with Lab Culture microbes, lactic acid bacteria, and fresh watermelon pulp in a carbon dioxide-rich environment, the coffee develops a vibrant and complex profile before being slowly dried for 6 days under controlled humidity. Tasting notes: Watermelon • Kumquats • Litchi",https://boojeecafe.com/products/kiss-me-ratnagiri-rose-ferment-copy-1,https://cdn.shopify.com/s/files/1/0712/3301/2030/files/1_d6e94ecb-6fb5-44e8-9a60-a4175cf15faa.png?v=1770275943,Coffee
Watermelon Sugar,Boojee,9000.0,3kg,,Watermelon • Kumquats • Litchi,Ratnagiri Estate,natural coffee is crafted from the CATUAI,"Produced by Ratnagiri Estate in the Western Ghats near Baba Budangiri, this 72-hour CULTURE PROCESS natural coffee is crafted from the CATUAI varietal grown at 4,200–4,625 ft. Fermented with Lab Culture microbes, lactic acid bacteria, and fresh watermelon pulp in a carbon dioxide-rich environment, the coffee develops a vibrant and complex profile before being slowly dried for 6 days under controlled humidity. Tasting notes: Watermelon • Kumquats • Litchi",https://boojeecafe.com/products/kiss-me-ratnagiri-rose-ferment-copy-1,https://cdn.shopify.com/s/files/1/0712/3301/2030/files/1_d6e94ecb-6fb5-44e8-9a60-a4175cf15faa.png?v=1770275943,Coffee
Watermelon Sugar,Boojee,9000.0,3kg,,Watermelon • Kumquats • Litchi,Ratnagiri Estate,natural coffee is crafted from the CATUAI,"Produced by Ratnagiri Estate in the Western Ghats near Baba Budangiri, this 72-hour CULTURE PROCESS natural coffee is crafted from the CATUAI varietal grown at 4,200–4,625 ft. Fermented with Lab Culture microbes, lactic acid bacteria, and fresh watermelon pulp in a carbon dioxide-rich environment, the coffee develops a vibrant and complex profile before being slowly dried for 6 days under controlled humidity. Tasting notes: Watermelon • Kumquats • Litchi",https://boojeecafe.com/products/kiss-me-ratnagiri-rose-ferment-copy-1,https://cdn.shopify.com/s/files/1/0712/3301/2030/files/1_d6e94ecb-6fb5-44e8-9a60-a4175cf15faa.png?v=1770275943,Coffee
Watermelon Sugar,Boojee,9000.0,3kg,,Watermelon • Kumquats • Litchi,Ratnagiri Estate,natural coffee is crafted from the CATUAI,"Produced by Ratnagiri Estate in the Western Ghats near Baba Budangiri, this 72-hour CULTURE PROCESS natural coffee is crafted from the CATUAI varietal grown at 4,200–4,625 ft. Fermented with Lab Culture microbes, lactic acid bacteria, and fresh watermelon pulp in a carbon dioxide-rich environment, the coffee develops a vibrant and complex profile before being slowly dried for 6 days under controlled humidity. Tasting notes: Watermelon • Kumquats • Litchi",https://boojeecafe.com/products/kiss-me-ratnagiri-rose-ferment-copy-1,https://cdn.shopify.com/s/files/1/0712/3301/2030/files/1_d6e94ecb-6fb5-44e8-9a60-a4175cf15faa.png?v=1770275943,Coffee
Watermelon Sugar,Boojee,9000.0,3kg,,Watermelon • Kumquats • Litchi,Ratnagiri Estate,natural coffee is crafted from the CATUAI,"Produced by Ratnagiri Estate in the Western Ghats near Baba Budangiri, this 72-hour CULTURE PROCESS natural coffee is crafted from the CATUAI varietal grown at 4,200–4,625 ft. Fermented with Lab Culture microbes, lactic acid bacteria, and fresh watermelon pulp in a carbon dioxide-rich environment, the coffee develops a vibrant and complex profile before being slowly dried for 6 days under controlled humidity. Tasting notes: Watermelon • Kumquats • Litchi",https://boojeecafe.com/products/kiss-me-ratnagiri-rose-ferment-copy-1,https://cdn.shopify.com/s/files/1/0712/3301/2030/files/1_d6e94ecb-6fb5-44e8-9a60-a4175cf15faa.png?v=1770275943,Coffee
Watermelon Sugar,Boojee,9000.0,3kg,,Watermelon • Kumquats • Litchi,Ratnagiri Estate,natural coffee is crafted from the CATUAI,"Produced by Ratnagiri Estate in the Western Ghats near Baba Budangiri, this 72-hour CULTURE PROCESS natural coffee is crafted from the CATUAI varietal grown at 4,200–4,625 ft. Fermented with Lab Culture microbes, lactic acid bacteria, and fresh watermelon pulp in a carbon dioxide-rich environment, the coffee develops a vibrant and complex profile before being slowly dried for 6 days under controlled humidity. Tasting notes: Watermelon • Kumquats • Litchi",https://boojeecafe.com/products/kiss-me-ratnagiri-rose-ferment-copy-1,https://cdn.shopify.com/s/files/1/0712/3301/2030/files/1_d6e94ecb-6fb5-44e8-9a60-a4175cf15faa.png?v=1770275943,Coffee
Watermelon Sugar,Boojee,9000.0,3kg,,Watermelon • Kumquats • Litchi,Ratnagiri Estate,natural coffee is crafted from the CATUAI,"Produced by Ratnagiri Estate in the Western Ghats near Baba Budangiri, this 72-hour CULTURE PROCESS natural coffee is crafted from the CATUAI varietal grown at 4,200–4,625 ft. Fermented with Lab Culture microbes, lactic acid bacteria, and fresh watermelon pulp in a carbon dioxide-rich environment, the coffee develops a vibrant and complex profile before being slowly dried for 6 days under controlled humidity. Tasting notes: Watermelon • Kumquats • Litchi",https://boojeecafe.com/products/kiss-me-ratnagiri-rose-ferment-copy-1,https://cdn.shopify.com/s/files/1/0712/3301/2030/files/1_d6e94ecb-6fb5-44e8-9a60-a4175cf15faa.png?v=1770275943,Coffee
Watermelon Sugar,Boojee,9000.0,3kg,,Watermelon • Kumquats • Litchi,Ratnagiri Estate,natural coffee is crafted from the CATUAI,"Produced by Ratnagiri Estate in the Western Ghats near Baba Budangiri, this 72-hour CULTURE PROCESS natural coffee is crafted from the CATUAI varietal grown at 4,200–4,625 ft. Fermented with Lab Culture microbes, lactic acid bacteria, and fresh watermelon pulp in a carbon dioxide-rich environment, the coffee develops a vibrant and complex profile before being slowly dried for 6 days under controlled humidity. Tasting notes: Watermelon • Kumquats • Litchi",https://boojeecafe.com/products/kiss-me-ratnagiri-rose-ferment-copy-1,https://cdn.shopify.com/s/files/1/0712/3301/2030/files/1_d6e94ecb-6fb5-44e8-9a60-a4175cf15faa.png?v=1770275943,Coffee
Watermelon Sugar,Boojee,9000.0,3kg,,Watermelon • Kumquats • Litchi,Ratnagiri Estate,natural coffee is crafted from the CATUAI,"Produced by Ratnagiri Estate in the Western Ghats near Baba Budangiri, this 72-hour CULTURE PROCESS natural coffee is crafted from the CATUAI varietal grown at 4,200–4,625 ft. Fermented with Lab Culture microbes, lactic acid bacteria, and fresh watermelon pulp in a carbon dioxide-rich environment, the coffee develops a vibrant and complex profile before being slowly dried for 6 days under controlled humidity. Tasting notes: Watermelon • Kumquats • Litchi",https://boojeecafe.com/products/kiss-me-ratnagiri-rose-ferment-copy-1,https://cdn.shopify.com/s/files/1/0712/3301/2030/files/1_d6e94ecb-6fb5-44e8-9a60-a4175cf15faa.png?v=1770275943,Coffee
Watermelon Sugar,Boojee,9000.0,3kg,,Watermelon • Kumquats • Litchi,Ratnagiri Estate,natural coffee is crafted from the CATUAI,"Produced by Ratnagiri Estate in the Western Ghats near Baba Budangiri, this 72-hour CULTURE PROCESS natural coffee is crafted from the CATUAI varietal grown at 4,200–4,625 ft. Fermented with Lab Culture microbes, lactic acid bacteria, and fresh watermelon pulp in a carbon dioxide-rich environment, the coffee develops a vibrant and complex profile before being slowly dried for 6 days under controlled humidity. Tasting notes: Watermelon • Kumquats • Litchi",https://boojeecafe.com/products/kiss-me-ratnagiri-rose-ferment-copy-1,https://cdn.shopify.com/s/files/1/0712/3301/2030/files/1_d6e94ecb-6fb5-44e8-9a60-a4175cf15faa.png?v=1770275943,Coffee
Watermelon Sugar,Boojee,9000.0,3kg,,Watermelon • Kumquats • Litchi,Ratnagiri Estate,natural coffee is crafted from the CATUAI,"Produced by Ratnagiri Estate in the Western Ghats near Baba Budangiri, this 72-hour CULTURE PROCESS natural coffee is crafted from the CATUAI varietal grown at 4,200–4,625 ft. Fermented with Lab Culture microbes, lactic acid bacteria, and fresh watermelon pulp in a carbon dioxide-rich environment, the coffee develops a vibrant and complex profile before being slowly dried for 6 days under controlled humidity. Tasting notes: Watermelon • Kumquats • Litchi",https://boojeecafe.com/products/kiss-me-ratnagiri-rose-ferment-copy-1,https://cdn.shopify.com/s/files/1/0712/3301/2030/files/1_d6e94ecb-6fb5-44e8-9a60-a4175cf15faa.png?v=1770275943,Coffee
Watermelon Sugar,Boojee,9000.0,3kg,,Watermelon • Kumquats • Litchi,Ratnagiri Estate,natural coffee is crafted from the CATUAI,"Produced by Ratnagiri Estate in the Western Ghats near Baba Budangiri, this 72-hour CULTURE PROCESS natural coffee is crafted from the CATUAI varietal grown at 4,200–4,625 ft. Fermented with Lab Culture microbes, lactic acid bacteria, and fresh watermelon pulp in a carbon dioxide-rich environment, the coffee develops a vibrant and complex profile before being slowly dried for 6 days under controlled humidity. Tasting notes: Watermelon • Kumquats • Litchi",https://boojeecafe.com/products/kiss-me-ratnagiri-rose-ferment-copy-1,https://cdn.shopify.com/s/files/1/0712/3301/2030/files/1_d6e94ecb-6fb5-44e8-9a60-a4175cf15faa.png?v=1770275943,Coffee
Watermelon Sugar,Boojee,9000.0,3kg,,Watermelon • Kumquats • Litchi,Ratnagiri Estate,natural coffee is crafted from the CATUAI,"Produced by Ratnagiri Estate in the Western Ghats near Baba Budangiri, this 72-hour CULTURE PROCESS natural coffee is crafted from the CATUAI varietal grown at 4,200–4,625 ft. Fermented with Lab Culture microbes, lactic acid bacteria, and fresh watermelon pulp in a carbon dioxide-rich environment, the coffee develops a vibrant and complex profile before being slowly dried for 6 days under controlled humidity. Tasting notes: Watermelon • Kumquats • Litchi",https://boojeecafe.com/products/kiss-me-ratnagiri-rose-ferment-copy-1,https://cdn.shopify.com/s/files/1/0712/3301/2030/files/1_d6e94ecb-6fb5-44e8-9a60-a4175cf15faa.png?v=1770275943,Coffee
Watermelon Sugar,Boojee,9000.0,3kg,,Watermelon • Kumquats • Litchi,Ratnagiri Estate,natural coffee is crafted from the CATUAI,"Produced by Ratnagiri Estate in the Western Ghats near Baba Budangiri, this 72-hour CULTURE PROCESS natural coffee is crafted from the CATUAI varietal grown at 4,200–4,625 ft. Fermented with Lab Culture microbes, lactic acid bacteria, and fresh watermelon pulp in a carbon dioxide-rich environment, the coffee develops a vibrant and complex profile before being slowly dried for 6 days under controlled humidity. Tasting notes: Watermelon • Kumquats • Litchi",https://boojeecafe.com/products/kiss-me-ratnagiri-rose-ferment-copy-1,https://cdn.shopify.com/s/files/1/0712/3301/2030/files/1_d6e94ecb-6fb5-44e8-9a60-a4175cf15faa.png?v=1770275943,Coffee
Watermelon Sugar,Boojee,9000.0,3kg,,Watermelon • Kumquats • Litchi,Ratnagiri Estate,natural coffee is crafted from the CATUAI,"Produced by Ratnagiri Estate in the Western Ghats near Baba Budangiri, this 72-hour CULTURE PROCESS natural coffee is crafted from the CATUAI varietal grown at 4,200–4,625 ft. Fermented with Lab Culture microbes, lactic acid bacteria, and fresh watermelon pulp in a carbon dioxide-rich environment, the coffee develops a vibrant and complex profile before being slowly dried for 6 days under controlled humidity. Tasting notes: Watermelon • Kumquats • Litchi",https://boojeecafe.com/products/kiss-me-ratnagiri-rose-ferment-copy-1,https://cdn.shopify.com/s/files/1/0712/3301/2030/files/1_d6e94ecb-6fb5-44e8-9a60-a4175cf15faa.png?v=1770275943,Coffee
Silver Lining - Aura estate,Boojee,995.0,250g,Dark Roast,Green Apple • Cherry • Agave Amica,,Anaerobic Natural,"Aura Farming – Anaerobic Naturals Process. Grown at 3700ft above sea level, the coffee fruits were harvested at a minimum ripeness of 97%, with a Brix level above 26%. After harvesting, the fruits were washed and the floaters were removed. The selected fruits were then kept in water for 48 hours, with the temperature maintained below 10°C. After draining the water, the coffee fruits were fermented anaerobically for 8 days in a dark, closed room, ensuring the temperature did not cross 10°C. Once the fermentation was completed, the fruits were moved to raised beds and dried in a dark room for 25 days. During this drying period, the coffee cherries were packed in bags and kept in the dark room at night, and every morning they were placed back on the raised beds to continue drying. Tasting Notes: Green Apple • Cherry • Agave Amica",https://boojeecafe.com/products/coal-black-aura-estate-copy,https://cdn.shopify.com/s/files/1/0712/3301/2030/files/17A61CF7-BFEA-463B-B200-E70791AAE58D.png?v=1771500552,Coffee
Silver Lining - Aura estate,Boojee,995.0,250g,Dark Roast,Green Apple • Cherry • Agave Amica,,Anaerobic Natural,"Aura Farming – Anaerobic Naturals Process. Grown at 3700ft above sea level, the coffee fruits were harvested at a minimum ripeness of 97%, with a Brix level above 26%. After harvesting, the fruits were washed and the floaters were removed. The selected fruits were then kept in water for 48 hours, with the temperature maintained below 10°C. After draining the water, the coffee fruits were fermented anaerobically for 8 days in a dark, closed room, ensuring the temperature did not cross 10°C. Once the fermentation was completed, the fruits were moved to raised beds and dried in a dark room for 25 days. During this drying period, the coffee cherries were packed in bags and kept in the dark room at night, and every morning they were placed back on the raised beds to continue drying. Tasting Notes: Green Apple • Cherry • Agave Amica",https://boojeecafe.com/products/coal-black-aura-estate-copy,https://cdn.shopify.com/s/files/1/0712/3301/2030/files/17A61CF7-BFEA-463B-B200-E70791AAE58D.png?v=1771500552,Coffee
Silver Lining - Aura estate,Boojee,995.0,250g,Dark Roast,Green Apple • Cherry • Agave Amica,,Anaerobic Natural,"Aura Farming – Anaerobic Naturals Process. Grown at 3700ft above sea level, the coffee fruits were harvested at a minimum ripeness of 97%, with a Brix level above 26%. After harvesting, the fruits were washed and the floaters were removed. The selected fruits were then kept in water for 48 hours, with the temperature maintained below 10°C. After draining the water, the coffee fruits were fermented anaerobically for 8 days in a dark, closed room, ensuring the temperature did not cross 10°C. Once the fermentation was completed, the fruits were moved to raised beds and dried in a dark room for 25 days. During this drying period, the coffee cherries were packed in bags and kept in the dark room at night, and every morning they were placed back on the raised beds to continue drying. Tasting Notes: Green Apple • Cherry • Agave Amica",https://boojeecafe.com/products/coal-black-aura-estate-copy,https://cdn.shopify.com/s/files/1/0712/3301/2030/files/17A61CF7-BFEA-463B-B200-E70791AAE58D.png?v=1771500552,Coffee
Silver Lining - Aura estate,Boojee,995.0,250g,Dark Roast,Green Apple • Cherry • Agave Amica,,Anaerobic Natural,"Aura Farming – Anaerobic Naturals Process. Grown at 3700ft above sea level, the coffee fruits were harvested at a minimum ripeness of 97%, with a Brix level above 26%. After harvesting, the fruits were washed and the floaters were removed. The selected fruits were then kept in water for 48 hours, with the temperature maintained below 10°C. After draining the water, the coffee fruits were fermented anaerobically for 8 days in a dark, closed room, ensuring the temperature did not cross 10°C. Once the fermentation was completed, the fruits were moved to raised beds and dried in a dark room for 25 days. During this drying period, the coffee cherries were packed in bags and kept in the dark room at night, and every morning they were placed back on the raised beds to continue drying. Tasting Notes: Green Apple • Cherry • Agave Amica",https://boojeecafe.com/products/coal-black-aura-estate-copy,https://cdn.shopify.com/s/files/1/0712/3301/2030/files/17A61CF7-BFEA-463B-B200-E70791AAE58D.png?v=1771500552,Coffee
Silver Lining - Aura estate,Boojee,995.0,250g,Dark Roast,Green Apple • Cherry • Agave Amica,,Anaerobic Natural,"Aura Farming – Anaerobic Naturals Process. Grown at 3700ft above sea level, the coffee fruits were harvested at a minimum ripeness of 97%, with a Brix level above 26%. After harvesting, the fruits were washed and the floaters were removed. The selected fruits were then kept in water for 48 hours, with the temperature maintained below 10°C. After draining the water, the coffee fruits were fermented anaerobically for 8 days in a dark, closed room, ensuring the temperature did not cross 10°C. Once the fermentation was completed, the fruits were moved to raised beds and dried in a dark room for 25 days. During this drying period, the coffee cherries were packed in bags and kept in the dark room at night, and every morning they were placed back on the raised beds to continue drying. Tasting Notes: Green Apple • Cherry • Agave Amica",https://boojeecafe.com/products/coal-black-aura-estate-copy,https://cdn.shopify.com/s/files/1/0712/3301/2030/files/17A61CF7-BFEA-463B-B200-E70791AAE58D.png?v=1771500552,Coffee
Silver Lining - Aura estate,Boojee,995.0,250g,Dark Roast,Green Apple • Cherry • Agave Amica,,Anaerobic Natural,"Aura Farming – Anaerobic Naturals Process. Grown at 3700ft above sea level, the coffee fruits were harvested at a minimum ripeness of 97%, with a Brix level above 26%. After harvesting, the fruits were washed and the floaters were removed. The selected fruits were then kept in water for 48 hours, with the temperature maintained below 10°C. After draining the water, the coffee fruits were fermented anaerobically for 8 days in a dark, closed room, ensuring the temperature did not cross 10°C. Once the fermentation was completed, the fruits were moved to raised beds and dried in a dark room for 25 days. During this drying period, the coffee cherries were packed in bags and kept in the dark room at night, and every morning they were placed back on the raised beds to continue drying. Tasting Notes: Green Apple • Cherry • Agave Amica",https://boojeecafe.com/products/coal-black-aura-estate-copy,https://cdn.shopify.com/s/files/1/0712/3301/2030/files/17A61CF7-BFEA-463B-B200-E70791AAE58D.png?v=1771500552,Coffee
Silver Lining - Aura estate,Boojee,995.0,250g,Dark Roast,Green Apple • Cherry • Agave Amica,,Anaerobic Natural,"Aura Farming – Anaerobic Naturals Process. Grown at 3700ft above sea level, the coffee fruits were harvested at a minimum ripeness of 97%, with a Brix level above 26%. After harvesting, the fruits were washed and the floaters were removed. The selected fruits were then kept in water for 48 hours, with the temperature maintained below 10°C. After draining the water, the coffee fruits were fermented anaerobically for 8 days in a dark, closed room, ensuring the temperature did not cross 10°C. Once the fermentation was completed, the fruits were moved to raised beds and dried in a dark room for 25 days. During this drying period, the coffee cherries were packed in bags and kept in the dark room at night, and every morning they were placed back on the raised beds to continue drying. Tasting Notes: Green Apple • Cherry • Agave Amica",https://boojeecafe.com/products/coal-black-aura-estate-copy,https://cdn.shopify.com/s/files/1/0712/3301/2030/files/17A61CF7-BFEA-463B-B200-E70791AAE58D.png?v=1771500552,Coffee
Silver Lining - Aura estate,Boojee,995.0,250g,Dark Roast,Green Apple • Cherry • Agave Amica,,Anaerobic Natural,"Aura Farming – Anaerobic Naturals Process. Grown at 3700ft above sea level, the coffee fruits were harvested at a minimum ripeness of 97%, with a Brix level above 26%. After harvesting, the fruits were washed and the floaters were removed. The selected fruits were then kept in water for 48 hours, with the temperature maintained below 10°C. After draining the water, the coffee fruits were fermented anaerobically for 8 days in a dark, closed room, ensuring the temperature did not cross 10°C. Once the fermentation was completed, the fruits were moved to raised beds and dried in a dark room for 25 days. During this drying period, the coffee cherries were packed in bags and kept in the dark room at night, and every morning they were placed back on the raised beds to continue drying. Tasting Notes: Green Apple • Cherry • Agave Amica",https://boojeecafe.com/products/coal-black-aura-estate-copy,https://cdn.shopify.com/s/files/1/0712/3301/2030/files/17A61CF7-BFEA-463B-B200-E70791AAE58D.png?v=1771500552,Coffee
Silver Lining - Aura estate,Boojee,995.0,250g,Dark Roast,Green Apple • Cherry • Agave Amica,,Anaerobic Natural,"Aura Farming – Anaerobic Naturals Process. Grown at 3700ft above sea level, the coffee fruits were harvested at a minimum ripeness of 97%, with a Brix level above 26%. After harvesting, the fruits were washed and the floaters were removed. The selected fruits were then kept in water for 48 hours, with the temperature maintained below 10°C. After draining the water, the coffee fruits were fermented anaerobically for 8 days in a dark, closed room, ensuring the temperature did not cross 10°C. Once the fermentation was completed, the fruits were moved to raised beds and dried in a dark room for 25 days. During this drying period, the coffee cherries were packed in bags and kept in the dark room at night, and every morning they were placed back on the raised beds to continue drying. Tasting Notes: Green Apple • Cherry • Agave Amica",https://boojeecafe.com/products/coal-black-aura-estate-copy,https://cdn.shopify.com/s/files/1/0712/3301/2030/files/17A61CF7-BFEA-463B-B200-E70791AAE58D.png?v=1771500552,Coffee
Silver Lining - Aura estate,Boojee,995.0,250g,Dark Roast,Green Apple • Cherry • Agave Amica,,Anaerobic Natural,"Aura Farming – Anaerobic Naturals Process. Grown at 3700ft above sea level, the coffee fruits were harvested at a minimum ripeness of 97%, with a Brix level above 26%. After harvesting, the fruits were washed and the floaters were removed. The selected fruits were then kept in water for 48 hours, with the temperature maintained below 10°C. After draining the water, the coffee fruits were fermented anaerobically for 8 days in a dark, closed room, ensuring the temperature did not cross 10°C. Once the fermentation was completed, the fruits were moved to raised beds and dried in a dark room for 25 days. During this drying period, the coffee cherries were packed in bags and kept in the dark room at night, and every morning they were placed back on the raised beds to continue drying. Tasting Notes: Green Apple • Cherry • Agave Amica",https://boojeecafe.com/products/coal-black-aura-estate-copy,https://cdn.shopify.com/s/files/1/0712/3301/2030/files/17A61CF7-BFEA-463B-B200-E70791AAE58D.png?v=1771500552,Coffee
Silver Lining - Aura estate,Boojee,995.0,250g,Dark Roast,Green Apple • Cherry • Agave Amica,,Anaerobic Natural,"Aura Farming – Anaerobic Naturals Process. Grown at 3700ft above sea level, the coffee fruits were harvested at a minimum ripeness of 97%, with a Brix level above 26%. After harvesting, the fruits were washed and the floaters were removed. The selected fruits were then kept in water for 48 hours, with the temperature maintained below 10°C. After draining the water, the coffee fruits were fermented anaerobically for 8 days in a dark, closed room, ensuring the temperature did not cross 10°C. Once the fermentation was completed, the fruits were moved to raised beds and dried in a dark room for 25 days. During this drying period, the coffee cherries were packed in bags and kept in the dark room at night, and every morning they were placed back on the raised beds to continue drying. Tasting Notes: Green Apple • Cherry • Agave Amica",https://boojeecafe.com/products/coal-black-aura-estate-copy,https://cdn.shopify.com/s/files/1/0712/3301/2030/files/17A61CF7-BFEA-463B-B200-E70791AAE58D.png?v=1771500552,Coffee
Silver Lining - Aura estate,Boojee,995.0,250g,Dark Roast,Green Apple • Cherry • Agave Amica,,Anaerobic Natural,"Aura Farming – Anaerobic Naturals Process. Grown at 3700ft above sea level, the coffee fruits were harvested at a minimum ripeness of 97%, with a Brix level above 26%. After harvesting, the fruits were washed and the floaters were removed. The selected fruits were then kept in water for 48 hours, with the temperature maintained below 10°C. After draining the water, the coffee fruits were fermented anaerobically for 8 days in a dark, closed room, ensuring the temperature did not cross 10°C. Once the fermentation was completed, the fruits were moved to raised beds and dried in a dark room for 25 days. During this drying period, the coffee cherries were packed in bags and kept in the dark room at night, and every morning they were placed back on the raised beds to continue drying. Tasting Notes: Green Apple • Cherry • Agave Amica",https://boojeecafe.com/products/coal-black-aura-estate-copy,https://cdn.shopify.com/s/files/1/0712/3301/2030/files/17A61CF7-BFEA-463B-B200-E70791AAE58D.png?v=1771500552,Coffee
Silver Lining - Aura estate,Boojee,995.0,250g,Dark Roast,Green Apple • Cherry • Agave Amica,,Anaerobic Natural,"Aura Farming – Anaerobic Naturals Process. Grown at 3700ft above sea level, the coffee fruits were harvested at a minimum ripeness of 97%, with a Brix level above 26%. After harvesting, the fruits were washed and the floaters were removed. The selected fruits were then kept in water for 48 hours, with the temperature maintained below 10°C. After draining the water, the coffee fruits were fermented anaerobically for 8 days in a dark, closed room, ensuring the temperature did not cross 10°C. Once the fermentation was completed, the fruits were moved to raised beds and dried in a dark room for 25 days. During this drying period, the coffee cherries were packed in bags and kept in the dark room at night, and every morning they were placed back on the raised beds to continue drying. Tasting Notes: Green Apple • Cherry • Agave Amica",https://boojeecafe.com/products/coal-black-aura-estate-copy,https://cdn.shopify.com/s/files/1/0712/3301/2030/files/17A61CF7-BFEA-463B-B200-E70791AAE58D.png?v=1771500552,Coffee
Silver Lining - Aura estate,Boojee,995.0,250g,Dark Roast,Green Apple • Cherry • Agave Amica,,Anaerobic Natural,"Aura Farming – Anaerobic Naturals Process. Grown at 3700ft above sea level, the coffee fruits were harvested at a minimum ripeness of 97%, with a Brix level above 26%. After harvesting, the fruits were washed and the floaters were removed. The selected fruits were then kept in water for 48 hours, with the temperature maintained below 10°C. After draining the water, the coffee fruits were fermented anaerobically for 8 days in a dark, closed room, ensuring the temperature did not cross 10°C. Once the fermentation was completed, the fruits were moved to raised beds and dried in a dark room for 25 days. During this drying period, the coffee cherries were packed in bags and kept in the dark room at night, and every morning they were placed back on the raised beds to continue drying. Tasting Notes: Green Apple • Cherry • Agave Amica",https://boojeecafe.com/products/coal-black-aura-estate-copy,https://cdn.shopify.com/s/files/1/0712/3301/2030/files/17A61CF7-BFEA-463B-B200-E70791AAE58D.png?v=1771500552,Coffee
Silver Lining - Aura estate,Boojee,995.0,250g,Dark Roast,Green Apple • Cherry • Agave Amica,,Anaerobic Natural,"Aura Farming – Anaerobic Naturals Process. Grown at 3700ft above sea level, the coffee fruits were harvested at a minimum ripeness of 97%, with a Brix level above 26%. After harvesting, the fruits were washed and the floaters were removed. The selected fruits were then kept in water for 48 hours, with the temperature maintained below 10°C. After draining the water, the coffee fruits were fermented anaerobically for 8 days in a dark, closed room, ensuring the temperature did not cross 10°C. Once the fermentation was completed, the fruits were moved to raised beds and dried in a dark room for 25 days. During this drying period, the coffee cherries were packed in bags and kept in the dark room at night, and every morning they were placed back on the raised beds to continue drying. Tasting Notes: Green Apple • Cherry • Agave Amica",https://boojeecafe.com/products/coal-black-aura-estate-copy,https://cdn.shopify.com/s/files/1/0712/3301/2030/files/17A61CF7-BFEA-463B-B200-E70791AAE58D.png?v=1771500552,Coffee
Silver Lining - Aura estate,Boojee,995.0,250g,Dark Roast,Green Apple • Cherry • Agave Amica,,Anaerobic Natural,"Aura Farming – Anaerobic Naturals Process. Grown at 3700ft above sea level, the coffee fruits were harvested at a minimum ripeness of 97%, with a Brix level above 26%. After harvesting, the fruits were washed and the floaters were removed. The selected fruits were then kept in water for 48 hours, with the temperature maintained below 10°C. After draining the water, the coffee fruits were fermented anaerobically for 8 days in a dark, closed room, ensuring the temperature did not cross 10°C. Once the fermentation was completed, the fruits were moved to raised beds and dried in a dark room for 25 days. During this drying period, the coffee cherries were packed in bags and kept in the dark room at night, and every morning they were placed back on the raised beds to continue drying. Tasting Notes: Green Apple • Cherry • Agave Amica",https://boojeecafe.com/products/coal-black-aura-estate-copy,https://cdn.shopify.com/s/files/1/0712/3301/2030/files/17A61CF7-BFEA-463B-B200-E70791AAE58D.png?v=1771500552,Coffee
Silver Lining - Aura estate,Boojee,995.0,250g,Dark Roast,Green Apple • Cherry • Agave Amica,,Anaerobic Natural,"Aura Farming – Anaerobic Naturals Process. Grown at 3700ft above sea level, the coffee fruits were harvested at a minimum ripeness of 97%, with a Brix level above 26%. After harvesting, the fruits were washed and the floaters were removed. The selected fruits were then kept in water for 48 hours, with the temperature maintained below 10°C. After draining the water, the coffee fruits were fermented anaerobically for 8 days in a dark, closed room, ensuring the temperature did not cross 10°C. Once the fermentation was completed, the fruits were moved to raised beds and dried in a dark room for 25 days. During this drying period, the coffee cherries were packed in bags and kept in the dark room at night, and every morning they were placed back on the raised beds to continue drying. Tasting Notes: Green Apple • Cherry • Agave Amica",https://boojeecafe.com/products/coal-black-aura-estate-copy,https://cdn.shopify.com/s/files/1/0712/3301/2030/files/17A61CF7-BFEA-463B-B200-E70791AAE58D.png?v=1771500552,Coffee
Silver Lining - Aura estate,Boojee,995.0,250g,Dark Roast,Green Apple • Cherry • Agave Amica,,Anaerobic Natural,"Aura Farming – Anaerobic Naturals Process. Grown at 3700ft above sea level, the coffee fruits were harvested at a minimum ripeness of 97%, with a Brix level above 26%. After harvesting, the fruits were washed and the floaters were removed. The selected fruits were then kept in water for 48 hours, with the temperature maintained below 10°C. After draining the water, the coffee fruits were fermented anaerobically for 8 days in a dark, closed room, ensuring the temperature did not cross 10°C. Once the fermentation was completed, the fruits were moved to raised beds and dried in a dark room for 25 days. During this drying period, the coffee cherries were packed in bags and kept in the dark room at night, and every morning they were placed back on the raised beds to continue drying. Tasting Notes: Green Apple • Cherry • Agave Amica",https://boojeecafe.com/products/coal-black-aura-estate-copy,https://cdn.shopify.com/s/files/1/0712/3301/2030/files/17A61CF7-BFEA-463B-B200-E70791AAE58D.png?v=1771500552,Coffee
Silver Lining - Aura estate,Boojee,3300.0,1kg,Dark Roast,Green Apple • Cherry • Agave Amica,,Anaerobic Natural,"Aura Farming – Anaerobic Naturals Process. Grown at 3700ft above sea level, the coffee fruits were harvested at a minimum ripeness of 97%, with a Brix level above 26%. After harvesting, the fruits were washed and the floaters were removed. The selected fruits were then kept in water for 48 hours, with the temperature maintained below 10°C. After draining the water, the coffee fruits were fermented anaerobically for 8 days in a dark, closed room, ensuring the temperature did not cross 10°C. Once the fermentation was completed, the fruits were moved to raised beds and dried in a dark room for 25 days. During this drying period, the coffee cherries were packed in bags and kept in the dark room at night, and every morning they were placed back on the raised beds to continue drying. Tasting Notes: Green Apple • Cherry • Agave Amica",https://boojeecafe.com/products/coal-black-aura-estate-copy,https://cdn.shopify.com/s/files/1/0712/3301/2030/files/17A61CF7-BFEA-463B-B200-E70791AAE58D.png?v=1771500552,Coffee
Silver Lining - Aura estate,Boojee,3300.0,1kg,Dark Roast,Green Apple • Cherry • Agave Amica,,Anaerobic Natural,"Aura Farming – Anaerobic Naturals Process. Grown at 3700ft above sea level, the coffee fruits were harvested at a minimum ripeness of 97%, with a Brix level above 26%. After harvesting, the fruits were washed and the floaters were removed. The selected fruits were then kept in water for 48 hours, with the temperature maintained below 10°C. After draining the water, the coffee fruits were fermented anaerobically for 8 days in a dark, closed room, ensuring the temperature did not cross 10°C. Once the fermentation was completed, the fruits were moved to raised beds and dried in a dark room for 25 days. During this drying period, the coffee cherries were packed in bags and kept in the dark room at night, and every morning they were placed back on the raised beds to continue drying. Tasting Notes: Green Apple • Cherry • Agave Amica",https://boojeecafe.com/products/coal-black-aura-estate-copy,https://cdn.shopify.com/s/files/1/0712/3301/2030/files/17A61CF7-BFEA-463B-B200-E70791AAE58D.png?v=1771500552,Coffee
Silver Lining - Aura estate,Boojee,3300.0,1kg,Dark Roast,Green Apple • Cherry • Agave Amica,,Anaerobic Natural,"Aura Farming – Anaerobic Naturals Process. Grown at 3700ft above sea level, the coffee fruits were harvested at a minimum ripeness of 97%, with a Brix level above 26%. After harvesting, the fruits were washed and the floaters were removed. The selected fruits were then kept in water for 48 hours, with the temperature maintained below 10°C. After draining the water, the coffee fruits were fermented anaerobically for 8 days in a dark, closed room, ensuring the temperature did not cross 10°C. Once the fermentation was completed, the fruits were moved to raised beds and dried in a dark room for 25 days. During this drying period, the coffee cherries were packed in bags and kept in the dark room at night, and every morning they were placed back on the raised beds to continue drying. Tasting Notes: Green Apple • Cherry • Agave Amica",https://boojeecafe.com/products/coal-black-aura-estate-copy,https://cdn.shopify.com/s/files/1/0712/3301/2030/files/17A61CF7-BFEA-463B-B200-E70791AAE58D.png?v=1771500552,Coffee
Silver Lining - Aura estate,Boojee,3300.0,1kg,Dark Roast,Green Apple • Cherry • Agave Amica,,Anaerobic Natural,"Aura Farming – Anaerobic Naturals Process. Grown at 3700ft above sea level, the coffee fruits were harvested at a minimum ripeness of 97%, with a Brix level above 26%. After harvesting, the fruits were washed and the floaters were removed. The selected fruits were then kept in water for 48 hours, with the temperature maintained below 10°C. After draining the water, the coffee fruits were fermented anaerobically for 8 days in a dark, closed room, ensuring the temperature did not cross 10°C. Once the fermentation was completed, the fruits were moved to raised beds and dried in a dark room for 25 days. During this drying period, the coffee cherries were packed in bags and kept in the dark room at night, and every morning they were placed back on the raised beds to continue drying. Tasting Notes: Green Apple • Cherry • Agave Amica",https://boojeecafe.com/products/coal-black-aura-estate-copy,https://cdn.shopify.com/s/files/1/0712/3301/2030/files/17A61CF7-BFEA-463B-B200-E70791AAE58D.png?v=1771500552,Coffee
Silver Lining - Aura estate,Boojee,3300.0,1kg,Dark Roast,Green Apple • Cherry • Agave Amica,,Anaerobic Natural,"Aura Farming – Anaerobic Naturals Process. Grown at 3700ft above sea level, the coffee fruits were harvested at a minimum ripeness of 97%, with a Brix level above 26%. After harvesting, the fruits were washed and the floaters were removed. The selected fruits were then kept in water for 48 hours, with the temperature maintained below 10°C. After draining the water, the coffee fruits were fermented anaerobically for 8 days in a dark, closed room, ensuring the temperature did not cross 10°C. Once the fermentation was completed, the fruits were moved to raised beds and dried in a dark room for 25 days. During this drying period, the coffee cherries were packed in bags and kept in the dark room at night, and every morning they were placed back on the raised beds to continue drying. Tasting Notes: Green Apple • Cherry • Agave Amica",https://boojeecafe.com/products/coal-black-aura-estate-copy,https://cdn.shopify.com/s/files/1/0712/3301/2030/files/17A61CF7-BFEA-463B-B200-E70791AAE58D.png?v=1771500552,Coffee
Silver Lining - Aura estate,Boojee,3300.0,1kg,Dark Roast,Green Apple • Cherry • Agave Amica,,Anaerobic Natural,"Aura Farming – Anaerobic Naturals Process. Grown at 3700ft above sea level, the coffee fruits were harvested at a minimum ripeness of 97%, with a Brix level above 26%. After harvesting, the fruits were washed and the floaters were removed. The selected fruits were then kept in water for 48 hours, with the temperature maintained below 10°C. After draining the water, the coffee fruits were fermented anaerobically for 8 days in a dark, closed room, ensuring the temperature did not cross 10°C. Once the fermentation was completed, the fruits were moved to raised beds and dried in a dark room for 25 days. During this drying period, the coffee cherries were packed in bags and kept in the dark room at night, and every morning they were placed back on the raised beds to continue drying. Tasting Notes: Green Apple • Cherry • Agave Amica",https://boojeecafe.com/products/coal-black-aura-estate-copy,https://cdn.shopify.com/s/files/1/0712/3301/2030/files/17A61CF7-BFEA-463B-B200-E70791AAE58D.png?v=1771500552,Coffee
Silver Lining - Aura estate,Boojee,3300.0,1kg,Dark Roast,Green Apple • Cherry • Agave Amica,,Anaerobic Natural,"Aura Farming – Anaerobic Naturals Process. Grown at 3700ft above sea level, the coffee fruits were harvested at a minimum ripeness of 97%, with a Brix level above 26%. After harvesting, the fruits were washed and the floaters were removed. The selected fruits were then kept in water for 48 hours, with the temperature maintained below 10°C. After draining the water, the coffee fruits were fermented anaerobically for 8 days in a dark, closed room, ensuring the temperature did not cross 10°C. Once the fermentation was completed, the fruits were moved to raised beds and dried in a dark room for 25 days. During this drying period, the coffee cherries were packed in bags and kept in the dark room at night, and every morning they were placed back on the raised beds to continue drying. Tasting Notes: Green Apple • Cherry • Agave Amica",https://boojeecafe.com/products/coal-black-aura-estate-copy,https://cdn.shopify.com/s/files/1/0712/3301/2030/files/17A61CF7-BFEA-463B-B200-E70791AAE58D.png?v=1771500552,Coffee
Silver Lining - Aura estate,Boojee,3300.0,1kg,Dark Roast,Green Apple • Cherry • Agave Amica,,Anaerobic Natural,"Aura Farming – Anaerobic Naturals Process. Grown at 3700ft above sea level, the coffee fruits were harvested at a minimum ripeness of 97%, with a Brix level above 26%. After harvesting, the fruits were washed and the floaters were removed. The selected fruits were then kept in water for 48 hours, with the temperature maintained below 10°C. After draining the water, the coffee fruits were fermented anaerobically for 8 days in a dark, closed room, ensuring the temperature did not cross 10°C. Once the fermentation was completed, the fruits were moved to raised beds and dried in a dark room for 25 days. During this drying period, the coffee cherries were packed in bags and kept in the dark room at night, and every morning they were placed back on the raised beds to continue drying. Tasting Notes: Green Apple • Cherry • Agave Amica",https://boojeecafe.com/products/coal-black-aura-estate-copy,https://cdn.shopify.com/s/files/1/0712/3301/2030/files/17A61CF7-BFEA-463B-B200-E70791AAE58D.png?v=1771500552,Coffee
Silver Lining - Aura estate,Boojee,3300.0,1kg,Dark Roast,Green Apple • Cherry • Agave Amica,,Anaerobic Natural,"Aura Farming – Anaerobic Naturals Process. Grown at 3700ft above sea level, the coffee fruits were harvested at a minimum ripeness of 97%, with a Brix level above 26%. After harvesting, the fruits were washed and the floaters were removed. The selected fruits were then kept in water for 48 hours, with the temperature maintained below 10°C. After draining the water, the coffee fruits were fermented anaerobically for 8 days in a dark, closed room, ensuring the temperature did not cross 10°C. Once the fermentation was completed, the fruits were moved to raised beds and dried in a dark room for 25 days. During this drying period, the coffee cherries were packed in bags and kept in the dark room at night, and every morning they were placed back on the raised beds to continue drying. Tasting Notes: Green Apple • Cherry • Agave Amica",https://boojeecafe.com/products/coal-black-aura-estate-copy,https://cdn.shopify.com/s/files/1/0712/3301/2030/files/17A61CF7-BFEA-463B-B200-E70791AAE58D.png?v=1771500552,Coffee
Silver Lining - Aura estate,Boojee,3300.0,1kg,Dark Roast,Green Apple • Cherry • Agave Amica,,Anaerobic Natural,"Aura Farming – Anaerobic Naturals Process. Grown at 3700ft above sea level, the coffee fruits were harvested at a minimum ripeness of 97%, with a Brix level above 26%. After harvesting, the fruits were washed and the floaters were removed. The selected fruits were then kept in water for 48 hours, with the temperature maintained below 10°C. After draining the water, the coffee fruits were fermented anaerobically for 8 days in a dark, closed room, ensuring the temperature did not cross 10°C. Once the fermentation was completed, the fruits were moved to raised beds and dried in a dark room for 25 days. During this drying period, the coffee cherries were packed in bags and kept in the dark room at night, and every morning they were placed back on the raised beds to continue drying. Tasting Notes: Green Apple • Cherry • Agave Amica",https://boojeecafe.com/products/coal-black-aura-estate-copy,https://cdn.shopify.com/s/files/1/0712/3301/2030/files/17A61CF7-BFEA-463B-B200-E70791AAE58D.png?v=1771500552,Coffee
Silver Lining - Aura estate,Boojee,3300.0,1kg,Dark Roast,Green Apple • Cherry • Agave Amica,,Anaerobic Natural,"Aura Farming – Anaerobic Naturals Process. Grown at 3700ft above sea level, the coffee fruits were harvested at a minimum ripeness of 97%, with a Brix level above 26%. After harvesting, the fruits were washed and the floaters were removed. The selected fruits were then kept in water for 48 hours, with the temperature maintained below 10°C. After draining the water, the coffee fruits were fermented anaerobically for 8 days in a dark, closed room, ensuring the temperature did not cross 10°C. Once the fermentation was completed, the fruits were moved to raised beds and dried in a dark room for 25 days. During this drying period, the coffee cherries were packed in bags and kept in the dark room at night, and every morning they were placed back on the raised beds to continue drying. Tasting Notes: Green Apple • Cherry • Agave Amica",https://boojeecafe.com/products/coal-black-aura-estate-copy,https://cdn.shopify.com/s/files/1/0712/3301/2030/files/17A61CF7-BFEA-463B-B200-E70791AAE58D.png?v=1771500552,Coffee
Silver Lining - Aura estate,Boojee,3300.0,1kg,Dark Roast,Green Apple • Cherry • Agave Amica,,Anaerobic Natural,"Aura Farming – Anaerobic Naturals Process. Grown at 3700ft above sea level, the coffee fruits were harvested at a minimum ripeness of 97%, with a Brix level above 26%. After harvesting, the fruits were washed and the floaters were removed. The selected fruits were then kept in water for 48 hours, with the temperature maintained below 10°C. After draining the water, the coffee fruits were fermented anaerobically for 8 days in a dark, closed room, ensuring the temperature did not cross 10°C. Once the fermentation was completed, the fruits were moved to raised beds and dried in a dark room for 25 days. During this drying period, the coffee cherries were packed in bags and kept in the dark room at night, and every morning they were placed back on the raised beds to continue drying. Tasting Notes: Green Apple • Cherry • Agave Amica",https://boojeecafe.com/products/coal-black-aura-estate-copy,https://cdn.shopify.com/s/files/1/0712/3301/2030/files/17A61CF7-BFEA-463B-B200-E70791AAE58D.png?v=1771500552,Coffee
Silver Lining - Aura estate,Boojee,3300.0,1kg,Dark Roast,Green Apple • Cherry • Agave Amica,,Anaerobic Natural,"Aura Farming – Anaerobic Naturals Process. Grown at 3700ft above sea level, the coffee fruits were harvested at a minimum ripeness of 97%, with a Brix level above 26%. After harvesting, the fruits were washed and the floaters were removed. The selected fruits were then kept in water for 48 hours, with the temperature maintained below 10°C. After draining the water, the coffee fruits were fermented anaerobically for 8 days in a dark, closed room, ensuring the temperature did not cross 10°C. Once the fermentation was completed, the fruits were moved to raised beds and dried in a dark room for 25 days. During this drying period, the coffee cherries were packed in bags and kept in the dark room at night, and every morning they were placed back on the raised beds to continue drying. Tasting Notes: Green Apple • Cherry • Agave Amica",https://boojeecafe.com/products/coal-black-aura-estate-copy,https://cdn.shopify.com/s/files/1/0712/3301/2030/files/17A61CF7-BFEA-463B-B200-E70791AAE58D.png?v=1771500552,Coffee
Silver Lining - Aura estate,Boojee,3300.0,1kg,Dark Roast,Green Apple • Cherry • Agave Amica,,Anaerobic Natural,"Aura Farming – Anaerobic Naturals Process. Grown at 3700ft above sea level, the coffee fruits were harvested at a minimum ripeness of 97%, with a Brix level above 26%. After harvesting, the fruits were washed and the floaters were removed. The selected fruits were then kept in water for 48 hours, with the temperature maintained below 10°C. After draining the water, the coffee fruits were fermented anaerobically for 8 days in a dark, closed room, ensuring the temperature did not cross 10°C. Once the fermentation was completed, the fruits were moved to raised beds and dried in a dark room for 25 days. During this drying period, the coffee cherries were packed in bags and kept in the dark room at night, and every morning they were placed back on the raised beds to continue drying. Tasting Notes: Green Apple • Cherry • Agave Amica",https://boojeecafe.com/products/coal-black-aura-estate-copy,https://cdn.shopify.com/s/files/1/0712/3301/2030/files/17A61CF7-BFEA-463B-B200-E70791AAE58D.png?v=1771500552,Coffee
Silver Lining - Aura estate,Boojee,3300.0,1kg,Dark Roast,Green Apple • Cherry • Agave Amica,,Anaerobic Natural,"Aura Farming – Anaerobic Naturals Process. Grown at 3700ft above sea level, the coffee fruits were harvested at a minimum ripeness of 97%, with a Brix level above 26%. After harvesting, the fruits were washed and the floaters were removed. The selected fruits were then kept in water for 48 hours, with the temperature maintained below 10°C. After draining the water, the coffee fruits were fermented anaerobically for 8 days in a dark, closed room, ensuring the temperature did not cross 10°C. Once the fermentation was completed, the fruits were moved to raised beds and dried in a dark room for 25 days. During this drying period, the coffee cherries were packed in bags and kept in the dark room at night, and every morning they were placed back on the raised beds to continue drying. Tasting Notes: Green Apple • Cherry • Agave Amica",https://boojeecafe.com/products/coal-black-aura-estate-copy,https://cdn.shopify.com/s/files/1/0712/3301/2030/files/17A61CF7-BFEA-463B-B200-E70791AAE58D.png?v=1771500552,Coffee
Silver Lining - Aura estate,Boojee,3300.0,1kg,Dark Roast,Green Apple • Cherry • Agave Amica,,Anaerobic Natural,"Aura Farming – Anaerobic Naturals Process. Grown at 3700ft above sea level, the coffee fruits were harvested at a minimum ripeness of 97%, with a Brix level above 26%. After harvesting, the fruits were washed and the floaters were removed. The selected fruits were then kept in water for 48 hours, with the temperature maintained below 10°C. After draining the water, the coffee fruits were fermented anaerobically for 8 days in a dark, closed room, ensuring the temperature did not cross 10°C. Once the fermentation was completed, the fruits were moved to raised beds and dried in a dark room for 25 days. During this drying period, the coffee cherries were packed in bags and kept in the dark room at night, and every morning they were placed back on the raised beds to continue drying. Tasting Notes: Green Apple • Cherry • Agave Amica",https://boojeecafe.com/products/coal-black-aura-estate-copy,https://cdn.shopify.com/s/files/1/0712/3301/2030/files/17A61CF7-BFEA-463B-B200-E70791AAE58D.png?v=1771500552,Coffee
Silver Lining - Aura estate,Boojee,3300.0,1kg,Dark Roast,Green Apple • Cherry • Agave Amica,,Anaerobic Natural,"Aura Farming – Anaerobic Naturals Process. Grown at 3700ft above sea level, the coffee fruits were harvested at a minimum ripeness of 97%, with a Brix level above 26%. After harvesting, the fruits were washed and the floaters were removed. The selected fruits were then kept in water for 48 hours, with the temperature maintained below 10°C. After draining the water, the coffee fruits were fermented anaerobically for 8 days in a dark, closed room, ensuring the temperature did not cross 10°C. Once the fermentation was completed, the fruits were moved to raised beds and dried in a dark room for 25 days. During this drying period, the coffee cherries were packed in bags and kept in the dark room at night, and every morning they were placed back on the raised beds to continue drying. Tasting Notes: Green Apple • Cherry • Agave Amica",https://boojeecafe.com/products/coal-black-aura-estate-copy,https://cdn.shopify.com/s/files/1/0712/3301/2030/files/17A61CF7-BFEA-463B-B200-E70791AAE58D.png?v=1771500552,Coffee
Silver Lining - Aura estate,Boojee,3300.0,1kg,Dark Roast,Green Apple • Cherry • Agave Amica,,Anaerobic Natural,"Aura Farming – Anaerobic Naturals Process. Grown at 3700ft above sea level, the coffee fruits were harvested at a minimum ripeness of 97%, with a Brix level above 26%. After harvesting, the fruits were washed and the floaters were removed. The selected fruits were then kept in water for 48 hours, with the temperature maintained below 10°C. After draining the water, the coffee fruits were fermented anaerobically for 8 days in a dark, closed room, ensuring the temperature did not cross 10°C. Once the fermentation was completed, the fruits were moved to raised beds and dried in a dark room for 25 days. During this drying period, the coffee cherries were packed in bags and kept in the dark room at night, and every morning they were placed back on the raised beds to continue drying. Tasting Notes: Green Apple • Cherry • Agave Amica",https://boojeecafe.com/products/coal-black-aura-estate-copy,https://cdn.shopify.com/s/files/1/0712/3301/2030/files/17A61CF7-BFEA-463B-B200-E70791AAE58D.png?v=1771500552,Coffee
Silver Lining - Aura estate,Boojee,9000.0,3kg,Dark Roast,Green Apple • Cherry • Agave Amica,,Anaerobic Natural,"Aura Farming – Anaerobic Naturals Process. Grown at 3700ft above sea level, the coffee fruits were harvested at a minimum ripeness of 97%, with a Brix level above 26%. After harvesting, the fruits were washed and the floaters were removed. The selected fruits were then kept in water for 48 hours, with the temperature maintained below 10°C. After draining the water, the coffee fruits were fermented anaerobically for 8 days in a dark, closed room, ensuring the temperature did not cross 10°C. Once the fermentation was completed, the fruits were moved to raised beds and dried in a dark room for 25 days. During this drying period, the coffee cherries were packed in bags and kept in the dark room at night, and every morning they were placed back on the raised beds to continue drying. Tasting Notes: Green Apple • Cherry • Agave Amica",https://boojeecafe.com/products/coal-black-aura-estate-copy,https://cdn.shopify.com/s/files/1/0712/3301/2030/files/17A61CF7-BFEA-463B-B200-E70791AAE58D.png?v=1771500552,Coffee
Silver Lining - Aura estate,Boojee,9000.0,3kg,Dark Roast,Green Apple • Cherry • Agave Amica,,Anaerobic Natural,"Aura Farming – Anaerobic Naturals Process. Grown at 3700ft above sea level, the coffee fruits were harvested at a minimum ripeness of 97%, with a Brix level above 26%. After harvesting, the fruits were washed and the floaters were removed. The selected fruits were then kept in water for 48 hours, with the temperature maintained below 10°C. After draining the water, the coffee fruits were fermented anaerobically for 8 days in a dark, closed room, ensuring the temperature did not cross 10°C. Once the fermentation was completed, the fruits were moved to raised beds and dried in a dark room for 25 days. During this drying period, the coffee cherries were packed in bags and kept in the dark room at night, and every morning they were placed back on the raised beds to continue drying. Tasting Notes: Green Apple • Cherry • Agave Amica",https://boojeecafe.com/products/coal-black-aura-estate-copy,https://cdn.shopify.com/s/files/1/0712/3301/2030/files/17A61CF7-BFEA-463B-B200-E70791AAE58D.png?v=1771500552,Coffee
Silver Lining - Aura estate,Boojee,9000.0,3kg,Dark Roast,Green Apple • Cherry • Agave Amica,,Anaerobic Natural,"Aura Farming – Anaerobic Naturals Process. Grown at 3700ft above sea level, the coffee fruits were harvested at a minimum ripeness of 97%, with a Brix level above 26%. After harvesting, the fruits were washed and the floaters were removed. The selected fruits were then kept in water for 48 hours, with the temperature maintained below 10°C. After draining the water, the coffee fruits were fermented anaerobically for 8 days in a dark, closed room, ensuring the temperature did not cross 10°C. Once the fermentation was completed, the fruits were moved to raised beds and dried in a dark room for 25 days. During this drying period, the coffee cherries were packed in bags and kept in the dark room at night, and every morning they were placed back on the raised beds to continue drying. Tasting Notes: Green Apple • Cherry • Agave Amica",https://boojeecafe.com/products/coal-black-aura-estate-copy,https://cdn.shopify.com/s/files/1/0712/3301/2030/files/17A61CF7-BFEA-463B-B200-E70791AAE58D.png?v=1771500552,Coffee
Silver Lining - Aura estate,Boojee,9000.0,3kg,Dark Roast,Green Apple • Cherry • Agave Amica,,Anaerobic Natural,"Aura Farming – Anaerobic Naturals Process. Grown at 3700ft above sea level, the coffee fruits were harvested at a minimum ripeness of 97%, with a Brix level above 26%. After harvesting, the fruits were washed and the floaters were removed. The selected fruits were then kept in water for 48 hours, with the temperature maintained below 10°C. After draining the water, the coffee fruits were fermented anaerobically for 8 days in a dark, closed room, ensuring the temperature did not cross 10°C. Once the fermentation was completed, the fruits were moved to raised beds and dried in a dark room for 25 days. During this drying period, the coffee cherries were packed in bags and kept in the dark room at night, and every morning they were placed back on the raised beds to continue drying. Tasting Notes: Green Apple • Cherry • Agave Amica",https://boojeecafe.com/products/coal-black-aura-estate-copy,https://cdn.shopify.com/s/files/1/0712/3301/2030/files/17A61CF7-BFEA-463B-B200-E70791AAE58D.png?v=1771500552,Coffee
Silver Lining - Aura estate,Boojee,9000.0,3kg,Dark Roast,Green Apple • Cherry • Agave Amica,,Anaerobic Natural,"Aura Farming – Anaerobic Naturals Process. Grown at 3700ft above sea level, the coffee fruits were harvested at a minimum ripeness of 97%, with a Brix level above 26%. After harvesting, the fruits were washed and the floaters were removed. The selected fruits were then kept in water for 48 hours, with the temperature maintained below 10°C. After draining the water, the coffee fruits were fermented anaerobically for 8 days in a dark, closed room, ensuring the temperature did not cross 10°C. Once the fermentation was completed, the fruits were moved to raised beds and dried in a dark room for 25 days. During this drying period, the coffee cherries were packed in bags and kept in the dark room at night, and every morning they were placed back on the raised beds to continue drying. Tasting Notes: Green Apple • Cherry • Agave Amica",https://boojeecafe.com/products/coal-black-aura-estate-copy,https://cdn.shopify.com/s/files/1/0712/3301/2030/files/17A61CF7-BFEA-463B-B200-E70791AAE58D.png?v=1771500552,Coffee
Silver Lining - Aura estate,Boojee,9000.0,3kg,Dark Roast,Green Apple • Cherry • Agave Amica,,Anaerobic Natural,"Aura Farming – Anaerobic Naturals Process. Grown at 3700ft above sea level, the coffee fruits were harvested at a minimum ripeness of 97%, with a Brix level above 26%. After harvesting, the fruits were washed and the floaters were removed. The selected fruits were then kept in water for 48 hours, with the temperature maintained below 10°C. After draining the water, the coffee fruits were fermented anaerobically for 8 days in a dark, closed room, ensuring the temperature did not cross 10°C. Once the fermentation was completed, the fruits were moved to raised beds and dried in a dark room for 25 days. During this drying period, the coffee cherries were packed in bags and kept in the dark room at night, and every morning they were placed back on the raised beds to continue drying. Tasting Notes: Green Apple • Cherry • Agave Amica",https://boojeecafe.com/products/coal-black-aura-estate-copy,https://cdn.shopify.com/s/files/1/0712/3301/2030/files/17A61CF7-BFEA-463B-B200-E70791AAE58D.png?v=1771500552,Coffee
Silver Lining - Aura estate,Boojee,9000.0,3kg,Dark Roast,Green Apple • Cherry • Agave Amica,,Anaerobic Natural,"Aura Farming – Anaerobic Naturals Process. Grown at 3700ft above sea level, the coffee fruits were harvested at a minimum ripeness of 97%, with a Brix level above 26%. After harvesting, the fruits were washed and the floaters were removed. The selected fruits were then kept in water for 48 hours, with the temperature maintained below 10°C. After draining the water, the coffee fruits were fermented anaerobically for 8 days in a dark, closed room, ensuring the temperature did not cross 10°C. Once the fermentation was completed, the fruits were moved to raised beds and dried in a dark room for 25 days. During this drying period, the coffee cherries were packed in bags and kept in the dark room at night, and every morning they were placed back on the raised beds to continue drying. Tasting Notes: Green Apple • Cherry • Agave Amica",https://boojeecafe.com/products/coal-black-aura-estate-copy,https://cdn.shopify.com/s/files/1/0712/3301/2030/files/17A61CF7-BFEA-463B-B200-E70791AAE58D.png?v=1771500552,Coffee
Silver Lining - Aura estate,Boojee,9000.0,3kg,Dark Roast,Green Apple • Cherry • Agave Amica,,Anaerobic Natural,"Aura Farming – Anaerobic Naturals Process. Grown at 3700ft above sea level, the coffee fruits were harvested at a minimum ripeness of 97%, with a Brix level above 26%. After harvesting, the fruits were washed and the floaters were removed. The selected fruits were then kept in water for 48 hours, with the temperature maintained below 10°C. After draining the water, the coffee fruits were fermented anaerobically for 8 days in a dark, closed room, ensuring the temperature did not cross 10°C. Once the fermentation was completed, the fruits were moved to raised beds and dried in a dark room for 25 days. During this drying period, the coffee cherries were packed in bags and kept in the dark room at night, and every morning they were placed back on the raised beds to continue drying. Tasting Notes: Green Apple • Cherry • Agave Amica",https://boojeecafe.com/products/coal-black-aura-estate-copy,https://cdn.shopify.com/s/files/1/0712/3301/2030/files/17A61CF7-BFEA-463B-B200-E70791AAE58D.png?v=1771500552,Coffee
Silver Lining - Aura estate,Boojee,9000.0,3kg,Dark Roast,Green Apple • Cherry • Agave Amica,,Anaerobic Natural,"Aura Farming – Anaerobic Naturals Process. Grown at 3700ft above sea level, the coffee fruits were harvested at a minimum ripeness of 97%, with a Brix level above 26%. After harvesting, the fruits were washed and the floaters were removed. The selected fruits were then kept in water for 48 hours, with the temperature maintained below 10°C. After draining the water, the coffee fruits were fermented anaerobically for 8 days in a dark, closed room, ensuring the temperature did not cross 10°C. Once the fermentation was completed, the fruits were moved to raised beds and dried in a dark room for 25 days. During this drying period, the coffee cherries were packed in bags and kept in the dark room at night, and every morning they were placed back on the raised beds to continue drying. Tasting Notes: Green Apple • Cherry • Agave Amica",https://boojeecafe.com/products/coal-black-aura-estate-copy,https://cdn.shopify.com/s/files/1/0712/3301/2030/files/17A61CF7-BFEA-463B-B200-E70791AAE58D.png?v=1771500552,Coffee
Silver Lining - Aura estate,Boojee,9000.0,3kg,Dark Roast,Green Apple • Cherry • Agave Amica,,Anaerobic Natural,"Aura Farming – Anaerobic Naturals Process. Grown at 3700ft above sea level, the coffee fruits were harvested at a minimum ripeness of 97%, with a Brix level above 26%. After harvesting, the fruits were washed and the floaters were removed. The selected fruits were then kept in water for 48 hours, with the temperature maintained below 10°C. After draining the water, the coffee fruits were fermented anaerobically for 8 days in a dark, closed room, ensuring the temperature did not cross 10°C. Once the fermentation was completed, the fruits were moved to raised beds and dried in a dark room for 25 days. During this drying period, the coffee cherries were packed in bags and kept in the dark room at night, and every morning they were placed back on the raised beds to continue drying. Tasting Notes: Green Apple • Cherry • Agave Amica",https://boojeecafe.com/products/coal-black-aura-estate-copy,https://cdn.shopify.com/s/files/1/0712/3301/2030/files/17A61CF7-BFEA-463B-B200-E70791AAE58D.png?v=1771500552,Coffee
Silver Lining - Aura estate,Boojee,9000.0,3kg,Dark Roast,Green Apple • Cherry • Agave Amica,,Anaerobic Natural,"Aura Farming – Anaerobic Naturals Process. Grown at 3700ft above sea level, the coffee fruits were harvested at a minimum ripeness of 97%, with a Brix level above 26%. After harvesting, the fruits were washed and the floaters were removed. The selected fruits were then kept in water for 48 hours, with the temperature maintained below 10°C. After draining the water, the coffee fruits were fermented anaerobically for 8 days in a dark, closed room, ensuring the temperature did not cross 10°C. Once the fermentation was completed, the fruits were moved to raised beds and dried in a dark room for 25 days. During this drying period, the coffee cherries were packed in bags and kept in the dark room at night, and every morning they were placed back on the raised beds to continue drying. Tasting Notes: Green Apple • Cherry • Agave Amica",https://boojeecafe.com/products/coal-black-aura-estate-copy,https://cdn.shopify.com/s/files/1/0712/3301/2030/files/17A61CF7-BFEA-463B-B200-E70791AAE58D.png?v=1771500552,Coffee
Silver Lining - Aura estate,Boojee,9000.0,3kg,Dark Roast,Green Apple • Cherry • Agave Amica,,Anaerobic Natural,"Aura Farming – Anaerobic Naturals Process. Grown at 3700ft above sea level, the coffee fruits were harvested at a minimum ripeness of 97%, with a Brix level above 26%. After harvesting, the fruits were washed and the floaters were removed. The selected fruits were then kept in water for 48 hours, with the temperature maintained below 10°C. After draining the water, the coffee fruits were fermented anaerobically for 8 days in a dark, closed room, ensuring the temperature did not cross 10°C. Once the fermentation was completed, the fruits were moved to raised beds and dried in a dark room for 25 days. During this drying period, the coffee cherries were packed in bags and kept in the dark room at night, and every morning they were placed back on the raised beds to continue drying. Tasting Notes: Green Apple • Cherry • Agave Amica",https://boojeecafe.com/products/coal-black-aura-estate-copy,https://cdn.shopify.com/s/files/1/0712/3301/2030/files/17A61CF7-BFEA-463B-B200-E70791AAE58D.png?v=1771500552,Coffee
Silver Lining - Aura estate,Boojee,9000.0,3kg,Dark Roast,Green Apple • Cherry • Agave Amica,,Anaerobic Natural,"Aura Farming – Anaerobic Naturals Process. Grown at 3700ft above sea level, the coffee fruits were harvested at a minimum ripeness of 97%, with a Brix level above 26%. After harvesting, the fruits were washed and the floaters were removed. The selected fruits were then kept in water for 48 hours, with the temperature maintained below 10°C. After draining the water, the coffee fruits were fermented anaerobically for 8 days in a dark, closed room, ensuring the temperature did not cross 10°C. Once the fermentation was completed, the fruits were moved to raised beds and dried in a dark room for 25 days. During this drying period, the coffee cherries were packed in bags and kept in the dark room at night, and every morning they were placed back on the raised beds to continue drying. Tasting Notes: Green Apple • Cherry • Agave Amica",https://boojeecafe.com/products/coal-black-aura-estate-copy,https://cdn.shopify.com/s/files/1/0712/3301/2030/files/17A61CF7-BFEA-463B-B200-E70791AAE58D.png?v=1771500552,Coffee
Silver Lining - Aura estate,Boojee,9000.0,3kg,Dark Roast,Green Apple • Cherry • Agave Amica,,Anaerobic Natural,"Aura Farming – Anaerobic Naturals Process. Grown at 3700ft above sea level, the coffee fruits were harvested at a minimum ripeness of 97%, with a Brix level above 26%. After harvesting, the fruits were washed and the floaters were removed. The selected fruits were then kept in water for 48 hours, with the temperature maintained below 10°C. After draining the water, the coffee fruits were fermented anaerobically for 8 days in a dark, closed room, ensuring the temperature did not cross 10°C. Once the fermentation was completed, the fruits were moved to raised beds and dried in a dark room for 25 days. During this drying period, the coffee cherries were packed in bags and kept in the dark room at night, and every morning they were placed back on the raised beds to continue drying. Tasting Notes: Green Apple • Cherry • Agave Amica",https://boojeecafe.com/products/coal-black-aura-estate-copy,https://cdn.shopify.com/s/files/1/0712/3301/2030/files/17A61CF7-BFEA-463B-B200-E70791AAE58D.png?v=1771500552,Coffee
Silver Lining - Aura estate,Boojee,9000.0,3kg,Dark Roast,Green Apple • Cherry • Agave Amica,,Anaerobic Natural,"Aura Farming – Anaerobic Naturals Process. Grown at 3700ft above sea level, the coffee fruits were harvested at a minimum ripeness of 97%, with a Brix level above 26%. After harvesting, the fruits were washed and the floaters were removed. The selected fruits were then kept in water for 48 hours, with the temperature maintained below 10°C. After draining the water, the coffee fruits were fermented anaerobically for 8 days in a dark, closed room, ensuring the temperature did not cross 10°C. Once the fermentation was completed, the fruits were moved to raised beds and dried in a dark room for 25 days. During this drying period, the coffee cherries were packed in bags and kept in the dark room at night, and every morning they were placed back on the raised beds to continue drying. Tasting Notes: Green Apple • Cherry • Agave Amica",https://boojeecafe.com/products/coal-black-aura-estate-copy,https://cdn.shopify.com/s/files/1/0712/3301/2030/files/17A61CF7-BFEA-463B-B200-E70791AAE58D.png?v=1771500552,Coffee
Silver Lining - Aura estate,Boojee,9000.0,3kg,Dark Roast,Green Apple • Cherry • Agave Amica,,Anaerobic Natural,"Aura Farming – Anaerobic Naturals Process. Grown at 3700ft above sea level, the coffee fruits were harvested at a minimum ripeness of 97%, with a Brix level above 26%. After harvesting, the fruits were washed and the floaters were removed. The selected fruits were then kept in water for 48 hours, with the temperature maintained below 10°C. After draining the water, the coffee fruits were fermented anaerobically for 8 days in a dark, closed room, ensuring the temperature did not cross 10°C. Once the fermentation was completed, the fruits were moved to raised beds and dried in a dark room for 25 days. During this drying period, the coffee cherries were packed in bags and kept in the dark room at night, and every morning they were placed back on the raised beds to continue drying. Tasting Notes: Green Apple • Cherry • Agave Amica",https://boojeecafe.com/products/coal-black-aura-estate-copy,https://cdn.shopify.com/s/files/1/0712/3301/2030/files/17A61CF7-BFEA-463B-B200-E70791AAE58D.png?v=1771500552,Coffee
Silver Lining - Aura estate,Boojee,9000.0,3kg,Dark Roast,Green Apple • Cherry • Agave Amica,,Anaerobic Natural,"Aura Farming – Anaerobic Naturals Process. Grown at 3700ft above sea level, the coffee fruits were harvested at a minimum ripeness of 97%, with a Brix level above 26%. After harvesting, the fruits were washed and the floaters were removed. The selected fruits were then kept in water for 48 hours, with the temperature maintained below 10°C. After draining the water, the coffee fruits were fermented anaerobically for 8 days in a dark, closed room, ensuring the temperature did not cross 10°C. Once the fermentation was completed, the fruits were moved to raised beds and dried in a dark room for 25 days. During this drying period, the coffee cherries were packed in bags and kept in the dark room at night, and every morning they were placed back on the raised beds to continue drying. Tasting Notes: Green Apple • Cherry • Agave Amica",https://boojeecafe.com/products/coal-black-aura-estate-copy,https://cdn.shopify.com/s/files/1/0712/3301/2030/files/17A61CF7-BFEA-463B-B200-E70791AAE58D.png?v=1771500552,Coffee
Silver Lining - Aura estate,Boojee,9000.0,3kg,Dark Roast,Green Apple • Cherry • Agave Amica,,Anaerobic Natural,"Aura Farming – Anaerobic Naturals Process. Grown at 3700ft above sea level, the coffee fruits were harvested at a minimum ripeness of 97%, with a Brix level above 26%. After harvesting, the fruits were washed and the floaters were removed. The selected fruits were then kept in water for 48 hours, with the temperature maintained below 10°C. After draining the water, the coffee fruits were fermented anaerobically for 8 days in a dark, closed room, ensuring the temperature did not cross 10°C. Once the fermentation was completed, the fruits were moved to raised beds and dried in a dark room for 25 days. During this drying period, the coffee cherries were packed in bags and kept in the dark room at night, and every morning they were placed back on the raised beds to continue drying. Tasting Notes: Green Apple • Cherry • Agave Amica",https://boojeecafe.com/products/coal-black-aura-estate-copy,https://cdn.shopify.com/s/files/1/0712/3301/2030/files/17A61CF7-BFEA-463B-B200-E70791AAE58D.png?v=1771500552,Coffee
Coal Black - Aura estate,Boojee,995.0,250g,,Molasses • Cocoa nibs/Toasted nuts • Passion fruit,,Anaerobic Natural,"Aura Farming – Banana Washed Process. Grown at 3700ft above sea level, Coal Black is crafted from Coffee cherries are harvested at a minimum ripeness level of above 95%. After harvesting, the cherries are washed, and all floating fruits are removed to ensure quality selection. These cherries are kept in an anaerobic natural fermentation in a container for 24 hours. The coffee fruits are then pulped and transferred to a container arranged layer by layer with banana leaves, where they are kept for 48 hours of fermentation, during which pH, temperature, and humidity are controlled. Finally, after fermentation, the coffee fruits are washed and transferred to raised beds, where they are slowly dried for 18 Days. During the drying period, temperature and relative humidity are carefully monitored and maintained to ensure uniform drying and preserve coffee quality. Tasting Notes: Molasses • Cocoa nibs/Toasted nuts • Passion fruit",https://boojeecafe.com/products/liquid-gold-aura-estate-copy,https://cdn.shopify.com/s/files/1/0712/3301/2030/files/17A61CF7-BFEA-463B-B200-E70791AAE58D.png?v=1771500552,Coffee
Coal Black - Aura estate,Boojee,995.0,250g,,Molasses • Cocoa nibs/Toasted nuts • Passion fruit,,Anaerobic Natural,"Aura Farming – Banana Washed Process. Grown at 3700ft above sea level, Coal Black is crafted from Coffee cherries are harvested at a minimum ripeness level of above 95%. After harvesting, the cherries are washed, and all floating fruits are removed to ensure quality selection. These cherries are kept in an anaerobic natural fermentation in a container for 24 hours. The coffee fruits are then pulped and transferred to a container arranged layer by layer with banana leaves, where they are kept for 48 hours of fermentation, during which pH, temperature, and humidity are controlled. Finally, after fermentation, the coffee fruits are washed and transferred to raised beds, where they are slowly dried for 18 Days. During the drying period, temperature and relative humidity are carefully monitored and maintained to ensure uniform drying and preserve coffee quality. Tasting Notes: Molasses • Cocoa nibs/Toasted nuts • Passion fruit",https://boojeecafe.com/products/liquid-gold-aura-estate-copy,https://cdn.shopify.com/s/files/1/0712/3301/2030/files/17A61CF7-BFEA-463B-B200-E70791AAE58D.png?v=1771500552,Coffee
Coal Black - Aura estate,Boojee,995.0,250g,,Molasses • Cocoa nibs/Toasted nuts • Passion fruit,,Anaerobic Natural,"Aura Farming – Banana Washed Process. Grown at 3700ft above sea level, Coal Black is crafted from Coffee cherries are harvested at a minimum ripeness level of above 95%. After harvesting, the cherries are washed, and all floating fruits are removed to ensure quality selection. These cherries are kept in an anaerobic natural fermentation in a container for 24 hours. The coffee fruits are then pulped and transferred to a container arranged layer by layer with banana leaves, where they are kept for 48 hours of fermentation, during which pH, temperature, and humidity are controlled. Finally, after fermentation, the coffee fruits are washed and transferred to raised beds, where they are slowly dried for 18 Days. During the drying period, temperature and relative humidity are carefully monitored and maintained to ensure uniform drying and preserve coffee quality. Tasting Notes: Molasses • Cocoa nibs/Toasted nuts • Passion fruit",https://boojeecafe.com/products/liquid-gold-aura-estate-copy,https://cdn.shopify.com/s/files/1/0712/3301/2030/files/17A61CF7-BFEA-463B-B200-E70791AAE58D.png?v=1771500552,Coffee
Coal Black - Aura estate,Boojee,995.0,250g,,Molasses • Cocoa nibs/Toasted nuts • Passion fruit,,Anaerobic Natural,"Aura Farming – Banana Washed Process. Grown at 3700ft above sea level, Coal Black is crafted from Coffee cherries are harvested at a minimum ripeness level of above 95%. After harvesting, the cherries are washed, and all floating fruits are removed to ensure quality selection. These cherries are kept in an anaerobic natural fermentation in a container for 24 hours. The coffee fruits are then pulped and transferred to a container arranged layer by layer with banana leaves, where they are kept for 48 hours of fermentation, during which pH, temperature, and humidity are controlled. Finally, after fermentation, the coffee fruits are washed and transferred to raised beds, where they are slowly dried for 18 Days. During the drying period, temperature and relative humidity are carefully monitored and maintained to ensure uniform drying and preserve coffee quality. Tasting Notes: Molasses • Cocoa nibs/Toasted nuts • Passion fruit",https://boojeecafe.com/products/liquid-gold-aura-estate-copy,https://cdn.shopify.com/s/files/1/0712/3301/2030/files/17A61CF7-BFEA-463B-B200-E70791AAE58D.png?v=1771500552,Coffee
Coal Black - Aura estate,Boojee,995.0,250g,,Molasses • Cocoa nibs/Toasted nuts • Passion fruit,,Anaerobic Natural,"Aura Farming – Banana Washed Process. Grown at 3700ft above sea level, Coal Black is crafted from Coffee cherries are harvested at a minimum ripeness level of above 95%. After harvesting, the cherries are washed, and all floating fruits are removed to ensure quality selection. These cherries are kept in an anaerobic natural fermentation in a container for 24 hours. The coffee fruits are then pulped and transferred to a container arranged layer by layer with banana leaves, where they are kept for 48 hours of fermentation, during which pH, temperature, and humidity are controlled. Finally, after fermentation, the coffee fruits are washed and transferred to raised beds, where they are slowly dried for 18 Days. During the drying period, temperature and relative humidity are carefully monitored and maintained to ensure uniform drying and preserve coffee quality. Tasting Notes: Molasses • Cocoa nibs/Toasted nuts • Passion fruit",https://boojeecafe.com/products/liquid-gold-aura-estate-copy,https://cdn.shopify.com/s/files/1/0712/3301/2030/files/17A61CF7-BFEA-463B-B200-E70791AAE58D.png?v=1771500552,Coffee
Coal Black - Aura estate,Boojee,995.0,250g,,Molasses • Cocoa nibs/Toasted nuts • Passion fruit,,Anaerobic Natural,"Aura Farming – Banana Washed Process. Grown at 3700ft above sea level, Coal Black is crafted from Coffee cherries are harvested at a minimum ripeness level of above 95%. After harvesting, the cherries are washed, and all floating fruits are removed to ensure quality selection. These cherries are kept in an anaerobic natural fermentation in a container for 24 hours. The coffee fruits are then pulped and transferred to a container arranged layer by layer with banana leaves, where they are kept for 48 hours of fermentation, during which pH, temperature, and humidity are controlled. Finally, after fermentation, the coffee fruits are washed and transferred to raised beds, where they are slowly dried for 18 Days. During the drying period, temperature and relative humidity are carefully monitored and maintained to ensure uniform drying and preserve coffee quality. Tasting Notes: Molasses • Cocoa nibs/Toasted nuts • Passion fruit",https://boojeecafe.com/products/liquid-gold-aura-estate-copy,https://cdn.shopify.com/s/files/1/0712/3301/2030/files/17A61CF7-BFEA-463B-B200-E70791AAE58D.png?v=1771500552,Coffee
Coal Black - Aura estate,Boojee,995.0,250g,,Molasses • Cocoa nibs/Toasted nuts • Passion fruit,,Anaerobic Natural,"Aura Farming – Banana Washed Process. Grown at 3700ft above sea level, Coal Black is crafted from Coffee cherries are harvested at a minimum ripeness level of above 95%. After harvesting, the cherries are washed, and all floating fruits are removed to ensure quality selection. These cherries are kept in an anaerobic natural fermentation in a container for 24 hours. The coffee fruits are then pulped and transferred to a container arranged layer by layer with banana leaves, where they are kept for 48 hours of fermentation, during which pH, temperature, and humidity are controlled. Finally, after fermentation, the coffee fruits are washed and transferred to raised beds, where they are slowly dried for 18 Days. During the drying period, temperature and relative humidity are carefully monitored and maintained to ensure uniform drying and preserve coffee quality. Tasting Notes: Molasses • Cocoa nibs/Toasted nuts • Passion fruit",https://boojeecafe.com/products/liquid-gold-aura-estate-copy,https://cdn.shopify.com/s/files/1/0712/3301/2030/files/17A61CF7-BFEA-463B-B200-E70791AAE58D.png?v=1771500552,Coffee
Coal Black - Aura estate,Boojee,995.0,250g,,Molasses • Cocoa nibs/Toasted nuts • Passion fruit,,Anaerobic Natural,"Aura Farming – Banana Washed Process. Grown at 3700ft above sea level, Coal Black is crafted from Coffee cherries are harvested at a minimum ripeness level of above 95%. After harvesting, the cherries are washed, and all floating fruits are removed to ensure quality selection. These cherries are kept in an anaerobic natural fermentation in a container for 24 hours. The coffee fruits are then pulped and transferred to a container arranged layer by layer with banana leaves, where they are kept for 48 hours of fermentation, during which pH, temperature, and humidity are controlled. Finally, after fermentation, the coffee fruits are washed and transferred to raised beds, where they are slowly dried for 18 Days. During the drying period, temperature and relative humidity are carefully monitored and maintained to ensure uniform drying and preserve coffee quality. Tasting Notes: Molasses • Cocoa nibs/Toasted nuts • Passion fruit",https://boojeecafe.com/products/liquid-gold-aura-estate-copy,https://cdn.shopify.com/s/files/1/0712/3301/2030/files/17A61CF7-BFEA-463B-B200-E70791AAE58D.png?v=1771500552,Coffee
Coal Black - Aura estate,Boojee,995.0,250g,,Molasses • Cocoa nibs/Toasted nuts • Passion fruit,,Anaerobic Natural,"Aura Farming – Banana Washed Process. Grown at 3700ft above sea level, Coal Black is crafted from Coffee cherries are harvested at a minimum ripeness level of above 95%. After harvesting, the cherries are washed, and all floating fruits are removed to ensure quality selection. These cherries are kept in an anaerobic natural fermentation in a container for 24 hours. The coffee fruits are then pulped and transferred to a container arranged layer by layer with banana leaves, where they are kept for 48 hours of fermentation, during which pH, temperature, and humidity are controlled. Finally, after fermentation, the coffee fruits are washed and transferred to raised beds, where they are slowly dried for 18 Days. During the drying period, temperature and relative humidity are carefully monitored and maintained to ensure uniform drying and preserve coffee quality. Tasting Notes: Molasses • Cocoa nibs/Toasted nuts • Passion fruit",https://boojeecafe.com/products/liquid-gold-aura-estate-copy,https://cdn.shopify.com/s/files/1/0712/3301/2030/files/17A61CF7-BFEA-463B-B200-E70791AAE58D.png?v=1771500552,Coffee
Coal Black - Aura estate,Boojee,995.0,250g,,Molasses • Cocoa nibs/Toasted nuts • Passion fruit,,Anaerobic Natural,"Aura Farming – Banana Washed Process. Grown at 3700ft above sea level, Coal Black is crafted from Coffee cherries are harvested at a minimum ripeness level of above 95%. After harvesting, the cherries are washed, and all floating fruits are removed to ensure quality selection. These cherries are kept in an anaerobic natural fermentation in a container for 24 hours. The coffee fruits are then pulped and transferred to a container arranged layer by layer with banana leaves, where they are kept for 48 hours of fermentation, during which pH, temperature, and humidity are controlled. Finally, after fermentation, the coffee fruits are washed and transferred to raised beds, where they are slowly dried for 18 Days. During the drying period, temperature and relative humidity are carefully monitored and maintained to ensure uniform drying and preserve coffee quality. Tasting Notes: Molasses • Cocoa nibs/Toasted nuts • Passion fruit",https://boojeecafe.com/products/liquid-gold-aura-estate-copy,https://cdn.shopify.com/s/files/1/0712/3301/2030/files/17A61CF7-BFEA-463B-B200-E70791AAE58D.png?v=1771500552,Coffee
Coal Black - Aura estate,Boojee,995.0,250g,,Molasses • Cocoa nibs/Toasted nuts • Passion fruit,,Anaerobic Natural,"Aura Farming – Banana Washed Process. Grown at 3700ft above sea level, Coal Black is crafted from Coffee cherries are harvested at a minimum ripeness level of above 95%. After harvesting, the cherries are washed, and all floating fruits are removed to ensure quality selection. These cherries are kept in an anaerobic natural fermentation in a container for 24 hours. The coffee fruits are then pulped and transferred to a container arranged layer by layer with banana leaves, where they are kept for 48 hours of fermentation, during which pH, temperature, and humidity are controlled. Finally, after fermentation, the coffee fruits are washed and transferred to raised beds, where they are slowly dried for 18 Days. During the drying period, temperature and relative humidity are carefully monitored and maintained to ensure uniform drying and preserve coffee quality. Tasting Notes: Molasses • Cocoa nibs/Toasted nuts • Passion fruit",https://boojeecafe.com/products/liquid-gold-aura-estate-copy,https://cdn.shopify.com/s/files/1/0712/3301/2030/files/17A61CF7-BFEA-463B-B200-E70791AAE58D.png?v=1771500552,Coffee
Coal Black - Aura estate,Boojee,995.0,250g,,Molasses • Cocoa nibs/Toasted nuts • Passion fruit,,Anaerobic Natural,"Aura Farming – Banana Washed Process. Grown at 3700ft above sea level, Coal Black is crafted from Coffee cherries are harvested at a minimum ripeness level of above 95%. After harvesting, the cherries are washed, and all floating fruits are removed to ensure quality selection. These cherries are kept in an anaerobic natural fermentation in a container for 24 hours. The coffee fruits are then pulped and transferred to a container arranged layer by layer with banana leaves, where they are kept for 48 hours of fermentation, during which pH, temperature, and humidity are controlled. Finally, after fermentation, the coffee fruits are washed and transferred to raised beds, where they are slowly dried for 18 Days. During the drying period, temperature and relative humidity are carefully monitored and maintained to ensure uniform drying and preserve coffee quality. Tasting Notes: Molasses • Cocoa nibs/Toasted nuts • Passion fruit",https://boojeecafe.com/products/liquid-gold-aura-estate-copy,https://cdn.shopify.com/s/files/1/0712/3301/2030/files/17A61CF7-BFEA-463B-B200-E70791AAE58D.png?v=1771500552,Coffee
Coal Black - Aura estate,Boojee,995.0,250g,,Molasses • Cocoa nibs/Toasted nuts • Passion fruit,,Anaerobic Natural,"Aura Farming – Banana Washed Process. Grown at 3700ft above sea level, Coal Black is crafted from Coffee cherries are harvested at a minimum ripeness level of above 95%. After harvesting, the cherries are washed, and all floating fruits are removed to ensure quality selection. These cherries are kept in an anaerobic natural fermentation in a container for 24 hours. The coffee fruits are then pulped and transferred to a container arranged layer by layer with banana leaves, where they are kept for 48 hours of fermentation, during which pH, temperature, and humidity are controlled. Finally, after fermentation, the coffee fruits are washed and transferred to raised beds, where they are slowly dried for 18 Days. During the drying period, temperature and relative humidity are carefully monitored and maintained to ensure uniform drying and preserve coffee quality. Tasting Notes: Molasses • Cocoa nibs/Toasted nuts • Passion fruit",https://boojeecafe.com/products/liquid-gold-aura-estate-copy,https://cdn.shopify.com/s/files/1/0712/3301/2030/files/17A61CF7-BFEA-463B-B200-E70791AAE58D.png?v=1771500552,Coffee
Coal Black - Aura estate,Boojee,995.0,250g,,Molasses • Cocoa nibs/Toasted nuts • Passion fruit,,Anaerobic Natural,"Aura Farming – Banana Washed Process. Grown at 3700ft above sea level, Coal Black is crafted from Coffee cherries are harvested at a minimum ripeness level of above 95%. After harvesting, the cherries are washed, and all floating fruits are removed to ensure quality selection. These cherries are kept in an anaerobic natural fermentation in a container for 24 hours. The coffee fruits are then pulped and transferred to a container arranged layer by layer with banana leaves, where they are kept for 48 hours of fermentation, during which pH, temperature, and humidity are controlled. Finally, after fermentation, the coffee fruits are washed and transferred to raised beds, where they are slowly dried for 18 Days. During the drying period, temperature and relative humidity are carefully monitored and maintained to ensure uniform drying and preserve coffee quality. Tasting Notes: Molasses • Cocoa nibs/Toasted nuts • Passion fruit",https://boojeecafe.com/products/liquid-gold-aura-estate-copy,https://cdn.shopify.com/s/files/1/0712/3301/2030/files/17A61CF7-BFEA-463B-B200-E70791AAE58D.png?v=1771500552,Coffee
Coal Black - Aura estate,Boojee,995.0,250g,,Molasses • Cocoa nibs/Toasted nuts • Passion fruit,,Anaerobic Natural,"Aura Farming – Banana Washed Process. Grown at 3700ft above sea level, Coal Black is crafted from Coffee cherries are harvested at a minimum ripeness level of above 95%. After harvesting, the cherries are washed, and all floating fruits are removed to ensure quality selection. These cherries are kept in an anaerobic natural fermentation in a container for 24 hours. The coffee fruits are then pulped and transferred to a container arranged layer by layer with banana leaves, where they are kept for 48 hours of fermentation, during which pH, temperature, and humidity are controlled. Finally, after fermentation, the coffee fruits are washed and transferred to raised beds, where they are slowly dried for 18 Days. During the drying period, temperature and relative humidity are carefully monitored and maintained to ensure uniform drying and preserve coffee quality. Tasting Notes: Molasses • Cocoa nibs/Toasted nuts • Passion fruit",https://boojeecafe.com/products/liquid-gold-aura-estate-copy,https://cdn.shopify.com/s/files/1/0712/3301/2030/files/17A61CF7-BFEA-463B-B200-E70791AAE58D.png?v=1771500552,Coffee
Coal Black - Aura estate,Boojee,995.0,250g,,Molasses • Cocoa nibs/Toasted nuts • Passion fruit,,Anaerobic Natural,"Aura Farming – Banana Washed Process. Grown at 3700ft above sea level, Coal Black is crafted from Coffee cherries are harvested at a minimum ripeness level of above 95%. After harvesting, the cherries are washed, and all floating fruits are removed to ensure quality selection. These cherries are kept in an anaerobic natural fermentation in a container for 24 hours. The coffee fruits are then pulped and transferred to a container arranged layer by layer with banana leaves, where they are kept for 48 hours of fermentation, during which pH, temperature, and humidity are controlled. Finally, after fermentation, the coffee fruits are washed and transferred to raised beds, where they are slowly dried for 18 Days. During the drying period, temperature and relative humidity are carefully monitored and maintained to ensure uniform drying and preserve coffee quality. Tasting Notes: Molasses • Cocoa nibs/Toasted nuts • Passion fruit",https://boojeecafe.com/products/liquid-gold-aura-estate-copy,https://cdn.shopify.com/s/files/1/0712/3301/2030/files/17A61CF7-BFEA-463B-B200-E70791AAE58D.png?v=1771500552,Coffee
Coal Black - Aura estate,Boojee,995.0,250g,,Molasses • Cocoa nibs/Toasted nuts • Passion fruit,,Anaerobic Natural,"Aura Farming – Banana Washed Process. Grown at 3700ft above sea level, Coal Black is crafted from Coffee cherries are harvested at a minimum ripeness level of above 95%. After harvesting, the cherries are washed, and all floating fruits are removed to ensure quality selection. These cherries are kept in an anaerobic natural fermentation in a container for 24 hours. The coffee fruits are then pulped and transferred to a container arranged layer by layer with banana leaves, where they are kept for 48 hours of fermentation, during which pH, temperature, and humidity are controlled. Finally, after fermentation, the coffee fruits are washed and transferred to raised beds, where they are slowly dried for 18 Days. During the drying period, temperature and relative humidity are carefully monitored and maintained to ensure uniform drying and preserve coffee quality. Tasting Notes: Molasses • Cocoa nibs/Toasted nuts • Passion fruit",https://boojeecafe.com/products/liquid-gold-aura-estate-copy,https://cdn.shopify.com/s/files/1/0712/3301/2030/files/17A61CF7-BFEA-463B-B200-E70791AAE58D.png?v=1771500552,Coffee
Coal Black - Aura estate,Boojee,995.0,250g,,Molasses • Cocoa nibs/Toasted nuts • Passion fruit,,Anaerobic Natural,"Aura Farming – Banana Washed Process. Grown at 3700ft above sea level, Coal Black is crafted from Coffee cherries are harvested at a minimum ripeness level of above 95%. After harvesting, the cherries are washed, and all floating fruits are removed to ensure quality selection. These cherries are kept in an anaerobic natural fermentation in a container for 24 hours. The coffee fruits are then pulped and transferred to a container arranged layer by layer with banana leaves, where they are kept for 48 hours of fermentation, during which pH, temperature, and humidity are controlled. Finally, after fermentation, the coffee fruits are washed and transferred to raised beds, where they are slowly dried for 18 Days. During the drying period, temperature and relative humidity are carefully monitored and maintained to ensure uniform drying and preserve coffee quality. Tasting Notes: Molasses • Cocoa nibs/Toasted nuts • Passion fruit",https://boojeecafe.com/products/liquid-gold-aura-estate-copy,https://cdn.shopify.com/s/files/1/0712/3301/2030/files/17A61CF7-BFEA-463B-B200-E70791AAE58D.png?v=1771500552,Coffee
Coal Black - Aura estate,Boojee,3300.0,1kg,,Molasses • Cocoa nibs/Toasted nuts • Passion fruit,,Anaerobic Natural,"Aura Farming – Banana Washed Process. Grown at 3700ft above sea level, Coal Black is crafted from Coffee cherries are harvested at a minimum ripeness level of above 95%. After harvesting, the cherries are washed, and all floating fruits are removed to ensure quality selection. These cherries are kept in an anaerobic natural fermentation in a container for 24 hours. The coffee fruits are then pulped and transferred to a container arranged layer by layer with banana leaves, where they are kept for 48 hours of fermentation, during which pH, temperature, and humidity are controlled. Finally, after fermentation, the coffee fruits are washed and transferred to raised beds, where they are slowly dried for 18 Days. During the drying period, temperature and relative humidity are carefully monitored and maintained to ensure uniform drying and preserve coffee quality. Tasting Notes: Molasses • Cocoa nibs/Toasted nuts • Passion fruit",https://boojeecafe.com/products/liquid-gold-aura-estate-copy,https://cdn.shopify.com/s/files/1/0712/3301/2030/files/17A61CF7-BFEA-463B-B200-E70791AAE58D.png?v=1771500552,Coffee
Coal Black - Aura estate,Boojee,3300.0,1kg,,Molasses • Cocoa nibs/Toasted nuts • Passion fruit,,Anaerobic Natural,"Aura Farming – Banana Washed Process. Grown at 3700ft above sea level, Coal Black is crafted from Coffee cherries are harvested at a minimum ripeness level of above 95%. After harvesting, the cherries are washed, and all floating fruits are removed to ensure quality selection. These cherries are kept in an anaerobic natural fermentation in a container for 24 hours. The coffee fruits are then pulped and transferred to a container arranged layer by layer with banana leaves, where they are kept for 48 hours of fermentation, during which pH, temperature, and humidity are controlled. Finally, after fermentation, the coffee fruits are washed and transferred to raised beds, where they are slowly dried for 18 Days. During the drying period, temperature and relative humidity are carefully monitored and maintained to ensure uniform drying and preserve coffee quality. Tasting Notes: Molasses • Cocoa nibs/Toasted nuts • Passion fruit",https://boojeecafe.com/products/liquid-gold-aura-estate-copy,https://cdn.shopify.com/s/files/1/0712/3301/2030/files/17A61CF7-BFEA-463B-B200-E70791AAE58D.png?v=1771500552,Coffee
Coal Black - Aura estate,Boojee,3300.0,1kg,,Molasses • Cocoa nibs/Toasted nuts • Passion fruit,,Anaerobic Natural,"Aura Farming – Banana Washed Process. Grown at 3700ft above sea level, Coal Black is crafted from Coffee cherries are harvested at a minimum ripeness level of above 95%. After harvesting, the cherries are washed, and all floating fruits are removed to ensure quality selection. These cherries are kept in an anaerobic natural fermentation in a container for 24 hours. The coffee fruits are then pulped and transferred to a container arranged layer by layer with banana leaves, where they are kept for 48 hours of fermentation, during which pH, temperature, and humidity are controlled. Finally, after fermentation, the coffee fruits are washed and transferred to raised beds, where they are slowly dried for 18 Days. During the drying period, temperature and relative humidity are carefully monitored and maintained to ensure uniform drying and preserve coffee quality. Tasting Notes: Molasses • Cocoa nibs/Toasted nuts • Passion fruit",https://boojeecafe.com/products/liquid-gold-aura-estate-copy,https://cdn.shopify.com/s/files/1/0712/3301/2030/files/17A61CF7-BFEA-463B-B200-E70791AAE58D.png?v=1771500552,Coffee
Coal Black - Aura estate,Boojee,3300.0,1kg,,Molasses • Cocoa nibs/Toasted nuts • Passion fruit,,Anaerobic Natural,"Aura Farming – Banana Washed Process. Grown at 3700ft above sea level, Coal Black is crafted from Coffee cherries are harvested at a minimum ripeness level of above 95%. After harvesting, the cherries are washed, and all floating fruits are removed to ensure quality selection. These cherries are kept in an anaerobic natural fermentation in a container for 24 hours. The coffee fruits are then pulped and transferred to a container arranged layer by layer with banana leaves, where they are kept for 48 hours of fermentation, during which pH, temperature, and humidity are controlled. Finally, after fermentation, the coffee fruits are washed and transferred to raised beds, where they are slowly dried for 18 Days. During the drying period, temperature and relative humidity are carefully monitored and maintained to ensure uniform drying and preserve coffee quality. Tasting Notes: Molasses • Cocoa nibs/Toasted nuts • Passion fruit",https://boojeecafe.com/products/liquid-gold-aura-estate-copy,https://cdn.shopify.com/s/files/1/0712/3301/2030/files/17A61CF7-BFEA-463B-B200-E70791AAE58D.png?v=1771500552,Coffee
Coal Black - Aura estate,Boojee,3300.0,1kg,,Molasses • Cocoa nibs/Toasted nuts • Passion fruit,,Anaerobic Natural,"Aura Farming – Banana Washed Process. Grown at 3700ft above sea level, Coal Black is crafted from Coffee cherries are harvested at a minimum ripeness level of above 95%. After harvesting, the cherries are washed, and all floating fruits are removed to ensure quality selection. These cherries are kept in an anaerobic natural fermentation in a container for 24 hours. The coffee fruits are then pulped and transferred to a container arranged layer by layer with banana leaves, where they are kept for 48 hours of fermentation, during which pH, temperature, and humidity are controlled. Finally, after fermentation, the coffee fruits are washed and transferred to raised beds, where they are slowly dried for 18 Days. During the drying period, temperature and relative humidity are carefully monitored and maintained to ensure uniform drying and preserve coffee quality. Tasting Notes: Molasses • Cocoa nibs/Toasted nuts • Passion fruit",https://boojeecafe.com/products/liquid-gold-aura-estate-copy,https://cdn.shopify.com/s/files/1/0712/3301/2030/files/17A61CF7-BFEA-463B-B200-E70791AAE58D.png?v=1771500552,Coffee
Coal Black - Aura estate,Boojee,3300.0,1kg,,Molasses • Cocoa nibs/Toasted nuts • Passion fruit,,Anaerobic Natural,"Aura Farming – Banana Washed Process. Grown at 3700ft above sea level, Coal Black is crafted from Coffee cherries are harvested at a minimum ripeness level of above 95%. After harvesting, the cherries are washed, and all floating fruits are removed to ensure quality selection. These cherries are kept in an anaerobic natural fermentation in a container for 24 hours. The coffee fruits are then pulped and transferred to a container arranged layer by layer with banana leaves, where they are kept for 48 hours of fermentation, during which pH, temperature, and humidity are controlled. Finally, after fermentation, the coffee fruits are washed and transferred to raised beds, where they are slowly dried for 18 Days. During the drying period, temperature and relative humidity are carefully monitored and maintained to ensure uniform drying and preserve coffee quality. Tasting Notes: Molasses • Cocoa nibs/Toasted nuts • Passion fruit",https://boojeecafe.com/products/liquid-gold-aura-estate-copy,https://cdn.shopify.com/s/files/1/0712/3301/2030/files/17A61CF7-BFEA-463B-B200-E70791AAE58D.png?v=1771500552,Coffee
Coal Black - Aura estate,Boojee,3300.0,1kg,,Molasses • Cocoa nibs/Toasted nuts • Passion fruit,,Anaerobic Natural,"Aura Farming – Banana Washed Process. Grown at 3700ft above sea level, Coal Black is crafted from Coffee cherries are harvested at a minimum ripeness level of above 95%. After harvesting, the cherries are washed, and all floating fruits are removed to ensure quality selection. These cherries are kept in an anaerobic natural fermentation in a container for 24 hours. The coffee fruits are then pulped and transferred to a container arranged layer by layer with banana leaves, where they are kept for 48 hours of fermentation, during which pH, temperature, and humidity are controlled. Finally, after fermentation, the coffee fruits are washed and transferred to raised beds, where they are slowly dried for 18 Days. During the drying period, temperature and relative humidity are carefully monitored and maintained to ensure uniform drying and preserve coffee quality. Tasting Notes: Molasses • Cocoa nibs/Toasted nuts • Passion fruit",https://boojeecafe.com/products/liquid-gold-aura-estate-copy,https://cdn.shopify.com/s/files/1/0712/3301/2030/files/17A61CF7-BFEA-463B-B200-E70791AAE58D.png?v=1771500552,Coffee
Coal Black - Aura estate,Boojee,3300.0,1kg,,Molasses • Cocoa nibs/Toasted nuts • Passion fruit,,Anaerobic Natural,"Aura Farming – Banana Washed Process. Grown at 3700ft above sea level, Coal Black is crafted from Coffee cherries are harvested at a minimum ripeness level of above 95%. After harvesting, the cherries are washed, and all floating fruits are removed to ensure quality selection. These cherries are kept in an anaerobic natural fermentation in a container for 24 hours. The coffee fruits are then pulped and transferred to a container arranged layer by layer with banana leaves, where they are kept for 48 hours of fermentation, during which pH, temperature, and humidity are controlled. Finally, after fermentation, the coffee fruits are washed and transferred to raised beds, where they are slowly dried for 18 Days. During the drying period, temperature and relative humidity are carefully monitored and maintained to ensure uniform drying and preserve coffee quality. Tasting Notes: Molasses • Cocoa nibs/Toasted nuts • Passion fruit",https://boojeecafe.com/products/liquid-gold-aura-estate-copy,https://cdn.shopify.com/s/files/1/0712/3301/2030/files/17A61CF7-BFEA-463B-B200-E70791AAE58D.png?v=1771500552,Coffee
Coal Black - Aura estate,Boojee,3300.0,1kg,,Molasses • Cocoa nibs/Toasted nuts • Passion fruit,,Anaerobic Natural,"Aura Farming – Banana Washed Process. Grown at 3700ft above sea level, Coal Black is crafted from Coffee cherries are harvested at a minimum ripeness level of above 95%. After harvesting, the cherries are washed, and all floating fruits are removed to ensure quality selection. These cherries are kept in an anaerobic natural fermentation in a container for 24 hours. The coffee fruits are then pulped and transferred to a container arranged layer by layer with banana leaves, where they are kept for 48 hours of fermentation, during which pH, temperature, and humidity are controlled. Finally, after fermentation, the coffee fruits are washed and transferred to raised beds, where they are slowly dried for 18 Days. During the drying period, temperature and relative humidity are carefully monitored and maintained to ensure uniform drying and preserve coffee quality. Tasting Notes: Molasses • Cocoa nibs/Toasted nuts • Passion fruit",https://boojeecafe.com/products/liquid-gold-aura-estate-copy,https://cdn.shopify.com/s/files/1/0712/3301/2030/files/17A61CF7-BFEA-463B-B200-E70791AAE58D.png?v=1771500552,Coffee
Coal Black - Aura estate,Boojee,3300.0,1kg,,Molasses • Cocoa nibs/Toasted nuts • Passion fruit,,Anaerobic Natural,"Aura Farming – Banana Washed Process. Grown at 3700ft above sea level, Coal Black is crafted from Coffee cherries are harvested at a minimum ripeness level of above 95%. After harvesting, the cherries are washed, and all floating fruits are removed to ensure quality selection. These cherries are kept in an anaerobic natural fermentation in a container for 24 hours. The coffee fruits are then pulped and transferred to a container arranged layer by layer with banana leaves, where they are kept for 48 hours of fermentation, during which pH, temperature, and humidity are controlled. Finally, after fermentation, the coffee fruits are washed and transferred to raised beds, where they are slowly dried for 18 Days. During the drying period, temperature and relative humidity are carefully monitored and maintained to ensure uniform drying and preserve coffee quality. Tasting Notes: Molasses • Cocoa nibs/Toasted nuts • Passion fruit",https://boojeecafe.com/products/liquid-gold-aura-estate-copy,https://cdn.shopify.com/s/files/1/0712/3301/2030/files/17A61CF7-BFEA-463B-B200-E70791AAE58D.png?v=1771500552,Coffee
Coal Black - Aura estate,Boojee,3300.0,1kg,,Molasses • Cocoa nibs/Toasted nuts • Passion fruit,,Anaerobic Natural,"Aura Farming – Banana Washed Process. Grown at 3700ft above sea level, Coal Black is crafted from Coffee cherries are harvested at a minimum ripeness level of above 95%. After harvesting, the cherries are washed, and all floating fruits are removed to ensure quality selection. These cherries are kept in an anaerobic natural fermentation in a container for 24 hours. The coffee fruits are then pulped and transferred to a container arranged layer by layer with banana leaves, where they are kept for 48 hours of fermentation, during which pH, temperature, and humidity are controlled. Finally, after fermentation, the coffee fruits are washed and transferred to raised beds, where they are slowly dried for 18 Days. During the drying period, temperature and relative humidity are carefully monitored and maintained to ensure uniform drying and preserve coffee quality. Tasting Notes: Molasses • Cocoa nibs/Toasted nuts • Passion fruit",https://boojeecafe.com/products/liquid-gold-aura-estate-copy,https://cdn.shopify.com/s/files/1/0712/3301/2030/files/17A61CF7-BFEA-463B-B200-E70791AAE58D.png?v=1771500552,Coffee
Coal Black - Aura estate,Boojee,3300.0,1kg,,Molasses • Cocoa nibs/Toasted nuts • Passion fruit,,Anaerobic Natural,"Aura Farming – Banana Washed Process. Grown at 3700ft above sea level, Coal Black is crafted from Coffee cherries are harvested at a minimum ripeness level of above 95%. After harvesting, the cherries are washed, and all floating fruits are removed to ensure quality selection. These cherries are kept in an anaerobic natural fermentation in a container for 24 hours. The coffee fruits are then pulped and transferred to a container arranged layer by layer with banana leaves, where they are kept for 48 hours of fermentation, during which pH, temperature, and humidity are controlled. Finally, after fermentation, the coffee fruits are washed and transferred to raised beds, where they are slowly dried for 18 Days. During the drying period, temperature and relative humidity are carefully monitored and maintained to ensure uniform drying and preserve coffee quality. Tasting Notes: Molasses • Cocoa nibs/Toasted nuts • Passion fruit",https://boojeecafe.com/products/liquid-gold-aura-estate-copy,https://cdn.shopify.com/s/files/1/0712/3301/2030/files/17A61CF7-BFEA-463B-B200-E70791AAE58D.png?v=1771500552,Coffee
Coal Black - Aura estate,Boojee,3300.0,1kg,,Molasses • Cocoa nibs/Toasted nuts • Passion fruit,,Anaerobic Natural,"Aura Farming – Banana Washed Process. Grown at 3700ft above sea level, Coal Black is crafted from Coffee cherries are harvested at a minimum ripeness level of above 95%. After harvesting, the cherries are washed, and all floating fruits are removed to ensure quality selection. These cherries are kept in an anaerobic natural fermentation in a container for 24 hours. The coffee fruits are then pulped and transferred to a container arranged layer by layer with banana leaves, where they are kept for 48 hours of fermentation, during which pH, temperature, and humidity are controlled. Finally, after fermentation, the coffee fruits are washed and transferred to raised beds, where they are slowly dried for 18 Days. During the drying period, temperature and relative humidity are carefully monitored and maintained to ensure uniform drying and preserve coffee quality. Tasting Notes: Molasses • Cocoa nibs/Toasted nuts • Passion fruit",https://boojeecafe.com/products/liquid-gold-aura-estate-copy,https://cdn.shopify.com/s/files/1/0712/3301/2030/files/17A61CF7-BFEA-463B-B200-E70791AAE58D.png?v=1771500552,Coffee
Coal Black - Aura estate,Boojee,3300.0,1kg,,Molasses • Cocoa nibs/Toasted nuts • Passion fruit,,Anaerobic Natural,"Aura Farming – Banana Washed Process. Grown at 3700ft above sea level, Coal Black is crafted from Coffee cherries are harvested at a minimum ripeness level of above 95%. After harvesting, the cherries are washed, and all floating fruits are removed to ensure quality selection. These cherries are kept in an anaerobic natural fermentation in a container for 24 hours. The coffee fruits are then pulped and transferred to a container arranged layer by layer with banana leaves, where they are kept for 48 hours of fermentation, during which pH, temperature, and humidity are controlled. Finally, after fermentation, the coffee fruits are washed and transferred to raised beds, where they are slowly dried for 18 Days. During the drying period, temperature and relative humidity are carefully monitored and maintained to ensure uniform drying and preserve coffee quality. Tasting Notes: Molasses • Cocoa nibs/Toasted nuts • Passion fruit",https://boojeecafe.com/products/liquid-gold-aura-estate-copy,https://cdn.shopify.com/s/files/1/0712/3301/2030/files/17A61CF7-BFEA-463B-B200-E70791AAE58D.png?v=1771500552,Coffee
Coal Black - Aura estate,Boojee,3300.0,1kg,,Molasses • Cocoa nibs/Toasted nuts • Passion fruit,,Anaerobic Natural,"Aura Farming – Banana Washed Process. Grown at 3700ft above sea level, Coal Black is crafted from Coffee cherries are harvested at a minimum ripeness level of above 95%. After harvesting, the cherries are washed, and all floating fruits are removed to ensure quality selection. These cherries are kept in an anaerobic natural fermentation in a container for 24 hours. The coffee fruits are then pulped and transferred to a container arranged layer by layer with banana leaves, where they are kept for 48 hours of fermentation, during which pH, temperature, and humidity are controlled. Finally, after fermentation, the coffee fruits are washed and transferred to raised beds, where they are slowly dried for 18 Days. During the drying period, temperature and relative humidity are carefully monitored and maintained to ensure uniform drying and preserve coffee quality. Tasting Notes: Molasses • Cocoa nibs/Toasted nuts • Passion fruit",https://boojeecafe.com/products/liquid-gold-aura-estate-copy,https://cdn.shopify.com/s/files/1/0712/3301/2030/files/17A61CF7-BFEA-463B-B200-E70791AAE58D.png?v=1771500552,Coffee
Coal Black - Aura estate,Boojee,3300.0,1kg,,Molasses • Cocoa nibs/Toasted nuts • Passion fruit,,Anaerobic Natural,"Aura Farming – Banana Washed Process. Grown at 3700ft above sea level, Coal Black is crafted from Coffee cherries are harvested at a minimum ripeness level of above 95%. After harvesting, the cherries are washed, and all floating fruits are removed to ensure quality selection. These cherries are kept in an anaerobic natural fermentation in a container for 24 hours. The coffee fruits are then pulped and transferred to a container arranged layer by layer with banana leaves, where they are kept for 48 hours of fermentation, during which pH, temperature, and humidity are controlled. Finally, after fermentation, the coffee fruits are washed and transferred to raised beds, where they are slowly dried for 18 Days. During the drying period, temperature and relative humidity are carefully monitored and maintained to ensure uniform drying and preserve coffee quality. Tasting Notes: Molasses • Cocoa nibs/Toasted nuts • Passion fruit",https://boojeecafe.com/products/liquid-gold-aura-estate-copy,https://cdn.shopify.com/s/files/1/0712/3301/2030/files/17A61CF7-BFEA-463B-B200-E70791AAE58D.png?v=1771500552,Coffee
Coal Black - Aura estate,Boojee,3300.0,1kg,,Molasses • Cocoa nibs/Toasted nuts • Passion fruit,,Anaerobic Natural,"Aura Farming – Banana Washed Process. Grown at 3700ft above sea level, Coal Black is crafted from Coffee cherries are harvested at a minimum ripeness level of above 95%. After harvesting, the cherries are washed, and all floating fruits are removed to ensure quality selection. These cherries are kept in an anaerobic natural fermentation in a container for 24 hours. The coffee fruits are then pulped and transferred to a container arranged layer by layer with banana leaves, where they are kept for 48 hours of fermentation, during which pH, temperature, and humidity are controlled. Finally, after fermentation, the coffee fruits are washed and transferred to raised beds, where they are slowly dried for 18 Days. During the drying period, temperature and relative humidity are carefully monitored and maintained to ensure uniform drying and preserve coffee quality. Tasting Notes: Molasses • Cocoa nibs/Toasted nuts • Passion fruit",https://boojeecafe.com/products/liquid-gold-aura-estate-copy,https://cdn.shopify.com/s/files/1/0712/3301/2030/files/17A61CF7-BFEA-463B-B200-E70791AAE58D.png?v=1771500552,Coffee
Coal Black - Aura estate,Boojee,3300.0,1kg,,Molasses • Cocoa nibs/Toasted nuts • Passion fruit,,Anaerobic Natural,"Aura Farming – Banana Washed Process. Grown at 3700ft above sea level, Coal Black is crafted from Coffee cherries are harvested at a minimum ripeness level of above 95%. After harvesting, the cherries are washed, and all floating fruits are removed to ensure quality selection. These cherries are kept in an anaerobic natural fermentation in a container for 24 hours. The coffee fruits are then pulped and transferred to a container arranged layer by layer with banana leaves, where they are kept for 48 hours of fermentation, during which pH, temperature, and humidity are controlled. Finally, after fermentation, the coffee fruits are washed and transferred to raised beds, where they are slowly dried for 18 Days. During the drying period, temperature and relative humidity are carefully monitored and maintained to ensure uniform drying and preserve coffee quality. Tasting Notes: Molasses • Cocoa nibs/Toasted nuts • Passion fruit",https://boojeecafe.com/products/liquid-gold-aura-estate-copy,https://cdn.shopify.com/s/files/1/0712/3301/2030/files/17A61CF7-BFEA-463B-B200-E70791AAE58D.png?v=1771500552,Coffee
Coal Black - Aura estate,Boojee,9000.0,3kg,,Molasses • Cocoa nibs/Toasted nuts • Passion fruit,,Anaerobic Natural,"Aura Farming – Banana Washed Process. Grown at 3700ft above sea level, Coal Black is crafted from Coffee cherries are harvested at a minimum ripeness level of above 95%. After harvesting, the cherries are washed, and all floating fruits are removed to ensure quality selection. These cherries are kept in an anaerobic natural fermentation in a container for 24 hours. The coffee fruits are then pulped and transferred to a container arranged layer by layer with banana leaves, where they are kept for 48 hours of fermentation, during which pH, temperature, and humidity are controlled. Finally, after fermentation, the coffee fruits are washed and transferred to raised beds, where they are slowly dried for 18 Days. During the drying period, temperature and relative humidity are carefully monitored and maintained to ensure uniform drying and preserve coffee quality. Tasting Notes: Molasses • Cocoa nibs/Toasted nuts • Passion fruit",https://boojeecafe.com/products/liquid-gold-aura-estate-copy,https://cdn.shopify.com/s/files/1/0712/3301/2030/files/17A61CF7-BFEA-463B-B200-E70791AAE58D.png?v=1771500552,Coffee
Coal Black - Aura estate,Boojee,9000.0,3kg,,Molasses • Cocoa nibs/Toasted nuts • Passion fruit,,Anaerobic Natural,"Aura Farming – Banana Washed Process. Grown at 3700ft above sea level, Coal Black is crafted from Coffee cherries are harvested at a minimum ripeness level of above 95%. After harvesting, the cherries are washed, and all floating fruits are removed to ensure quality selection. These cherries are kept in an anaerobic natural fermentation in a container for 24 hours. The coffee fruits are then pulped and transferred to a container arranged layer by layer with banana leaves, where they are kept for 48 hours of fermentation, during which pH, temperature, and humidity are controlled. Finally, after fermentation, the coffee fruits are washed and transferred to raised beds, where they are slowly dried for 18 Days. During the drying period, temperature and relative humidity are carefully monitored and maintained to ensure uniform drying and preserve coffee quality. Tasting Notes: Molasses • Cocoa nibs/Toasted nuts • Passion fruit",https://boojeecafe.com/products/liquid-gold-aura-estate-copy,https://cdn.shopify.com/s/files/1/0712/3301/2030/files/17A61CF7-BFEA-463B-B200-E70791AAE58D.png?v=1771500552,Coffee
Coal Black - Aura estate,Boojee,9000.0,3kg,,Molasses • Cocoa nibs/Toasted nuts • Passion fruit,,Anaerobic Natural,"Aura Farming – Banana Washed Process. Grown at 3700ft above sea level, Coal Black is crafted from Coffee cherries are harvested at a minimum ripeness level of above 95%. After harvesting, the cherries are washed, and all floating fruits are removed to ensure quality selection. These cherries are kept in an anaerobic natural fermentation in a container for 24 hours. The coffee fruits are then pulped and transferred to a container arranged layer by layer with banana leaves, where they are kept for 48 hours of fermentation, during which pH, temperature, and humidity are controlled. Finally, after fermentation, the coffee fruits are washed and transferred to raised beds, where they are slowly dried for 18 Days. During the drying period, temperature and relative humidity are carefully monitored and maintained to ensure uniform drying and preserve coffee quality. Tasting Notes: Molasses • Cocoa nibs/Toasted nuts • Passion fruit",https://boojeecafe.com/products/liquid-gold-aura-estate-copy,https://cdn.shopify.com/s/files/1/0712/3301/2030/files/17A61CF7-BFEA-463B-B200-E70791AAE58D.png?v=1771500552,Coffee
Coal Black - Aura estate,Boojee,9000.0,3kg,,Molasses • Cocoa nibs/Toasted nuts • Passion fruit,,Anaerobic Natural,"Aura Farming – Banana Washed Process. Grown at 3700ft above sea level, Coal Black is crafted from Coffee cherries are harvested at a minimum ripeness level of above 95%. After harvesting, the cherries are washed, and all floating fruits are removed to ensure quality selection. These cherries are kept in an anaerobic natural fermentation in a container for 24 hours. The coffee fruits are then pulped and transferred to a container arranged layer by layer with banana leaves, where they are kept for 48 hours of fermentation, during which pH, temperature, and humidity are controlled. Finally, after fermentation, the coffee fruits are washed and transferred to raised beds, where they are slowly dried for 18 Days. During the drying period, temperature and relative humidity are carefully monitored and maintained to ensure uniform drying and preserve coffee quality. Tasting Notes: Molasses • Cocoa nibs/Toasted nuts • Passion fruit",https://boojeecafe.com/products/liquid-gold-aura-estate-copy,https://cdn.shopify.com/s/files/1/0712/3301/2030/files/17A61CF7-BFEA-463B-B200-E70791AAE58D.png?v=1771500552,Coffee
Coal Black - Aura estate,Boojee,9000.0,3kg,,Molasses • Cocoa nibs/Toasted nuts • Passion fruit,,Anaerobic Natural,"Aura Farming – Banana Washed Process. Grown at 3700ft above sea level, Coal Black is crafted from Coffee cherries are harvested at a minimum ripeness level of above 95%. After harvesting, the cherries are washed, and all floating fruits are removed to ensure quality selection. These cherries are kept in an anaerobic natural fermentation in a container for 24 hours. The coffee fruits are then pulped and transferred to a container arranged layer by layer with banana leaves, where they are kept for 48 hours of fermentation, during which pH, temperature, and humidity are controlled. Finally, after fermentation, the coffee fruits are washed and transferred to raised beds, where they are slowly dried for 18 Days. During the drying period, temperature and relative humidity are carefully monitored and maintained to ensure uniform drying and preserve coffee quality. Tasting Notes: Molasses • Cocoa nibs/Toasted nuts • Passion fruit",https://boojeecafe.com/products/liquid-gold-aura-estate-copy,https://cdn.shopify.com/s/files/1/0712/3301/2030/files/17A61CF7-BFEA-463B-B200-E70791AAE58D.png?v=1771500552,Coffee
Coal Black - Aura estate,Boojee,9000.0,3kg,,Molasses • Cocoa nibs/Toasted nuts • Passion fruit,,Anaerobic Natural,"Aura Farming – Banana Washed Process. Grown at 3700ft above sea level, Coal Black is crafted from Coffee cherries are harvested at a minimum ripeness level of above 95%. After harvesting, the cherries are washed, and all floating fruits are removed to ensure quality selection. These cherries are kept in an anaerobic natural fermentation in a container for 24 hours. The coffee fruits are then pulped and transferred to a container arranged layer by layer with banana leaves, where they are kept for 48 hours of fermentation, during which pH, temperature, and humidity are controlled. Finally, after fermentation, the coffee fruits are washed and transferred to raised beds, where they are slowly dried for 18 Days. During the drying period, temperature and relative humidity are carefully monitored and maintained to ensure uniform drying and preserve coffee quality. Tasting Notes: Molasses • Cocoa nibs/Toasted nuts • Passion fruit",https://boojeecafe.com/products/liquid-gold-aura-estate-copy,https://cdn.shopify.com/s/files/1/0712/3301/2030/files/17A61CF7-BFEA-463B-B200-E70791AAE58D.png?v=1771500552,Coffee
Coal Black - Aura estate,Boojee,9000.0,3kg,,Molasses • Cocoa nibs/Toasted nuts • Passion fruit,,Anaerobic Natural,"Aura Farming – Banana Washed Process. Grown at 3700ft above sea level, Coal Black is crafted from Coffee cherries are harvested at a minimum ripeness level of above 95%. After harvesting, the cherries are washed, and all floating fruits are removed to ensure quality selection. These cherries are kept in an anaerobic natural fermentation in a container for 24 hours. The coffee fruits are then pulped and transferred to a container arranged layer by layer with banana leaves, where they are kept for 48 hours of fermentation, during which pH, temperature, and humidity are controlled. Finally, after fermentation, the coffee fruits are washed and transferred to raised beds, where they are slowly dried for 18 Days. During the drying period, temperature and relative humidity are carefully monitored and maintained to ensure uniform drying and preserve coffee quality. Tasting Notes: Molasses • Cocoa nibs/Toasted nuts • Passion fruit",https://boojeecafe.com/products/liquid-gold-aura-estate-copy,https://cdn.shopify.com/s/files/1/0712/3301/2030/files/17A61CF7-BFEA-463B-B200-E70791AAE58D.png?v=1771500552,Coffee
Coal Black - Aura estate,Boojee,9000.0,3kg,,Molasses • Cocoa nibs/Toasted nuts • Passion fruit,,Anaerobic Natural,"Aura Farming – Banana Washed Process. Grown at 3700ft above sea level, Coal Black is crafted from Coffee cherries are harvested at a minimum ripeness level of above 95%. After harvesting, the cherries are washed, and all floating fruits are removed to ensure quality selection. These cherries are kept in an anaerobic natural fermentation in a container for 24 hours. The coffee fruits are then pulped and transferred to a container arranged layer by layer with banana leaves, where they are kept for 48 hours of fermentation, during which pH, temperature, and humidity are controlled. Finally, after fermentation, the coffee fruits are washed and transferred to raised beds, where they are slowly dried for 18 Days. During the drying period, temperature and relative humidity are carefully monitored and maintained to ensure uniform drying and preserve coffee quality. Tasting Notes: Molasses • Cocoa nibs/Toasted nuts • Passion fruit",https://boojeecafe.com/products/liquid-gold-aura-estate-copy,https://cdn.shopify.com/s/files/1/0712/3301/2030/files/17A61CF7-BFEA-463B-B200-E70791AAE58D.png?v=1771500552,Coffee
Coal Black - Aura estate,Boojee,9000.0,3kg,,Molasses • Cocoa nibs/Toasted nuts • Passion fruit,,Anaerobic Natural,"Aura Farming – Banana Washed Process. Grown at 3700ft above sea level, Coal Black is crafted from Coffee cherries are harvested at a minimum ripeness level of above 95%. After harvesting, the cherries are washed, and all floating fruits are removed to ensure quality selection. These cherries are kept in an anaerobic natural fermentation in a container for 24 hours. The coffee fruits are then pulped and transferred to a container arranged layer by layer with banana leaves, where they are kept for 48 hours of fermentation, during which pH, temperature, and humidity are controlled. Finally, after fermentation, the coffee fruits are washed and transferred to raised beds, where they are slowly dried for 18 Days. During the drying period, temperature and relative humidity are carefully monitored and maintained to ensure uniform drying and preserve coffee quality. Tasting Notes: Molasses • Cocoa nibs/Toasted nuts • Passion fruit",https://boojeecafe.com/products/liquid-gold-aura-estate-copy,https://cdn.shopify.com/s/files/1/0712/3301/2030/files/17A61CF7-BFEA-463B-B200-E70791AAE58D.png?v=1771500552,Coffee
Coal Black - Aura estate,Boojee,9000.0,3kg,,Molasses • Cocoa nibs/Toasted nuts • Passion fruit,,Anaerobic Natural,"Aura Farming – Banana Washed Process. Grown at 3700ft above sea level, Coal Black is crafted from Coffee cherries are harvested at a minimum ripeness level of above 95%. After harvesting, the cherries are washed, and all floating fruits are removed to ensure quality selection. These cherries are kept in an anaerobic natural fermentation in a container for 24 hours. The coffee fruits are then pulped and transferred to a container arranged layer by layer with banana leaves, where they are kept for 48 hours of fermentation, during which pH, temperature, and humidity are controlled. Finally, after fermentation, the coffee fruits are washed and transferred to raised beds, where they are slowly dried for 18 Days. During the drying period, temperature and relative humidity are carefully monitored and maintained to ensure uniform drying and preserve coffee quality. Tasting Notes: Molasses • Cocoa nibs/Toasted nuts • Passion fruit",https://boojeecafe.com/products/liquid-gold-aura-estate-copy,https://cdn.shopify.com/s/files/1/0712/3301/2030/files/17A61CF7-BFEA-463B-B200-E70791AAE58D.png?v=1771500552,Coffee
Coal Black - Aura estate,Boojee,9000.0,3kg,,Molasses • Cocoa nibs/Toasted nuts • Passion fruit,,Anaerobic Natural,"Aura Farming – Banana Washed Process. Grown at 3700ft above sea level, Coal Black is crafted from Coffee cherries are harvested at a minimum ripeness level of above 95%. After harvesting, the cherries are washed, and all floating fruits are removed to ensure quality selection. These cherries are kept in an anaerobic natural fermentation in a container for 24 hours. The coffee fruits are then pulped and transferred to a container arranged layer by layer with banana leaves, where they are kept for 48 hours of fermentation, during which pH, temperature, and humidity are controlled. Finally, after fermentation, the coffee fruits are washed and transferred to raised beds, where they are slowly dried for 18 Days. During the drying period, temperature and relative humidity are carefully monitored and maintained to ensure uniform drying and preserve coffee quality. Tasting Notes: Molasses • Cocoa nibs/Toasted nuts • Passion fruit",https://boojeecafe.com/products/liquid-gold-aura-estate-copy,https://cdn.shopify.com/s/files/1/0712/3301/2030/files/17A61CF7-BFEA-463B-B200-E70791AAE58D.png?v=1771500552,Coffee
Coal Black - Aura estate,Boojee,9000.0,3kg,,Molasses • Cocoa nibs/Toasted nuts • Passion fruit,,Anaerobic Natural,"Aura Farming – Banana Washed Process. Grown at 3700ft above sea level, Coal Black is crafted from Coffee cherries are harvested at a minimum ripeness level of above 95%. After harvesting, the cherries are washed, and all floating fruits are removed to ensure quality selection. These cherries are kept in an anaerobic natural fermentation in a container for 24 hours. The coffee fruits are then pulped and transferred to a container arranged layer by layer with banana leaves, where they are kept for 48 hours of fermentation, during which pH, temperature, and humidity are controlled. Finally, after fermentation, the coffee fruits are washed and transferred to raised beds, where they are slowly dried for 18 Days. During the drying period, temperature and relative humidity are carefully monitored and maintained to ensure uniform drying and preserve coffee quality. Tasting Notes: Molasses • Cocoa nibs/Toasted nuts • Passion fruit",https://boojeecafe.com/products/liquid-gold-aura-estate-copy,https://cdn.shopify.com/s/files/1/0712/3301/2030/files/17A61CF7-BFEA-463B-B200-E70791AAE58D.png?v=1771500552,Coffee
Coal Black - Aura estate,Boojee,9000.0,3kg,,Molasses • Cocoa nibs/Toasted nuts • Passion fruit,,Anaerobic Natural,"Aura Farming – Banana Washed Process. Grown at 3700ft above sea level, Coal Black is crafted from Coffee cherries are harvested at a minimum ripeness level of above 95%. After harvesting, the cherries are washed, and all floating fruits are removed to ensure quality selection. These cherries are kept in an anaerobic natural fermentation in a container for 24 hours. The coffee fruits are then pulped and transferred to a container arranged layer by layer with banana leaves, where they are kept for 48 hours of fermentation, during which pH, temperature, and humidity are controlled. Finally, after fermentation, the coffee fruits are washed and transferred to raised beds, where they are slowly dried for 18 Days. During the drying period, temperature and relative humidity are carefully monitored and maintained to ensure uniform drying and preserve coffee quality. Tasting Notes: Molasses • Cocoa nibs/Toasted nuts • Passion fruit",https://boojeecafe.com/products/liquid-gold-aura-estate-copy,https://cdn.shopify.com/s/files/1/0712/3301/2030/files/17A61CF7-BFEA-463B-B200-E70791AAE58D.png?v=1771500552,Coffee
Coal Black - Aura estate,Boojee,9000.0,3kg,,Molasses • Cocoa nibs/Toasted nuts • Passion fruit,,Anaerobic Natural,"Aura Farming – Banana Washed Process. Grown at 3700ft above sea level, Coal Black is crafted from Coffee cherries are harvested at a minimum ripeness level of above 95%. After harvesting, the cherries are washed, and all floating fruits are removed to ensure quality selection. These cherries are kept in an anaerobic natural fermentation in a container for 24 hours. The coffee fruits are then pulped and transferred to a container arranged layer by layer with banana leaves, where they are kept for 48 hours of fermentation, during which pH, temperature, and humidity are controlled. Finally, after fermentation, the coffee fruits are washed and transferred to raised beds, where they are slowly dried for 18 Days. During the drying period, temperature and relative humidity are carefully monitored and maintained to ensure uniform drying and preserve coffee quality. Tasting Notes: Molasses • Cocoa nibs/Toasted nuts • Passion fruit",https://boojeecafe.com/products/liquid-gold-aura-estate-copy,https://cdn.shopify.com/s/files/1/0712/3301/2030/files/17A61CF7-BFEA-463B-B200-E70791AAE58D.png?v=1771500552,Coffee
Coal Black - Aura estate,Boojee,9000.0,3kg,,Molasses • Cocoa nibs/Toasted nuts • Passion fruit,,Anaerobic Natural,"Aura Farming – Banana Washed Process. Grown at 3700ft above sea level, Coal Black is crafted from Coffee cherries are harvested at a minimum ripeness level of above 95%. After harvesting, the cherries are washed, and all floating fruits are removed to ensure quality selection. These cherries are kept in an anaerobic natural fermentation in a container for 24 hours. The coffee fruits are then pulped and transferred to a container arranged layer by layer with banana leaves, where they are kept for 48 hours of fermentation, during which pH, temperature, and humidity are controlled. Finally, after fermentation, the coffee fruits are washed and transferred to raised beds, where they are slowly dried for 18 Days. During the drying period, temperature and relative humidity are carefully monitored and maintained to ensure uniform drying and preserve coffee quality. Tasting Notes: Molasses • Cocoa nibs/Toasted nuts • Passion fruit",https://boojeecafe.com/products/liquid-gold-aura-estate-copy,https://cdn.shopify.com/s/files/1/0712/3301/2030/files/17A61CF7-BFEA-463B-B200-E70791AAE58D.png?v=1771500552,Coffee
Coal Black - Aura estate,Boojee,9000.0,3kg,,Molasses • Cocoa nibs/Toasted nuts • Passion fruit,,Anaerobic Natural,"Aura Farming – Banana Washed Process. Grown at 3700ft above sea level, Coal Black is crafted from Coffee cherries are harvested at a minimum ripeness level of above 95%. After harvesting, the cherries are washed, and all floating fruits are removed to ensure quality selection. These cherries are kept in an anaerobic natural fermentation in a container for 24 hours. The coffee fruits are then pulped and transferred to a container arranged layer by layer with banana leaves, where they are kept for 48 hours of fermentation, during which pH, temperature, and humidity are controlled. Finally, after fermentation, the coffee fruits are washed and transferred to raised beds, where they are slowly dried for 18 Days. During the drying period, temperature and relative humidity are carefully monitored and maintained to ensure uniform drying and preserve coffee quality. Tasting Notes: Molasses • Cocoa nibs/Toasted nuts • Passion fruit",https://boojeecafe.com/products/liquid-gold-aura-estate-copy,https://cdn.shopify.com/s/files/1/0712/3301/2030/files/17A61CF7-BFEA-463B-B200-E70791AAE58D.png?v=1771500552,Coffee
Coal Black - Aura estate,Boojee,9000.0,3kg,,Molasses • Cocoa nibs/Toasted nuts • Passion fruit,,Anaerobic Natural,"Aura Farming – Banana Washed Process. Grown at 3700ft above sea level, Coal Black is crafted from Coffee cherries are harvested at a minimum ripeness level of above 95%. After harvesting, the cherries are washed, and all floating fruits are removed to ensure quality selection. These cherries are kept in an anaerobic natural fermentation in a container for 24 hours. The coffee fruits are then pulped and transferred to a container arranged layer by layer with banana leaves, where they are kept for 48 hours of fermentation, during which pH, temperature, and humidity are controlled. Finally, after fermentation, the coffee fruits are washed and transferred to raised beds, where they are slowly dried for 18 Days. During the drying period, temperature and relative humidity are carefully monitored and maintained to ensure uniform drying and preserve coffee quality. Tasting Notes: Molasses • Cocoa nibs/Toasted nuts • Passion fruit",https://boojeecafe.com/products/liquid-gold-aura-estate-copy,https://cdn.shopify.com/s/files/1/0712/3301/2030/files/17A61CF7-BFEA-463B-B200-E70791AAE58D.png?v=1771500552,Coffee
Coal Black - Aura estate,Boojee,9000.0,3kg,,Molasses • Cocoa nibs/Toasted nuts • Passion fruit,,Anaerobic Natural,"Aura Farming – Banana Washed Process. Grown at 3700ft above sea level, Coal Black is crafted from Coffee cherries are harvested at a minimum ripeness level of above 95%. After harvesting, the cherries are washed, and all floating fruits are removed to ensure quality selection. These cherries are kept in an anaerobic natural fermentation in a container for 24 hours. The coffee fruits are then pulped and transferred to a container arranged layer by layer with banana leaves, where they are kept for 48 hours of fermentation, during which pH, temperature, and humidity are controlled. Finally, after fermentation, the coffee fruits are washed and transferred to raised beds, where they are slowly dried for 18 Days. During the drying period, temperature and relative humidity are carefully monitored and maintained to ensure uniform drying and preserve coffee quality. Tasting Notes: Molasses • Cocoa nibs/Toasted nuts • Passion fruit",https://boojeecafe.com/products/liquid-gold-aura-estate-copy,https://cdn.shopify.com/s/files/1/0712/3301/2030/files/17A61CF7-BFEA-463B-B200-E70791AAE58D.png?v=1771500552,Coffee
Drip bags (7 units),Boojee,630.0,Medium Dark Roast (Baarbara Estate),,,,,Our pour over coffee bag makes brewing coffee easy and hassle free. Each pack comes with 7 disposable pouches filled with 18grams of ground single-origin Indian coffee that gives you a perfect cup of pour-over within minutes without the need of any equipment.,https://boojeecafe.com/products/drip-bags-12-units-18grams-each,https://cdn.shopify.com/s/files/1/0712/3301/2030/files/Drip_Box_1.png?v=1764426436,Quick Brews
Drip bags (7 units),Boojee,630.0,Vienna Dark Roast (Baarbara Estate),,,,,Our pour over coffee bag makes brewing coffee easy and hassle free. Each pack comes with 7 disposable pouches filled with 18grams of ground single-origin Indian coffee that gives you a perfect cup of pour-over within minutes without the need of any equipment.,https://boojeecafe.com/products/drip-bags-12-units-18grams-each,https://cdn.shopify.com/s/files/1/0712/3301/2030/files/Drip_Box_1.png?v=1764426436,Quick Brews
Drip bags (7 units),Boojee,630.0,Aura Dry Osmosis,,,,,Our pour over coffee bag makes brewing coffee easy and hassle free. Each pack comes with 7 disposable pouches filled with 18grams of ground single-origin Indian coffee that gives you a perfect cup of pour-over within minutes without the need of any equipment.,https://boojeecafe.com/products/drip-bags-12-units-18grams-each,https://cdn.shopify.com/s/files/1/0712/3301/2030/files/Drip_Box_1.png?v=1764426436,Quick Brews
Drip bags (7 units),Boojee,630.0,Coal Black - Aura Banana Washed,,,,,Our pour over coffee bag makes brewing coffee easy and hassle free. Each pack comes with 7 disposable pouches filled with 18grams of ground single-origin Indian coffee that gives you a perfect cup of pour-over within minutes without the need of any equipment.,https://boojeecafe.com/products/drip-bags-12-units-18grams-each,https://cdn.shopify.com/s/files/1/0712/3301/2030/files/Drip_Box_1.png?v=1764426436,Quick Brews
Drip bags (7 units),Boojee,630.0,Silver Lining - Aura Anaerobic Naturals,,,,,Our pour over coffee bag makes brewing coffee easy and hassle free. Each pack comes with 7 disposable pouches filled with 18grams of ground single-origin Indian coffee that gives you a perfect cup of pour-over within minutes without the need of any equipment.,https://boojeecafe.com/products/drip-bags-12-units-18grams-each,https://cdn.shopify.com/s/files/1/0712/3301/2030/files/Drip_Box_1.png?v=1764426436,Quick Brews
Drip bags (7 units),Boojee,630.0,Red Affair - Aura Red Honey Process,,,,,Our pour over coffee bag makes brewing coffee easy and hassle free. Each pack comes with 7 disposable pouches filled with 18grams of ground single-origin Indian coffee that gives you a perfect cup of pour-over within minutes without the need of any equipment.,https://boojeecafe.com/products/drip-bags-12-units-18grams-each,https://cdn.shopify.com/s/files/1/0712/3301/2030/files/Drip_Box_1.png?v=1764426436,Quick Brews
Drip bags (7 units),Boojee,630.0,Kiss Me - Rose Fermented (Ratnagiri),,,,,Our pour over coffee bag makes brewing coffee easy and hassle free. Each pack comes with 7 disposable pouches filled with 18grams of ground single-origin Indian coffee that gives you a perfect cup of pour-over within minutes without the need of any equipment.,https://boojeecafe.com/products/drip-bags-12-units-18grams-each,https://cdn.shopify.com/s/files/1/0712/3301/2030/files/Drip_Box_1.png?v=1764426436,Quick Brews
Drip bags (7 units),Boojee,630.0,Watermelon Sugar (Ratnagiri Estate),,,,,Our pour over coffee bag makes brewing coffee easy and hassle free. Each pack comes with 7 disposable pouches filled with 18grams of ground single-origin Indian coffee that gives you a perfect cup of pour-over within minutes without the need of any equipment.,https://boojeecafe.com/products/drip-bags-12-units-18grams-each,https://cdn.shopify.com/s/files/1/0712/3301/2030/files/Drip_Box_1.png?v=1764426436,Quick Brews
Drip bags (7 units),Boojee,1050.0,Columbian Decaf,,,,,Our pour over coffee bag makes brewing coffee easy and hassle free. Each pack comes with 7 disposable pouches filled with 18grams of ground single-origin Indian coffee that gives you a perfect cup of pour-over within minutes without the need of any equipment.,https://boojeecafe.com/products/drip-bags-12-units-18grams-each,https://cdn.shopify.com/s/files/1/0712/3301/2030/files/Drip_Box_1.png?v=1764426436,Quick Brews
Liquid Gold - Aura estate,Boojee,995.0,250g,,Figs • Strawberry • Peaches,,Method,"Aura Farming – Dry Osmosis Process Method. Grown at 3700ft above sea level, Liquid Gold is crafted from Coffee cherries harvested at a ripeness level of above 95%. After harvesting, the cherries are washed, and all floating fruits are removed to ensure quality selection. The coffee cherries are taken to raised beds for drying and dried until it reaches 45% moisture. The cherries are then transferred to a container and fermented anaerobically for 48 hours. After fermentation, they are moved to raised beds and dried slowly for 25 days. During the drying period, temperature and relative humidity are carefully monitored and maintained to ensure uniform drying and preserve coffee quality. Tasting Notes: Figs • Strawberry • Peaches",https://boojeecafe.com/products/liquid-gold,https://cdn.shopify.com/s/files/1/0712/3301/2030/files/17A61CF7-BFEA-463B-B200-E70791AAE58D.png?v=1771500552,Coffee
Liquid Gold - Aura estate,Boojee,995.0,250g,,Figs • Strawberry • Peaches,,Method,"Aura Farming – Dry Osmosis Process Method. Grown at 3700ft above sea level, Liquid Gold is crafted from Coffee cherries harvested at a ripeness level of above 95%. After harvesting, the cherries are washed, and all floating fruits are removed to ensure quality selection. The coffee cherries are taken to raised beds for drying and dried until it reaches 45% moisture. The cherries are then transferred to a container and fermented anaerobically for 48 hours. After fermentation, they are moved to raised beds and dried slowly for 25 days. During the drying period, temperature and relative humidity are carefully monitored and maintained to ensure uniform drying and preserve coffee quality. Tasting Notes: Figs • Strawberry • Peaches",https://boojeecafe.com/products/liquid-gold,https://cdn.shopify.com/s/files/1/0712/3301/2030/files/17A61CF7-BFEA-463B-B200-E70791AAE58D.png?v=1771500552,Coffee
Liquid Gold - Aura estate,Boojee,995.0,250g,,Figs • Strawberry • Peaches,,Method,"Aura Farming – Dry Osmosis Process Method. Grown at 3700ft above sea level, Liquid Gold is crafted from Coffee cherries harvested at a ripeness level of above 95%. After harvesting, the cherries are washed, and all floating fruits are removed to ensure quality selection. The coffee cherries are taken to raised beds for drying and dried until it reaches 45% moisture. The cherries are then transferred to a container and fermented anaerobically for 48 hours. After fermentation, they are moved to raised beds and dried slowly for 25 days. During the drying period, temperature and relative humidity are carefully monitored and maintained to ensure uniform drying and preserve coffee quality. Tasting Notes: Figs • Strawberry • Peaches",https://boojeecafe.com/products/liquid-gold,https://cdn.shopify.com/s/files/1/0712/3301/2030/files/17A61CF7-BFEA-463B-B200-E70791AAE58D.png?v=1771500552,Coffee
Liquid Gold - Aura estate,Boojee,995.0,250g,,Figs • Strawberry • Peaches,,Method,"Aura Farming – Dry Osmosis Process Method. Grown at 3700ft above sea level, Liquid Gold is crafted from Coffee cherries harvested at a ripeness level of above 95%. After harvesting, the cherries are washed, and all floating fruits are removed to ensure quality selection. The coffee cherries are taken to raised beds for drying and dried until it reaches 45% moisture. The cherries are then transferred to a container and fermented anaerobically for 48 hours. After fermentation, they are moved to raised beds and dried slowly for 25 days. During the drying period, temperature and relative humidity are carefully monitored and maintained to ensure uniform drying and preserve coffee quality. Tasting Notes: Figs • Strawberry • Peaches",https://boojeecafe.com/products/liquid-gold,https://cdn.shopify.com/s/files/1/0712/3301/2030/files/17A61CF7-BFEA-463B-B200-E70791AAE58D.png?v=1771500552,Coffee
Liquid Gold - Aura estate,Boojee,995.0,250g,,Figs • Strawberry • Peaches,,Method,"Aura Farming – Dry Osmosis Process Method. Grown at 3700ft above sea level, Liquid Gold is crafted from Coffee cherries harvested at a ripeness level of above 95%. After harvesting, the cherries are washed, and all floating fruits are removed to ensure quality selection. The coffee cherries are taken to raised beds for drying and dried until it reaches 45% moisture. The cherries are then transferred to a container and fermented anaerobically for 48 hours. After fermentation, they are moved to raised beds and dried slowly for 25 days. During the drying period, temperature and relative humidity are carefully monitored and maintained to ensure uniform drying and preserve coffee quality. Tasting Notes: Figs • Strawberry • Peaches",https://boojeecafe.com/products/liquid-gold,https://cdn.shopify.com/s/files/1/0712/3301/2030/files/17A61CF7-BFEA-463B-B200-E70791AAE58D.png?v=1771500552,Coffee
Liquid Gold - Aura estate,Boojee,995.0,250g,,Figs • Strawberry • Peaches,,Method,"Aura Farming – Dry Osmosis Process Method. Grown at 3700ft above sea level, Liquid Gold is crafted from Coffee cherries harvested at a ripeness level of above 95%. After harvesting, the cherries are washed, and all floating fruits are removed to ensure quality selection. The coffee cherries are taken to raised beds for drying and dried until it reaches 45% moisture. The cherries are then transferred to a container and fermented anaerobically for 48 hours. After fermentation, they are moved to raised beds and dried slowly for 25 days. During the drying period, temperature and relative humidity are carefully monitored and maintained to ensure uniform drying and preserve coffee quality. Tasting Notes: Figs • Strawberry • Peaches",https://boojeecafe.com/products/liquid-gold,https://cdn.shopify.com/s/files/1/0712/3301/2030/files/17A61CF7-BFEA-463B-B200-E70791AAE58D.png?v=1771500552,Coffee
Liquid Gold - Aura estate,Boojee,995.0,250g,,Figs • Strawberry • Peaches,,Method,"Aura Farming – Dry Osmosis Process Method. Grown at 3700ft above sea level, Liquid Gold is crafted from Coffee cherries harvested at a ripeness level of above 95%. After harvesting, the cherries are washed, and all floating fruits are removed to ensure quality selection. The coffee cherries are taken to raised beds for drying and dried until it reaches 45% moisture. The cherries are then transferred to a container and fermented anaerobically for 48 hours. After fermentation, they are moved to raised beds and dried slowly for 25 days. During the drying period, temperature and relative humidity are carefully monitored and maintained to ensure uniform drying and preserve coffee quality. Tasting Notes: Figs • Strawberry • Peaches",https://boojeecafe.com/products/liquid-gold,https://cdn.shopify.com/s/files/1/0712/3301/2030/files/17A61CF7-BFEA-463B-B200-E70791AAE58D.png?v=1771500552,Coffee
Liquid Gold - Aura estate,Boojee,995.0,250g,,Figs • Strawberry • Peaches,,Method,"Aura Farming – Dry Osmosis Process Method. Grown at 3700ft above sea level, Liquid Gold is crafted from Coffee cherries harvested at a ripeness level of above 95%. After harvesting, the cherries are washed, and all floating fruits are removed to ensure quality selection. The coffee cherries are taken to raised beds for drying and dried until it reaches 45% moisture. The cherries are then transferred to a container and fermented anaerobically for 48 hours. After fermentation, they are moved to raised beds and dried slowly for 25 days. During the drying period, temperature and relative humidity are carefully monitored and maintained to ensure uniform drying and preserve coffee quality. Tasting Notes: Figs • Strawberry • Peaches",https://boojeecafe.com/products/liquid-gold,https://cdn.shopify.com/s/files/1/0712/3301/2030/files/17A61CF7-BFEA-463B-B200-E70791AAE58D.png?v=1771500552,Coffee
Liquid Gold - Aura estate,Boojee,995.0,250g,,Figs • Strawberry • Peaches,,Method,"Aura Farming – Dry Osmosis Process Method. Grown at 3700ft above sea level, Liquid Gold is crafted from Coffee cherries harvested at a ripeness level of above 95%. After harvesting, the cherries are washed, and all floating fruits are removed to ensure quality selection. The coffee cherries are taken to raised beds for drying and dried until it reaches 45% moisture. The cherries are then transferred to a container and fermented anaerobically for 48 hours. After fermentation, they are moved to raised beds and dried slowly for 25 days. During the drying period, temperature and relative humidity are carefully monitored and maintained to ensure uniform drying and preserve coffee quality. Tasting Notes: Figs • Strawberry • Peaches",https://boojeecafe.com/products/liquid-gold,https://cdn.shopify.com/s/files/1/0712/3301/2030/files/17A61CF7-BFEA-463B-B200-E70791AAE58D.png?v=1771500552,Coffee
Liquid Gold - Aura estate,Boojee,995.0,250g,,Figs • Strawberry • Peaches,,Method,"Aura Farming – Dry Osmosis Process Method. Grown at 3700ft above sea level, Liquid Gold is crafted from Coffee cherries harvested at a ripeness level of above 95%. After harvesting, the cherries are washed, and all floating fruits are removed to ensure quality selection. The coffee cherries are taken to raised beds for drying and dried until it reaches 45% moisture. The cherries are then transferred to a container and fermented anaerobically for 48 hours. After fermentation, they are moved to raised beds and dried slowly for 25 days. During the drying period, temperature and relative humidity are carefully monitored and maintained to ensure uniform drying and preserve coffee quality. Tasting Notes: Figs • Strawberry • Peaches",https://boojeecafe.com/products/liquid-gold,https://cdn.shopify.com/s/files/1/0712/3301/2030/files/17A61CF7-BFEA-463B-B200-E70791AAE58D.png?v=1771500552,Coffee
Liquid Gold - Aura estate,Boojee,995.0,250g,,Figs • Strawberry • Peaches,,Method,"Aura Farming – Dry Osmosis Process Method. Grown at 3700ft above sea level, Liquid Gold is crafted from Coffee cherries harvested at a ripeness level of above 95%. After harvesting, the cherries are washed, and all floating fruits are removed to ensure quality selection. The coffee cherries are taken to raised beds for drying and dried until it reaches 45% moisture. The cherries are then transferred to a container and fermented anaerobically for 48 hours. After fermentation, they are moved to raised beds and dried slowly for 25 days. During the drying period, temperature and relative humidity are carefully monitored and maintained to ensure uniform drying and preserve coffee quality. Tasting Notes: Figs • Strawberry • Peaches",https://boojeecafe.com/products/liquid-gold,https://cdn.shopify.com/s/files/1/0712/3301/2030/files/17A61CF7-BFEA-463B-B200-E70791AAE58D.png?v=1771500552,Coffee
Liquid Gold - Aura estate,Boojee,995.0,250g,,Figs • Strawberry • Peaches,,Method,"Aura Farming – Dry Osmosis Process Method. Grown at 3700ft above sea level, Liquid Gold is crafted from Coffee cherries harvested at a ripeness level of above 95%. After harvesting, the cherries are washed, and all floating fruits are removed to ensure quality selection. The coffee cherries are taken to raised beds for drying and dried until it reaches 45% moisture. The cherries are then transferred to a container and fermented anaerobically for 48 hours. After fermentation, they are moved to raised beds and dried slowly for 25 days. During the drying period, temperature and relative humidity are carefully monitored and maintained to ensure uniform drying and preserve coffee quality. Tasting Notes: Figs • Strawberry • Peaches",https://boojeecafe.com/products/liquid-gold,https://cdn.shopify.com/s/files/1/0712/3301/2030/files/17A61CF7-BFEA-463B-B200-E70791AAE58D.png?v=1771500552,Coffee
Liquid Gold - Aura estate,Boojee,995.0,250g,,Figs • Strawberry • Peaches,,Method,"Aura Farming – Dry Osmosis Process Method. Grown at 3700ft above sea level, Liquid Gold is crafted from Coffee cherries harvested at a ripeness level of above 95%. After harvesting, the cherries are washed, and all floating fruits are removed to ensure quality selection. The coffee cherries are taken to raised beds for drying and dried until it reaches 45% moisture. The cherries are then transferred to a container and fermented anaerobically for 48 hours. After fermentation, they are moved to raised beds and dried slowly for 25 days. During the drying period, temperature and relative humidity are carefully monitored and maintained to ensure uniform drying and preserve coffee quality. Tasting Notes: Figs • Strawberry • Peaches",https://boojeecafe.com/products/liquid-gold,https://cdn.shopify.com/s/files/1/0712/3301/2030/files/17A61CF7-BFEA-463B-B200-E70791AAE58D.png?v=1771500552,Coffee
Liquid Gold - Aura estate,Boojee,995.0,250g,,Figs • Strawberry • Peaches,,Method,"Aura Farming – Dry Osmosis Process Method. Grown at 3700ft above sea level, Liquid Gold is crafted from Coffee cherries harvested at a ripeness level of above 95%. After harvesting, the cherries are washed, and all floating fruits are removed to ensure quality selection. The coffee cherries are taken to raised beds for drying and dried until it reaches 45% moisture. The cherries are then transferred to a container and fermented anaerobically for 48 hours. After fermentation, they are moved to raised beds and dried slowly for 25 days. During the drying period, temperature and relative humidity are carefully monitored and maintained to ensure uniform drying and preserve coffee quality. Tasting Notes: Figs • Strawberry • Peaches",https://boojeecafe.com/products/liquid-gold,https://cdn.shopify.com/s/files/1/0712/3301/2030/files/17A61CF7-BFEA-463B-B200-E70791AAE58D.png?v=1771500552,Coffee
Liquid Gold - Aura estate,Boojee,995.0,250g,,Figs • Strawberry • Peaches,,Method,"Aura Farming – Dry Osmosis Process Method. Grown at 3700ft above sea level, Liquid Gold is crafted from Coffee cherries harvested at a ripeness level of above 95%. After harvesting, the cherries are washed, and all floating fruits are removed to ensure quality selection. The coffee cherries are taken to raised beds for drying and dried until it reaches 45% moisture. The cherries are then transferred to a container and fermented anaerobically for 48 hours. After fermentation, they are moved to raised beds and dried slowly for 25 days. During the drying period, temperature and relative humidity are carefully monitored and maintained to ensure uniform drying and preserve coffee quality. Tasting Notes: Figs • Strawberry • Peaches",https://boojeecafe.com/products/liquid-gold,https://cdn.shopify.com/s/files/1/0712/3301/2030/files/17A61CF7-BFEA-463B-B200-E70791AAE58D.png?v=1771500552,Coffee
Liquid Gold - Aura estate,Boojee,995.0,250g,,Figs • Strawberry • Peaches,,Method,"Aura Farming – Dry Osmosis Process Method. Grown at 3700ft above sea level, Liquid Gold is crafted from Coffee cherries harvested at a ripeness level of above 95%. After harvesting, the cherries are washed, and all floating fruits are removed to ensure quality selection. The coffee cherries are taken to raised beds for drying and dried until it reaches 45% moisture. The cherries are then transferred to a container and fermented anaerobically for 48 hours. After fermentation, they are moved to raised beds and dried slowly for 25 days. During the drying period, temperature and relative humidity are carefully monitored and maintained to ensure uniform drying and preserve coffee quality. Tasting Notes: Figs • Strawberry • Peaches",https://boojeecafe.com/products/liquid-gold,https://cdn.shopify.com/s/files/1/0712/3301/2030/files/17A61CF7-BFEA-463B-B200-E70791AAE58D.png?v=1771500552,Coffee
Liquid Gold - Aura estate,Boojee,995.0,250g,,Figs • Strawberry • Peaches,,Method,"Aura Farming – Dry Osmosis Process Method. Grown at 3700ft above sea level, Liquid Gold is crafted from Coffee cherries harvested at a ripeness level of above 95%. After harvesting, the cherries are washed, and all floating fruits are removed to ensure quality selection. The coffee cherries are taken to raised beds for drying and dried until it reaches 45% moisture. The cherries are then transferred to a container and fermented anaerobically for 48 hours. After fermentation, they are moved to raised beds and dried slowly for 25 days. During the drying period, temperature and relative humidity are carefully monitored and maintained to ensure uniform drying and preserve coffee quality. Tasting Notes: Figs • Strawberry • Peaches",https://boojeecafe.com/products/liquid-gold,https://cdn.shopify.com/s/files/1/0712/3301/2030/files/17A61CF7-BFEA-463B-B200-E70791AAE58D.png?v=1771500552,Coffee
Liquid Gold - Aura estate,Boojee,995.0,250g,,Figs • Strawberry • Peaches,,Method,"Aura Farming – Dry Osmosis Process Method. Grown at 3700ft above sea level, Liquid Gold is crafted from Coffee cherries harvested at a ripeness level of above 95%. After harvesting, the cherries are washed, and all floating fruits are removed to ensure quality selection. The coffee cherries are taken to raised beds for drying and dried until it reaches 45% moisture. The cherries are then transferred to a container and fermented anaerobically for 48 hours. After fermentation, they are moved to raised beds and dried slowly for 25 days. During the drying period, temperature and relative humidity are carefully monitored and maintained to ensure uniform drying and preserve coffee quality. Tasting Notes: Figs • Strawberry • Peaches",https://boojeecafe.com/products/liquid-gold,https://cdn.shopify.com/s/files/1/0712/3301/2030/files/17A61CF7-BFEA-463B-B200-E70791AAE58D.png?v=1771500552,Coffee
Liquid Gold - Aura estate,Boojee,3300.0,1kg,,Figs • Strawberry • Peaches,,Method,"Aura Farming – Dry Osmosis Process Method. Grown at 3700ft above sea level, Liquid Gold is crafted from Coffee cherries harvested at a ripeness level of above 95%. After harvesting, the cherries are washed, and all floating fruits are removed to ensure quality selection. The coffee cherries are taken to raised beds for drying and dried until it reaches 45% moisture. The cherries are then transferred to a container and fermented anaerobically for 48 hours. After fermentation, they are moved to raised beds and dried slowly for 25 days. During the drying period, temperature and relative humidity are carefully monitored and maintained to ensure uniform drying and preserve coffee quality. Tasting Notes: Figs • Strawberry • Peaches",https://boojeecafe.com/products/liquid-gold,https://cdn.shopify.com/s/files/1/0712/3301/2030/files/17A61CF7-BFEA-463B-B200-E70791AAE58D.png?v=1771500552,Coffee
Liquid Gold - Aura estate,Boojee,3300.0,1kg,,Figs • Strawberry • Peaches,,Method,"Aura Farming – Dry Osmosis Process Method. Grown at 3700ft above sea level, Liquid Gold is crafted from Coffee cherries harvested at a ripeness level of above 95%. After harvesting, the cherries are washed, and all floating fruits are removed to ensure quality selection. The coffee cherries are taken to raised beds for drying and dried until it reaches 45% moisture. The cherries are then transferred to a container and fermented anaerobically for 48 hours. After fermentation, they are moved to raised beds and dried slowly for 25 days. During the drying period, temperature and relative humidity are carefully monitored and maintained to ensure uniform drying and preserve coffee quality. Tasting Notes: Figs • Strawberry • Peaches",https://boojeecafe.com/products/liquid-gold,https://cdn.shopify.com/s/files/1/0712/3301/2030/files/17A61CF7-BFEA-463B-B200-E70791AAE58D.png?v=1771500552,Coffee
Liquid Gold - Aura estate,Boojee,3300.0,1kg,,Figs • Strawberry • Peaches,,Method,"Aura Farming – Dry Osmosis Process Method. Grown at 3700ft above sea level, Liquid Gold is crafted from Coffee cherries harvested at a ripeness level of above 95%. After harvesting, the cherries are washed, and all floating fruits are removed to ensure quality selection. The coffee cherries are taken to raised beds for drying and dried until it reaches 45% moisture. The cherries are then transferred to a container and fermented anaerobically for 48 hours. After fermentation, they are moved to raised beds and dried slowly for 25 days. During the drying period, temperature and relative humidity are carefully monitored and maintained to ensure uniform drying and preserve coffee quality. Tasting Notes: Figs • Strawberry • Peaches",https://boojeecafe.com/products/liquid-gold,https://cdn.shopify.com/s/files/1/0712/3301/2030/files/17A61CF7-BFEA-463B-B200-E70791AAE58D.png?v=1771500552,Coffee
Liquid Gold - Aura estate,Boojee,3300.0,1kg,,Figs • Strawberry • Peaches,,Method,"Aura Farming – Dry Osmosis Process Method. Grown at 3700ft above sea level, Liquid Gold is crafted from Coffee cherries harvested at a ripeness level of above 95%. After harvesting, the cherries are washed, and all floating fruits are removed to ensure quality selection. The coffee cherries are taken to raised beds for drying and dried until it reaches 45% moisture. The cherries are then transferred to a container and fermented anaerobically for 48 hours. After fermentation, they are moved to raised beds and dried slowly for 25 days. During the drying period, temperature and relative humidity are carefully monitored and maintained to ensure uniform drying and preserve coffee quality. Tasting Notes: Figs • Strawberry • Peaches",https://boojeecafe.com/products/liquid-gold,https://cdn.shopify.com/s/files/1/0712/3301/2030/files/17A61CF7-BFEA-463B-B200-E70791AAE58D.png?v=1771500552,Coffee
Liquid Gold - Aura estate,Boojee,3300.0,1kg,,Figs • Strawberry • Peaches,,Method,"Aura Farming – Dry Osmosis Process Method. Grown at 3700ft above sea level, Liquid Gold is crafted from Coffee cherries harvested at a ripeness level of above 95%. After harvesting, the cherries are washed, and all floating fruits are removed to ensure quality selection. The coffee cherries are taken to raised beds for drying and dried until it reaches 45% moisture. The cherries are then transferred to a container and fermented anaerobically for 48 hours. After fermentation, they are moved to raised beds and dried slowly for 25 days. During the drying period, temperature and relative humidity are carefully monitored and maintained to ensure uniform drying and preserve coffee quality. Tasting Notes: Figs • Strawberry • Peaches",https://boojeecafe.com/products/liquid-gold,https://cdn.shopify.com/s/files/1/0712/3301/2030/files/17A61CF7-BFEA-463B-B200-E70791AAE58D.png?v=1771500552,Coffee
Liquid Gold - Aura estate,Boojee,3300.0,1kg,,Figs • Strawberry • Peaches,,Method,"Aura Farming – Dry Osmosis Process Method. Grown at 3700ft above sea level, Liquid Gold is crafted from Coffee cherries harvested at a ripeness level of above 95%. After harvesting, the cherries are washed, and all floating fruits are removed to ensure quality selection. The coffee cherries are taken to raised beds for drying and dried until it reaches 45% moisture. The cherries are then transferred to a container and fermented anaerobically for 48 hours. After fermentation, they are moved to raised beds and dried slowly for 25 days. During the drying period, temperature and relative humidity are carefully monitored and maintained to ensure uniform drying and preserve coffee quality. Tasting Notes: Figs • Strawberry • Peaches",https://boojeecafe.com/products/liquid-gold,https://cdn.shopify.com/s/files/1/0712/3301/2030/files/17A61CF7-BFEA-463B-B200-E70791AAE58D.png?v=1771500552,Coffee
Liquid Gold - Aura estate,Boojee,3300.0,1kg,,Figs • Strawberry • Peaches,,Method,"Aura Farming – Dry Osmosis Process Method. Grown at 3700ft above sea level, Liquid Gold is crafted from Coffee cherries harvested at a ripeness level of above 95%. After harvesting, the cherries are washed, and all floating fruits are removed to ensure quality selection. The coffee cherries are taken to raised beds for drying and dried until it reaches 45% moisture. The cherries are then transferred to a container and fermented anaerobically for 48 hours. After fermentation, they are moved to raised beds and dried slowly for 25 days. During the drying period, temperature and relative humidity are carefully monitored and maintained to ensure uniform drying and preserve coffee quality. Tasting Notes: Figs • Strawberry • Peaches",https://boojeecafe.com/products/liquid-gold,https://cdn.shopify.com/s/files/1/0712/3301/2030/files/17A61CF7-BFEA-463B-B200-E70791AAE58D.png?v=1771500552,Coffee
Liquid Gold - Aura estate,Boojee,3300.0,1kg,,Figs • Strawberry • Peaches,,Method,"Aura Farming – Dry Osmosis Process Method. Grown at 3700ft above sea level, Liquid Gold is crafted from Coffee cherries harvested at a ripeness level of above 95%. After harvesting, the cherries are washed, and all floating fruits are removed to ensure quality selection. The coffee cherries are taken to raised beds for drying and dried until it reaches 45% moisture. The cherries are then transferred to a container and fermented anaerobically for 48 hours. After fermentation, they are moved to raised beds and dried slowly for 25 days. During the drying period, temperature and relative humidity are carefully monitored and maintained to ensure uniform drying and preserve coffee quality. Tasting Notes: Figs • Strawberry • Peaches",https://boojeecafe.com/products/liquid-gold,https://cdn.shopify.com/s/files/1/0712/3301/2030/files/17A61CF7-BFEA-463B-B200-E70791AAE58D.png?v=1771500552,Coffee
Liquid Gold - Aura estate,Boojee,3300.0,1kg,,Figs • Strawberry • Peaches,,Method,"Aura Farming – Dry Osmosis Process Method. Grown at 3700ft above sea level, Liquid Gold is crafted from Coffee cherries harvested at a ripeness level of above 95%. After harvesting, the cherries are washed, and all floating fruits are removed to ensure quality selection. The coffee cherries are taken to raised beds for drying and dried until it reaches 45% moisture. The cherries are then transferred to a container and fermented anaerobically for 48 hours. After fermentation, they are moved to raised beds and dried slowly for 25 days. During the drying period, temperature and relative humidity are carefully monitored and maintained to ensure uniform drying and preserve coffee quality. Tasting Notes: Figs • Strawberry • Peaches",https://boojeecafe.com/products/liquid-gold,https://cdn.shopify.com/s/files/1/0712/3301/2030/files/17A61CF7-BFEA-463B-B200-E70791AAE58D.png?v=1771500552,Coffee
Liquid Gold - Aura estate,Boojee,3300.0,1kg,,Figs • Strawberry • Peaches,,Method,"Aura Farming – Dry Osmosis Process Method. Grown at 3700ft above sea level, Liquid Gold is crafted from Coffee cherries harvested at a ripeness level of above 95%. After harvesting, the cherries are washed, and all floating fruits are removed to ensure quality selection. The coffee cherries are taken to raised beds for drying and dried until it reaches 45% moisture. The cherries are then transferred to a container and fermented anaerobically for 48 hours. After fermentation, they are moved to raised beds and dried slowly for 25 days. During the drying period, temperature and relative humidity are carefully monitored and maintained to ensure uniform drying and preserve coffee quality. Tasting Notes: Figs • Strawberry • Peaches",https://boojeecafe.com/products/liquid-gold,https://cdn.shopify.com/s/files/1/0712/3301/2030/files/17A61CF7-BFEA-463B-B200-E70791AAE58D.png?v=1771500552,Coffee
Liquid Gold - Aura estate,Boojee,3300.0,1kg,,Figs • Strawberry • Peaches,,Method,"Aura Farming – Dry Osmosis Process Method. Grown at 3700ft above sea level, Liquid Gold is crafted from Coffee cherries harvested at a ripeness level of above 95%. After harvesting, the cherries are washed, and all floating fruits are removed to ensure quality selection. The coffee cherries are taken to raised beds for drying and dried until it reaches 45% moisture. The cherries are then transferred to a container and fermented anaerobically for 48 hours. After fermentation, they are moved to raised beds and dried slowly for 25 days. During the drying period, temperature and relative humidity are carefully monitored and maintained to ensure uniform drying and preserve coffee quality. Tasting Notes: Figs • Strawberry • Peaches",https://boojeecafe.com/products/liquid-gold,https://cdn.shopify.com/s/files/1/0712/3301/2030/files/17A61CF7-BFEA-463B-B200-E70791AAE58D.png?v=1771500552,Coffee
Liquid Gold - Aura estate,Boojee,3300.0,1kg,,Figs • Strawberry • Peaches,,Method,"Aura Farming – Dry Osmosis Process Method. Grown at 3700ft above sea level, Liquid Gold is crafted from Coffee cherries harvested at a ripeness level of above 95%. After harvesting, the cherries are washed, and all floating fruits are removed to ensure quality selection. The coffee cherries are taken to raised beds for drying and dried until it reaches 45% moisture. The cherries are then transferred to a container and fermented anaerobically for 48 hours. After fermentation, they are moved to raised beds and dried slowly for 25 days. During the drying period, temperature and relative humidity are carefully monitored and maintained to ensure uniform drying and preserve coffee quality. Tasting Notes: Figs • Strawberry • Peaches",https://boojeecafe.com/products/liquid-gold,https://cdn.shopify.com/s/files/1/0712/3301/2030/files/17A61CF7-BFEA-463B-B200-E70791AAE58D.png?v=1771500552,Coffee
Liquid Gold - Aura estate,Boojee,3300.0,1kg,,Figs • Strawberry • Peaches,,Method,"Aura Farming – Dry Osmosis Process Method. Grown at 3700ft above sea level, Liquid Gold is crafted from Coffee cherries harvested at a ripeness level of above 95%. After harvesting, the cherries are washed, and all floating fruits are removed to ensure quality selection. The coffee cherries are taken to raised beds for drying and dried until it reaches 45% moisture. The cherries are then transferred to a container and fermented anaerobically for 48 hours. After fermentation, they are moved to raised beds and dried slowly for 25 days. During the drying period, temperature and relative humidity are carefully monitored and maintained to ensure uniform drying and preserve coffee quality. Tasting Notes: Figs • Strawberry • Peaches",https://boojeecafe.com/products/liquid-gold,https://cdn.shopify.com/s/files/1/0712/3301/2030/files/17A61CF7-BFEA-463B-B200-E70791AAE58D.png?v=1771500552,Coffee
Liquid Gold - Aura estate,Boojee,3300.0,1kg,,Figs • Strawberry • Peaches,,Method,"Aura Farming – Dry Osmosis Process Method. Grown at 3700ft above sea level, Liquid Gold is crafted from Coffee cherries harvested at a ripeness level of above 95%. After harvesting, the cherries are washed, and all floating fruits are removed to ensure quality selection. The coffee cherries are taken to raised beds for drying and dried until it reaches 45% moisture. The cherries are then transferred to a container and fermented anaerobically for 48 hours. After fermentation, they are moved to raised beds and dried slowly for 25 days. During the drying period, temperature and relative humidity are carefully monitored and maintained to ensure uniform drying and preserve coffee quality. Tasting Notes: Figs • Strawberry • Peaches",https://boojeecafe.com/products/liquid-gold,https://cdn.shopify.com/s/files/1/0712/3301/2030/files/17A61CF7-BFEA-463B-B200-E70791AAE58D.png?v=1771500552,Coffee
Liquid Gold - Aura estate,Boojee,3300.0,1kg,,Figs • Strawberry • Peaches,,Method,"Aura Farming – Dry Osmosis Process Method. Grown at 3700ft above sea level, Liquid Gold is crafted from Coffee cherries harvested at a ripeness level of above 95%. After harvesting, the cherries are washed, and all floating fruits are removed to ensure quality selection. The coffee cherries are taken to raised beds for drying and dried until it reaches 45% moisture. The cherries are then transferred to a container and fermented anaerobically for 48 hours. After fermentation, they are moved to raised beds and dried slowly for 25 days. During the drying period, temperature and relative humidity are carefully monitored and maintained to ensure uniform drying and preserve coffee quality. Tasting Notes: Figs • Strawberry • Peaches",https://boojeecafe.com/products/liquid-gold,https://cdn.shopify.com/s/files/1/0712/3301/2030/files/17A61CF7-BFEA-463B-B200-E70791AAE58D.png?v=1771500552,Coffee
Liquid Gold - Aura estate,Boojee,3300.0,1kg,,Figs • Strawberry • Peaches,,Method,"Aura Farming – Dry Osmosis Process Method. Grown at 3700ft above sea level, Liquid Gold is crafted from Coffee cherries harvested at a ripeness level of above 95%. After harvesting, the cherries are washed, and all floating fruits are removed to ensure quality selection. The coffee cherries are taken to raised beds for drying and dried until it reaches 45% moisture. The cherries are then transferred to a container and fermented anaerobically for 48 hours. After fermentation, they are moved to raised beds and dried slowly for 25 days. During the drying period, temperature and relative humidity are carefully monitored and maintained to ensure uniform drying and preserve coffee quality. Tasting Notes: Figs • Strawberry • Peaches",https://boojeecafe.com/products/liquid-gold,https://cdn.shopify.com/s/files/1/0712/3301/2030/files/17A61CF7-BFEA-463B-B200-E70791AAE58D.png?v=1771500552,Coffee
Liquid Gold - Aura estate,Boojee,3300.0,1kg,,Figs • Strawberry • Peaches,,Method,"Aura Farming – Dry Osmosis Process Method. Grown at 3700ft above sea level, Liquid Gold is crafted from Coffee cherries harvested at a ripeness level of above 95%. After harvesting, the cherries are washed, and all floating fruits are removed to ensure quality selection. The coffee cherries are taken to raised beds for drying and dried until it reaches 45% moisture. The cherries are then transferred to a container and fermented anaerobically for 48 hours. After fermentation, they are moved to raised beds and dried slowly for 25 days. During the drying period, temperature and relative humidity are carefully monitored and maintained to ensure uniform drying and preserve coffee quality. Tasting Notes: Figs • Strawberry • Peaches",https://boojeecafe.com/products/liquid-gold,https://cdn.shopify.com/s/files/1/0712/3301/2030/files/17A61CF7-BFEA-463B-B200-E70791AAE58D.png?v=1771500552,Coffee
Liquid Gold - Aura estate,Boojee,3300.0,1kg,,Figs • Strawberry • Peaches,,Method,"Aura Farming – Dry Osmosis Process Method. Grown at 3700ft above sea level, Liquid Gold is crafted from Coffee cherries harvested at a ripeness level of above 95%. After harvesting, the cherries are washed, and all floating fruits are removed to ensure quality selection. The coffee cherries are taken to raised beds for drying and dried until it reaches 45% moisture. The cherries are then transferred to a container and fermented anaerobically for 48 hours. After fermentation, they are moved to raised beds and dried slowly for 25 days. During the drying period, temperature and relative humidity are carefully monitored and maintained to ensure uniform drying and preserve coffee quality. Tasting Notes: Figs • Strawberry • Peaches",https://boojeecafe.com/products/liquid-gold,https://cdn.shopify.com/s/files/1/0712/3301/2030/files/17A61CF7-BFEA-463B-B200-E70791AAE58D.png?v=1771500552,Coffee
Liquid Gold - Aura estate,Boojee,9000.0,3kg,,Figs • Strawberry • Peaches,,Method,"Aura Farming – Dry Osmosis Process Method. Grown at 3700ft above sea level, Liquid Gold is crafted from Coffee cherries harvested at a ripeness level of above 95%. After harvesting, the cherries are washed, and all floating fruits are removed to ensure quality selection. The coffee cherries are taken to raised beds for drying and dried until it reaches 45% moisture. The cherries are then transferred to a container and fermented anaerobically for 48 hours. After fermentation, they are moved to raised beds and dried slowly for 25 days. During the drying period, temperature and relative humidity are carefully monitored and maintained to ensure uniform drying and preserve coffee quality. Tasting Notes: Figs • Strawberry • Peaches",https://boojeecafe.com/products/liquid-gold,https://cdn.shopify.com/s/files/1/0712/3301/2030/files/17A61CF7-BFEA-463B-B200-E70791AAE58D.png?v=1771500552,Coffee
Liquid Gold - Aura estate,Boojee,9000.0,3kg,,Figs • Strawberry • Peaches,,Method,"Aura Farming – Dry Osmosis Process Method. Grown at 3700ft above sea level, Liquid Gold is crafted from Coffee cherries harvested at a ripeness level of above 95%. After harvesting, the cherries are washed, and all floating fruits are removed to ensure quality selection. The coffee cherries are taken to raised beds for drying and dried until it reaches 45% moisture. The cherries are then transferred to a container and fermented anaerobically for 48 hours. After fermentation, they are moved to raised beds and dried slowly for 25 days. During the drying period, temperature and relative humidity are carefully monitored and maintained to ensure uniform drying and preserve coffee quality. Tasting Notes: Figs • Strawberry • Peaches",https://boojeecafe.com/products/liquid-gold,https://cdn.shopify.com/s/files/1/0712/3301/2030/files/17A61CF7-BFEA-463B-B200-E70791AAE58D.png?v=1771500552,Coffee
Liquid Gold - Aura estate,Boojee,9000.0,3kg,,Figs • Strawberry • Peaches,,Method,"Aura Farming – Dry Osmosis Process Method. Grown at 3700ft above sea level, Liquid Gold is crafted from Coffee cherries harvested at a ripeness level of above 95%. After harvesting, the cherries are washed, and all floating fruits are removed to ensure quality selection. The coffee cherries are taken to raised beds for drying and dried until it reaches 45% moisture. The cherries are then transferred to a container and fermented anaerobically for 48 hours. After fermentation, they are moved to raised beds and dried slowly for 25 days. During the drying period, temperature and relative humidity are carefully monitored and maintained to ensure uniform drying and preserve coffee quality. Tasting Notes: Figs • Strawberry • Peaches",https://boojeecafe.com/products/liquid-gold,https://cdn.shopify.com/s/files/1/0712/3301/2030/files/17A61CF7-BFEA-463B-B200-E70791AAE58D.png?v=1771500552,Coffee
Liquid Gold - Aura estate,Boojee,9000.0,3kg,,Figs • Strawberry • Peaches,,Method,"Aura Farming – Dry Osmosis Process Method. Grown at 3700ft above sea level, Liquid Gold is crafted from Coffee cherries harvested at a ripeness level of above 95%. After harvesting, the cherries are washed, and all floating fruits are removed to ensure quality selection. The coffee cherries are taken to raised beds for drying and dried until it reaches 45% moisture. The cherries are then transferred to a container and fermented anaerobically for 48 hours. After fermentation, they are moved to raised beds and dried slowly for 25 days. During the drying period, temperature and relative humidity are carefully monitored and maintained to ensure uniform drying and preserve coffee quality. Tasting Notes: Figs • Strawberry • Peaches",https://boojeecafe.com/products/liquid-gold,https://cdn.shopify.com/s/files/1/0712/3301/2030/files/17A61CF7-BFEA-463B-B200-E70791AAE58D.png?v=1771500552,Coffee
Liquid Gold - Aura estate,Boojee,9000.0,3kg,,Figs • Strawberry • Peaches,,Method,"Aura Farming – Dry Osmosis Process Method. Grown at 3700ft above sea level, Liquid Gold is crafted from Coffee cherries harvested at a ripeness level of above 95%. After harvesting, the cherries are washed, and all floating fruits are removed to ensure quality selection. The coffee cherries are taken to raised beds for drying and dried until it reaches 45% moisture. The cherries are then transferred to a container and fermented anaerobically for 48 hours. After fermentation, they are moved to raised beds and dried slowly for 25 days. During the drying period, temperature and relative humidity are carefully monitored and maintained to ensure uniform drying and preserve coffee quality. Tasting Notes: Figs • Strawberry • Peaches",https://boojeecafe.com/products/liquid-gold,https://cdn.shopify.com/s/files/1/0712/3301/2030/files/17A61CF7-BFEA-463B-B200-E70791AAE58D.png?v=1771500552,Coffee
Liquid Gold - Aura estate,Boojee,9000.0,3kg,,Figs • Strawberry • Peaches,,Method,"Aura Farming – Dry Osmosis Process Method. Grown at 3700ft above sea level, Liquid Gold is crafted from Coffee cherries harvested at a ripeness level of above 95%. After harvesting, the cherries are washed, and all floating fruits are removed to ensure quality selection. The coffee cherries are taken to raised beds for drying and dried until it reaches 45% moisture. The cherries are then transferred to a container and fermented anaerobically for 48 hours. After fermentation, they are moved to raised beds and dried slowly for 25 days. During the drying period, temperature and relative humidity are carefully monitored and maintained to ensure uniform drying and preserve coffee quality. Tasting Notes: Figs • Strawberry • Peaches",https://boojeecafe.com/products/liquid-gold,https://cdn.shopify.com/s/files/1/0712/3301/2030/files/17A61CF7-BFEA-463B-B200-E70791AAE58D.png?v=1771500552,Coffee
Liquid Gold - Aura estate,Boojee,9000.0,3kg,,Figs • Strawberry • Peaches,,Method,"Aura Farming – Dry Osmosis Process Method. Grown at 3700ft above sea level, Liquid Gold is crafted from Coffee cherries harvested at a ripeness level of above 95%. After harvesting, the cherries are washed, and all floating fruits are removed to ensure quality selection. The coffee cherries are taken to raised beds for drying and dried until it reaches 45% moisture. The cherries are then transferred to a container and fermented anaerobically for 48 hours. After fermentation, they are moved to raised beds and dried slowly for 25 days. During the drying period, temperature and relative humidity are carefully monitored and maintained to ensure uniform drying and preserve coffee quality. Tasting Notes: Figs • Strawberry • Peaches",https://boojeecafe.com/products/liquid-gold,https://cdn.shopify.com/s/files/1/0712/3301/2030/files/17A61CF7-BFEA-463B-B200-E70791AAE58D.png?v=1771500552,Coffee
Liquid Gold - Aura estate,Boojee,9000.0,3kg,,Figs • Strawberry • Peaches,,Method,"Aura Farming – Dry Osmosis Process Method. Grown at 3700ft above sea level, Liquid Gold is crafted from Coffee cherries harvested at a ripeness level of above 95%. After harvesting, the cherries are washed, and all floating fruits are removed to ensure quality selection. The coffee cherries are taken to raised beds for drying and dried until it reaches 45% moisture. The cherries are then transferred to a container and fermented anaerobically for 48 hours. After fermentation, they are moved to raised beds and dried slowly for 25 days. During the drying period, temperature and relative humidity are carefully monitored and maintained to ensure uniform drying and preserve coffee quality. Tasting Notes: Figs • Strawberry • Peaches",https://boojeecafe.com/products/liquid-gold,https://cdn.shopify.com/s/files/1/0712/3301/2030/files/17A61CF7-BFEA-463B-B200-E70791AAE58D.png?v=1771500552,Coffee
Liquid Gold - Aura estate,Boojee,9000.0,3kg,,Figs • Strawberry • Peaches,,Method,"Aura Farming – Dry Osmosis Process Method. Grown at 3700ft above sea level, Liquid Gold is crafted from Coffee cherries harvested at a ripeness level of above 95%. After harvesting, the cherries are washed, and all floating fruits are removed to ensure quality selection. The coffee cherries are taken to raised beds for drying and dried until it reaches 45% moisture. The cherries are then transferred to a container and fermented anaerobically for 48 hours. After fermentation, they are moved to raised beds and dried slowly for 25 days. During the drying period, temperature and relative humidity are carefully monitored and maintained to ensure uniform drying and preserve coffee quality. Tasting Notes: Figs • Strawberry • Peaches",https://boojeecafe.com/products/liquid-gold,https://cdn.shopify.com/s/files/1/0712/3301/2030/files/17A61CF7-BFEA-463B-B200-E70791AAE58D.png?v=1771500552,Coffee
Liquid Gold - Aura estate,Boojee,9000.0,3kg,,Figs • Strawberry • Peaches,,Method,"Aura Farming – Dry Osmosis Process Method. Grown at 3700ft above sea level, Liquid Gold is crafted from Coffee cherries harvested at a ripeness level of above 95%. After harvesting, the cherries are washed, and all floating fruits are removed to ensure quality selection. The coffee cherries are taken to raised beds for drying and dried until it reaches 45% moisture. The cherries are then transferred to a container and fermented anaerobically for 48 hours. After fermentation, they are moved to raised beds and dried slowly for 25 days. During the drying period, temperature and relative humidity are carefully monitored and maintained to ensure uniform drying and preserve coffee quality. Tasting Notes: Figs • Strawberry • Peaches",https://boojeecafe.com/products/liquid-gold,https://cdn.shopify.com/s/files/1/0712/3301/2030/files/17A61CF7-BFEA-463B-B200-E70791AAE58D.png?v=1771500552,Coffee
Liquid Gold - Aura estate,Boojee,9000.0,3kg,,Figs • Strawberry • Peaches,,Method,"Aura Farming – Dry Osmosis Process Method. Grown at 3700ft above sea level, Liquid Gold is crafted from Coffee cherries harvested at a ripeness level of above 95%. After harvesting, the cherries are washed, and all floating fruits are removed to ensure quality selection. The coffee cherries are taken to raised beds for drying and dried until it reaches 45% moisture. The cherries are then transferred to a container and fermented anaerobically for 48 hours. After fermentation, they are moved to raised beds and dried slowly for 25 days. During the drying period, temperature and relative humidity are carefully monitored and maintained to ensure uniform drying and preserve coffee quality. Tasting Notes: Figs • Strawberry • Peaches",https://boojeecafe.com/products/liquid-gold,https://cdn.shopify.com/s/files/1/0712/3301/2030/files/17A61CF7-BFEA-463B-B200-E70791AAE58D.png?v=1771500552,Coffee
Liquid Gold - Aura estate,Boojee,9000.0,3kg,,Figs • Strawberry • Peaches,,Method,"Aura Farming – Dry Osmosis Process Method. Grown at 3700ft above sea level, Liquid Gold is crafted from Coffee cherries harvested at a ripeness level of above 95%. After harvesting, the cherries are washed, and all floating fruits are removed to ensure quality selection. The coffee cherries are taken to raised beds for drying and dried until it reaches 45% moisture. The cherries are then transferred to a container and fermented anaerobically for 48 hours. After fermentation, they are moved to raised beds and dried slowly for 25 days. During the drying period, temperature and relative humidity are carefully monitored and maintained to ensure uniform drying and preserve coffee quality. Tasting Notes: Figs • Strawberry • Peaches",https://boojeecafe.com/products/liquid-gold,https://cdn.shopify.com/s/files/1/0712/3301/2030/files/17A61CF7-BFEA-463B-B200-E70791AAE58D.png?v=1771500552,Coffee
Liquid Gold - Aura estate,Boojee,9000.0,3kg,,Figs • Strawberry • Peaches,,Method,"Aura Farming – Dry Osmosis Process Method. Grown at 3700ft above sea level, Liquid Gold is crafted from Coffee cherries harvested at a ripeness level of above 95%. After harvesting, the cherries are washed, and all floating fruits are removed to ensure quality selection. The coffee cherries are taken to raised beds for drying and dried until it reaches 45% moisture. The cherries are then transferred to a container and fermented anaerobically for 48 hours. After fermentation, they are moved to raised beds and dried slowly for 25 days. During the drying period, temperature and relative humidity are carefully monitored and maintained to ensure uniform drying and preserve coffee quality. Tasting Notes: Figs • Strawberry • Peaches",https://boojeecafe.com/products/liquid-gold,https://cdn.shopify.com/s/files/1/0712/3301/2030/files/17A61CF7-BFEA-463B-B200-E70791AAE58D.png?v=1771500552,Coffee
Liquid Gold - Aura estate,Boojee,9000.0,3kg,,Figs • Strawberry • Peaches,,Method,"Aura Farming – Dry Osmosis Process Method. Grown at 3700ft above sea level, Liquid Gold is crafted from Coffee cherries harvested at a ripeness level of above 95%. After harvesting, the cherries are washed, and all floating fruits are removed to ensure quality selection. The coffee cherries are taken to raised beds for drying and dried until it reaches 45% moisture. The cherries are then transferred to a container and fermented anaerobically for 48 hours. After fermentation, they are moved to raised beds and dried slowly for 25 days. During the drying period, temperature and relative humidity are carefully monitored and maintained to ensure uniform drying and preserve coffee quality. Tasting Notes: Figs • Strawberry • Peaches",https://boojeecafe.com/products/liquid-gold,https://cdn.shopify.com/s/files/1/0712/3301/2030/files/17A61CF7-BFEA-463B-B200-E70791AAE58D.png?v=1771500552,Coffee
Liquid Gold - Aura estate,Boojee,9000.0,3kg,,Figs • Strawberry • Peaches,,Method,"Aura Farming – Dry Osmosis Process Method. Grown at 3700ft above sea level, Liquid Gold is crafted from Coffee cherries harvested at a ripeness level of above 95%. After harvesting, the cherries are washed, and all floating fruits are removed to ensure quality selection. The coffee cherries are taken to raised beds for drying and dried until it reaches 45% moisture. The cherries are then transferred to a container and fermented anaerobically for 48 hours. After fermentation, they are moved to raised beds and dried slowly for 25 days. During the drying period, temperature and relative humidity are carefully monitored and maintained to ensure uniform drying and preserve coffee quality. Tasting Notes: Figs • Strawberry • Peaches",https://boojeecafe.com/products/liquid-gold,https://cdn.shopify.com/s/files/1/0712/3301/2030/files/17A61CF7-BFEA-463B-B200-E70791AAE58D.png?v=1771500552,Coffee
Liquid Gold - Aura estate,Boojee,9000.0,3kg,,Figs • Strawberry • Peaches,,Method,"Aura Farming – Dry Osmosis Process Method. Grown at 3700ft above sea level, Liquid Gold is crafted from Coffee cherries harvested at a ripeness level of above 95%. After harvesting, the cherries are washed, and all floating fruits are removed to ensure quality selection. The coffee cherries are taken to raised beds for drying and dried until it reaches 45% moisture. The cherries are then transferred to a container and fermented anaerobically for 48 hours. After fermentation, they are moved to raised beds and dried slowly for 25 days. During the drying period, temperature and relative humidity are carefully monitored and maintained to ensure uniform drying and preserve coffee quality. Tasting Notes: Figs • Strawberry • Peaches",https://boojeecafe.com/products/liquid-gold,https://cdn.shopify.com/s/files/1/0712/3301/2030/files/17A61CF7-BFEA-463B-B200-E70791AAE58D.png?v=1771500552,Coffee
Liquid Gold - Aura estate,Boojee,9000.0,3kg,,Figs • Strawberry • Peaches,,Method,"Aura Farming – Dry Osmosis Process Method. Grown at 3700ft above sea level, Liquid Gold is crafted from Coffee cherries harvested at a ripeness level of above 95%. After harvesting, the cherries are washed, and all floating fruits are removed to ensure quality selection. The coffee cherries are taken to raised beds for drying and dried until it reaches 45% moisture. The cherries are then transferred to a container and fermented anaerobically for 48 hours. After fermentation, they are moved to raised beds and dried slowly for 25 days. During the drying period, temperature and relative humidity are carefully monitored and maintained to ensure uniform drying and preserve coffee quality. Tasting Notes: Figs • Strawberry • Peaches",https://boojeecafe.com/products/liquid-gold,https://cdn.shopify.com/s/files/1/0712/3301/2030/files/17A61CF7-BFEA-463B-B200-E70791AAE58D.png?v=1771500552,Coffee
Liquid Gold - Aura estate,Boojee,9000.0,3kg,,Figs • Strawberry • Peaches,,Method,"Aura Farming – Dry Osmosis Process Method. Grown at 3700ft above sea level, Liquid Gold is crafted from Coffee cherries harvested at a ripeness level of above 95%. After harvesting, the cherries are washed, and all floating fruits are removed to ensure quality selection. The coffee cherries are taken to raised beds for drying and dried until it reaches 45% moisture. The cherries are then transferred to a container and fermented anaerobically for 48 hours. After fermentation, they are moved to raised beds and dried slowly for 25 days. During the drying period, temperature and relative humidity are carefully monitored and maintained to ensure uniform drying and preserve coffee quality. Tasting Notes: Figs • Strawberry • Peaches",https://boojeecafe.com/products/liquid-gold,https://cdn.shopify.com/s/files/1/0712/3301/2030/files/17A61CF7-BFEA-463B-B200-E70791AAE58D.png?v=1771500552,Coffee
Cranberry & Fig Energy Balls,Boojee,600.0,,,"Dates, cranberry, fig, almond flour, desiccated coconut, pumpkin, melon, sunflower",,,"Dates, cranberry, fig, almond flour, desiccated coconut, pumpkin, melon, sunflower, sesame & flax seeds Each pack contains 12 units Best before 3 months.",https://boojeecafe.com/products/energy-bars,https://cdn.shopify.com/s/files/1/0712/3301/2030/files/Energy_balls.png?v=1773741232,Coffee
Boojee Medium Dark Roast (Baarbara Estate),Boojee,895.0,250g,Medium-Dark Roast,"Nestled in the lush Bababudangiri Range, Baarbara",Baarbara Estate,,"Nestled in the lush Bababudangiri Range, Baarbara Estate produces exceptional single-origin Arabica beans grown at an altitude of 3,500ft. Every bean is carefully hand-picked and sorted, ensuring unmatched quality bringing in notes of prunes, caramelised nuts, figs. With its unique location, shade-grown methods, and meticulous craftsmanship, Baarbara Coffee has earned its place as a beacon of specialty coffee in India.",https://boojeecafe.com/products/espresso-blend-medium-dark-roast-cocoa-caramel-nut,https://cdn.shopify.com/s/files/1/0712/3301/2030/files/3_1ac0e52e-c69b-4e4e-a8a2-bfcece04b438.png?v=1770275943,Coffee
Boojee Medium Dark Roast (Baarbara Estate),Boojee,895.0,250g,Medium-Dark Roast,"Nestled in the lush Bababudangiri Range, Baarbara",Baarbara Estate,,"Nestled in the lush Bababudangiri Range, Baarbara Estate produces exceptional single-origin Arabica beans grown at an altitude of 3,500ft. Every bean is carefully hand-picked and sorted, ensuring unmatched quality bringing in notes of prunes, caramelised nuts, figs. With its unique location, shade-grown methods, and meticulous craftsmanship, Baarbara Coffee has earned its place as a beacon of specialty coffee in India.",https://boojeecafe.com/products/espresso-blend-medium-dark-roast-cocoa-caramel-nut,https://cdn.shopify.com/s/files/1/0712/3301/2030/files/3_1ac0e52e-c69b-4e4e-a8a2-bfcece04b438.png?v=1770275943,Coffee
Boojee Medium Dark Roast (Baarbara Estate),Boojee,895.0,250g,Medium-Dark Roast,"Nestled in the lush Bababudangiri Range, Baarbara",Baarbara Estate,,"Nestled in the lush Bababudangiri Range, Baarbara Estate produces exceptional single-origin Arabica beans grown at an altitude of 3,500ft. Every bean is carefully hand-picked and sorted, ensuring unmatched quality bringing in notes of prunes, caramelised nuts, figs. With its unique location, shade-grown methods, and meticulous craftsmanship, Baarbara Coffee has earned its place as a beacon of specialty coffee in India.",https://boojeecafe.com/products/espresso-blend-medium-dark-roast-cocoa-caramel-nut,https://cdn.shopify.com/s/files/1/0712/3301/2030/files/3_1ac0e52e-c69b-4e4e-a8a2-bfcece04b438.png?v=1770275943,Coffee
Boojee Medium Dark Roast (Baarbara Estate),Boojee,895.0,250g,Medium-Dark Roast,"Nestled in the lush Bababudangiri Range, Baarbara",Baarbara Estate,,"Nestled in the lush Bababudangiri Range, Baarbara Estate produces exceptional single-origin Arabica beans grown at an altitude of 3,500ft. Every bean is carefully hand-picked and sorted, ensuring unmatched quality bringing in notes of prunes, caramelised nuts, figs. With its unique location, shade-grown methods, and meticulous craftsmanship, Baarbara Coffee has earned its place as a beacon of specialty coffee in India.",https://boojeecafe.com/products/espresso-blend-medium-dark-roast-cocoa-caramel-nut,https://cdn.shopify.com/s/files/1/0712/3301/2030/files/3_1ac0e52e-c69b-4e4e-a8a2-bfcece04b438.png?v=1770275943,Coffee
Boojee Medium Dark Roast (Baarbara Estate),Boojee,895.0,250g,Medium-Dark Roast,"Nestled in the lush Bababudangiri Range, Baarbara",Baarbara Estate,,"Nestled in the lush Bababudangiri Range, Baarbara Estate produces exceptional single-origin Arabica beans grown at an altitude of 3,500ft. Every bean is carefully hand-picked and sorted, ensuring unmatched quality bringing in notes of prunes, caramelised nuts, figs. With its unique location, shade-grown methods, and meticulous craftsmanship, Baarbara Coffee has earned its place as a beacon of specialty coffee in India.",https://boojeecafe.com/products/espresso-blend-medium-dark-roast-cocoa-caramel-nut,https://cdn.shopify.com/s/files/1/0712/3301/2030/files/3_1ac0e52e-c69b-4e4e-a8a2-bfcece04b438.png?v=1770275943,Coffee
Boojee Medium Dark Roast (Baarbara Estate),Boojee,895.0,250g,Medium-Dark Roast,"Nestled in the lush Bababudangiri Range, Baarbara",Baarbara Estate,,"Nestled in the lush Bababudangiri Range, Baarbara Estate produces exceptional single-origin Arabica beans grown at an altitude of 3,500ft. Every bean is carefully hand-picked and sorted, ensuring unmatched quality bringing in notes of prunes, caramelised nuts, figs. With its unique location, shade-grown methods, and meticulous craftsmanship, Baarbara Coffee has earned its place as a beacon of specialty coffee in India.",https://boojeecafe.com/products/espresso-blend-medium-dark-roast-cocoa-caramel-nut,https://cdn.shopify.com/s/files/1/0712/3301/2030/files/3_1ac0e52e-c69b-4e4e-a8a2-bfcece04b438.png?v=1770275943,Coffee
Boojee Medium Dark Roast (Baarbara Estate),Boojee,895.0,250g,Medium-Dark Roast,"Nestled in the lush Bababudangiri Range, Baarbara",Baarbara Estate,,"Nestled in the lush Bababudangiri Range, Baarbara Estate produces exceptional single-origin Arabica beans grown at an altitude of 3,500ft. Every bean is carefully hand-picked and sorted, ensuring unmatched quality bringing in notes of prunes, caramelised nuts, figs. With its unique location, shade-grown methods, and meticulous craftsmanship, Baarbara Coffee has earned its place as a beacon of specialty coffee in India.",https://boojeecafe.com/products/espresso-blend-medium-dark-roast-cocoa-caramel-nut,https://cdn.shopify.com/s/files/1/0712/3301/2030/files/3_1ac0e52e-c69b-4e4e-a8a2-bfcece04b438.png?v=1770275943,Coffee
Boojee Medium Dark Roast (Baarbara Estate),Boojee,895.0,250g,Medium-Dark Roast,"Nestled in the lush Bababudangiri Range, Baarbara",Baarbara Estate,,"Nestled in the lush Bababudangiri Range, Baarbara Estate produces exceptional single-origin Arabica beans grown at an altitude of 3,500ft. Every bean is carefully hand-picked and sorted, ensuring unmatched quality bringing in notes of prunes, caramelised nuts, figs. With its unique location, shade-grown methods, and meticulous craftsmanship, Baarbara Coffee has earned its place as a beacon of specialty coffee in India.",https://boojeecafe.com/products/espresso-blend-medium-dark-roast-cocoa-caramel-nut,https://cdn.shopify.com/s/files/1/0712/3301/2030/files/3_1ac0e52e-c69b-4e4e-a8a2-bfcece04b438.png?v=1770275943,Coffee
Boojee Medium Dark Roast (Baarbara Estate),Boojee,895.0,250g,Medium-Dark Roast,"Nestled in the lush Bababudangiri Range, Baarbara",Baarbara Estate,,"Nestled in the lush Bababudangiri Range, Baarbara Estate produces exceptional single-origin Arabica beans grown at an altitude of 3,500ft. Every bean is carefully hand-picked and sorted, ensuring unmatched quality bringing in notes of prunes, caramelised nuts, figs. With its unique location, shade-grown methods, and meticulous craftsmanship, Baarbara Coffee has earned its place as a beacon of specialty coffee in India.",https://boojeecafe.com/products/espresso-blend-medium-dark-roast-cocoa-caramel-nut,https://cdn.shopify.com/s/files/1/0712/3301/2030/files/3_1ac0e52e-c69b-4e4e-a8a2-bfcece04b438.png?v=1770275943,Coffee
Boojee Medium Dark Roast (Baarbara Estate),Boojee,895.0,250g,Medium-Dark Roast,"Nestled in the lush Bababudangiri Range, Baarbara",Baarbara Estate,,"Nestled in the lush Bababudangiri Range, Baarbara Estate produces exceptional single-origin Arabica beans grown at an altitude of 3,500ft. Every bean is carefully hand-picked and sorted, ensuring unmatched quality bringing in notes of prunes, caramelised nuts, figs. With its unique location, shade-grown methods, and meticulous craftsmanship, Baarbara Coffee has earned its place as a beacon of specialty coffee in India.",https://boojeecafe.com/products/espresso-blend-medium-dark-roast-cocoa-caramel-nut,https://cdn.shopify.com/s/files/1/0712/3301/2030/files/3_1ac0e52e-c69b-4e4e-a8a2-bfcece04b438.png?v=1770275943,Coffee
Boojee Medium Dark Roast (Baarbara Estate),Boojee,895.0,250g,Medium-Dark Roast,"Nestled in the lush Bababudangiri Range, Baarbara",Baarbara Estate,,"Nestled in the lush Bababudangiri Range, Baarbara Estate produces exceptional single-origin Arabica beans grown at an altitude of 3,500ft. Every bean is carefully hand-picked and sorted, ensuring unmatched quality bringing in notes of prunes, caramelised nuts, figs. With its unique location, shade-grown methods, and meticulous craftsmanship, Baarbara Coffee has earned its place as a beacon of specialty coffee in India.",https://boojeecafe.com/products/espresso-blend-medium-dark-roast-cocoa-caramel-nut,https://cdn.shopify.com/s/files/1/0712/3301/2030/files/3_1ac0e52e-c69b-4e4e-a8a2-bfcece04b438.png?v=1770275943,Coffee
Boojee Medium Dark Roast (Baarbara Estate),Boojee,895.0,250g,Medium-Dark Roast,"Nestled in the lush Bababudangiri Range, Baarbara",Baarbara Estate,,"Nestled in the lush Bababudangiri Range, Baarbara Estate produces exceptional single-origin Arabica beans grown at an altitude of 3,500ft. Every bean is carefully hand-picked and sorted, ensuring unmatched quality bringing in notes of prunes, caramelised nuts, figs. With its unique location, shade-grown methods, and meticulous craftsmanship, Baarbara Coffee has earned its place as a beacon of specialty coffee in India.",https://boojeecafe.com/products/espresso-blend-medium-dark-roast-cocoa-caramel-nut,https://cdn.shopify.com/s/files/1/0712/3301/2030/files/3_1ac0e52e-c69b-4e4e-a8a2-bfcece04b438.png?v=1770275943,Coffee
Boojee Medium Dark Roast (Baarbara Estate),Boojee,895.0,250g,Medium-Dark Roast,"Nestled in the lush Bababudangiri Range, Baarbara",Baarbara Estate,,"Nestled in the lush Bababudangiri Range, Baarbara Estate produces exceptional single-origin Arabica beans grown at an altitude of 3,500ft. Every bean is carefully hand-picked and sorted, ensuring unmatched quality bringing in notes of prunes, caramelised nuts, figs. With its unique location, shade-grown methods, and meticulous craftsmanship, Baarbara Coffee has earned its place as a beacon of specialty coffee in India.",https://boojeecafe.com/products/espresso-blend-medium-dark-roast-cocoa-caramel-nut,https://cdn.shopify.com/s/files/1/0712/3301/2030/files/3_1ac0e52e-c69b-4e4e-a8a2-bfcece04b438.png?v=1770275943,Coffee
Boojee Medium Dark Roast (Baarbara Estate),Boojee,895.0,250g,Medium-Dark Roast,"Nestled in the lush Bababudangiri Range, Baarbara",Baarbara Estate,,"Nestled in the lush Bababudangiri Range, Baarbara Estate produces exceptional single-origin Arabica beans grown at an altitude of 3,500ft. Every bean is carefully hand-picked and sorted, ensuring unmatched quality bringing in notes of prunes, caramelised nuts, figs. With its unique location, shade-grown methods, and meticulous craftsmanship, Baarbara Coffee has earned its place as a beacon of specialty coffee in India.",https://boojeecafe.com/products/espresso-blend-medium-dark-roast-cocoa-caramel-nut,https://cdn.shopify.com/s/files/1/0712/3301/2030/files/3_1ac0e52e-c69b-4e4e-a8a2-bfcece04b438.png?v=1770275943,Coffee
Boojee Medium Dark Roast (Baarbara Estate),Boojee,895.0,250g,Medium-Dark Roast,"Nestled in the lush Bababudangiri Range, Baarbara",Baarbara Estate,,"Nestled in the lush Bababudangiri Range, Baarbara Estate produces exceptional single-origin Arabica beans grown at an altitude of 3,500ft. Every bean is carefully hand-picked and sorted, ensuring unmatched quality bringing in notes of prunes, caramelised nuts, figs. With its unique location, shade-grown methods, and meticulous craftsmanship, Baarbara Coffee has earned its place as a beacon of specialty coffee in India.",https://boojeecafe.com/products/espresso-blend-medium-dark-roast-cocoa-caramel-nut,https://cdn.shopify.com/s/files/1/0712/3301/2030/files/3_1ac0e52e-c69b-4e4e-a8a2-bfcece04b438.png?v=1770275943,Coffee
Boojee Medium Dark Roast (Baarbara Estate),Boojee,895.0,250g,Medium-Dark Roast,"Nestled in the lush Bababudangiri Range, Baarbara",Baarbara Estate,,"Nestled in the lush Bababudangiri Range, Baarbara Estate produces exceptional single-origin Arabica beans grown at an altitude of 3,500ft. Every bean is carefully hand-picked and sorted, ensuring unmatched quality bringing in notes of prunes, caramelised nuts, figs. With its unique location, shade-grown methods, and meticulous craftsmanship, Baarbara Coffee has earned its place as a beacon of specialty coffee in India.",https://boojeecafe.com/products/espresso-blend-medium-dark-roast-cocoa-caramel-nut,https://cdn.shopify.com/s/files/1/0712/3301/2030/files/3_1ac0e52e-c69b-4e4e-a8a2-bfcece04b438.png?v=1770275943,Coffee
Boojee Medium Dark Roast (Baarbara Estate),Boojee,895.0,250g,Medium-Dark Roast,"Nestled in the lush Bababudangiri Range, Baarbara",Baarbara Estate,,"Nestled in the lush Bababudangiri Range, Baarbara Estate produces exceptional single-origin Arabica beans grown at an altitude of 3,500ft. Every bean is carefully hand-picked and sorted, ensuring unmatched quality bringing in notes of prunes, caramelised nuts, figs. With its unique location, shade-grown methods, and meticulous craftsmanship, Baarbara Coffee has earned its place as a beacon of specialty coffee in India.",https://boojeecafe.com/products/espresso-blend-medium-dark-roast-cocoa-caramel-nut,https://cdn.shopify.com/s/files/1/0712/3301/2030/files/3_1ac0e52e-c69b-4e4e-a8a2-bfcece04b438.png?v=1770275943,Coffee
Boojee Medium Dark Roast (Baarbara Estate),Boojee,895.0,250g,Medium-Dark Roast,"Nestled in the lush Bababudangiri Range, Baarbara",Baarbara Estate,,"Nestled in the lush Bababudangiri Range, Baarbara Estate produces exceptional single-origin Arabica beans grown at an altitude of 3,500ft. Every bean is carefully hand-picked and sorted, ensuring unmatched quality bringing in notes of prunes, caramelised nuts, figs. With its unique location, shade-grown methods, and meticulous craftsmanship, Baarbara Coffee has earned its place as a beacon of specialty coffee in India.",https://boojeecafe.com/products/espresso-blend-medium-dark-roast-cocoa-caramel-nut,https://cdn.shopify.com/s/files/1/0712/3301/2030/files/3_1ac0e52e-c69b-4e4e-a8a2-bfcece04b438.png?v=1770275943,Coffee
Boojee Medium Dark Roast (Baarbara Estate),Boojee,3000.0,1kg,Medium-Dark Roast,"Nestled in the lush Bababudangiri Range, Baarbara",Baarbara Estate,,"Nestled in the lush Bababudangiri Range, Baarbara Estate produces exceptional single-origin Arabica beans grown at an altitude of 3,500ft. Every bean is carefully hand-picked and sorted, ensuring unmatched quality bringing in notes of prunes, caramelised nuts, figs. With its unique location, shade-grown methods, and meticulous craftsmanship, Baarbara Coffee has earned its place as a beacon of specialty coffee in India.",https://boojeecafe.com/products/espresso-blend-medium-dark-roast-cocoa-caramel-nut,https://cdn.shopify.com/s/files/1/0712/3301/2030/files/3_1ac0e52e-c69b-4e4e-a8a2-bfcece04b438.png?v=1770275943,Coffee
Boojee Medium Dark Roast (Baarbara Estate),Boojee,3000.0,1kg,Medium-Dark Roast,"Nestled in the lush Bababudangiri Range, Baarbara",Baarbara Estate,,"Nestled in the lush Bababudangiri Range, Baarbara Estate produces exceptional single-origin Arabica beans grown at an altitude of 3,500ft. Every bean is carefully hand-picked and sorted, ensuring unmatched quality bringing in notes of prunes, caramelised nuts, figs. With its unique location, shade-grown methods, and meticulous craftsmanship, Baarbara Coffee has earned its place as a beacon of specialty coffee in India.",https://boojeecafe.com/products/espresso-blend-medium-dark-roast-cocoa-caramel-nut,https://cdn.shopify.com/s/files/1/0712/3301/2030/files/3_1ac0e52e-c69b-4e4e-a8a2-bfcece04b438.png?v=1770275943,Coffee
Boojee Medium Dark Roast (Baarbara Estate),Boojee,3000.0,1kg,Medium-Dark Roast,"Nestled in the lush Bababudangiri Range, Baarbara",Baarbara Estate,,"Nestled in the lush Bababudangiri Range, Baarbara Estate produces exceptional single-origin Arabica beans grown at an altitude of 3,500ft. Every bean is carefully hand-picked and sorted, ensuring unmatched quality bringing in notes of prunes, caramelised nuts, figs. With its unique location, shade-grown methods, and meticulous craftsmanship, Baarbara Coffee has earned its place as a beacon of specialty coffee in India.",https://boojeecafe.com/products/espresso-blend-medium-dark-roast-cocoa-caramel-nut,https://cdn.shopify.com/s/files/1/0712/3301/2030/files/3_1ac0e52e-c69b-4e4e-a8a2-bfcece04b438.png?v=1770275943,Coffee
Boojee Medium Dark Roast (Baarbara Estate),Boojee,3000.0,1kg,Medium-Dark Roast,"Nestled in the lush Bababudangiri Range, Baarbara",Baarbara Estate,,"Nestled in the lush Bababudangiri Range, Baarbara Estate produces exceptional single-origin Arabica beans grown at an altitude of 3,500ft. Every bean is carefully hand-picked and sorted, ensuring unmatched quality bringing in notes of prunes, caramelised nuts, figs. With its unique location, shade-grown methods, and meticulous craftsmanship, Baarbara Coffee has earned its place as a beacon of specialty coffee in India.",https://boojeecafe.com/products/espresso-blend-medium-dark-roast-cocoa-caramel-nut,https://cdn.shopify.com/s/files/1/0712/3301/2030/files/3_1ac0e52e-c69b-4e4e-a8a2-bfcece04b438.png?v=1770275943,Coffee
Boojee Medium Dark Roast (Baarbara Estate),Boojee,3000.0,1kg,Medium-Dark Roast,"Nestled in the lush Bababudangiri Range, Baarbara",Baarbara Estate,,"Nestled in the lush Bababudangiri Range, Baarbara Estate produces exceptional single-origin Arabica beans grown at an altitude of 3,500ft. Every bean is carefully hand-picked and sorted, ensuring unmatched quality bringing in notes of prunes, caramelised nuts, figs. With its unique location, shade-grown methods, and meticulous craftsmanship, Baarbara Coffee has earned its place as a beacon of specialty coffee in India.",https://boojeecafe.com/products/espresso-blend-medium-dark-roast-cocoa-caramel-nut,https://cdn.shopify.com/s/files/1/0712/3301/2030/files/3_1ac0e52e-c69b-4e4e-a8a2-bfcece04b438.png?v=1770275943,Coffee
Boojee Medium Dark Roast (Baarbara Estate),Boojee,3000.0,1kg,Medium-Dark Roast,"Nestled in the lush Bababudangiri Range, Baarbara",Baarbara Estate,,"Nestled in the lush Bababudangiri Range, Baarbara Estate produces exceptional single-origin Arabica beans grown at an altitude of 3,500ft. Every bean is carefully hand-picked and sorted, ensuring unmatched quality bringing in notes of prunes, caramelised nuts, figs. With its unique location, shade-grown methods, and meticulous craftsmanship, Baarbara Coffee has earned its place as a beacon of specialty coffee in India.",https://boojeecafe.com/products/espresso-blend-medium-dark-roast-cocoa-caramel-nut,https://cdn.shopify.com/s/files/1/0712/3301/2030/files/3_1ac0e52e-c69b-4e4e-a8a2-bfcece04b438.png?v=1770275943,Coffee
Boojee Medium Dark Roast (Baarbara Estate),Boojee,3000.0,1kg,Medium-Dark Roast,"Nestled in the lush Bababudangiri Range, Baarbara",Baarbara Estate,,"Nestled in the lush Bababudangiri Range, Baarbara Estate produces exceptional single-origin Arabica beans grown at an altitude of 3,500ft. Every bean is carefully hand-picked and sorted, ensuring unmatched quality bringing in notes of prunes, caramelised nuts, figs. With its unique location, shade-grown methods, and meticulous craftsmanship, Baarbara Coffee has earned its place as a beacon of specialty coffee in India.",https://boojeecafe.com/products/espresso-blend-medium-dark-roast-cocoa-caramel-nut,https://cdn.shopify.com/s/files/1/0712/3301/2030/files/3_1ac0e52e-c69b-4e4e-a8a2-bfcece04b438.png?v=1770275943,Coffee
Boojee Medium Dark Roast (Baarbara Estate),Boojee,3000.0,1kg,Medium-Dark Roast,"Nestled in the lush Bababudangiri Range, Baarbara",Baarbara Estate,,"Nestled in the lush Bababudangiri Range, Baarbara Estate produces exceptional single-origin Arabica beans grown at an altitude of 3,500ft. Every bean is carefully hand-picked and sorted, ensuring unmatched quality bringing in notes of prunes, caramelised nuts, figs. With its unique location, shade-grown methods, and meticulous craftsmanship, Baarbara Coffee has earned its place as a beacon of specialty coffee in India.",https://boojeecafe.com/products/espresso-blend-medium-dark-roast-cocoa-caramel-nut,https://cdn.shopify.com/s/files/1/0712/3301/2030/files/3_1ac0e52e-c69b-4e4e-a8a2-bfcece04b438.png?v=1770275943,Coffee
Boojee Medium Dark Roast (Baarbara Estate),Boojee,3000.0,1kg,Medium-Dark Roast,"Nestled in the lush Bababudangiri Range, Baarbara",Baarbara Estate,,"Nestled in the lush Bababudangiri Range, Baarbara Estate produces exceptional single-origin Arabica beans grown at an altitude of 3,500ft. Every bean is carefully hand-picked and sorted, ensuring unmatched quality bringing in notes of prunes, caramelised nuts, figs. With its unique location, shade-grown methods, and meticulous craftsmanship, Baarbara Coffee has earned its place as a beacon of specialty coffee in India.",https://boojeecafe.com/products/espresso-blend-medium-dark-roast-cocoa-caramel-nut,https://cdn.shopify.com/s/files/1/0712/3301/2030/files/3_1ac0e52e-c69b-4e4e-a8a2-bfcece04b438.png?v=1770275943,Coffee
Boojee Medium Dark Roast (Baarbara Estate),Boojee,3000.0,1kg,Medium-Dark Roast,"Nestled in the lush Bababudangiri Range, Baarbara",Baarbara Estate,,"Nestled in the lush Bababudangiri Range, Baarbara Estate produces exceptional single-origin Arabica beans grown at an altitude of 3,500ft. Every bean is carefully hand-picked and sorted, ensuring unmatched quality bringing in notes of prunes, caramelised nuts, figs. With its unique location, shade-grown methods, and meticulous craftsmanship, Baarbara Coffee has earned its place as a beacon of specialty coffee in India.",https://boojeecafe.com/products/espresso-blend-medium-dark-roast-cocoa-caramel-nut,https://cdn.shopify.com/s/files/1/0712/3301/2030/files/3_1ac0e52e-c69b-4e4e-a8a2-bfcece04b438.png?v=1770275943,Coffee
Boojee Medium Dark Roast (Baarbara Estate),Boojee,3000.0,1kg,Medium-Dark Roast,"Nestled in the lush Bababudangiri Range, Baarbara",Baarbara Estate,,"Nestled in the lush Bababudangiri Range, Baarbara Estate produces exceptional single-origin Arabica beans grown at an altitude of 3,500ft. Every bean is carefully hand-picked and sorted, ensuring unmatched quality bringing in notes of prunes, caramelised nuts, figs. With its unique location, shade-grown methods, and meticulous craftsmanship, Baarbara Coffee has earned its place as a beacon of specialty coffee in India.",https://boojeecafe.com/products/espresso-blend-medium-dark-roast-cocoa-caramel-nut,https://cdn.shopify.com/s/files/1/0712/3301/2030/files/3_1ac0e52e-c69b-4e4e-a8a2-bfcece04b438.png?v=1770275943,Coffee
Boojee Medium Dark Roast (Baarbara Estate),Boojee,3000.0,1kg,Medium-Dark Roast,"Nestled in the lush Bababudangiri Range, Baarbara",Baarbara Estate,,"Nestled in the lush Bababudangiri Range, Baarbara Estate produces exceptional single-origin Arabica beans grown at an altitude of 3,500ft. Every bean is carefully hand-picked and sorted, ensuring unmatched quality bringing in notes of prunes, caramelised nuts, figs. With its unique location, shade-grown methods, and meticulous craftsmanship, Baarbara Coffee has earned its place as a beacon of specialty coffee in India.",https://boojeecafe.com/products/espresso-blend-medium-dark-roast-cocoa-caramel-nut,https://cdn.shopify.com/s/files/1/0712/3301/2030/files/3_1ac0e52e-c69b-4e4e-a8a2-bfcece04b438.png?v=1770275943,Coffee
Boojee Medium Dark Roast (Baarbara Estate),Boojee,3000.0,1kg,Medium-Dark Roast,"Nestled in the lush Bababudangiri Range, Baarbara",Baarbara Estate,,"Nestled in the lush Bababudangiri Range, Baarbara Estate produces exceptional single-origin Arabica beans grown at an altitude of 3,500ft. Every bean is carefully hand-picked and sorted, ensuring unmatched quality bringing in notes of prunes, caramelised nuts, figs. With its unique location, shade-grown methods, and meticulous craftsmanship, Baarbara Coffee has earned its place as a beacon of specialty coffee in India.",https://boojeecafe.com/products/espresso-blend-medium-dark-roast-cocoa-caramel-nut,https://cdn.shopify.com/s/files/1/0712/3301/2030/files/3_1ac0e52e-c69b-4e4e-a8a2-bfcece04b438.png?v=1770275943,Coffee
Boojee Medium Dark Roast (Baarbara Estate),Boojee,3000.0,1kg,Medium-Dark Roast,"Nestled in the lush Bababudangiri Range, Baarbara",Baarbara Estate,,"Nestled in the lush Bababudangiri Range, Baarbara Estate produces exceptional single-origin Arabica beans grown at an altitude of 3,500ft. Every bean is carefully hand-picked and sorted, ensuring unmatched quality bringing in notes of prunes, caramelised nuts, figs. With its unique location, shade-grown methods, and meticulous craftsmanship, Baarbara Coffee has earned its place as a beacon of specialty coffee in India.",https://boojeecafe.com/products/espresso-blend-medium-dark-roast-cocoa-caramel-nut,https://cdn.shopify.com/s/files/1/0712/3301/2030/files/3_1ac0e52e-c69b-4e4e-a8a2-bfcece04b438.png?v=1770275943,Coffee
Boojee Medium Dark Roast (Baarbara Estate),Boojee,3000.0,1kg,Medium-Dark Roast,"Nestled in the lush Bababudangiri Range, Baarbara",Baarbara Estate,,"Nestled in the lush Bababudangiri Range, Baarbara Estate produces exceptional single-origin Arabica beans grown at an altitude of 3,500ft. Every bean is carefully hand-picked and sorted, ensuring unmatched quality bringing in notes of prunes, caramelised nuts, figs. With its unique location, shade-grown methods, and meticulous craftsmanship, Baarbara Coffee has earned its place as a beacon of specialty coffee in India.",https://boojeecafe.com/products/espresso-blend-medium-dark-roast-cocoa-caramel-nut,https://cdn.shopify.com/s/files/1/0712/3301/2030/files/3_1ac0e52e-c69b-4e4e-a8a2-bfcece04b438.png?v=1770275943,Coffee
Boojee Medium Dark Roast (Baarbara Estate),Boojee,3000.0,1kg,Medium-Dark Roast,"Nestled in the lush Bababudangiri Range, Baarbara",Baarbara Estate,,"Nestled in the lush Bababudangiri Range, Baarbara Estate produces exceptional single-origin Arabica beans grown at an altitude of 3,500ft. Every bean is carefully hand-picked and sorted, ensuring unmatched quality bringing in notes of prunes, caramelised nuts, figs. With its unique location, shade-grown methods, and meticulous craftsmanship, Baarbara Coffee has earned its place as a beacon of specialty coffee in India.",https://boojeecafe.com/products/espresso-blend-medium-dark-roast-cocoa-caramel-nut,https://cdn.shopify.com/s/files/1/0712/3301/2030/files/3_1ac0e52e-c69b-4e4e-a8a2-bfcece04b438.png?v=1770275943,Coffee
Boojee Medium Dark Roast (Baarbara Estate),Boojee,3000.0,1kg,Medium-Dark Roast,"Nestled in the lush Bababudangiri Range, Baarbara",Baarbara Estate,,"Nestled in the lush Bababudangiri Range, Baarbara Estate produces exceptional single-origin Arabica beans grown at an altitude of 3,500ft. Every bean is carefully hand-picked and sorted, ensuring unmatched quality bringing in notes of prunes, caramelised nuts, figs. With its unique location, shade-grown methods, and meticulous craftsmanship, Baarbara Coffee has earned its place as a beacon of specialty coffee in India.",https://boojeecafe.com/products/espresso-blend-medium-dark-roast-cocoa-caramel-nut,https://cdn.shopify.com/s/files/1/0712/3301/2030/files/3_1ac0e52e-c69b-4e4e-a8a2-bfcece04b438.png?v=1770275943,Coffee
Boojee Medium Dark Roast (Baarbara Estate),Boojee,3000.0,1kg,Medium-Dark Roast,"Nestled in the lush Bababudangiri Range, Baarbara",Baarbara Estate,,"Nestled in the lush Bababudangiri Range, Baarbara Estate produces exceptional single-origin Arabica beans grown at an altitude of 3,500ft. Every bean is carefully hand-picked and sorted, ensuring unmatched quality bringing in notes of prunes, caramelised nuts, figs. With its unique location, shade-grown methods, and meticulous craftsmanship, Baarbara Coffee has earned its place as a beacon of specialty coffee in India.",https://boojeecafe.com/products/espresso-blend-medium-dark-roast-cocoa-caramel-nut,https://cdn.shopify.com/s/files/1/0712/3301/2030/files/3_1ac0e52e-c69b-4e4e-a8a2-bfcece04b438.png?v=1770275943,Coffee
Boojee Medium Dark Roast (Baarbara Estate),Boojee,8000.0,3kg,Medium-Dark Roast,"Nestled in the lush Bababudangiri Range, Baarbara",Baarbara Estate,,"Nestled in the lush Bababudangiri Range, Baarbara Estate produces exceptional single-origin Arabica beans grown at an altitude of 3,500ft. Every bean is carefully hand-picked and sorted, ensuring unmatched quality bringing in notes of prunes, caramelised nuts, figs. With its unique location, shade-grown methods, and meticulous craftsmanship, Baarbara Coffee has earned its place as a beacon of specialty coffee in India.",https://boojeecafe.com/products/espresso-blend-medium-dark-roast-cocoa-caramel-nut,https://cdn.shopify.com/s/files/1/0712/3301/2030/files/3_1ac0e52e-c69b-4e4e-a8a2-bfcece04b438.png?v=1770275943,Coffee
Boojee Medium Dark Roast (Baarbara Estate),Boojee,8000.0,3kg,Medium-Dark Roast,"Nestled in the lush Bababudangiri Range, Baarbara",Baarbara Estate,,"Nestled in the lush Bababudangiri Range, Baarbara Estate produces exceptional single-origin Arabica beans grown at an altitude of 3,500ft. Every bean is carefully hand-picked and sorted, ensuring unmatched quality bringing in notes of prunes, caramelised nuts, figs. With its unique location, shade-grown methods, and meticulous craftsmanship, Baarbara Coffee has earned its place as a beacon of specialty coffee in India.",https://boojeecafe.com/products/espresso-blend-medium-dark-roast-cocoa-caramel-nut,https://cdn.shopify.com/s/files/1/0712/3301/2030/files/3_1ac0e52e-c69b-4e4e-a8a2-bfcece04b438.png?v=1770275943,Coffee
Boojee Medium Dark Roast (Baarbara Estate),Boojee,8000.0,3kg,Medium-Dark Roast,"Nestled in the lush Bababudangiri Range, Baarbara",Baarbara Estate,,"Nestled in the lush Bababudangiri Range, Baarbara Estate produces exceptional single-origin Arabica beans grown at an altitude of 3,500ft. Every bean is carefully hand-picked and sorted, ensuring unmatched quality bringing in notes of prunes, caramelised nuts, figs. With its unique location, shade-grown methods, and meticulous craftsmanship, Baarbara Coffee has earned its place as a beacon of specialty coffee in India.",https://boojeecafe.com/products/espresso-blend-medium-dark-roast-cocoa-caramel-nut,https://cdn.shopify.com/s/files/1/0712/3301/2030/files/3_1ac0e52e-c69b-4e4e-a8a2-bfcece04b438.png?v=1770275943,Coffee
Boojee Medium Dark Roast (Baarbara Estate),Boojee,8000.0,3kg,Medium-Dark Roast,"Nestled in the lush Bababudangiri Range, Baarbara",Baarbara Estate,,"Nestled in the lush Bababudangiri Range, Baarbara Estate produces exceptional single-origin Arabica beans grown at an altitude of 3,500ft. Every bean is carefully hand-picked and sorted, ensuring unmatched quality bringing in notes of prunes, caramelised nuts, figs. With its unique location, shade-grown methods, and meticulous craftsmanship, Baarbara Coffee has earned its place as a beacon of specialty coffee in India.",https://boojeecafe.com/products/espresso-blend-medium-dark-roast-cocoa-caramel-nut,https://cdn.shopify.com/s/files/1/0712/3301/2030/files/3_1ac0e52e-c69b-4e4e-a8a2-bfcece04b438.png?v=1770275943,Coffee
Boojee Medium Dark Roast (Baarbara Estate),Boojee,8000.0,3kg,Medium-Dark Roast,"Nestled in the lush Bababudangiri Range, Baarbara",Baarbara Estate,,"Nestled in the lush Bababudangiri Range, Baarbara Estate produces exceptional single-origin Arabica beans grown at an altitude of 3,500ft. Every bean is carefully hand-picked and sorted, ensuring unmatched quality bringing in notes of prunes, caramelised nuts, figs. With its unique location, shade-grown methods, and meticulous craftsmanship, Baarbara Coffee has earned its place as a beacon of specialty coffee in India.",https://boojeecafe.com/products/espresso-blend-medium-dark-roast-cocoa-caramel-nut,https://cdn.shopify.com/s/files/1/0712/3301/2030/files/3_1ac0e52e-c69b-4e4e-a8a2-bfcece04b438.png?v=1770275943,Coffee
Boojee Medium Dark Roast (Baarbara Estate),Boojee,8000.0,3kg,Medium-Dark Roast,"Nestled in the lush Bababudangiri Range, Baarbara",Baarbara Estate,,"Nestled in the lush Bababudangiri Range, Baarbara Estate produces exceptional single-origin Arabica beans grown at an altitude of 3,500ft. Every bean is carefully hand-picked and sorted, ensuring unmatched quality bringing in notes of prunes, caramelised nuts, figs. With its unique location, shade-grown methods, and meticulous craftsmanship, Baarbara Coffee has earned its place as a beacon of specialty coffee in India.",https://boojeecafe.com/products/espresso-blend-medium-dark-roast-cocoa-caramel-nut,https://cdn.shopify.com/s/files/1/0712/3301/2030/files/3_1ac0e52e-c69b-4e4e-a8a2-bfcece04b438.png?v=1770275943,Coffee
Boojee Medium Dark Roast (Baarbara Estate),Boojee,8000.0,3kg,Medium-Dark Roast,"Nestled in the lush Bababudangiri Range, Baarbara",Baarbara Estate,,"Nestled in the lush Bababudangiri Range, Baarbara Estate produces exceptional single-origin Arabica beans grown at an altitude of 3,500ft. Every bean is carefully hand-picked and sorted, ensuring unmatched quality bringing in notes of prunes, caramelised nuts, figs. With its unique location, shade-grown methods, and meticulous craftsmanship, Baarbara Coffee has earned its place as a beacon of specialty coffee in India.",https://boojeecafe.com/products/espresso-blend-medium-dark-roast-cocoa-caramel-nut,https://cdn.shopify.com/s/files/1/0712/3301/2030/files/3_1ac0e52e-c69b-4e4e-a8a2-bfcece04b438.png?v=1770275943,Coffee
Boojee Medium Dark Roast (Baarbara Estate),Boojee,8000.0,3kg,Medium-Dark Roast,"Nestled in the lush Bababudangiri Range, Baarbara",Baarbara Estate,,"Nestled in the lush Bababudangiri Range, Baarbara Estate produces exceptional single-origin Arabica beans grown at an altitude of 3,500ft. Every bean is carefully hand-picked and sorted, ensuring unmatched quality bringing in notes of prunes, caramelised nuts, figs. With its unique location, shade-grown methods, and meticulous craftsmanship, Baarbara Coffee has earned its place as a beacon of specialty coffee in India.",https://boojeecafe.com/products/espresso-blend-medium-dark-roast-cocoa-caramel-nut,https://cdn.shopify.com/s/files/1/0712/3301/2030/files/3_1ac0e52e-c69b-4e4e-a8a2-bfcece04b438.png?v=1770275943,Coffee
Boojee Medium Dark Roast (Baarbara Estate),Boojee,8000.0,3kg,Medium-Dark Roast,"Nestled in the lush Bababudangiri Range, Baarbara",Baarbara Estate,,"Nestled in the lush Bababudangiri Range, Baarbara Estate produces exceptional single-origin Arabica beans grown at an altitude of 3,500ft. Every bean is carefully hand-picked and sorted, ensuring unmatched quality bringing in notes of prunes, caramelised nuts, figs. With its unique location, shade-grown methods, and meticulous craftsmanship, Baarbara Coffee has earned its place as a beacon of specialty coffee in India.",https://boojeecafe.com/products/espresso-blend-medium-dark-roast-cocoa-caramel-nut,https://cdn.shopify.com/s/files/1/0712/3301/2030/files/3_1ac0e52e-c69b-4e4e-a8a2-bfcece04b438.png?v=1770275943,Coffee
Boojee Medium Dark Roast (Baarbara Estate),Boojee,8000.0,3kg,Medium-Dark Roast,"Nestled in the lush Bababudangiri Range, Baarbara",Baarbara Estate,,"Nestled in the lush Bababudangiri Range, Baarbara Estate produces exceptional single-origin Arabica beans grown at an altitude of 3,500ft. Every bean is carefully hand-picked and sorted, ensuring unmatched quality bringing in notes of prunes, caramelised nuts, figs. With its unique location, shade-grown methods, and meticulous craftsmanship, Baarbara Coffee has earned its place as a beacon of specialty coffee in India.",https://boojeecafe.com/products/espresso-blend-medium-dark-roast-cocoa-caramel-nut,https://cdn.shopify.com/s/files/1/0712/3301/2030/files/3_1ac0e52e-c69b-4e4e-a8a2-bfcece04b438.png?v=1770275943,Coffee
Boojee Medium Dark Roast (Baarbara Estate),Boojee,8000.0,3kg,Medium-Dark Roast,"Nestled in the lush Bababudangiri Range, Baarbara",Baarbara Estate,,"Nestled in the lush Bababudangiri Range, Baarbara Estate produces exceptional single-origin Arabica beans grown at an altitude of 3,500ft. Every bean is carefully hand-picked and sorted, ensuring unmatched quality bringing in notes of prunes, caramelised nuts, figs. With its unique location, shade-grown methods, and meticulous craftsmanship, Baarbara Coffee has earned its place as a beacon of specialty coffee in India.",https://boojeecafe.com/products/espresso-blend-medium-dark-roast-cocoa-caramel-nut,https://cdn.shopify.com/s/files/1/0712/3301/2030/files/3_1ac0e52e-c69b-4e4e-a8a2-bfcece04b438.png?v=1770275943,Coffee
Boojee Medium Dark Roast (Baarbara Estate),Boojee,8000.0,3kg,Medium-Dark Roast,"Nestled in the lush Bababudangiri Range, Baarbara",Baarbara Estate,,"Nestled in the lush Bababudangiri Range, Baarbara Estate produces exceptional single-origin Arabica beans grown at an altitude of 3,500ft. Every bean is carefully hand-picked and sorted, ensuring unmatched quality bringing in notes of prunes, caramelised nuts, figs. With its unique location, shade-grown methods, and meticulous craftsmanship, Baarbara Coffee has earned its place as a beacon of specialty coffee in India.",https://boojeecafe.com/products/espresso-blend-medium-dark-roast-cocoa-caramel-nut,https://cdn.shopify.com/s/files/1/0712/3301/2030/files/3_1ac0e52e-c69b-4e4e-a8a2-bfcece04b438.png?v=1770275943,Coffee
Boojee Medium Dark Roast (Baarbara Estate),Boojee,8000.0,3kg,Medium-Dark Roast,"Nestled in the lush Bababudangiri Range, Baarbara",Baarbara Estate,,"Nestled in the lush Bababudangiri Range, Baarbara Estate produces exceptional single-origin Arabica beans grown at an altitude of 3,500ft. Every bean is carefully hand-picked and sorted, ensuring unmatched quality bringing in notes of prunes, caramelised nuts, figs. With its unique location, shade-grown methods, and meticulous craftsmanship, Baarbara Coffee has earned its place as a beacon of specialty coffee in India.",https://boojeecafe.com/products/espresso-blend-medium-dark-roast-cocoa-caramel-nut,https://cdn.shopify.com/s/files/1/0712/3301/2030/files/3_1ac0e52e-c69b-4e4e-a8a2-bfcece04b438.png?v=1770275943,Coffee
Boojee Medium Dark Roast (Baarbara Estate),Boojee,8000.0,3kg,Medium-Dark Roast,"Nestled in the lush Bababudangiri Range, Baarbara",Baarbara Estate,,"Nestled in the lush Bababudangiri Range, Baarbara Estate produces exceptional single-origin Arabica beans grown at an altitude of 3,500ft. Every bean is carefully hand-picked and sorted, ensuring unmatched quality bringing in notes of prunes, caramelised nuts, figs. With its unique location, shade-grown methods, and meticulous craftsmanship, Baarbara Coffee has earned its place as a beacon of specialty coffee in India.",https://boojeecafe.com/products/espresso-blend-medium-dark-roast-cocoa-caramel-nut,https://cdn.shopify.com/s/files/1/0712/3301/2030/files/3_1ac0e52e-c69b-4e4e-a8a2-bfcece04b438.png?v=1770275943,Coffee
Boojee Medium Dark Roast (Baarbara Estate),Boojee,8000.0,3kg,Medium-Dark Roast,"Nestled in the lush Bababudangiri Range, Baarbara",Baarbara Estate,,"Nestled in the lush Bababudangiri Range, Baarbara Estate produces exceptional single-origin Arabica beans grown at an altitude of 3,500ft. Every bean is carefully hand-picked and sorted, ensuring unmatched quality bringing in notes of prunes, caramelised nuts, figs. With its unique location, shade-grown methods, and meticulous craftsmanship, Baarbara Coffee has earned its place as a beacon of specialty coffee in India.",https://boojeecafe.com/products/espresso-blend-medium-dark-roast-cocoa-caramel-nut,https://cdn.shopify.com/s/files/1/0712/3301/2030/files/3_1ac0e52e-c69b-4e4e-a8a2-bfcece04b438.png?v=1770275943,Coffee
Boojee Medium Dark Roast (Baarbara Estate),Boojee,8000.0,3kg,Medium-Dark Roast,"Nestled in the lush Bababudangiri Range, Baarbara",Baarbara Estate,,"Nestled in the lush Bababudangiri Range, Baarbara Estate produces exceptional single-origin Arabica beans grown at an altitude of 3,500ft. Every bean is carefully hand-picked and sorted, ensuring unmatched quality bringing in notes of prunes, caramelised nuts, figs. With its unique location, shade-grown methods, and meticulous craftsmanship, Baarbara Coffee has earned its place as a beacon of specialty coffee in India.",https://boojeecafe.com/products/espresso-blend-medium-dark-roast-cocoa-caramel-nut,https://cdn.shopify.com/s/files/1/0712/3301/2030/files/3_1ac0e52e-c69b-4e4e-a8a2-bfcece04b438.png?v=1770275943,Coffee
Boojee Medium Dark Roast (Baarbara Estate),Boojee,8000.0,3kg,Medium-Dark Roast,"Nestled in the lush Bababudangiri Range, Baarbara",Baarbara Estate,,"Nestled in the lush Bababudangiri Range, Baarbara Estate produces exceptional single-origin Arabica beans grown at an altitude of 3,500ft. Every bean is carefully hand-picked and sorted, ensuring unmatched quality bringing in notes of prunes, caramelised nuts, figs. With its unique location, shade-grown methods, and meticulous craftsmanship, Baarbara Coffee has earned its place as a beacon of specialty coffee in India.",https://boojeecafe.com/products/espresso-blend-medium-dark-roast-cocoa-caramel-nut,https://cdn.shopify.com/s/files/1/0712/3301/2030/files/3_1ac0e52e-c69b-4e4e-a8a2-bfcece04b438.png?v=1770275943,Coffee
Boojee Medium Dark Roast (Baarbara Estate),Boojee,8000.0,3kg,Medium-Dark Roast,"Nestled in the lush Bababudangiri Range, Baarbara",Baarbara Estate,,"Nestled in the lush Bababudangiri Range, Baarbara Estate produces exceptional single-origin Arabica beans grown at an altitude of 3,500ft. Every bean is carefully hand-picked and sorted, ensuring unmatched quality bringing in notes of prunes, caramelised nuts, figs. With its unique location, shade-grown methods, and meticulous craftsmanship, Baarbara Coffee has earned its place as a beacon of specialty coffee in India.",https://boojeecafe.com/products/espresso-blend-medium-dark-roast-cocoa-caramel-nut,https://cdn.shopify.com/s/files/1/0712/3301/2030/files/3_1ac0e52e-c69b-4e4e-a8a2-bfcece04b438.png?v=1770275943,Coffee
Americano Mug,Boojee,1100.0,,,240ml. 10.5cm x 8cm x 7.5cm. Stoneware. Microwave & Dishwasher safe,,,240ml. 10.5cm x 8cm x 7.5cm. Stoneware. Microwave & Dishwasher safe,https://boojeecafe.com/products/americano-mug,https://cdn.shopify.com/s/files/1/0712/3301/2030/files/5806DA05-3FC0-48A9-A77F-AB5271F54499.png?v=1764439926,Accessories
Boojee Vienna Roast (Baarbara Estate),Boojee,795.0,250g,Dark Roast,Vienna,Baarbara Estate,,"Vienna roast is a dark roast coffee roasted to the middle of second crack showing small spots of oil on the beans surface. We highly recommend it for the espresso based drinks and south indian filter coffee or people who like their coffee to be strong and bold, with notes of roasted almond, baker chocolate & burnt caramel. Sourced from Baarbara Estate, Chikmaglur, grown at an altitude of approximately 3850ft -5350 ft above sea level.",https://boojeecafe.com/products/thogarihunkal-estate-medium-roast-citrus-orange-blossom-candy,https://cdn.shopify.com/s/files/1/0712/3301/2030/files/3_1ac0e52e-c69b-4e4e-a8a2-bfcece04b438.png?v=1770275943,Coffee
Boojee Vienna Roast (Baarbara Estate),Boojee,795.0,250g,Dark Roast,Vienna,Baarbara Estate,,"Vienna roast is a dark roast coffee roasted to the middle of second crack showing small spots of oil on the beans surface. We highly recommend it for the espresso based drinks and south indian filter coffee or people who like their coffee to be strong and bold, with notes of roasted almond, baker chocolate & burnt caramel. Sourced from Baarbara Estate, Chikmaglur, grown at an altitude of approximately 3850ft -5350 ft above sea level.",https://boojeecafe.com/products/thogarihunkal-estate-medium-roast-citrus-orange-blossom-candy,https://cdn.shopify.com/s/files/1/0712/3301/2030/files/3_1ac0e52e-c69b-4e4e-a8a2-bfcece04b438.png?v=1770275943,Coffee
Boojee Vienna Roast (Baarbara Estate),Boojee,795.0,250g,Dark Roast,Vienna,Baarbara Estate,,"Vienna roast is a dark roast coffee roasted to the middle of second crack showing small spots of oil on the beans surface. We highly recommend it for the espresso based drinks and south indian filter coffee or people who like their coffee to be strong and bold, with notes of roasted almond, baker chocolate & burnt caramel. Sourced from Baarbara Estate, Chikmaglur, grown at an altitude of approximately 3850ft -5350 ft above sea level.",https://boojeecafe.com/products/thogarihunkal-estate-medium-roast-citrus-orange-blossom-candy,https://cdn.shopify.com/s/files/1/0712/3301/2030/files/3_1ac0e52e-c69b-4e4e-a8a2-bfcece04b438.png?v=1770275943,Coffee
Boojee Vienna Roast (Baarbara Estate),Boojee,795.0,250g,Dark Roast,Vienna,Baarbara Estate,,"Vienna roast is a dark roast coffee roasted to the middle of second crack showing small spots of oil on the beans surface. We highly recommend it for the espresso based drinks and south indian filter coffee or people who like their coffee to be strong and bold, with notes of roasted almond, baker chocolate & burnt caramel. Sourced from Baarbara Estate, Chikmaglur, grown at an altitude of approximately 3850ft -5350 ft above sea level.",https://boojeecafe.com/products/thogarihunkal-estate-medium-roast-citrus-orange-blossom-candy,https://cdn.shopify.com/s/files/1/0712/3301/2030/files/3_1ac0e52e-c69b-4e4e-a8a2-bfcece04b438.png?v=1770275943,Coffee
Boojee Vienna Roast (Baarbara Estate),Boojee,795.0,250g,Dark Roast,Vienna,Baarbara Estate,,"Vienna roast is a dark roast coffee roasted to the middle of second crack showing small spots of oil on the beans surface. We highly recommend it for the espresso based drinks and south indian filter coffee or people who like their coffee to be strong and bold, with notes of roasted almond, baker chocolate & burnt caramel. Sourced from Baarbara Estate, Chikmaglur, grown at an altitude of approximately 3850ft -5350 ft above sea level.",https://boojeecafe.com/products/thogarihunkal-estate-medium-roast-citrus-orange-blossom-candy,https://cdn.shopify.com/s/files/1/0712/3301/2030/files/3_1ac0e52e-c69b-4e4e-a8a2-bfcece04b438.png?v=1770275943,Coffee
Boojee Vienna Roast (Baarbara Estate),Boojee,795.0,250g,Dark Roast,Vienna,Baarbara Estate,,"Vienna roast is a dark roast coffee roasted to the middle of second crack showing small spots of oil on the beans surface. We highly recommend it for the espresso based drinks and south indian filter coffee or people who like their coffee to be strong and bold, with notes of roasted almond, baker chocolate & burnt caramel. Sourced from Baarbara Estate, Chikmaglur, grown at an altitude of approximately 3850ft -5350 ft above sea level.",https://boojeecafe.com/products/thogarihunkal-estate-medium-roast-citrus-orange-blossom-candy,https://cdn.shopify.com/s/files/1/0712/3301/2030/files/3_1ac0e52e-c69b-4e4e-a8a2-bfcece04b438.png?v=1770275943,Coffee
Boojee Vienna Roast (Baarbara Estate),Boojee,795.0,250g,Dark Roast,Vienna,Baarbara Estate,,"Vienna roast is a dark roast coffee roasted to the middle of second crack showing small spots of oil on the beans surface. We highly recommend it for the espresso based drinks and south indian filter coffee or people who like their coffee to be strong and bold, with notes of roasted almond, baker chocolate & burnt caramel. Sourced from Baarbara Estate, Chikmaglur, grown at an altitude of approximately 3850ft -5350 ft above sea level.",https://boojeecafe.com/products/thogarihunkal-estate-medium-roast-citrus-orange-blossom-candy,https://cdn.shopify.com/s/files/1/0712/3301/2030/files/3_1ac0e52e-c69b-4e4e-a8a2-bfcece04b438.png?v=1770275943,Coffee
Boojee Vienna Roast (Baarbara Estate),Boojee,795.0,250g,Dark Roast,Vienna,Baarbara Estate,,"Vienna roast is a dark roast coffee roasted to the middle of second crack showing small spots of oil on the beans surface. We highly recommend it for the espresso based drinks and south indian filter coffee or people who like their coffee to be strong and bold, with notes of roasted almond, baker chocolate & burnt caramel. Sourced from Baarbara Estate, Chikmaglur, grown at an altitude of approximately 3850ft -5350 ft above sea level.",https://boojeecafe.com/products/thogarihunkal-estate-medium-roast-citrus-orange-blossom-candy,https://cdn.shopify.com/s/files/1/0712/3301/2030/files/3_1ac0e52e-c69b-4e4e-a8a2-bfcece04b438.png?v=1770275943,Coffee
Boojee Vienna Roast (Baarbara Estate),Boojee,795.0,250g,Dark Roast,Vienna,Baarbara Estate,,"Vienna roast is a dark roast coffee roasted to the middle of second crack showing small spots of oil on the beans surface. We highly recommend it for the espresso based drinks and south indian filter coffee or people who like their coffee to be strong and bold, with notes of roasted almond, baker chocolate & burnt caramel. Sourced from Baarbara Estate, Chikmaglur, grown at an altitude of approximately 3850ft -5350 ft above sea level.",https://boojeecafe.com/products/thogarihunkal-estate-medium-roast-citrus-orange-blossom-candy,https://cdn.shopify.com/s/files/1/0712/3301/2030/files/3_1ac0e52e-c69b-4e4e-a8a2-bfcece04b438.png?v=1770275943,Coffee
Boojee Vienna Roast (Baarbara Estate),Boojee,795.0,250g,Dark Roast,Vienna,Baarbara Estate,,"Vienna roast is a dark roast coffee roasted to the middle of second crack showing small spots of oil on the beans surface. We highly recommend it for the espresso based drinks and south indian filter coffee or people who like their coffee to be strong and bold, with notes of roasted almond, baker chocolate & burnt caramel. Sourced from Baarbara Estate, Chikmaglur, grown at an altitude of approximately 3850ft -5350 ft above sea level.",https://boojeecafe.com/products/thogarihunkal-estate-medium-roast-citrus-orange-blossom-candy,https://cdn.shopify.com/s/files/1/0712/3301/2030/files/3_1ac0e52e-c69b-4e4e-a8a2-bfcece04b438.png?v=1770275943,Coffee
Boojee Vienna Roast (Baarbara Estate),Boojee,795.0,250g,Dark Roast,Vienna,Baarbara Estate,,"Vienna roast is a dark roast coffee roasted to the middle of second crack showing small spots of oil on the beans surface. We highly recommend it for the espresso based drinks and south indian filter coffee or people who like their coffee to be strong and bold, with notes of roasted almond, baker chocolate & burnt caramel. Sourced from Baarbara Estate, Chikmaglur, grown at an altitude of approximately 3850ft -5350 ft above sea level.",https://boojeecafe.com/products/thogarihunkal-estate-medium-roast-citrus-orange-blossom-candy,https://cdn.shopify.com/s/files/1/0712/3301/2030/files/3_1ac0e52e-c69b-4e4e-a8a2-bfcece04b438.png?v=1770275943,Coffee
Boojee Vienna Roast (Baarbara Estate),Boojee,795.0,250g,Dark Roast,Vienna,Baarbara Estate,,"Vienna roast is a dark roast coffee roasted to the middle of second crack showing small spots of oil on the beans surface. We highly recommend it for the espresso based drinks and south indian filter coffee or people who like their coffee to be strong and bold, with notes of roasted almond, baker chocolate & burnt caramel. Sourced from Baarbara Estate, Chikmaglur, grown at an altitude of approximately 3850ft -5350 ft above sea level.",https://boojeecafe.com/products/thogarihunkal-estate-medium-roast-citrus-orange-blossom-candy,https://cdn.shopify.com/s/files/1/0712/3301/2030/files/3_1ac0e52e-c69b-4e4e-a8a2-bfcece04b438.png?v=1770275943,Coffee
Boojee Vienna Roast (Baarbara Estate),Boojee,795.0,250g,Dark Roast,Vienna,Baarbara Estate,,"Vienna roast is a dark roast coffee roasted to the middle of second crack showing small spots of oil on the beans surface. We highly recommend it for the espresso based drinks and south indian filter coffee or people who like their coffee to be strong and bold, with notes of roasted almond, baker chocolate & burnt caramel. Sourced from Baarbara Estate, Chikmaglur, grown at an altitude of approximately 3850ft -5350 ft above sea level.",https://boojeecafe.com/products/thogarihunkal-estate-medium-roast-citrus-orange-blossom-candy,https://cdn.shopify.com/s/files/1/0712/3301/2030/files/3_1ac0e52e-c69b-4e4e-a8a2-bfcece04b438.png?v=1770275943,Coffee
Boojee Vienna Roast (Baarbara Estate),Boojee,795.0,250g,Dark Roast,Vienna,Baarbara Estate,,"Vienna roast is a dark roast coffee roasted to the middle of second crack showing small spots of oil on the beans surface. We highly recommend it for the espresso based drinks and south indian filter coffee or people who like their coffee to be strong and bold, with notes of roasted almond, baker chocolate & burnt caramel. Sourced from Baarbara Estate, Chikmaglur, grown at an altitude of approximately 3850ft -5350 ft above sea level.",https://boojeecafe.com/products/thogarihunkal-estate-medium-roast-citrus-orange-blossom-candy,https://cdn.shopify.com/s/files/1/0712/3301/2030/files/3_1ac0e52e-c69b-4e4e-a8a2-bfcece04b438.png?v=1770275943,Coffee
Boojee Vienna Roast (Baarbara Estate),Boojee,795.0,250g,Dark Roast,Vienna,Baarbara Estate,,"Vienna roast is a dark roast coffee roasted to the middle of second crack showing small spots of oil on the beans surface. We highly recommend it for the espresso based drinks and south indian filter coffee or people who like their coffee to be strong and bold, with notes of roasted almond, baker chocolate & burnt caramel. Sourced from Baarbara Estate, Chikmaglur, grown at an altitude of approximately 3850ft -5350 ft above sea level.",https://boojeecafe.com/products/thogarihunkal-estate-medium-roast-citrus-orange-blossom-candy,https://cdn.shopify.com/s/files/1/0712/3301/2030/files/3_1ac0e52e-c69b-4e4e-a8a2-bfcece04b438.png?v=1770275943,Coffee
Boojee Vienna Roast (Baarbara Estate),Boojee,795.0,250g,Dark Roast,Vienna,Baarbara Estate,,"Vienna roast is a dark roast coffee roasted to the middle of second crack showing small spots of oil on the beans surface. We highly recommend it for the espresso based drinks and south indian filter coffee or people who like their coffee to be strong and bold, with notes of roasted almond, baker chocolate & burnt caramel. Sourced from Baarbara Estate, Chikmaglur, grown at an altitude of approximately 3850ft -5350 ft above sea level.",https://boojeecafe.com/products/thogarihunkal-estate-medium-roast-citrus-orange-blossom-candy,https://cdn.shopify.com/s/files/1/0712/3301/2030/files/3_1ac0e52e-c69b-4e4e-a8a2-bfcece04b438.png?v=1770275943,Coffee
Boojee Vienna Roast (Baarbara Estate),Boojee,795.0,250g,Dark Roast,Vienna,Baarbara Estate,,"Vienna roast is a dark roast coffee roasted to the middle of second crack showing small spots of oil on the beans surface. We highly recommend it for the espresso based drinks and south indian filter coffee or people who like their coffee to be strong and bold, with notes of roasted almond, baker chocolate & burnt caramel. Sourced from Baarbara Estate, Chikmaglur, grown at an altitude of approximately 3850ft -5350 ft above sea level.",https://boojeecafe.com/products/thogarihunkal-estate-medium-roast-citrus-orange-blossom-candy,https://cdn.shopify.com/s/files/1/0712/3301/2030/files/3_1ac0e52e-c69b-4e4e-a8a2-bfcece04b438.png?v=1770275943,Coffee
Boojee Vienna Roast (Baarbara Estate),Boojee,795.0,250g,Dark Roast,Vienna,Baarbara Estate,,"Vienna roast is a dark roast coffee roasted to the middle of second crack showing small spots of oil on the beans surface. We highly recommend it for the espresso based drinks and south indian filter coffee or people who like their coffee to be strong and bold, with notes of roasted almond, baker chocolate & burnt caramel. Sourced from Baarbara Estate, Chikmaglur, grown at an altitude of approximately 3850ft -5350 ft above sea level.",https://boojeecafe.com/products/thogarihunkal-estate-medium-roast-citrus-orange-blossom-candy,https://cdn.shopify.com/s/files/1/0712/3301/2030/files/3_1ac0e52e-c69b-4e4e-a8a2-bfcece04b438.png?v=1770275943,Coffee
Boojee Vienna Roast (Baarbara Estate),Boojee,2500.0,1kg,Dark Roast,Vienna,Baarbara Estate,,"Vienna roast is a dark roast coffee roasted to the middle of second crack showing small spots of oil on the beans surface. We highly recommend it for the espresso based drinks and south indian filter coffee or people who like their coffee to be strong and bold, with notes of roasted almond, baker chocolate & burnt caramel. Sourced from Baarbara Estate, Chikmaglur, grown at an altitude of approximately 3850ft -5350 ft above sea level.",https://boojeecafe.com/products/thogarihunkal-estate-medium-roast-citrus-orange-blossom-candy,https://cdn.shopify.com/s/files/1/0712/3301/2030/files/3_1ac0e52e-c69b-4e4e-a8a2-bfcece04b438.png?v=1770275943,Coffee
Boojee Vienna Roast (Baarbara Estate),Boojee,2500.0,1kg,Dark Roast,Vienna,Baarbara Estate,,"Vienna roast is a dark roast coffee roasted to the middle of second crack showing small spots of oil on the beans surface. We highly recommend it for the espresso based drinks and south indian filter coffee or people who like their coffee to be strong and bold, with notes of roasted almond, baker chocolate & burnt caramel. Sourced from Baarbara Estate, Chikmaglur, grown at an altitude of approximately 3850ft -5350 ft above sea level.",https://boojeecafe.com/products/thogarihunkal-estate-medium-roast-citrus-orange-blossom-candy,https://cdn.shopify.com/s/files/1/0712/3301/2030/files/3_1ac0e52e-c69b-4e4e-a8a2-bfcece04b438.png?v=1770275943,Coffee
Boojee Vienna Roast (Baarbara Estate),Boojee,2500.0,1kg,Dark Roast,Vienna,Baarbara Estate,,"Vienna roast is a dark roast coffee roasted to the middle of second crack showing small spots of oil on the beans surface. We highly recommend it for the espresso based drinks and south indian filter coffee or people who like their coffee to be strong and bold, with notes of roasted almond, baker chocolate & burnt caramel. Sourced from Baarbara Estate, Chikmaglur, grown at an altitude of approximately 3850ft -5350 ft above sea level.",https://boojeecafe.com/products/thogarihunkal-estate-medium-roast-citrus-orange-blossom-candy,https://cdn.shopify.com/s/files/1/0712/3301/2030/files/3_1ac0e52e-c69b-4e4e-a8a2-bfcece04b438.png?v=1770275943,Coffee
Boojee Vienna Roast (Baarbara Estate),Boojee,2500.0,1kg,Dark Roast,Vienna,Baarbara Estate,,"Vienna roast is a dark roast coffee roasted to the middle of second crack showing small spots of oil on the beans surface. We highly recommend it for the espresso based drinks and south indian filter coffee or people who like their coffee to be strong and bold, with notes of roasted almond, baker chocolate & burnt caramel. Sourced from Baarbara Estate, Chikmaglur, grown at an altitude of approximately 3850ft -5350 ft above sea level.",https://boojeecafe.com/products/thogarihunkal-estate-medium-roast-citrus-orange-blossom-candy,https://cdn.shopify.com/s/files/1/0712/3301/2030/files/3_1ac0e52e-c69b-4e4e-a8a2-bfcece04b438.png?v=1770275943,Coffee
Boojee Vienna Roast (Baarbara Estate),Boojee,2500.0,1kg,Dark Roast,Vienna,Baarbara Estate,,"Vienna roast is a dark roast coffee roasted to the middle of second crack showing small spots of oil on the beans surface. We highly recommend it for the espresso based drinks and south indian filter coffee or people who like their coffee to be strong and bold, with notes of roasted almond, baker chocolate & burnt caramel. Sourced from Baarbara Estate, Chikmaglur, grown at an altitude of approximately 3850ft -5350 ft above sea level.",https://boojeecafe.com/products/thogarihunkal-estate-medium-roast-citrus-orange-blossom-candy,https://cdn.shopify.com/s/files/1/0712/3301/2030/files/3_1ac0e52e-c69b-4e4e-a8a2-bfcece04b438.png?v=1770275943,Coffee
Boojee Vienna Roast (Baarbara Estate),Boojee,2500.0,1kg,Dark Roast,Vienna,Baarbara Estate,,"Vienna roast is a dark roast coffee roasted to the middle of second crack showing small spots of oil on the beans surface. We highly recommend it for the espresso based drinks and south indian filter coffee or people who like their coffee to be strong and bold, with notes of roasted almond, baker chocolate & burnt caramel. Sourced from Baarbara Estate, Chikmaglur, grown at an altitude of approximately 3850ft -5350 ft above sea level.",https://boojeecafe.com/products/thogarihunkal-estate-medium-roast-citrus-orange-blossom-candy,https://cdn.shopify.com/s/files/1/0712/3301/2030/files/3_1ac0e52e-c69b-4e4e-a8a2-bfcece04b438.png?v=1770275943,Coffee
Boojee Vienna Roast (Baarbara Estate),Boojee,2500.0,1kg,Dark Roast,Vienna,Baarbara Estate,,"Vienna roast is a dark roast coffee roasted to the middle of second crack showing small spots of oil on the beans surface. We highly recommend it for the espresso based drinks and south indian filter coffee or people who like their coffee to be strong and bold, with notes of roasted almond, baker chocolate & burnt caramel. Sourced from Baarbara Estate, Chikmaglur, grown at an altitude of approximately 3850ft -5350 ft above sea level.",https://boojeecafe.com/products/thogarihunkal-estate-medium-roast-citrus-orange-blossom-candy,https://cdn.shopify.com/s/files/1/0712/3301/2030/files/3_1ac0e52e-c69b-4e4e-a8a2-bfcece04b438.png?v=1770275943,Coffee
Boojee Vienna Roast (Baarbara Estate),Boojee,2500.0,1kg,Dark Roast,Vienna,Baarbara Estate,,"Vienna roast is a dark roast coffee roasted to the middle of second crack showing small spots of oil on the beans surface. We highly recommend it for the espresso based drinks and south indian filter coffee or people who like their coffee to be strong and bold, with notes of roasted almond, baker chocolate & burnt caramel. Sourced from Baarbara Estate, Chikmaglur, grown at an altitude of approximately 3850ft -5350 ft above sea level.",https://boojeecafe.com/products/thogarihunkal-estate-medium-roast-citrus-orange-blossom-candy,https://cdn.shopify.com/s/files/1/0712/3301/2030/files/3_1ac0e52e-c69b-4e4e-a8a2-bfcece04b438.png?v=1770275943,Coffee
Boojee Vienna Roast (Baarbara Estate),Boojee,2500.0,1kg,Dark Roast,Vienna,Baarbara Estate,,"Vienna roast is a dark roast coffee roasted to the middle of second crack showing small spots of oil on the beans surface. We highly recommend it for the espresso based drinks and south indian filter coffee or people who like their coffee to be strong and bold, with notes of roasted almond, baker chocolate & burnt caramel. Sourced from Baarbara Estate, Chikmaglur, grown at an altitude of approximately 3850ft -5350 ft above sea level.",https://boojeecafe.com/products/thogarihunkal-estate-medium-roast-citrus-orange-blossom-candy,https://cdn.shopify.com/s/files/1/0712/3301/2030/files/3_1ac0e52e-c69b-4e4e-a8a2-bfcece04b438.png?v=1770275943,Coffee
Boojee Vienna Roast (Baarbara Estate),Boojee,2500.0,1kg,Dark Roast,Vienna,Baarbara Estate,,"Vienna roast is a dark roast coffee roasted to the middle of second crack showing small spots of oil on the beans surface. We highly recommend it for the espresso based drinks and south indian filter coffee or people who like their coffee to be strong and bold, with notes of roasted almond, baker chocolate & burnt caramel. Sourced from Baarbara Estate, Chikmaglur, grown at an altitude of approximately 3850ft -5350 ft above sea level.",https://boojeecafe.com/products/thogarihunkal-estate-medium-roast-citrus-orange-blossom-candy,https://cdn.shopify.com/s/files/1/0712/3301/2030/files/3_1ac0e52e-c69b-4e4e-a8a2-bfcece04b438.png?v=1770275943,Coffee
Boojee Vienna Roast (Baarbara Estate),Boojee,2500.0,1kg,Dark Roast,Vienna,Baarbara Estate,,"Vienna roast is a dark roast coffee roasted to the middle of second crack showing small spots of oil on the beans surface. We highly recommend it for the espresso based drinks and south indian filter coffee or people who like their coffee to be strong and bold, with notes of roasted almond, baker chocolate & burnt caramel. Sourced from Baarbara Estate, Chikmaglur, grown at an altitude of approximately 3850ft -5350 ft above sea level.",https://boojeecafe.com/products/thogarihunkal-estate-medium-roast-citrus-orange-blossom-candy,https://cdn.shopify.com/s/files/1/0712/3301/2030/files/3_1ac0e52e-c69b-4e4e-a8a2-bfcece04b438.png?v=1770275943,Coffee
Boojee Vienna Roast (Baarbara Estate),Boojee,2500.0,1kg,Dark Roast,Vienna,Baarbara Estate,,"Vienna roast is a dark roast coffee roasted to the middle of second crack showing small spots of oil on the beans surface. We highly recommend it for the espresso based drinks and south indian filter coffee or people who like their coffee to be strong and bold, with notes of roasted almond, baker chocolate & burnt caramel. Sourced from Baarbara Estate, Chikmaglur, grown at an altitude of approximately 3850ft -5350 ft above sea level.",https://boojeecafe.com/products/thogarihunkal-estate-medium-roast-citrus-orange-blossom-candy,https://cdn.shopify.com/s/files/1/0712/3301/2030/files/3_1ac0e52e-c69b-4e4e-a8a2-bfcece04b438.png?v=1770275943,Coffee
Boojee Vienna Roast (Baarbara Estate),Boojee,2500.0,1kg,Dark Roast,Vienna,Baarbara Estate,,"Vienna roast is a dark roast coffee roasted to the middle of second crack showing small spots of oil on the beans surface. We highly recommend it for the espresso based drinks and south indian filter coffee or people who like their coffee to be strong and bold, with notes of roasted almond, baker chocolate & burnt caramel. Sourced from Baarbara Estate, Chikmaglur, grown at an altitude of approximately 3850ft -5350 ft above sea level.",https://boojeecafe.com/products/thogarihunkal-estate-medium-roast-citrus-orange-blossom-candy,https://cdn.shopify.com/s/files/1/0712/3301/2030/files/3_1ac0e52e-c69b-4e4e-a8a2-bfcece04b438.png?v=1770275943,Coffee
Boojee Vienna Roast (Baarbara Estate),Boojee,2500.0,1kg,Dark Roast,Vienna,Baarbara Estate,,"Vienna roast is a dark roast coffee roasted to the middle of second crack showing small spots of oil on the beans surface. We highly recommend it for the espresso based drinks and south indian filter coffee or people who like their coffee to be strong and bold, with notes of roasted almond, baker chocolate & burnt caramel. Sourced from Baarbara Estate, Chikmaglur, grown at an altitude of approximately 3850ft -5350 ft above sea level.",https://boojeecafe.com/products/thogarihunkal-estate-medium-roast-citrus-orange-blossom-candy,https://cdn.shopify.com/s/files/1/0712/3301/2030/files/3_1ac0e52e-c69b-4e4e-a8a2-bfcece04b438.png?v=1770275943,Coffee
Boojee Vienna Roast (Baarbara Estate),Boojee,2500.0,1kg,Dark Roast,Vienna,Baarbara Estate,,"Vienna roast is a dark roast coffee roasted to the middle of second crack showing small spots of oil on the beans surface. We highly recommend it for the espresso based drinks and south indian filter coffee or people who like their coffee to be strong and bold, with notes of roasted almond, baker chocolate & burnt caramel. Sourced from Baarbara Estate, Chikmaglur, grown at an altitude of approximately 3850ft -5350 ft above sea level.",https://boojeecafe.com/products/thogarihunkal-estate-medium-roast-citrus-orange-blossom-candy,https://cdn.shopify.com/s/files/1/0712/3301/2030/files/3_1ac0e52e-c69b-4e4e-a8a2-bfcece04b438.png?v=1770275943,Coffee
Boojee Vienna Roast (Baarbara Estate),Boojee,2500.0,1kg,Dark Roast,Vienna,Baarbara Estate,,"Vienna roast is a dark roast coffee roasted to the middle of second crack showing small spots of oil on the beans surface. We highly recommend it for the espresso based drinks and south indian filter coffee or people who like their coffee to be strong and bold, with notes of roasted almond, baker chocolate & burnt caramel. Sourced from Baarbara Estate, Chikmaglur, grown at an altitude of approximately 3850ft -5350 ft above sea level.",https://boojeecafe.com/products/thogarihunkal-estate-medium-roast-citrus-orange-blossom-candy,https://cdn.shopify.com/s/files/1/0712/3301/2030/files/3_1ac0e52e-c69b-4e4e-a8a2-bfcece04b438.png?v=1770275943,Coffee
Boojee Vienna Roast (Baarbara Estate),Boojee,2500.0,1kg,Dark Roast,Vienna,Baarbara Estate,,"Vienna roast is a dark roast coffee roasted to the middle of second crack showing small spots of oil on the beans surface. We highly recommend it for the espresso based drinks and south indian filter coffee or people who like their coffee to be strong and bold, with notes of roasted almond, baker chocolate & burnt caramel. Sourced from Baarbara Estate, Chikmaglur, grown at an altitude of approximately 3850ft -5350 ft above sea level.",https://boojeecafe.com/products/thogarihunkal-estate-medium-roast-citrus-orange-blossom-candy,https://cdn.shopify.com/s/files/1/0712/3301/2030/files/3_1ac0e52e-c69b-4e4e-a8a2-bfcece04b438.png?v=1770275943,Coffee
Boojee Vienna Roast (Baarbara Estate),Boojee,2500.0,1kg,Dark Roast,Vienna,Baarbara Estate,,"Vienna roast is a dark roast coffee roasted to the middle of second crack showing small spots of oil on the beans surface. We highly recommend it for the espresso based drinks and south indian filter coffee or people who like their coffee to be strong and bold, with notes of roasted almond, baker chocolate & burnt caramel. Sourced from Baarbara Estate, Chikmaglur, grown at an altitude of approximately 3850ft -5350 ft above sea level.",https://boojeecafe.com/products/thogarihunkal-estate-medium-roast-citrus-orange-blossom-candy,https://cdn.shopify.com/s/files/1/0712/3301/2030/files/3_1ac0e52e-c69b-4e4e-a8a2-bfcece04b438.png?v=1770275943,Coffee
Boojee Vienna Roast (Baarbara Estate),Boojee,7000.0,3kg,Dark Roast,Vienna,Baarbara Estate,,"Vienna roast is a dark roast coffee roasted to the middle of second crack showing small spots of oil on the beans surface. We highly recommend it for the espresso based drinks and south indian filter coffee or people who like their coffee to be strong and bold, with notes of roasted almond, baker chocolate & burnt caramel. Sourced from Baarbara Estate, Chikmaglur, grown at an altitude of approximately 3850ft -5350 ft above sea level.",https://boojeecafe.com/products/thogarihunkal-estate-medium-roast-citrus-orange-blossom-candy,https://cdn.shopify.com/s/files/1/0712/3301/2030/files/3_1ac0e52e-c69b-4e4e-a8a2-bfcece04b438.png?v=1770275943,Coffee
Boojee Vienna Roast (Baarbara Estate),Boojee,7000.0,3kg,Dark Roast,Vienna,Baarbara Estate,,"Vienna roast is a dark roast coffee roasted to the middle of second crack showing small spots of oil on the beans surface. We highly recommend it for the espresso based drinks and south indian filter coffee or people who like their coffee to be strong and bold, with notes of roasted almond, baker chocolate & burnt caramel. Sourced from Baarbara Estate, Chikmaglur, grown at an altitude of approximately 3850ft -5350 ft above sea level.",https://boojeecafe.com/products/thogarihunkal-estate-medium-roast-citrus-orange-blossom-candy,https://cdn.shopify.com/s/files/1/0712/3301/2030/files/3_1ac0e52e-c69b-4e4e-a8a2-bfcece04b438.png?v=1770275943,Coffee
Boojee Vienna Roast (Baarbara Estate),Boojee,7000.0,3kg,Dark Roast,Vienna,Baarbara Estate,,"Vienna roast is a dark roast coffee roasted to the middle of second crack showing small spots of oil on the beans surface. We highly recommend it for the espresso based drinks and south indian filter coffee or people who like their coffee to be strong and bold, with notes of roasted almond, baker chocolate & burnt caramel. Sourced from Baarbara Estate, Chikmaglur, grown at an altitude of approximately 3850ft -5350 ft above sea level.",https://boojeecafe.com/products/thogarihunkal-estate-medium-roast-citrus-orange-blossom-candy,https://cdn.shopify.com/s/files/1/0712/3301/2030/files/3_1ac0e52e-c69b-4e4e-a8a2-bfcece04b438.png?v=1770275943,Coffee
Boojee Vienna Roast (Baarbara Estate),Boojee,7000.0,3kg,Dark Roast,Vienna,Baarbara Estate,,"Vienna roast is a dark roast coffee roasted to the middle of second crack showing small spots of oil on the beans surface. We highly recommend it for the espresso based drinks and south indian filter coffee or people who like their coffee to be strong and bold, with notes of roasted almond, baker chocolate & burnt caramel. Sourced from Baarbara Estate, Chikmaglur, grown at an altitude of approximately 3850ft -5350 ft above sea level.",https://boojeecafe.com/products/thogarihunkal-estate-medium-roast-citrus-orange-blossom-candy,https://cdn.shopify.com/s/files/1/0712/3301/2030/files/3_1ac0e52e-c69b-4e4e-a8a2-bfcece04b438.png?v=1770275943,Coffee
Boojee Vienna Roast (Baarbara Estate),Boojee,7000.0,3kg,Dark Roast,Vienna,Baarbara Estate,,"Vienna roast is a dark roast coffee roasted to the middle of second crack showing small spots of oil on the beans surface. We highly recommend it for the espresso based drinks and south indian filter coffee or people who like their coffee to be strong and bold, with notes of roasted almond, baker chocolate & burnt caramel. Sourced from Baarbara Estate, Chikmaglur, grown at an altitude of approximately 3850ft -5350 ft above sea level.",https://boojeecafe.com/products/thogarihunkal-estate-medium-roast-citrus-orange-blossom-candy,https://cdn.shopify.com/s/files/1/0712/3301/2030/files/3_1ac0e52e-c69b-4e4e-a8a2-bfcece04b438.png?v=1770275943,Coffee
Boojee Vienna Roast (Baarbara Estate),Boojee,7000.0,3kg,Dark Roast,Vienna,Baarbara Estate,,"Vienna roast is a dark roast coffee roasted to the middle of second crack showing small spots of oil on the beans surface. We highly recommend it for the espresso based drinks and south indian filter coffee or people who like their coffee to be strong and bold, with notes of roasted almond, baker chocolate & burnt caramel. Sourced from Baarbara Estate, Chikmaglur, grown at an altitude of approximately 3850ft -5350 ft above sea level.",https://boojeecafe.com/products/thogarihunkal-estate-medium-roast-citrus-orange-blossom-candy,https://cdn.shopify.com/s/files/1/0712/3301/2030/files/3_1ac0e52e-c69b-4e4e-a8a2-bfcece04b438.png?v=1770275943,Coffee
Boojee Vienna Roast (Baarbara Estate),Boojee,7000.0,3kg,Dark Roast,Vienna,Baarbara Estate,,"Vienna roast is a dark roast coffee roasted to the middle of second crack showing small spots of oil on the beans surface. We highly recommend it for the espresso based drinks and south indian filter coffee or people who like their coffee to be strong and bold, with notes of roasted almond, baker chocolate & burnt caramel. Sourced from Baarbara Estate, Chikmaglur, grown at an altitude of approximately 3850ft -5350 ft above sea level.",https://boojeecafe.com/products/thogarihunkal-estate-medium-roast-citrus-orange-blossom-candy,https://cdn.shopify.com/s/files/1/0712/3301/2030/files/3_1ac0e52e-c69b-4e4e-a8a2-bfcece04b438.png?v=1770275943,Coffee
Boojee Vienna Roast (Baarbara Estate),Boojee,7000.0,3kg,Dark Roast,Vienna,Baarbara Estate,,"Vienna roast is a dark roast coffee roasted to the middle of second crack showing small spots of oil on the beans surface. We highly recommend it for the espresso based drinks and south indian filter coffee or people who like their coffee to be strong and bold, with notes of roasted almond, baker chocolate & burnt caramel. Sourced from Baarbara Estate, Chikmaglur, grown at an altitude of approximately 3850ft -5350 ft above sea level.",https://boojeecafe.com/products/thogarihunkal-estate-medium-roast-citrus-orange-blossom-candy,https://cdn.shopify.com/s/files/1/0712/3301/2030/files/3_1ac0e52e-c69b-4e4e-a8a2-bfcece04b438.png?v=1770275943,Coffee
Boojee Vienna Roast (Baarbara Estate),Boojee,7000.0,3kg,Dark Roast,Vienna,Baarbara Estate,,"Vienna roast is a dark roast coffee roasted to the middle of second crack showing small spots of oil on the beans surface. We highly recommend it for the espresso based drinks and south indian filter coffee or people who like their coffee to be strong and bold, with notes of roasted almond, baker chocolate & burnt caramel. Sourced from Baarbara Estate, Chikmaglur, grown at an altitude of approximately 3850ft -5350 ft above sea level.",https://boojeecafe.com/products/thogarihunkal-estate-medium-roast-citrus-orange-blossom-candy,https://cdn.shopify.com/s/files/1/0712/3301/2030/files/3_1ac0e52e-c69b-4e4e-a8a2-bfcece04b438.png?v=1770275943,Coffee
Boojee Vienna Roast (Baarbara Estate),Boojee,7000.0,3kg,Dark Roast,Vienna,Baarbara Estate,,"Vienna roast is a dark roast coffee roasted to the middle of second crack showing small spots of oil on the beans surface. We highly recommend it for the espresso based drinks and south indian filter coffee or people who like their coffee to be strong and bold, with notes of roasted almond, baker chocolate & burnt caramel. Sourced from Baarbara Estate, Chikmaglur, grown at an altitude of approximately 3850ft -5350 ft above sea level.",https://boojeecafe.com/products/thogarihunkal-estate-medium-roast-citrus-orange-blossom-candy,https://cdn.shopify.com/s/files/1/0712/3301/2030/files/3_1ac0e52e-c69b-4e4e-a8a2-bfcece04b438.png?v=1770275943,Coffee
Boojee Vienna Roast (Baarbara Estate),Boojee,7000.0,3kg,Dark Roast,Vienna,Baarbara Estate,,"Vienna roast is a dark roast coffee roasted to the middle of second crack showing small spots of oil on the beans surface. We highly recommend it for the espresso based drinks and south indian filter coffee or people who like their coffee to be strong and bold, with notes of roasted almond, baker chocolate & burnt caramel. Sourced from Baarbara Estate, Chikmaglur, grown at an altitude of approximately 3850ft -5350 ft above sea level.",https://boojeecafe.com/products/thogarihunkal-estate-medium-roast-citrus-orange-blossom-candy,https://cdn.shopify.com/s/files/1/0712/3301/2030/files/3_1ac0e52e-c69b-4e4e-a8a2-bfcece04b438.png?v=1770275943,Coffee
Boojee Vienna Roast (Baarbara Estate),Boojee,7000.0,3kg,Dark Roast,Vienna,Baarbara Estate,,"Vienna roast is a dark roast coffee roasted to the middle of second crack showing small spots of oil on the beans surface. We highly recommend it for the espresso based drinks and south indian filter coffee or people who like their coffee to be strong and bold, with notes of roasted almond, baker chocolate & burnt caramel. Sourced from Baarbara Estate, Chikmaglur, grown at an altitude of approximately 3850ft -5350 ft above sea level.",https://boojeecafe.com/products/thogarihunkal-estate-medium-roast-citrus-orange-blossom-candy,https://cdn.shopify.com/s/files/1/0712/3301/2030/files/3_1ac0e52e-c69b-4e4e-a8a2-bfcece04b438.png?v=1770275943,Coffee
Boojee Vienna Roast (Baarbara Estate),Boojee,7000.0,3kg,Dark Roast,Vienna,Baarbara Estate,,"Vienna roast is a dark roast coffee roasted to the middle of second crack showing small spots of oil on the beans surface. We highly recommend it for the espresso based drinks and south indian filter coffee or people who like their coffee to be strong and bold, with notes of roasted almond, baker chocolate & burnt caramel. Sourced from Baarbara Estate, Chikmaglur, grown at an altitude of approximately 3850ft -5350 ft above sea level.",https://boojeecafe.com/products/thogarihunkal-estate-medium-roast-citrus-orange-blossom-candy,https://cdn.shopify.com/s/files/1/0712/3301/2030/files/3_1ac0e52e-c69b-4e4e-a8a2-bfcece04b438.png?v=1770275943,Coffee
Boojee Vienna Roast (Baarbara Estate),Boojee,7000.0,3kg,Dark Roast,Vienna,Baarbara Estate,,"Vienna roast is a dark roast coffee roasted to the middle of second crack showing small spots of oil on the beans surface. We highly recommend it for the espresso based drinks and south indian filter coffee or people who like their coffee to be strong and bold, with notes of roasted almond, baker chocolate & burnt caramel. Sourced from Baarbara Estate, Chikmaglur, grown at an altitude of approximately 3850ft -5350 ft above sea level.",https://boojeecafe.com/products/thogarihunkal-estate-medium-roast-citrus-orange-blossom-candy,https://cdn.shopify.com/s/files/1/0712/3301/2030/files/3_1ac0e52e-c69b-4e4e-a8a2-bfcece04b438.png?v=1770275943,Coffee
Boojee Vienna Roast (Baarbara Estate),Boojee,7000.0,3kg,Dark Roast,Vienna,Baarbara Estate,,"Vienna roast is a dark roast coffee roasted to the middle of second crack showing small spots of oil on the beans surface. We highly recommend it for the espresso based drinks and south indian filter coffee or people who like their coffee to be strong and bold, with notes of roasted almond, baker chocolate & burnt caramel. Sourced from Baarbara Estate, Chikmaglur, grown at an altitude of approximately 3850ft -5350 ft above sea level.",https://boojeecafe.com/products/thogarihunkal-estate-medium-roast-citrus-orange-blossom-candy,https://cdn.shopify.com/s/files/1/0712/3301/2030/files/3_1ac0e52e-c69b-4e4e-a8a2-bfcece04b438.png?v=1770275943,Coffee
Boojee Vienna Roast (Baarbara Estate),Boojee,7000.0,3kg,Dark Roast,Vienna,Baarbara Estate,,"Vienna roast is a dark roast coffee roasted to the middle of second crack showing small spots of oil on the beans surface. We highly recommend it for the espresso based drinks and south indian filter coffee or people who like their coffee to be strong and bold, with notes of roasted almond, baker chocolate & burnt caramel. Sourced from Baarbara Estate, Chikmaglur, grown at an altitude of approximately 3850ft -5350 ft above sea level.",https://boojeecafe.com/products/thogarihunkal-estate-medium-roast-citrus-orange-blossom-candy,https://cdn.shopify.com/s/files/1/0712/3301/2030/files/3_1ac0e52e-c69b-4e4e-a8a2-bfcece04b438.png?v=1770275943,Coffee
Boojee Vienna Roast (Baarbara Estate),Boojee,7000.0,3kg,Dark Roast,Vienna,Baarbara Estate,,"Vienna roast is a dark roast coffee roasted to the middle of second crack showing small spots of oil on the beans surface. We highly recommend it for the espresso based drinks and south indian filter coffee or people who like their coffee to be strong and bold, with notes of roasted almond, baker chocolate & burnt caramel. Sourced from Baarbara Estate, Chikmaglur, grown at an altitude of approximately 3850ft -5350 ft above sea level.",https://boojeecafe.com/products/thogarihunkal-estate-medium-roast-citrus-orange-blossom-candy,https://cdn.shopify.com/s/files/1/0712/3301/2030/files/3_1ac0e52e-c69b-4e4e-a8a2-bfcece04b438.png?v=1770275943,Coffee
Boojee Vienna Roast (Baarbara Estate),Boojee,7000.0,3kg,Dark Roast,Vienna,Baarbara Estate,,"Vienna roast is a dark roast coffee roasted to the middle of second crack showing small spots of oil on the beans surface. We highly recommend it for the espresso based drinks and south indian filter coffee or people who like their coffee to be strong and bold, with notes of roasted almond, baker chocolate & burnt caramel. Sourced from Baarbara Estate, Chikmaglur, grown at an altitude of approximately 3850ft -5350 ft above sea level.",https://boojeecafe.com/products/thogarihunkal-estate-medium-roast-citrus-orange-blossom-candy,https://cdn.shopify.com/s/files/1/0712/3301/2030/files/3_1ac0e52e-c69b-4e4e-a8a2-bfcece04b438.png?v=1770275943,Coffee
Boojee Espresso Cup,Boojee,550.0,,,100ml. 9cm x 7cm x 5cm. Stoneware Microvave & Dishwasher safe,,,100ml. 9cm x 7cm x 5cm. Stoneware Microvave & Dishwasher safe,https://boojeecafe.com/products/boojee-espresso-cup,https://cdn.shopify.com/s/files/1/0712/3301/2030/files/2_cup.png?v=1764590944,Accessories
Boojee Reusable Glass Tumbler,Boojee,1350.0,240ml,,,,,nan,https://boojeecafe.com/products/boojee-reusable-glass-tumbler,https://cdn.shopify.com/s/files/1/0712/3301/2030/files/tumb.png?v=1764591122,Accessories
Boojee Reusable Glass Tumbler,Boojee,1350.0,350ml,,,,,nan,https://boojeecafe.com/products/boojee-reusable-glass-tumbler,https://cdn.shopify.com/s/files/1/0712/3301/2030/files/tumb.png?v=1764591122,Accessories
Boojee Cappuccino Cup,Boojee,1100.0,,,240ml. 13cm x 11cm x 5.5cm. Stoneware Microwave & Dishwasher safe,,,240ml. 13cm x 11cm x 5.5cm. Stoneware Microwave & Dishwasher safe,https://boojeecafe.com/products/boojee-cappuccino-cup,https://cdn.shopify.com/s/files/1/0712/3301/2030/files/3_cup.png?v=1764590930,Accessories
Boojee Safety Apron,Boojee,4500.0,,,,,,"Made using high quality canvas for extra thickness and safety. With ample of pockets for keeping necessary supplies handy while working. Perfect for painting, baking, cooking, bar-tendering & any form of art.",https://boojeecafe.com/products/boojee-safety-apron,https://cdn.shopify.com/s/files/1/0712/3301/2030/files/APron1.png?v=1764590798,Coffee
Hazelnut Butter,Boojee,580.0,,,"Hazelnut Butter, 70% dark chocolate, praline",,,"Hazelnut Butter, 70% dark chocolate, praline",https://boojeecafe.com/products/cocoa-hazelnut-butter,https://cdn.shopify.com/s/files/1/0712/3301/2030/files/18.png?v=1764427805,Coffee
Almond Butter (250 grams),Boojee,520.0,,,240 grams almonds and 10 grams brown sugar,,,240 grams almonds and 10 grams brown sugar,https://boojeecafe.com/products/almond-butter-250-grams,https://cdn.shopify.com/s/files/1/0712/3301/2030/files/AB1.png?v=1764428540,Coffee
Peanut Butter (250 grams),Boojee,450.0,,,Fresh peanut butter made in-house,,,Fresh peanut butter made in-house,https://boojeecafe.com/products/peanut-butter-250-grams,https://cdn.shopify.com/s/files/1/0712/3301/2030/files/25.png?v=1764429849,Coffee
