Name,Roaster,Price,Quantity,Roast_Level,Tasting_Notes,Origin,Process,Desc,URL,Image_URL,Category
Kora Zinfandel - Roasted on 17/06,Caffinary,170.0,50g,Medium Roast,,Koraput,"it themselves, on their land, with their hands","We have a new daily favourite for the pour-over lovers in the house At the cupping table, we expected what a well-processed washed coffee typically delivers: clean, chcoolatey, nutty, classic. What we got instead was a cup so fruit-forward it made us double-check the coffee. It's washed, and Ajay, the Q grader, verified this in his cupping notes. This coffee comes from the members of Duduma Farmers Producer Company, rooted in the Lamtaput and Nandapur blocks of Koraput district, Odisha. A community of 841 farmer members — 561 of them coffee growers — 80% from Scheduled Tribes communities, over 62% women . They don't just grow this coffee. They process it themselves, on their land, with their hands. With the intention to keep the value in the hands of the growers, we don't buy cherries. We source only what the community grows and processes — and when the quality meets specialty grade, we pay accordingly. This harvest earned a 15–20% premium over prevailing market prices. The cup earned it. We roasted this to a medium profile to let the fruitiness come forward cleanly. The result is a cup with gentle acidity, warmth, and just enough complexity to keep you interested — morning or evening, pour-over, Aeropress or even a fruity cold brew. A washed coffee that forgot the rules. Our favourite kind. Taste Profile Citrus, Chocolate, Slightly Fruity, Plum like, Nutty Origin Lamtaput, Koraput, Odisha Processing Traditional Washed Elevation 3000+ ft",https://caffinary.com/products/kora-zinfandel,https://cdn.shopify.com/s/files/1/0617/6273/2232/files/KZ-Tsp-Card_960ccbc0-565e-4155-852c-1027506d1a7f.png?v=1778093670,Coffee
Kora Zinfandel - Roasted on 17/06,Caffinary,320.0,100g,Medium Roast,,Koraput,"it themselves, on their land, with their hands","We have a new daily favourite for the pour-over lovers in the house At the cupping table, we expected what a well-processed washed coffee typically delivers: clean, chcoolatey, nutty, classic. What we got instead was a cup so fruit-forward it made us double-check the coffee. It's washed, and Ajay, the Q grader, verified this in his cupping notes. This coffee comes from the members of Duduma Farmers Producer Company, rooted in the Lamtaput and Nandapur blocks of Koraput district, Odisha. A community of 841 farmer members — 561 of them coffee growers — 80% from Scheduled Tribes communities, over 62% women . They don't just grow this coffee. They process it themselves, on their land, with their hands. With the intention to keep the value in the hands of the growers, we don't buy cherries. We source only what the community grows and processes — and when the quality meets specialty grade, we pay accordingly. This harvest earned a 15–20% premium over prevailing market prices. The cup earned it. We roasted this to a medium profile to let the fruitiness come forward cleanly. The result is a cup with gentle acidity, warmth, and just enough complexity to keep you interested — morning or evening, pour-over, Aeropress or even a fruity cold brew. A washed coffee that forgot the rules. Our favourite kind. Taste Profile Citrus, Chocolate, Slightly Fruity, Plum like, Nutty Origin Lamtaput, Koraput, Odisha Processing Traditional Washed Elevation 3000+ ft",https://caffinary.com/products/kora-zinfandel,https://cdn.shopify.com/s/files/1/0617/6273/2232/files/KZ-Tsp-Card_960ccbc0-565e-4155-852c-1027506d1a7f.png?v=1778093670,Coffee
Kora Zinfandel - Roasted on 17/06,Caffinary,510.0,150g,Medium Roast,,Koraput,"it themselves, on their land, with their hands","We have a new daily favourite for the pour-over lovers in the house At the cupping table, we expected what a well-processed washed coffee typically delivers: clean, chcoolatey, nutty, classic. What we got instead was a cup so fruit-forward it made us double-check the coffee. It's washed, and Ajay, the Q grader, verified this in his cupping notes. This coffee comes from the members of Duduma Farmers Producer Company, rooted in the Lamtaput and Nandapur blocks of Koraput district, Odisha. A community of 841 farmer members — 561 of them coffee growers — 80% from Scheduled Tribes communities, over 62% women . They don't just grow this coffee. They process it themselves, on their land, with their hands. With the intention to keep the value in the hands of the growers, we don't buy cherries. We source only what the community grows and processes — and when the quality meets specialty grade, we pay accordingly. This harvest earned a 15–20% premium over prevailing market prices. The cup earned it. We roasted this to a medium profile to let the fruitiness come forward cleanly. The result is a cup with gentle acidity, warmth, and just enough complexity to keep you interested — morning or evening, pour-over, Aeropress or even a fruity cold brew. A washed coffee that forgot the rules. Our favourite kind. Taste Profile Citrus, Chocolate, Slightly Fruity, Plum like, Nutty Origin Lamtaput, Koraput, Odisha Processing Traditional Washed Elevation 3000+ ft",https://caffinary.com/products/kora-zinfandel,https://cdn.shopify.com/s/files/1/0617/6273/2232/files/KZ-Tsp-Card_960ccbc0-565e-4155-852c-1027506d1a7f.png?v=1778093670,Coffee
Kora Zinfandel - Roasted on 17/06,Caffinary,625.0,200g,Medium Roast,,Koraput,"it themselves, on their land, with their hands","We have a new daily favourite for the pour-over lovers in the house At the cupping table, we expected what a well-processed washed coffee typically delivers: clean, chcoolatey, nutty, classic. What we got instead was a cup so fruit-forward it made us double-check the coffee. It's washed, and Ajay, the Q grader, verified this in his cupping notes. This coffee comes from the members of Duduma Farmers Producer Company, rooted in the Lamtaput and Nandapur blocks of Koraput district, Odisha. A community of 841 farmer members — 561 of them coffee growers — 80% from Scheduled Tribes communities, over 62% women . They don't just grow this coffee. They process it themselves, on their land, with their hands. With the intention to keep the value in the hands of the growers, we don't buy cherries. We source only what the community grows and processes — and when the quality meets specialty grade, we pay accordingly. This harvest earned a 15–20% premium over prevailing market prices. The cup earned it. We roasted this to a medium profile to let the fruitiness come forward cleanly. The result is a cup with gentle acidity, warmth, and just enough complexity to keep you interested — morning or evening, pour-over, Aeropress or even a fruity cold brew. A washed coffee that forgot the rules. Our favourite kind. Taste Profile Citrus, Chocolate, Slightly Fruity, Plum like, Nutty Origin Lamtaput, Koraput, Odisha Processing Traditional Washed Elevation 3000+ ft",https://caffinary.com/products/kora-zinfandel,https://cdn.shopify.com/s/files/1/0617/6273/2232/files/KZ-Tsp-Card_960ccbc0-565e-4155-852c-1027506d1a7f.png?v=1778093670,Coffee
Kora Zinfandel - Roasted on 17/06,Caffinary,795.0,250g,Medium Roast,,Koraput,"it themselves, on their land, with their hands","We have a new daily favourite for the pour-over lovers in the house At the cupping table, we expected what a well-processed washed coffee typically delivers: clean, chcoolatey, nutty, classic. What we got instead was a cup so fruit-forward it made us double-check the coffee. It's washed, and Ajay, the Q grader, verified this in his cupping notes. This coffee comes from the members of Duduma Farmers Producer Company, rooted in the Lamtaput and Nandapur blocks of Koraput district, Odisha. A community of 841 farmer members — 561 of them coffee growers — 80% from Scheduled Tribes communities, over 62% women . They don't just grow this coffee. They process it themselves, on their land, with their hands. With the intention to keep the value in the hands of the growers, we don't buy cherries. We source only what the community grows and processes — and when the quality meets specialty grade, we pay accordingly. This harvest earned a 15–20% premium over prevailing market prices. The cup earned it. We roasted this to a medium profile to let the fruitiness come forward cleanly. The result is a cup with gentle acidity, warmth, and just enough complexity to keep you interested — morning or evening, pour-over, Aeropress or even a fruity cold brew. A washed coffee that forgot the rules. Our favourite kind. Taste Profile Citrus, Chocolate, Slightly Fruity, Plum like, Nutty Origin Lamtaput, Koraput, Odisha Processing Traditional Washed Elevation 3000+ ft",https://caffinary.com/products/kora-zinfandel,https://cdn.shopify.com/s/files/1/0617/6273/2232/files/KZ-Tsp-Card_960ccbc0-565e-4155-852c-1027506d1a7f.png?v=1778093670,Coffee
Kora Zinfandel - Roasted on 17/06,Caffinary,1540.0,500g,Medium Roast,,Koraput,"it themselves, on their land, with their hands","We have a new daily favourite for the pour-over lovers in the house At the cupping table, we expected what a well-processed washed coffee typically delivers: clean, chcoolatey, nutty, classic. What we got instead was a cup so fruit-forward it made us double-check the coffee. It's washed, and Ajay, the Q grader, verified this in his cupping notes. This coffee comes from the members of Duduma Farmers Producer Company, rooted in the Lamtaput and Nandapur blocks of Koraput district, Odisha. A community of 841 farmer members — 561 of them coffee growers — 80% from Scheduled Tribes communities, over 62% women . They don't just grow this coffee. They process it themselves, on their land, with their hands. With the intention to keep the value in the hands of the growers, we don't buy cherries. We source only what the community grows and processes — and when the quality meets specialty grade, we pay accordingly. This harvest earned a 15–20% premium over prevailing market prices. The cup earned it. We roasted this to a medium profile to let the fruitiness come forward cleanly. The result is a cup with gentle acidity, warmth, and just enough complexity to keep you interested — morning or evening, pour-over, Aeropress or even a fruity cold brew. A washed coffee that forgot the rules. Our favourite kind. Taste Profile Citrus, Chocolate, Slightly Fruity, Plum like, Nutty Origin Lamtaput, Koraput, Odisha Processing Traditional Washed Elevation 3000+ ft",https://caffinary.com/products/kora-zinfandel,https://cdn.shopify.com/s/files/1/0617/6273/2232/files/KZ-Tsp-Card_960ccbc0-565e-4155-852c-1027506d1a7f.png?v=1778093670,Coffee
Kora Zinfandel - Roasted on 17/06,Caffinary,170.0,50g,Medium Roast,,Koraput,"it themselves, on their land, with their hands","We have a new daily favourite for the pour-over lovers in the house At the cupping table, we expected what a well-processed washed coffee typically delivers: clean, chcoolatey, nutty, classic. What we got instead was a cup so fruit-forward it made us double-check the coffee. It's washed, and Ajay, the Q grader, verified this in his cupping notes. This coffee comes from the members of Duduma Farmers Producer Company, rooted in the Lamtaput and Nandapur blocks of Koraput district, Odisha. A community of 841 farmer members — 561 of them coffee growers — 80% from Scheduled Tribes communities, over 62% women . They don't just grow this coffee. They process it themselves, on their land, with their hands. With the intention to keep the value in the hands of the growers, we don't buy cherries. We source only what the community grows and processes — and when the quality meets specialty grade, we pay accordingly. This harvest earned a 15–20% premium over prevailing market prices. The cup earned it. We roasted this to a medium profile to let the fruitiness come forward cleanly. The result is a cup with gentle acidity, warmth, and just enough complexity to keep you interested — morning or evening, pour-over, Aeropress or even a fruity cold brew. A washed coffee that forgot the rules. Our favourite kind. Taste Profile Citrus, Chocolate, Slightly Fruity, Plum like, Nutty Origin Lamtaput, Koraput, Odisha Processing Traditional Washed Elevation 3000+ ft",https://caffinary.com/products/kora-zinfandel,https://cdn.shopify.com/s/files/1/0617/6273/2232/files/KZ-Tsp-Card_960ccbc0-565e-4155-852c-1027506d1a7f.png?v=1778093670,Coffee
Kora Zinfandel - Roasted on 17/06,Caffinary,320.0,100g,Medium Roast,,Koraput,"it themselves, on their land, with their hands","We have a new daily favourite for the pour-over lovers in the house At the cupping table, we expected what a well-processed washed coffee typically delivers: clean, chcoolatey, nutty, classic. What we got instead was a cup so fruit-forward it made us double-check the coffee. It's washed, and Ajay, the Q grader, verified this in his cupping notes. This coffee comes from the members of Duduma Farmers Producer Company, rooted in the Lamtaput and Nandapur blocks of Koraput district, Odisha. A community of 841 farmer members — 561 of them coffee growers — 80% from Scheduled Tribes communities, over 62% women . They don't just grow this coffee. They process it themselves, on their land, with their hands. With the intention to keep the value in the hands of the growers, we don't buy cherries. We source only what the community grows and processes — and when the quality meets specialty grade, we pay accordingly. This harvest earned a 15–20% premium over prevailing market prices. The cup earned it. We roasted this to a medium profile to let the fruitiness come forward cleanly. The result is a cup with gentle acidity, warmth, and just enough complexity to keep you interested — morning or evening, pour-over, Aeropress or even a fruity cold brew. A washed coffee that forgot the rules. Our favourite kind. Taste Profile Citrus, Chocolate, Slightly Fruity, Plum like, Nutty Origin Lamtaput, Koraput, Odisha Processing Traditional Washed Elevation 3000+ ft",https://caffinary.com/products/kora-zinfandel,https://cdn.shopify.com/s/files/1/0617/6273/2232/files/KZ-Tsp-Card_960ccbc0-565e-4155-852c-1027506d1a7f.png?v=1778093670,Coffee
Kora Zinfandel - Roasted on 17/06,Caffinary,510.0,150g,Medium Roast,,Koraput,"it themselves, on their land, with their hands","We have a new daily favourite for the pour-over lovers in the house At the cupping table, we expected what a well-processed washed coffee typically delivers: clean, chcoolatey, nutty, classic. What we got instead was a cup so fruit-forward it made us double-check the coffee. It's washed, and Ajay, the Q grader, verified this in his cupping notes. This coffee comes from the members of Duduma Farmers Producer Company, rooted in the Lamtaput and Nandapur blocks of Koraput district, Odisha. A community of 841 farmer members — 561 of them coffee growers — 80% from Scheduled Tribes communities, over 62% women . They don't just grow this coffee. They process it themselves, on their land, with their hands. With the intention to keep the value in the hands of the growers, we don't buy cherries. We source only what the community grows and processes — and when the quality meets specialty grade, we pay accordingly. This harvest earned a 15–20% premium over prevailing market prices. The cup earned it. We roasted this to a medium profile to let the fruitiness come forward cleanly. The result is a cup with gentle acidity, warmth, and just enough complexity to keep you interested — morning or evening, pour-over, Aeropress or even a fruity cold brew. A washed coffee that forgot the rules. Our favourite kind. Taste Profile Citrus, Chocolate, Slightly Fruity, Plum like, Nutty Origin Lamtaput, Koraput, Odisha Processing Traditional Washed Elevation 3000+ ft",https://caffinary.com/products/kora-zinfandel,https://cdn.shopify.com/s/files/1/0617/6273/2232/files/KZ-Tsp-Card_960ccbc0-565e-4155-852c-1027506d1a7f.png?v=1778093670,Coffee
Kora Zinfandel - Roasted on 17/06,Caffinary,625.0,200g,Medium Roast,,Koraput,"it themselves, on their land, with their hands","We have a new daily favourite for the pour-over lovers in the house At the cupping table, we expected what a well-processed washed coffee typically delivers: clean, chcoolatey, nutty, classic. What we got instead was a cup so fruit-forward it made us double-check the coffee. It's washed, and Ajay, the Q grader, verified this in his cupping notes. This coffee comes from the members of Duduma Farmers Producer Company, rooted in the Lamtaput and Nandapur blocks of Koraput district, Odisha. A community of 841 farmer members — 561 of them coffee growers — 80% from Scheduled Tribes communities, over 62% women . They don't just grow this coffee. They process it themselves, on their land, with their hands. With the intention to keep the value in the hands of the growers, we don't buy cherries. We source only what the community grows and processes — and when the quality meets specialty grade, we pay accordingly. This harvest earned a 15–20% premium over prevailing market prices. The cup earned it. We roasted this to a medium profile to let the fruitiness come forward cleanly. The result is a cup with gentle acidity, warmth, and just enough complexity to keep you interested — morning or evening, pour-over, Aeropress or even a fruity cold brew. A washed coffee that forgot the rules. Our favourite kind. Taste Profile Citrus, Chocolate, Slightly Fruity, Plum like, Nutty Origin Lamtaput, Koraput, Odisha Processing Traditional Washed Elevation 3000+ ft",https://caffinary.com/products/kora-zinfandel,https://cdn.shopify.com/s/files/1/0617/6273/2232/files/KZ-Tsp-Card_960ccbc0-565e-4155-852c-1027506d1a7f.png?v=1778093670,Coffee
Kora Zinfandel - Roasted on 17/06,Caffinary,795.0,250g,Medium Roast,,Koraput,"it themselves, on their land, with their hands","We have a new daily favourite for the pour-over lovers in the house At the cupping table, we expected what a well-processed washed coffee typically delivers: clean, chcoolatey, nutty, classic. What we got instead was a cup so fruit-forward it made us double-check the coffee. It's washed, and Ajay, the Q grader, verified this in his cupping notes. This coffee comes from the members of Duduma Farmers Producer Company, rooted in the Lamtaput and Nandapur blocks of Koraput district, Odisha. A community of 841 farmer members — 561 of them coffee growers — 80% from Scheduled Tribes communities, over 62% women . They don't just grow this coffee. They process it themselves, on their land, with their hands. With the intention to keep the value in the hands of the growers, we don't buy cherries. We source only what the community grows and processes — and when the quality meets specialty grade, we pay accordingly. This harvest earned a 15–20% premium over prevailing market prices. The cup earned it. We roasted this to a medium profile to let the fruitiness come forward cleanly. The result is a cup with gentle acidity, warmth, and just enough complexity to keep you interested — morning or evening, pour-over, Aeropress or even a fruity cold brew. A washed coffee that forgot the rules. Our favourite kind. Taste Profile Citrus, Chocolate, Slightly Fruity, Plum like, Nutty Origin Lamtaput, Koraput, Odisha Processing Traditional Washed Elevation 3000+ ft",https://caffinary.com/products/kora-zinfandel,https://cdn.shopify.com/s/files/1/0617/6273/2232/files/KZ-Tsp-Card_960ccbc0-565e-4155-852c-1027506d1a7f.png?v=1778093670,Coffee
Kora Zinfandel - Roasted on 17/06,Caffinary,1540.0,500g,Medium Roast,,Koraput,"it themselves, on their land, with their hands","We have a new daily favourite for the pour-over lovers in the house At the cupping table, we expected what a well-processed washed coffee typically delivers: clean, chcoolatey, nutty, classic. What we got instead was a cup so fruit-forward it made us double-check the coffee. It's washed, and Ajay, the Q grader, verified this in his cupping notes. This coffee comes from the members of Duduma Farmers Producer Company, rooted in the Lamtaput and Nandapur blocks of Koraput district, Odisha. A community of 841 farmer members — 561 of them coffee growers — 80% from Scheduled Tribes communities, over 62% women . They don't just grow this coffee. They process it themselves, on their land, with their hands. With the intention to keep the value in the hands of the growers, we don't buy cherries. We source only what the community grows and processes — and when the quality meets specialty grade, we pay accordingly. This harvest earned a 15–20% premium over prevailing market prices. The cup earned it. We roasted this to a medium profile to let the fruitiness come forward cleanly. The result is a cup with gentle acidity, warmth, and just enough complexity to keep you interested — morning or evening, pour-over, Aeropress or even a fruity cold brew. A washed coffee that forgot the rules. Our favourite kind. Taste Profile Citrus, Chocolate, Slightly Fruity, Plum like, Nutty Origin Lamtaput, Koraput, Odisha Processing Traditional Washed Elevation 3000+ ft",https://caffinary.com/products/kora-zinfandel,https://cdn.shopify.com/s/files/1/0617/6273/2232/files/KZ-Tsp-Card_960ccbc0-565e-4155-852c-1027506d1a7f.png?v=1778093670,Coffee
Kora Zinfandel - Roasted on 17/06,Caffinary,170.0,50g,Medium Roast,,Koraput,"it themselves, on their land, with their hands","We have a new daily favourite for the pour-over lovers in the house At the cupping table, we expected what a well-processed washed coffee typically delivers: clean, chcoolatey, nutty, classic. What we got instead was a cup so fruit-forward it made us double-check the coffee. It's washed, and Ajay, the Q grader, verified this in his cupping notes. This coffee comes from the members of Duduma Farmers Producer Company, rooted in the Lamtaput and Nandapur blocks of Koraput district, Odisha. A community of 841 farmer members — 561 of them coffee growers — 80% from Scheduled Tribes communities, over 62% women . They don't just grow this coffee. They process it themselves, on their land, with their hands. With the intention to keep the value in the hands of the growers, we don't buy cherries. We source only what the community grows and processes — and when the quality meets specialty grade, we pay accordingly. This harvest earned a 15–20% premium over prevailing market prices. The cup earned it. We roasted this to a medium profile to let the fruitiness come forward cleanly. The result is a cup with gentle acidity, warmth, and just enough complexity to keep you interested — morning or evening, pour-over, Aeropress or even a fruity cold brew. A washed coffee that forgot the rules. Our favourite kind. Taste Profile Citrus, Chocolate, Slightly Fruity, Plum like, Nutty Origin Lamtaput, Koraput, Odisha Processing Traditional Washed Elevation 3000+ ft",https://caffinary.com/products/kora-zinfandel,https://cdn.shopify.com/s/files/1/0617/6273/2232/files/KZ-Tsp-Card_960ccbc0-565e-4155-852c-1027506d1a7f.png?v=1778093670,Coffee
Kora Zinfandel - Roasted on 17/06,Caffinary,320.0,100g,Medium Roast,,Koraput,"it themselves, on their land, with their hands","We have a new daily favourite for the pour-over lovers in the house At the cupping table, we expected what a well-processed washed coffee typically delivers: clean, chcoolatey, nutty, classic. What we got instead was a cup so fruit-forward it made us double-check the coffee. It's washed, and Ajay, the Q grader, verified this in his cupping notes. This coffee comes from the members of Duduma Farmers Producer Company, rooted in the Lamtaput and Nandapur blocks of Koraput district, Odisha. A community of 841 farmer members — 561 of them coffee growers — 80% from Scheduled Tribes communities, over 62% women . They don't just grow this coffee. They process it themselves, on their land, with their hands. With the intention to keep the value in the hands of the growers, we don't buy cherries. We source only what the community grows and processes — and when the quality meets specialty grade, we pay accordingly. This harvest earned a 15–20% premium over prevailing market prices. The cup earned it. We roasted this to a medium profile to let the fruitiness come forward cleanly. The result is a cup with gentle acidity, warmth, and just enough complexity to keep you interested — morning or evening, pour-over, Aeropress or even a fruity cold brew. A washed coffee that forgot the rules. Our favourite kind. Taste Profile Citrus, Chocolate, Slightly Fruity, Plum like, Nutty Origin Lamtaput, Koraput, Odisha Processing Traditional Washed Elevation 3000+ ft",https://caffinary.com/products/kora-zinfandel,https://cdn.shopify.com/s/files/1/0617/6273/2232/files/KZ-Tsp-Card_960ccbc0-565e-4155-852c-1027506d1a7f.png?v=1778093670,Coffee
Kora Zinfandel - Roasted on 17/06,Caffinary,510.0,150g,Medium Roast,,Koraput,"it themselves, on their land, with their hands","We have a new daily favourite for the pour-over lovers in the house At the cupping table, we expected what a well-processed washed coffee typically delivers: clean, chcoolatey, nutty, classic. What we got instead was a cup so fruit-forward it made us double-check the coffee. It's washed, and Ajay, the Q grader, verified this in his cupping notes. This coffee comes from the members of Duduma Farmers Producer Company, rooted in the Lamtaput and Nandapur blocks of Koraput district, Odisha. A community of 841 farmer members — 561 of them coffee growers — 80% from Scheduled Tribes communities, over 62% women . They don't just grow this coffee. They process it themselves, on their land, with their hands. With the intention to keep the value in the hands of the growers, we don't buy cherries. We source only what the community grows and processes — and when the quality meets specialty grade, we pay accordingly. This harvest earned a 15–20% premium over prevailing market prices. The cup earned it. We roasted this to a medium profile to let the fruitiness come forward cleanly. The result is a cup with gentle acidity, warmth, and just enough complexity to keep you interested — morning or evening, pour-over, Aeropress or even a fruity cold brew. A washed coffee that forgot the rules. Our favourite kind. Taste Profile Citrus, Chocolate, Slightly Fruity, Plum like, Nutty Origin Lamtaput, Koraput, Odisha Processing Traditional Washed Elevation 3000+ ft",https://caffinary.com/products/kora-zinfandel,https://cdn.shopify.com/s/files/1/0617/6273/2232/files/KZ-Tsp-Card_960ccbc0-565e-4155-852c-1027506d1a7f.png?v=1778093670,Coffee
Kora Zinfandel - Roasted on 17/06,Caffinary,625.0,200g,Medium Roast,,Koraput,"it themselves, on their land, with their hands","We have a new daily favourite for the pour-over lovers in the house At the cupping table, we expected what a well-processed washed coffee typically delivers: clean, chcoolatey, nutty, classic. What we got instead was a cup so fruit-forward it made us double-check the coffee. It's washed, and Ajay, the Q grader, verified this in his cupping notes. This coffee comes from the members of Duduma Farmers Producer Company, rooted in the Lamtaput and Nandapur blocks of Koraput district, Odisha. A community of 841 farmer members — 561 of them coffee growers — 80% from Scheduled Tribes communities, over 62% women . They don't just grow this coffee. They process it themselves, on their land, with their hands. With the intention to keep the value in the hands of the growers, we don't buy cherries. We source only what the community grows and processes — and when the quality meets specialty grade, we pay accordingly. This harvest earned a 15–20% premium over prevailing market prices. The cup earned it. We roasted this to a medium profile to let the fruitiness come forward cleanly. The result is a cup with gentle acidity, warmth, and just enough complexity to keep you interested — morning or evening, pour-over, Aeropress or even a fruity cold brew. A washed coffee that forgot the rules. Our favourite kind. Taste Profile Citrus, Chocolate, Slightly Fruity, Plum like, Nutty Origin Lamtaput, Koraput, Odisha Processing Traditional Washed Elevation 3000+ ft",https://caffinary.com/products/kora-zinfandel,https://cdn.shopify.com/s/files/1/0617/6273/2232/files/KZ-Tsp-Card_960ccbc0-565e-4155-852c-1027506d1a7f.png?v=1778093670,Coffee
Kora Zinfandel - Roasted on 17/06,Caffinary,795.0,250g,Medium Roast,,Koraput,"it themselves, on their land, with their hands","We have a new daily favourite for the pour-over lovers in the house At the cupping table, we expected what a well-processed washed coffee typically delivers: clean, chcoolatey, nutty, classic. What we got instead was a cup so fruit-forward it made us double-check the coffee. It's washed, and Ajay, the Q grader, verified this in his cupping notes. This coffee comes from the members of Duduma Farmers Producer Company, rooted in the Lamtaput and Nandapur blocks of Koraput district, Odisha. A community of 841 farmer members — 561 of them coffee growers — 80% from Scheduled Tribes communities, over 62% women . They don't just grow this coffee. They process it themselves, on their land, with their hands. With the intention to keep the value in the hands of the growers, we don't buy cherries. We source only what the community grows and processes — and when the quality meets specialty grade, we pay accordingly. This harvest earned a 15–20% premium over prevailing market prices. The cup earned it. We roasted this to a medium profile to let the fruitiness come forward cleanly. The result is a cup with gentle acidity, warmth, and just enough complexity to keep you interested — morning or evening, pour-over, Aeropress or even a fruity cold brew. A washed coffee that forgot the rules. Our favourite kind. Taste Profile Citrus, Chocolate, Slightly Fruity, Plum like, Nutty Origin Lamtaput, Koraput, Odisha Processing Traditional Washed Elevation 3000+ ft",https://caffinary.com/products/kora-zinfandel,https://cdn.shopify.com/s/files/1/0617/6273/2232/files/KZ-Tsp-Card_960ccbc0-565e-4155-852c-1027506d1a7f.png?v=1778093670,Coffee
Kora Zinfandel - Roasted on 17/06,Caffinary,1540.0,500g,Medium Roast,,Koraput,"it themselves, on their land, with their hands","We have a new daily favourite for the pour-over lovers in the house At the cupping table, we expected what a well-processed washed coffee typically delivers: clean, chcoolatey, nutty, classic. What we got instead was a cup so fruit-forward it made us double-check the coffee. It's washed, and Ajay, the Q grader, verified this in his cupping notes. This coffee comes from the members of Duduma Farmers Producer Company, rooted in the Lamtaput and Nandapur blocks of Koraput district, Odisha. A community of 841 farmer members — 561 of them coffee growers — 80% from Scheduled Tribes communities, over 62% women . They don't just grow this coffee. They process it themselves, on their land, with their hands. With the intention to keep the value in the hands of the growers, we don't buy cherries. We source only what the community grows and processes — and when the quality meets specialty grade, we pay accordingly. This harvest earned a 15–20% premium over prevailing market prices. The cup earned it. We roasted this to a medium profile to let the fruitiness come forward cleanly. The result is a cup with gentle acidity, warmth, and just enough complexity to keep you interested — morning or evening, pour-over, Aeropress or even a fruity cold brew. A washed coffee that forgot the rules. Our favourite kind. Taste Profile Citrus, Chocolate, Slightly Fruity, Plum like, Nutty Origin Lamtaput, Koraput, Odisha Processing Traditional Washed Elevation 3000+ ft",https://caffinary.com/products/kora-zinfandel,https://cdn.shopify.com/s/files/1/0617/6273/2232/files/KZ-Tsp-Card_960ccbc0-565e-4155-852c-1027506d1a7f.png?v=1778093670,Coffee
Kora Zinfandel - Roasted on 17/06,Caffinary,170.0,50g,Medium Roast,,Koraput,"it themselves, on their land, with their hands","We have a new daily favourite for the pour-over lovers in the house At the cupping table, we expected what a well-processed washed coffee typically delivers: clean, chcoolatey, nutty, classic. What we got instead was a cup so fruit-forward it made us double-check the coffee. It's washed, and Ajay, the Q grader, verified this in his cupping notes. This coffee comes from the members of Duduma Farmers Producer Company, rooted in the Lamtaput and Nandapur blocks of Koraput district, Odisha. A community of 841 farmer members — 561 of them coffee growers — 80% from Scheduled Tribes communities, over 62% women . They don't just grow this coffee. They process it themselves, on their land, with their hands. With the intention to keep the value in the hands of the growers, we don't buy cherries. We source only what the community grows and processes — and when the quality meets specialty grade, we pay accordingly. This harvest earned a 15–20% premium over prevailing market prices. The cup earned it. We roasted this to a medium profile to let the fruitiness come forward cleanly. The result is a cup with gentle acidity, warmth, and just enough complexity to keep you interested — morning or evening, pour-over, Aeropress or even a fruity cold brew. A washed coffee that forgot the rules. Our favourite kind. Taste Profile Citrus, Chocolate, Slightly Fruity, Plum like, Nutty Origin Lamtaput, Koraput, Odisha Processing Traditional Washed Elevation 3000+ ft",https://caffinary.com/products/kora-zinfandel,https://cdn.shopify.com/s/files/1/0617/6273/2232/files/KZ-Tsp-Card_960ccbc0-565e-4155-852c-1027506d1a7f.png?v=1778093670,Coffee
Kora Zinfandel - Roasted on 17/06,Caffinary,320.0,100g,Medium Roast,,Koraput,"it themselves, on their land, with their hands","We have a new daily favourite for the pour-over lovers in the house At the cupping table, we expected what a well-processed washed coffee typically delivers: clean, chcoolatey, nutty, classic. What we got instead was a cup so fruit-forward it made us double-check the coffee. It's washed, and Ajay, the Q grader, verified this in his cupping notes. This coffee comes from the members of Duduma Farmers Producer Company, rooted in the Lamtaput and Nandapur blocks of Koraput district, Odisha. A community of 841 farmer members — 561 of them coffee growers — 80% from Scheduled Tribes communities, over 62% women . They don't just grow this coffee. They process it themselves, on their land, with their hands. With the intention to keep the value in the hands of the growers, we don't buy cherries. We source only what the community grows and processes — and when the quality meets specialty grade, we pay accordingly. This harvest earned a 15–20% premium over prevailing market prices. The cup earned it. We roasted this to a medium profile to let the fruitiness come forward cleanly. The result is a cup with gentle acidity, warmth, and just enough complexity to keep you interested — morning or evening, pour-over, Aeropress or even a fruity cold brew. A washed coffee that forgot the rules. Our favourite kind. Taste Profile Citrus, Chocolate, Slightly Fruity, Plum like, Nutty Origin Lamtaput, Koraput, Odisha Processing Traditional Washed Elevation 3000+ ft",https://caffinary.com/products/kora-zinfandel,https://cdn.shopify.com/s/files/1/0617/6273/2232/files/KZ-Tsp-Card_960ccbc0-565e-4155-852c-1027506d1a7f.png?v=1778093670,Coffee
Kora Zinfandel - Roasted on 17/06,Caffinary,510.0,150g,Medium Roast,,Koraput,"it themselves, on their land, with their hands","We have a new daily favourite for the pour-over lovers in the house At the cupping table, we expected what a well-processed washed coffee typically delivers: clean, chcoolatey, nutty, classic. What we got instead was a cup so fruit-forward it made us double-check the coffee. It's washed, and Ajay, the Q grader, verified this in his cupping notes. This coffee comes from the members of Duduma Farmers Producer Company, rooted in the Lamtaput and Nandapur blocks of Koraput district, Odisha. A community of 841 farmer members — 561 of them coffee growers — 80% from Scheduled Tribes communities, over 62% women . They don't just grow this coffee. They process it themselves, on their land, with their hands. With the intention to keep the value in the hands of the growers, we don't buy cherries. We source only what the community grows and processes — and when the quality meets specialty grade, we pay accordingly. This harvest earned a 15–20% premium over prevailing market prices. The cup earned it. We roasted this to a medium profile to let the fruitiness come forward cleanly. The result is a cup with gentle acidity, warmth, and just enough complexity to keep you interested — morning or evening, pour-over, Aeropress or even a fruity cold brew. A washed coffee that forgot the rules. Our favourite kind. Taste Profile Citrus, Chocolate, Slightly Fruity, Plum like, Nutty Origin Lamtaput, Koraput, Odisha Processing Traditional Washed Elevation 3000+ ft",https://caffinary.com/products/kora-zinfandel,https://cdn.shopify.com/s/files/1/0617/6273/2232/files/KZ-Tsp-Card_960ccbc0-565e-4155-852c-1027506d1a7f.png?v=1778093670,Coffee
Kora Zinfandel - Roasted on 17/06,Caffinary,625.0,200g,Medium Roast,,Koraput,"it themselves, on their land, with their hands","We have a new daily favourite for the pour-over lovers in the house At the cupping table, we expected what a well-processed washed coffee typically delivers: clean, chcoolatey, nutty, classic. What we got instead was a cup so fruit-forward it made us double-check the coffee. It's washed, and Ajay, the Q grader, verified this in his cupping notes. This coffee comes from the members of Duduma Farmers Producer Company, rooted in the Lamtaput and Nandapur blocks of Koraput district, Odisha. A community of 841 farmer members — 561 of them coffee growers — 80% from Scheduled Tribes communities, over 62% women . They don't just grow this coffee. They process it themselves, on their land, with their hands. With the intention to keep the value in the hands of the growers, we don't buy cherries. We source only what the community grows and processes — and when the quality meets specialty grade, we pay accordingly. This harvest earned a 15–20% premium over prevailing market prices. The cup earned it. We roasted this to a medium profile to let the fruitiness come forward cleanly. The result is a cup with gentle acidity, warmth, and just enough complexity to keep you interested — morning or evening, pour-over, Aeropress or even a fruity cold brew. A washed coffee that forgot the rules. Our favourite kind. Taste Profile Citrus, Chocolate, Slightly Fruity, Plum like, Nutty Origin Lamtaput, Koraput, Odisha Processing Traditional Washed Elevation 3000+ ft",https://caffinary.com/products/kora-zinfandel,https://cdn.shopify.com/s/files/1/0617/6273/2232/files/KZ-Tsp-Card_960ccbc0-565e-4155-852c-1027506d1a7f.png?v=1778093670,Coffee
Kora Zinfandel - Roasted on 17/06,Caffinary,795.0,250g,Medium Roast,,Koraput,"it themselves, on their land, with their hands","We have a new daily favourite for the pour-over lovers in the house At the cupping table, we expected what a well-processed washed coffee typically delivers: clean, chcoolatey, nutty, classic. What we got instead was a cup so fruit-forward it made us double-check the coffee. It's washed, and Ajay, the Q grader, verified this in his cupping notes. This coffee comes from the members of Duduma Farmers Producer Company, rooted in the Lamtaput and Nandapur blocks of Koraput district, Odisha. A community of 841 farmer members — 561 of them coffee growers — 80% from Scheduled Tribes communities, over 62% women . They don't just grow this coffee. They process it themselves, on their land, with their hands. With the intention to keep the value in the hands of the growers, we don't buy cherries. We source only what the community grows and processes — and when the quality meets specialty grade, we pay accordingly. This harvest earned a 15–20% premium over prevailing market prices. The cup earned it. We roasted this to a medium profile to let the fruitiness come forward cleanly. The result is a cup with gentle acidity, warmth, and just enough complexity to keep you interested — morning or evening, pour-over, Aeropress or even a fruity cold brew. A washed coffee that forgot the rules. Our favourite kind. Taste Profile Citrus, Chocolate, Slightly Fruity, Plum like, Nutty Origin Lamtaput, Koraput, Odisha Processing Traditional Washed Elevation 3000+ ft",https://caffinary.com/products/kora-zinfandel,https://cdn.shopify.com/s/files/1/0617/6273/2232/files/KZ-Tsp-Card_960ccbc0-565e-4155-852c-1027506d1a7f.png?v=1778093670,Coffee
Kora Zinfandel - Roasted on 17/06,Caffinary,1540.0,500g,Medium Roast,,Koraput,"it themselves, on their land, with their hands","We have a new daily favourite for the pour-over lovers in the house At the cupping table, we expected what a well-processed washed coffee typically delivers: clean, chcoolatey, nutty, classic. What we got instead was a cup so fruit-forward it made us double-check the coffee. It's washed, and Ajay, the Q grader, verified this in his cupping notes. This coffee comes from the members of Duduma Farmers Producer Company, rooted in the Lamtaput and Nandapur blocks of Koraput district, Odisha. A community of 841 farmer members — 561 of them coffee growers — 80% from Scheduled Tribes communities, over 62% women . They don't just grow this coffee. They process it themselves, on their land, with their hands. With the intention to keep the value in the hands of the growers, we don't buy cherries. We source only what the community grows and processes — and when the quality meets specialty grade, we pay accordingly. This harvest earned a 15–20% premium over prevailing market prices. The cup earned it. We roasted this to a medium profile to let the fruitiness come forward cleanly. The result is a cup with gentle acidity, warmth, and just enough complexity to keep you interested — morning or evening, pour-over, Aeropress or even a fruity cold brew. A washed coffee that forgot the rules. Our favourite kind. Taste Profile Citrus, Chocolate, Slightly Fruity, Plum like, Nutty Origin Lamtaput, Koraput, Odisha Processing Traditional Washed Elevation 3000+ ft",https://caffinary.com/products/kora-zinfandel,https://cdn.shopify.com/s/files/1/0617/6273/2232/files/KZ-Tsp-Card_960ccbc0-565e-4155-852c-1027506d1a7f.png?v=1778093670,Coffee
Kora Zinfandel - Roasted on 17/06,Caffinary,170.0,50g,Medium Roast,,Koraput,"it themselves, on their land, with their hands","We have a new daily favourite for the pour-over lovers in the house At the cupping table, we expected what a well-processed washed coffee typically delivers: clean, chcoolatey, nutty, classic. What we got instead was a cup so fruit-forward it made us double-check the coffee. It's washed, and Ajay, the Q grader, verified this in his cupping notes. This coffee comes from the members of Duduma Farmers Producer Company, rooted in the Lamtaput and Nandapur blocks of Koraput district, Odisha. A community of 841 farmer members — 561 of them coffee growers — 80% from Scheduled Tribes communities, over 62% women . They don't just grow this coffee. They process it themselves, on their land, with their hands. With the intention to keep the value in the hands of the growers, we don't buy cherries. We source only what the community grows and processes — and when the quality meets specialty grade, we pay accordingly. This harvest earned a 15–20% premium over prevailing market prices. The cup earned it. We roasted this to a medium profile to let the fruitiness come forward cleanly. The result is a cup with gentle acidity, warmth, and just enough complexity to keep you interested — morning or evening, pour-over, Aeropress or even a fruity cold brew. A washed coffee that forgot the rules. Our favourite kind. Taste Profile Citrus, Chocolate, Slightly Fruity, Plum like, Nutty Origin Lamtaput, Koraput, Odisha Processing Traditional Washed Elevation 3000+ ft",https://caffinary.com/products/kora-zinfandel,https://cdn.shopify.com/s/files/1/0617/6273/2232/files/KZ-Tsp-Card_960ccbc0-565e-4155-852c-1027506d1a7f.png?v=1778093670,Coffee
Kora Zinfandel - Roasted on 17/06,Caffinary,320.0,100g,Medium Roast,,Koraput,"it themselves, on their land, with their hands","We have a new daily favourite for the pour-over lovers in the house At the cupping table, we expected what a well-processed washed coffee typically delivers: clean, chcoolatey, nutty, classic. What we got instead was a cup so fruit-forward it made us double-check the coffee. It's washed, and Ajay, the Q grader, verified this in his cupping notes. This coffee comes from the members of Duduma Farmers Producer Company, rooted in the Lamtaput and Nandapur blocks of Koraput district, Odisha. A community of 841 farmer members — 561 of them coffee growers — 80% from Scheduled Tribes communities, over 62% women . They don't just grow this coffee. They process it themselves, on their land, with their hands. With the intention to keep the value in the hands of the growers, we don't buy cherries. We source only what the community grows and processes — and when the quality meets specialty grade, we pay accordingly. This harvest earned a 15–20% premium over prevailing market prices. The cup earned it. We roasted this to a medium profile to let the fruitiness come forward cleanly. The result is a cup with gentle acidity, warmth, and just enough complexity to keep you interested — morning or evening, pour-over, Aeropress or even a fruity cold brew. A washed coffee that forgot the rules. Our favourite kind. Taste Profile Citrus, Chocolate, Slightly Fruity, Plum like, Nutty Origin Lamtaput, Koraput, Odisha Processing Traditional Washed Elevation 3000+ ft",https://caffinary.com/products/kora-zinfandel,https://cdn.shopify.com/s/files/1/0617/6273/2232/files/KZ-Tsp-Card_960ccbc0-565e-4155-852c-1027506d1a7f.png?v=1778093670,Coffee
Kora Zinfandel - Roasted on 17/06,Caffinary,510.0,150g,Medium Roast,,Koraput,"it themselves, on their land, with their hands","We have a new daily favourite for the pour-over lovers in the house At the cupping table, we expected what a well-processed washed coffee typically delivers: clean, chcoolatey, nutty, classic. What we got instead was a cup so fruit-forward it made us double-check the coffee. It's washed, and Ajay, the Q grader, verified this in his cupping notes. This coffee comes from the members of Duduma Farmers Producer Company, rooted in the Lamtaput and Nandapur blocks of Koraput district, Odisha. A community of 841 farmer members — 561 of them coffee growers — 80% from Scheduled Tribes communities, over 62% women . They don't just grow this coffee. They process it themselves, on their land, with their hands. With the intention to keep the value in the hands of the growers, we don't buy cherries. We source only what the community grows and processes — and when the quality meets specialty grade, we pay accordingly. This harvest earned a 15–20% premium over prevailing market prices. The cup earned it. We roasted this to a medium profile to let the fruitiness come forward cleanly. The result is a cup with gentle acidity, warmth, and just enough complexity to keep you interested — morning or evening, pour-over, Aeropress or even a fruity cold brew. A washed coffee that forgot the rules. Our favourite kind. Taste Profile Citrus, Chocolate, Slightly Fruity, Plum like, Nutty Origin Lamtaput, Koraput, Odisha Processing Traditional Washed Elevation 3000+ ft",https://caffinary.com/products/kora-zinfandel,https://cdn.shopify.com/s/files/1/0617/6273/2232/files/KZ-Tsp-Card_960ccbc0-565e-4155-852c-1027506d1a7f.png?v=1778093670,Coffee
Kora Zinfandel - Roasted on 17/06,Caffinary,625.0,200g,Medium Roast,,Koraput,"it themselves, on their land, with their hands","We have a new daily favourite for the pour-over lovers in the house At the cupping table, we expected what a well-processed washed coffee typically delivers: clean, chcoolatey, nutty, classic. What we got instead was a cup so fruit-forward it made us double-check the coffee. It's washed, and Ajay, the Q grader, verified this in his cupping notes. This coffee comes from the members of Duduma Farmers Producer Company, rooted in the Lamtaput and Nandapur blocks of Koraput district, Odisha. A community of 841 farmer members — 561 of them coffee growers — 80% from Scheduled Tribes communities, over 62% women . They don't just grow this coffee. They process it themselves, on their land, with their hands. With the intention to keep the value in the hands of the growers, we don't buy cherries. We source only what the community grows and processes — and when the quality meets specialty grade, we pay accordingly. This harvest earned a 15–20% premium over prevailing market prices. The cup earned it. We roasted this to a medium profile to let the fruitiness come forward cleanly. The result is a cup with gentle acidity, warmth, and just enough complexity to keep you interested — morning or evening, pour-over, Aeropress or even a fruity cold brew. A washed coffee that forgot the rules. Our favourite kind. Taste Profile Citrus, Chocolate, Slightly Fruity, Plum like, Nutty Origin Lamtaput, Koraput, Odisha Processing Traditional Washed Elevation 3000+ ft",https://caffinary.com/products/kora-zinfandel,https://cdn.shopify.com/s/files/1/0617/6273/2232/files/KZ-Tsp-Card_960ccbc0-565e-4155-852c-1027506d1a7f.png?v=1778093670,Coffee
Kora Zinfandel - Roasted on 17/06,Caffinary,795.0,250g,Medium Roast,,Koraput,"it themselves, on their land, with their hands","We have a new daily favourite for the pour-over lovers in the house At the cupping table, we expected what a well-processed washed coffee typically delivers: clean, chcoolatey, nutty, classic. What we got instead was a cup so fruit-forward it made us double-check the coffee. It's washed, and Ajay, the Q grader, verified this in his cupping notes. This coffee comes from the members of Duduma Farmers Producer Company, rooted in the Lamtaput and Nandapur blocks of Koraput district, Odisha. A community of 841 farmer members — 561 of them coffee growers — 80% from Scheduled Tribes communities, over 62% women . They don't just grow this coffee. They process it themselves, on their land, with their hands. With the intention to keep the value in the hands of the growers, we don't buy cherries. We source only what the community grows and processes — and when the quality meets specialty grade, we pay accordingly. This harvest earned a 15–20% premium over prevailing market prices. The cup earned it. We roasted this to a medium profile to let the fruitiness come forward cleanly. The result is a cup with gentle acidity, warmth, and just enough complexity to keep you interested — morning or evening, pour-over, Aeropress or even a fruity cold brew. A washed coffee that forgot the rules. Our favourite kind. Taste Profile Citrus, Chocolate, Slightly Fruity, Plum like, Nutty Origin Lamtaput, Koraput, Odisha Processing Traditional Washed Elevation 3000+ ft",https://caffinary.com/products/kora-zinfandel,https://cdn.shopify.com/s/files/1/0617/6273/2232/files/KZ-Tsp-Card_960ccbc0-565e-4155-852c-1027506d1a7f.png?v=1778093670,Coffee
Kora Zinfandel - Roasted on 17/06,Caffinary,1540.0,500g,Medium Roast,,Koraput,"it themselves, on their land, with their hands","We have a new daily favourite for the pour-over lovers in the house At the cupping table, we expected what a well-processed washed coffee typically delivers: clean, chcoolatey, nutty, classic. What we got instead was a cup so fruit-forward it made us double-check the coffee. It's washed, and Ajay, the Q grader, verified this in his cupping notes. This coffee comes from the members of Duduma Farmers Producer Company, rooted in the Lamtaput and Nandapur blocks of Koraput district, Odisha. A community of 841 farmer members — 561 of them coffee growers — 80% from Scheduled Tribes communities, over 62% women . They don't just grow this coffee. They process it themselves, on their land, with their hands. With the intention to keep the value in the hands of the growers, we don't buy cherries. We source only what the community grows and processes — and when the quality meets specialty grade, we pay accordingly. This harvest earned a 15–20% premium over prevailing market prices. The cup earned it. We roasted this to a medium profile to let the fruitiness come forward cleanly. The result is a cup with gentle acidity, warmth, and just enough complexity to keep you interested — morning or evening, pour-over, Aeropress or even a fruity cold brew. A washed coffee that forgot the rules. Our favourite kind. Taste Profile Citrus, Chocolate, Slightly Fruity, Plum like, Nutty Origin Lamtaput, Koraput, Odisha Processing Traditional Washed Elevation 3000+ ft",https://caffinary.com/products/kora-zinfandel,https://cdn.shopify.com/s/files/1/0617/6273/2232/files/KZ-Tsp-Card_960ccbc0-565e-4155-852c-1027506d1a7f.png?v=1778093670,Coffee
Kora Zinfandel - Roasted on 17/06,Caffinary,170.0,50g,Medium Roast,,Koraput,"it themselves, on their land, with their hands","We have a new daily favourite for the pour-over lovers in the house At the cupping table, we expected what a well-processed washed coffee typically delivers: clean, chcoolatey, nutty, classic. What we got instead was a cup so fruit-forward it made us double-check the coffee. It's washed, and Ajay, the Q grader, verified this in his cupping notes. This coffee comes from the members of Duduma Farmers Producer Company, rooted in the Lamtaput and Nandapur blocks of Koraput district, Odisha. A community of 841 farmer members — 561 of them coffee growers — 80% from Scheduled Tribes communities, over 62% women . They don't just grow this coffee. They process it themselves, on their land, with their hands. With the intention to keep the value in the hands of the growers, we don't buy cherries. We source only what the community grows and processes — and when the quality meets specialty grade, we pay accordingly. This harvest earned a 15–20% premium over prevailing market prices. The cup earned it. We roasted this to a medium profile to let the fruitiness come forward cleanly. The result is a cup with gentle acidity, warmth, and just enough complexity to keep you interested — morning or evening, pour-over, Aeropress or even a fruity cold brew. A washed coffee that forgot the rules. Our favourite kind. Taste Profile Citrus, Chocolate, Slightly Fruity, Plum like, Nutty Origin Lamtaput, Koraput, Odisha Processing Traditional Washed Elevation 3000+ ft",https://caffinary.com/products/kora-zinfandel,https://cdn.shopify.com/s/files/1/0617/6273/2232/files/KZ-Tsp-Card_960ccbc0-565e-4155-852c-1027506d1a7f.png?v=1778093670,Coffee
Kora Zinfandel - Roasted on 17/06,Caffinary,320.0,100g,Medium Roast,,Koraput,"it themselves, on their land, with their hands","We have a new daily favourite for the pour-over lovers in the house At the cupping table, we expected what a well-processed washed coffee typically delivers: clean, chcoolatey, nutty, classic. What we got instead was a cup so fruit-forward it made us double-check the coffee. It's washed, and Ajay, the Q grader, verified this in his cupping notes. This coffee comes from the members of Duduma Farmers Producer Company, rooted in the Lamtaput and Nandapur blocks of Koraput district, Odisha. A community of 841 farmer members — 561 of them coffee growers — 80% from Scheduled Tribes communities, over 62% women . They don't just grow this coffee. They process it themselves, on their land, with their hands. With the intention to keep the value in the hands of the growers, we don't buy cherries. We source only what the community grows and processes — and when the quality meets specialty grade, we pay accordingly. This harvest earned a 15–20% premium over prevailing market prices. The cup earned it. We roasted this to a medium profile to let the fruitiness come forward cleanly. The result is a cup with gentle acidity, warmth, and just enough complexity to keep you interested — morning or evening, pour-over, Aeropress or even a fruity cold brew. A washed coffee that forgot the rules. Our favourite kind. Taste Profile Citrus, Chocolate, Slightly Fruity, Plum like, Nutty Origin Lamtaput, Koraput, Odisha Processing Traditional Washed Elevation 3000+ ft",https://caffinary.com/products/kora-zinfandel,https://cdn.shopify.com/s/files/1/0617/6273/2232/files/KZ-Tsp-Card_960ccbc0-565e-4155-852c-1027506d1a7f.png?v=1778093670,Coffee
Kora Zinfandel - Roasted on 17/06,Caffinary,510.0,150g,Medium Roast,,Koraput,"it themselves, on their land, with their hands","We have a new daily favourite for the pour-over lovers in the house At the cupping table, we expected what a well-processed washed coffee typically delivers: clean, chcoolatey, nutty, classic. What we got instead was a cup so fruit-forward it made us double-check the coffee. It's washed, and Ajay, the Q grader, verified this in his cupping notes. This coffee comes from the members of Duduma Farmers Producer Company, rooted in the Lamtaput and Nandapur blocks of Koraput district, Odisha. A community of 841 farmer members — 561 of them coffee growers — 80% from Scheduled Tribes communities, over 62% women . They don't just grow this coffee. They process it themselves, on their land, with their hands. With the intention to keep the value in the hands of the growers, we don't buy cherries. We source only what the community grows and processes — and when the quality meets specialty grade, we pay accordingly. This harvest earned a 15–20% premium over prevailing market prices. The cup earned it. We roasted this to a medium profile to let the fruitiness come forward cleanly. The result is a cup with gentle acidity, warmth, and just enough complexity to keep you interested — morning or evening, pour-over, Aeropress or even a fruity cold brew. A washed coffee that forgot the rules. Our favourite kind. Taste Profile Citrus, Chocolate, Slightly Fruity, Plum like, Nutty Origin Lamtaput, Koraput, Odisha Processing Traditional Washed Elevation 3000+ ft",https://caffinary.com/products/kora-zinfandel,https://cdn.shopify.com/s/files/1/0617/6273/2232/files/KZ-Tsp-Card_960ccbc0-565e-4155-852c-1027506d1a7f.png?v=1778093670,Coffee
Kora Zinfandel - Roasted on 17/06,Caffinary,625.0,200g,Medium Roast,,Koraput,"it themselves, on their land, with their hands","We have a new daily favourite for the pour-over lovers in the house At the cupping table, we expected what a well-processed washed coffee typically delivers: clean, chcoolatey, nutty, classic. What we got instead was a cup so fruit-forward it made us double-check the coffee. It's washed, and Ajay, the Q grader, verified this in his cupping notes. This coffee comes from the members of Duduma Farmers Producer Company, rooted in the Lamtaput and Nandapur blocks of Koraput district, Odisha. A community of 841 farmer members — 561 of them coffee growers — 80% from Scheduled Tribes communities, over 62% women . They don't just grow this coffee. They process it themselves, on their land, with their hands. With the intention to keep the value in the hands of the growers, we don't buy cherries. We source only what the community grows and processes — and when the quality meets specialty grade, we pay accordingly. This harvest earned a 15–20% premium over prevailing market prices. The cup earned it. We roasted this to a medium profile to let the fruitiness come forward cleanly. The result is a cup with gentle acidity, warmth, and just enough complexity to keep you interested — morning or evening, pour-over, Aeropress or even a fruity cold brew. A washed coffee that forgot the rules. Our favourite kind. Taste Profile Citrus, Chocolate, Slightly Fruity, Plum like, Nutty Origin Lamtaput, Koraput, Odisha Processing Traditional Washed Elevation 3000+ ft",https://caffinary.com/products/kora-zinfandel,https://cdn.shopify.com/s/files/1/0617/6273/2232/files/KZ-Tsp-Card_960ccbc0-565e-4155-852c-1027506d1a7f.png?v=1778093670,Coffee
Kora Zinfandel - Roasted on 17/06,Caffinary,795.0,250g,Medium Roast,,Koraput,"it themselves, on their land, with their hands","We have a new daily favourite for the pour-over lovers in the house At the cupping table, we expected what a well-processed washed coffee typically delivers: clean, chcoolatey, nutty, classic. What we got instead was a cup so fruit-forward it made us double-check the coffee. It's washed, and Ajay, the Q grader, verified this in his cupping notes. This coffee comes from the members of Duduma Farmers Producer Company, rooted in the Lamtaput and Nandapur blocks of Koraput district, Odisha. A community of 841 farmer members — 561 of them coffee growers — 80% from Scheduled Tribes communities, over 62% women . They don't just grow this coffee. They process it themselves, on their land, with their hands. With the intention to keep the value in the hands of the growers, we don't buy cherries. We source only what the community grows and processes — and when the quality meets specialty grade, we pay accordingly. This harvest earned a 15–20% premium over prevailing market prices. The cup earned it. We roasted this to a medium profile to let the fruitiness come forward cleanly. The result is a cup with gentle acidity, warmth, and just enough complexity to keep you interested — morning or evening, pour-over, Aeropress or even a fruity cold brew. A washed coffee that forgot the rules. Our favourite kind. Taste Profile Citrus, Chocolate, Slightly Fruity, Plum like, Nutty Origin Lamtaput, Koraput, Odisha Processing Traditional Washed Elevation 3000+ ft",https://caffinary.com/products/kora-zinfandel,https://cdn.shopify.com/s/files/1/0617/6273/2232/files/KZ-Tsp-Card_960ccbc0-565e-4155-852c-1027506d1a7f.png?v=1778093670,Coffee
Kora Zinfandel - Roasted on 17/06,Caffinary,1540.0,500g,Medium Roast,,Koraput,"it themselves, on their land, with their hands","We have a new daily favourite for the pour-over lovers in the house At the cupping table, we expected what a well-processed washed coffee typically delivers: clean, chcoolatey, nutty, classic. What we got instead was a cup so fruit-forward it made us double-check the coffee. It's washed, and Ajay, the Q grader, verified this in his cupping notes. This coffee comes from the members of Duduma Farmers Producer Company, rooted in the Lamtaput and Nandapur blocks of Koraput district, Odisha. A community of 841 farmer members — 561 of them coffee growers — 80% from Scheduled Tribes communities, over 62% women . They don't just grow this coffee. They process it themselves, on their land, with their hands. With the intention to keep the value in the hands of the growers, we don't buy cherries. We source only what the community grows and processes — and when the quality meets specialty grade, we pay accordingly. This harvest earned a 15–20% premium over prevailing market prices. The cup earned it. We roasted this to a medium profile to let the fruitiness come forward cleanly. The result is a cup with gentle acidity, warmth, and just enough complexity to keep you interested — morning or evening, pour-over, Aeropress or even a fruity cold brew. A washed coffee that forgot the rules. Our favourite kind. Taste Profile Citrus, Chocolate, Slightly Fruity, Plum like, Nutty Origin Lamtaput, Koraput, Odisha Processing Traditional Washed Elevation 3000+ ft",https://caffinary.com/products/kora-zinfandel,https://cdn.shopify.com/s/files/1/0617/6273/2232/files/KZ-Tsp-Card_960ccbc0-565e-4155-852c-1027506d1a7f.png?v=1778093670,Coffee
Kora Zinfandel - Roasted on 17/06,Caffinary,170.0,50g,Medium Roast,,Koraput,"it themselves, on their land, with their hands","We have a new daily favourite for the pour-over lovers in the house At the cupping table, we expected what a well-processed washed coffee typically delivers: clean, chcoolatey, nutty, classic. What we got instead was a cup so fruit-forward it made us double-check the coffee. It's washed, and Ajay, the Q grader, verified this in his cupping notes. This coffee comes from the members of Duduma Farmers Producer Company, rooted in the Lamtaput and Nandapur blocks of Koraput district, Odisha. A community of 841 farmer members — 561 of them coffee growers — 80% from Scheduled Tribes communities, over 62% women . They don't just grow this coffee. They process it themselves, on their land, with their hands. With the intention to keep the value in the hands of the growers, we don't buy cherries. We source only what the community grows and processes — and when the quality meets specialty grade, we pay accordingly. This harvest earned a 15–20% premium over prevailing market prices. The cup earned it. We roasted this to a medium profile to let the fruitiness come forward cleanly. The result is a cup with gentle acidity, warmth, and just enough complexity to keep you interested — morning or evening, pour-over, Aeropress or even a fruity cold brew. A washed coffee that forgot the rules. Our favourite kind. Taste Profile Citrus, Chocolate, Slightly Fruity, Plum like, Nutty Origin Lamtaput, Koraput, Odisha Processing Traditional Washed Elevation 3000+ ft",https://caffinary.com/products/kora-zinfandel,https://cdn.shopify.com/s/files/1/0617/6273/2232/files/KZ-Tsp-Card_960ccbc0-565e-4155-852c-1027506d1a7f.png?v=1778093670,Coffee
Kora Zinfandel - Roasted on 17/06,Caffinary,320.0,100g,Medium Roast,,Koraput,"it themselves, on their land, with their hands","We have a new daily favourite for the pour-over lovers in the house At the cupping table, we expected what a well-processed washed coffee typically delivers: clean, chcoolatey, nutty, classic. What we got instead was a cup so fruit-forward it made us double-check the coffee. It's washed, and Ajay, the Q grader, verified this in his cupping notes. This coffee comes from the members of Duduma Farmers Producer Company, rooted in the Lamtaput and Nandapur blocks of Koraput district, Odisha. A community of 841 farmer members — 561 of them coffee growers — 80% from Scheduled Tribes communities, over 62% women . They don't just grow this coffee. They process it themselves, on their land, with their hands. With the intention to keep the value in the hands of the growers, we don't buy cherries. We source only what the community grows and processes — and when the quality meets specialty grade, we pay accordingly. This harvest earned a 15–20% premium over prevailing market prices. The cup earned it. We roasted this to a medium profile to let the fruitiness come forward cleanly. The result is a cup with gentle acidity, warmth, and just enough complexity to keep you interested — morning or evening, pour-over, Aeropress or even a fruity cold brew. A washed coffee that forgot the rules. Our favourite kind. Taste Profile Citrus, Chocolate, Slightly Fruity, Plum like, Nutty Origin Lamtaput, Koraput, Odisha Processing Traditional Washed Elevation 3000+ ft",https://caffinary.com/products/kora-zinfandel,https://cdn.shopify.com/s/files/1/0617/6273/2232/files/KZ-Tsp-Card_960ccbc0-565e-4155-852c-1027506d1a7f.png?v=1778093670,Coffee
Kora Zinfandel - Roasted on 17/06,Caffinary,510.0,150g,Medium Roast,,Koraput,"it themselves, on their land, with their hands","We have a new daily favourite for the pour-over lovers in the house At the cupping table, we expected what a well-processed washed coffee typically delivers: clean, chcoolatey, nutty, classic. What we got instead was a cup so fruit-forward it made us double-check the coffee. It's washed, and Ajay, the Q grader, verified this in his cupping notes. This coffee comes from the members of Duduma Farmers Producer Company, rooted in the Lamtaput and Nandapur blocks of Koraput district, Odisha. A community of 841 farmer members — 561 of them coffee growers — 80% from Scheduled Tribes communities, over 62% women . They don't just grow this coffee. They process it themselves, on their land, with their hands. With the intention to keep the value in the hands of the growers, we don't buy cherries. We source only what the community grows and processes — and when the quality meets specialty grade, we pay accordingly. This harvest earned a 15–20% premium over prevailing market prices. The cup earned it. We roasted this to a medium profile to let the fruitiness come forward cleanly. The result is a cup with gentle acidity, warmth, and just enough complexity to keep you interested — morning or evening, pour-over, Aeropress or even a fruity cold brew. A washed coffee that forgot the rules. Our favourite kind. Taste Profile Citrus, Chocolate, Slightly Fruity, Plum like, Nutty Origin Lamtaput, Koraput, Odisha Processing Traditional Washed Elevation 3000+ ft",https://caffinary.com/products/kora-zinfandel,https://cdn.shopify.com/s/files/1/0617/6273/2232/files/KZ-Tsp-Card_960ccbc0-565e-4155-852c-1027506d1a7f.png?v=1778093670,Coffee
Kora Zinfandel - Roasted on 17/06,Caffinary,625.0,200g,Medium Roast,,Koraput,"it themselves, on their land, with their hands","We have a new daily favourite for the pour-over lovers in the house At the cupping table, we expected what a well-processed washed coffee typically delivers: clean, chcoolatey, nutty, classic. What we got instead was a cup so fruit-forward it made us double-check the coffee. It's washed, and Ajay, the Q grader, verified this in his cupping notes. This coffee comes from the members of Duduma Farmers Producer Company, rooted in the Lamtaput and Nandapur blocks of Koraput district, Odisha. A community of 841 farmer members — 561 of them coffee growers — 80% from Scheduled Tribes communities, over 62% women . They don't just grow this coffee. They process it themselves, on their land, with their hands. With the intention to keep the value in the hands of the growers, we don't buy cherries. We source only what the community grows and processes — and when the quality meets specialty grade, we pay accordingly. This harvest earned a 15–20% premium over prevailing market prices. The cup earned it. We roasted this to a medium profile to let the fruitiness come forward cleanly. The result is a cup with gentle acidity, warmth, and just enough complexity to keep you interested — morning or evening, pour-over, Aeropress or even a fruity cold brew. A washed coffee that forgot the rules. Our favourite kind. Taste Profile Citrus, Chocolate, Slightly Fruity, Plum like, Nutty Origin Lamtaput, Koraput, Odisha Processing Traditional Washed Elevation 3000+ ft",https://caffinary.com/products/kora-zinfandel,https://cdn.shopify.com/s/files/1/0617/6273/2232/files/KZ-Tsp-Card_960ccbc0-565e-4155-852c-1027506d1a7f.png?v=1778093670,Coffee
Kora Zinfandel - Roasted on 17/06,Caffinary,795.0,250g,Medium Roast,,Koraput,"it themselves, on their land, with their hands","We have a new daily favourite for the pour-over lovers in the house At the cupping table, we expected what a well-processed washed coffee typically delivers: clean, chcoolatey, nutty, classic. What we got instead was a cup so fruit-forward it made us double-check the coffee. It's washed, and Ajay, the Q grader, verified this in his cupping notes. This coffee comes from the members of Duduma Farmers Producer Company, rooted in the Lamtaput and Nandapur blocks of Koraput district, Odisha. A community of 841 farmer members — 561 of them coffee growers — 80% from Scheduled Tribes communities, over 62% women . They don't just grow this coffee. They process it themselves, on their land, with their hands. With the intention to keep the value in the hands of the growers, we don't buy cherries. We source only what the community grows and processes — and when the quality meets specialty grade, we pay accordingly. This harvest earned a 15–20% premium over prevailing market prices. The cup earned it. We roasted this to a medium profile to let the fruitiness come forward cleanly. The result is a cup with gentle acidity, warmth, and just enough complexity to keep you interested — morning or evening, pour-over, Aeropress or even a fruity cold brew. A washed coffee that forgot the rules. Our favourite kind. Taste Profile Citrus, Chocolate, Slightly Fruity, Plum like, Nutty Origin Lamtaput, Koraput, Odisha Processing Traditional Washed Elevation 3000+ ft",https://caffinary.com/products/kora-zinfandel,https://cdn.shopify.com/s/files/1/0617/6273/2232/files/KZ-Tsp-Card_960ccbc0-565e-4155-852c-1027506d1a7f.png?v=1778093670,Coffee
Kora Zinfandel - Roasted on 17/06,Caffinary,1540.0,500g,Medium Roast,,Koraput,"it themselves, on their land, with their hands","We have a new daily favourite for the pour-over lovers in the house At the cupping table, we expected what a well-processed washed coffee typically delivers: clean, chcoolatey, nutty, classic. What we got instead was a cup so fruit-forward it made us double-check the coffee. It's washed, and Ajay, the Q grader, verified this in his cupping notes. This coffee comes from the members of Duduma Farmers Producer Company, rooted in the Lamtaput and Nandapur blocks of Koraput district, Odisha. A community of 841 farmer members — 561 of them coffee growers — 80% from Scheduled Tribes communities, over 62% women . They don't just grow this coffee. They process it themselves, on their land, with their hands. With the intention to keep the value in the hands of the growers, we don't buy cherries. We source only what the community grows and processes — and when the quality meets specialty grade, we pay accordingly. This harvest earned a 15–20% premium over prevailing market prices. The cup earned it. We roasted this to a medium profile to let the fruitiness come forward cleanly. The result is a cup with gentle acidity, warmth, and just enough complexity to keep you interested — morning or evening, pour-over, Aeropress or even a fruity cold brew. A washed coffee that forgot the rules. Our favourite kind. Taste Profile Citrus, Chocolate, Slightly Fruity, Plum like, Nutty Origin Lamtaput, Koraput, Odisha Processing Traditional Washed Elevation 3000+ ft",https://caffinary.com/products/kora-zinfandel,https://cdn.shopify.com/s/files/1/0617/6273/2232/files/KZ-Tsp-Card_960ccbc0-565e-4155-852c-1027506d1a7f.png?v=1778093670,Coffee
Kora Zinfandel - Roasted on 17/06,Caffinary,170.0,50g,Medium Roast,,Koraput,"it themselves, on their land, with their hands","We have a new daily favourite for the pour-over lovers in the house At the cupping table, we expected what a well-processed washed coffee typically delivers: clean, chcoolatey, nutty, classic. What we got instead was a cup so fruit-forward it made us double-check the coffee. It's washed, and Ajay, the Q grader, verified this in his cupping notes. This coffee comes from the members of Duduma Farmers Producer Company, rooted in the Lamtaput and Nandapur blocks of Koraput district, Odisha. A community of 841 farmer members — 561 of them coffee growers — 80% from Scheduled Tribes communities, over 62% women . They don't just grow this coffee. They process it themselves, on their land, with their hands. With the intention to keep the value in the hands of the growers, we don't buy cherries. We source only what the community grows and processes — and when the quality meets specialty grade, we pay accordingly. This harvest earned a 15–20% premium over prevailing market prices. The cup earned it. We roasted this to a medium profile to let the fruitiness come forward cleanly. The result is a cup with gentle acidity, warmth, and just enough complexity to keep you interested — morning or evening, pour-over, Aeropress or even a fruity cold brew. A washed coffee that forgot the rules. Our favourite kind. Taste Profile Citrus, Chocolate, Slightly Fruity, Plum like, Nutty Origin Lamtaput, Koraput, Odisha Processing Traditional Washed Elevation 3000+ ft",https://caffinary.com/products/kora-zinfandel,https://cdn.shopify.com/s/files/1/0617/6273/2232/files/KZ-Tsp-Card_960ccbc0-565e-4155-852c-1027506d1a7f.png?v=1778093670,Coffee
Kora Zinfandel - Roasted on 17/06,Caffinary,320.0,100g,Medium Roast,,Koraput,"it themselves, on their land, with their hands","We have a new daily favourite for the pour-over lovers in the house At the cupping table, we expected what a well-processed washed coffee typically delivers: clean, chcoolatey, nutty, classic. What we got instead was a cup so fruit-forward it made us double-check the coffee. It's washed, and Ajay, the Q grader, verified this in his cupping notes. This coffee comes from the members of Duduma Farmers Producer Company, rooted in the Lamtaput and Nandapur blocks of Koraput district, Odisha. A community of 841 farmer members — 561 of them coffee growers — 80% from Scheduled Tribes communities, over 62% women . They don't just grow this coffee. They process it themselves, on their land, with their hands. With the intention to keep the value in the hands of the growers, we don't buy cherries. We source only what the community grows and processes — and when the quality meets specialty grade, we pay accordingly. This harvest earned a 15–20% premium over prevailing market prices. The cup earned it. We roasted this to a medium profile to let the fruitiness come forward cleanly. The result is a cup with gentle acidity, warmth, and just enough complexity to keep you interested — morning or evening, pour-over, Aeropress or even a fruity cold brew. A washed coffee that forgot the rules. Our favourite kind. Taste Profile Citrus, Chocolate, Slightly Fruity, Plum like, Nutty Origin Lamtaput, Koraput, Odisha Processing Traditional Washed Elevation 3000+ ft",https://caffinary.com/products/kora-zinfandel,https://cdn.shopify.com/s/files/1/0617/6273/2232/files/KZ-Tsp-Card_960ccbc0-565e-4155-852c-1027506d1a7f.png?v=1778093670,Coffee
Kora Zinfandel - Roasted on 17/06,Caffinary,510.0,150g,Medium Roast,,Koraput,"it themselves, on their land, with their hands","We have a new daily favourite for the pour-over lovers in the house At the cupping table, we expected what a well-processed washed coffee typically delivers: clean, chcoolatey, nutty, classic. What we got instead was a cup so fruit-forward it made us double-check the coffee. It's washed, and Ajay, the Q grader, verified this in his cupping notes. This coffee comes from the members of Duduma Farmers Producer Company, rooted in the Lamtaput and Nandapur blocks of Koraput district, Odisha. A community of 841 farmer members — 561 of them coffee growers — 80% from Scheduled Tribes communities, over 62% women . They don't just grow this coffee. They process it themselves, on their land, with their hands. With the intention to keep the value in the hands of the growers, we don't buy cherries. We source only what the community grows and processes — and when the quality meets specialty grade, we pay accordingly. This harvest earned a 15–20% premium over prevailing market prices. The cup earned it. We roasted this to a medium profile to let the fruitiness come forward cleanly. The result is a cup with gentle acidity, warmth, and just enough complexity to keep you interested — morning or evening, pour-over, Aeropress or even a fruity cold brew. A washed coffee that forgot the rules. Our favourite kind. Taste Profile Citrus, Chocolate, Slightly Fruity, Plum like, Nutty Origin Lamtaput, Koraput, Odisha Processing Traditional Washed Elevation 3000+ ft",https://caffinary.com/products/kora-zinfandel,https://cdn.shopify.com/s/files/1/0617/6273/2232/files/KZ-Tsp-Card_960ccbc0-565e-4155-852c-1027506d1a7f.png?v=1778093670,Coffee
Kora Zinfandel - Roasted on 17/06,Caffinary,625.0,200g,Medium Roast,,Koraput,"it themselves, on their land, with their hands","We have a new daily favourite for the pour-over lovers in the house At the cupping table, we expected what a well-processed washed coffee typically delivers: clean, chcoolatey, nutty, classic. What we got instead was a cup so fruit-forward it made us double-check the coffee. It's washed, and Ajay, the Q grader, verified this in his cupping notes. This coffee comes from the members of Duduma Farmers Producer Company, rooted in the Lamtaput and Nandapur blocks of Koraput district, Odisha. A community of 841 farmer members — 561 of them coffee growers — 80% from Scheduled Tribes communities, over 62% women . They don't just grow this coffee. They process it themselves, on their land, with their hands. With the intention to keep the value in the hands of the growers, we don't buy cherries. We source only what the community grows and processes — and when the quality meets specialty grade, we pay accordingly. This harvest earned a 15–20% premium over prevailing market prices. The cup earned it. We roasted this to a medium profile to let the fruitiness come forward cleanly. The result is a cup with gentle acidity, warmth, and just enough complexity to keep you interested — morning or evening, pour-over, Aeropress or even a fruity cold brew. A washed coffee that forgot the rules. Our favourite kind. Taste Profile Citrus, Chocolate, Slightly Fruity, Plum like, Nutty Origin Lamtaput, Koraput, Odisha Processing Traditional Washed Elevation 3000+ ft",https://caffinary.com/products/kora-zinfandel,https://cdn.shopify.com/s/files/1/0617/6273/2232/files/KZ-Tsp-Card_960ccbc0-565e-4155-852c-1027506d1a7f.png?v=1778093670,Coffee
Kora Zinfandel - Roasted on 17/06,Caffinary,795.0,250g,Medium Roast,,Koraput,"it themselves, on their land, with their hands","We have a new daily favourite for the pour-over lovers in the house At the cupping table, we expected what a well-processed washed coffee typically delivers: clean, chcoolatey, nutty, classic. What we got instead was a cup so fruit-forward it made us double-check the coffee. It's washed, and Ajay, the Q grader, verified this in his cupping notes. This coffee comes from the members of Duduma Farmers Producer Company, rooted in the Lamtaput and Nandapur blocks of Koraput district, Odisha. A community of 841 farmer members — 561 of them coffee growers — 80% from Scheduled Tribes communities, over 62% women . They don't just grow this coffee. They process it themselves, on their land, with their hands. With the intention to keep the value in the hands of the growers, we don't buy cherries. We source only what the community grows and processes — and when the quality meets specialty grade, we pay accordingly. This harvest earned a 15–20% premium over prevailing market prices. The cup earned it. We roasted this to a medium profile to let the fruitiness come forward cleanly. The result is a cup with gentle acidity, warmth, and just enough complexity to keep you interested — morning or evening, pour-over, Aeropress or even a fruity cold brew. A washed coffee that forgot the rules. Our favourite kind. Taste Profile Citrus, Chocolate, Slightly Fruity, Plum like, Nutty Origin Lamtaput, Koraput, Odisha Processing Traditional Washed Elevation 3000+ ft",https://caffinary.com/products/kora-zinfandel,https://cdn.shopify.com/s/files/1/0617/6273/2232/files/KZ-Tsp-Card_960ccbc0-565e-4155-852c-1027506d1a7f.png?v=1778093670,Coffee
Kora Zinfandel - Roasted on 17/06,Caffinary,1540.0,500g,Medium Roast,,Koraput,"it themselves, on their land, with their hands","We have a new daily favourite for the pour-over lovers in the house At the cupping table, we expected what a well-processed washed coffee typically delivers: clean, chcoolatey, nutty, classic. What we got instead was a cup so fruit-forward it made us double-check the coffee. It's washed, and Ajay, the Q grader, verified this in his cupping notes. This coffee comes from the members of Duduma Farmers Producer Company, rooted in the Lamtaput and Nandapur blocks of Koraput district, Odisha. A community of 841 farmer members — 561 of them coffee growers — 80% from Scheduled Tribes communities, over 62% women . They don't just grow this coffee. They process it themselves, on their land, with their hands. With the intention to keep the value in the hands of the growers, we don't buy cherries. We source only what the community grows and processes — and when the quality meets specialty grade, we pay accordingly. This harvest earned a 15–20% premium over prevailing market prices. The cup earned it. We roasted this to a medium profile to let the fruitiness come forward cleanly. The result is a cup with gentle acidity, warmth, and just enough complexity to keep you interested — morning or evening, pour-over, Aeropress or even a fruity cold brew. A washed coffee that forgot the rules. Our favourite kind. Taste Profile Citrus, Chocolate, Slightly Fruity, Plum like, Nutty Origin Lamtaput, Koraput, Odisha Processing Traditional Washed Elevation 3000+ ft",https://caffinary.com/products/kora-zinfandel,https://cdn.shopify.com/s/files/1/0617/6273/2232/files/KZ-Tsp-Card_960ccbc0-565e-4155-852c-1027506d1a7f.png?v=1778093670,Coffee
Kora Zinfandel - Roasted on 17/06,Caffinary,170.0,50g,Medium Roast,,Koraput,"it themselves, on their land, with their hands","We have a new daily favourite for the pour-over lovers in the house At the cupping table, we expected what a well-processed washed coffee typically delivers: clean, chcoolatey, nutty, classic. What we got instead was a cup so fruit-forward it made us double-check the coffee. It's washed, and Ajay, the Q grader, verified this in his cupping notes. This coffee comes from the members of Duduma Farmers Producer Company, rooted in the Lamtaput and Nandapur blocks of Koraput district, Odisha. A community of 841 farmer members — 561 of them coffee growers — 80% from Scheduled Tribes communities, over 62% women . They don't just grow this coffee. They process it themselves, on their land, with their hands. With the intention to keep the value in the hands of the growers, we don't buy cherries. We source only what the community grows and processes — and when the quality meets specialty grade, we pay accordingly. This harvest earned a 15–20% premium over prevailing market prices. The cup earned it. We roasted this to a medium profile to let the fruitiness come forward cleanly. The result is a cup with gentle acidity, warmth, and just enough complexity to keep you interested — morning or evening, pour-over, Aeropress or even a fruity cold brew. A washed coffee that forgot the rules. Our favourite kind. Taste Profile Citrus, Chocolate, Slightly Fruity, Plum like, Nutty Origin Lamtaput, Koraput, Odisha Processing Traditional Washed Elevation 3000+ ft",https://caffinary.com/products/kora-zinfandel,https://cdn.shopify.com/s/files/1/0617/6273/2232/files/KZ-Tsp-Card_960ccbc0-565e-4155-852c-1027506d1a7f.png?v=1778093670,Coffee
Kora Zinfandel - Roasted on 17/06,Caffinary,320.0,100g,Medium Roast,,Koraput,"it themselves, on their land, with their hands","We have a new daily favourite for the pour-over lovers in the house At the cupping table, we expected what a well-processed washed coffee typically delivers: clean, chcoolatey, nutty, classic. What we got instead was a cup so fruit-forward it made us double-check the coffee. It's washed, and Ajay, the Q grader, verified this in his cupping notes. This coffee comes from the members of Duduma Farmers Producer Company, rooted in the Lamtaput and Nandapur blocks of Koraput district, Odisha. A community of 841 farmer members — 561 of them coffee growers — 80% from Scheduled Tribes communities, over 62% women . They don't just grow this coffee. They process it themselves, on their land, with their hands. With the intention to keep the value in the hands of the growers, we don't buy cherries. We source only what the community grows and processes — and when the quality meets specialty grade, we pay accordingly. This harvest earned a 15–20% premium over prevailing market prices. The cup earned it. We roasted this to a medium profile to let the fruitiness come forward cleanly. The result is a cup with gentle acidity, warmth, and just enough complexity to keep you interested — morning or evening, pour-over, Aeropress or even a fruity cold brew. A washed coffee that forgot the rules. Our favourite kind. Taste Profile Citrus, Chocolate, Slightly Fruity, Plum like, Nutty Origin Lamtaput, Koraput, Odisha Processing Traditional Washed Elevation 3000+ ft",https://caffinary.com/products/kora-zinfandel,https://cdn.shopify.com/s/files/1/0617/6273/2232/files/KZ-Tsp-Card_960ccbc0-565e-4155-852c-1027506d1a7f.png?v=1778093670,Coffee
Kora Zinfandel - Roasted on 17/06,Caffinary,510.0,150g,Medium Roast,,Koraput,"it themselves, on their land, with their hands","We have a new daily favourite for the pour-over lovers in the house At the cupping table, we expected what a well-processed washed coffee typically delivers: clean, chcoolatey, nutty, classic. What we got instead was a cup so fruit-forward it made us double-check the coffee. It's washed, and Ajay, the Q grader, verified this in his cupping notes. This coffee comes from the members of Duduma Farmers Producer Company, rooted in the Lamtaput and Nandapur blocks of Koraput district, Odisha. A community of 841 farmer members — 561 of them coffee growers — 80% from Scheduled Tribes communities, over 62% women . They don't just grow this coffee. They process it themselves, on their land, with their hands. With the intention to keep the value in the hands of the growers, we don't buy cherries. We source only what the community grows and processes — and when the quality meets specialty grade, we pay accordingly. This harvest earned a 15–20% premium over prevailing market prices. The cup earned it. We roasted this to a medium profile to let the fruitiness come forward cleanly. The result is a cup with gentle acidity, warmth, and just enough complexity to keep you interested — morning or evening, pour-over, Aeropress or even a fruity cold brew. A washed coffee that forgot the rules. Our favourite kind. Taste Profile Citrus, Chocolate, Slightly Fruity, Plum like, Nutty Origin Lamtaput, Koraput, Odisha Processing Traditional Washed Elevation 3000+ ft",https://caffinary.com/products/kora-zinfandel,https://cdn.shopify.com/s/files/1/0617/6273/2232/files/KZ-Tsp-Card_960ccbc0-565e-4155-852c-1027506d1a7f.png?v=1778093670,Coffee
Kora Zinfandel - Roasted on 17/06,Caffinary,625.0,200g,Medium Roast,,Koraput,"it themselves, on their land, with their hands","We have a new daily favourite for the pour-over lovers in the house At the cupping table, we expected what a well-processed washed coffee typically delivers: clean, chcoolatey, nutty, classic. What we got instead was a cup so fruit-forward it made us double-check the coffee. It's washed, and Ajay, the Q grader, verified this in his cupping notes. This coffee comes from the members of Duduma Farmers Producer Company, rooted in the Lamtaput and Nandapur blocks of Koraput district, Odisha. A community of 841 farmer members — 561 of them coffee growers — 80% from Scheduled Tribes communities, over 62% women . They don't just grow this coffee. They process it themselves, on their land, with their hands. With the intention to keep the value in the hands of the growers, we don't buy cherries. We source only what the community grows and processes — and when the quality meets specialty grade, we pay accordingly. This harvest earned a 15–20% premium over prevailing market prices. The cup earned it. We roasted this to a medium profile to let the fruitiness come forward cleanly. The result is a cup with gentle acidity, warmth, and just enough complexity to keep you interested — morning or evening, pour-over, Aeropress or even a fruity cold brew. A washed coffee that forgot the rules. Our favourite kind. Taste Profile Citrus, Chocolate, Slightly Fruity, Plum like, Nutty Origin Lamtaput, Koraput, Odisha Processing Traditional Washed Elevation 3000+ ft",https://caffinary.com/products/kora-zinfandel,https://cdn.shopify.com/s/files/1/0617/6273/2232/files/KZ-Tsp-Card_960ccbc0-565e-4155-852c-1027506d1a7f.png?v=1778093670,Coffee
Kora Zinfandel - Roasted on 17/06,Caffinary,795.0,250g,Medium Roast,,Koraput,"it themselves, on their land, with their hands","We have a new daily favourite for the pour-over lovers in the house At the cupping table, we expected what a well-processed washed coffee typically delivers: clean, chcoolatey, nutty, classic. What we got instead was a cup so fruit-forward it made us double-check the coffee. It's washed, and Ajay, the Q grader, verified this in his cupping notes. This coffee comes from the members of Duduma Farmers Producer Company, rooted in the Lamtaput and Nandapur blocks of Koraput district, Odisha. A community of 841 farmer members — 561 of them coffee growers — 80% from Scheduled Tribes communities, over 62% women . They don't just grow this coffee. They process it themselves, on their land, with their hands. With the intention to keep the value in the hands of the growers, we don't buy cherries. We source only what the community grows and processes — and when the quality meets specialty grade, we pay accordingly. This harvest earned a 15–20% premium over prevailing market prices. The cup earned it. We roasted this to a medium profile to let the fruitiness come forward cleanly. The result is a cup with gentle acidity, warmth, and just enough complexity to keep you interested — morning or evening, pour-over, Aeropress or even a fruity cold brew. A washed coffee that forgot the rules. Our favourite kind. Taste Profile Citrus, Chocolate, Slightly Fruity, Plum like, Nutty Origin Lamtaput, Koraput, Odisha Processing Traditional Washed Elevation 3000+ ft",https://caffinary.com/products/kora-zinfandel,https://cdn.shopify.com/s/files/1/0617/6273/2232/files/KZ-Tsp-Card_960ccbc0-565e-4155-852c-1027506d1a7f.png?v=1778093670,Coffee
Kora Zinfandel - Roasted on 17/06,Caffinary,1540.0,500g,Medium Roast,,Koraput,"it themselves, on their land, with their hands","We have a new daily favourite for the pour-over lovers in the house At the cupping table, we expected what a well-processed washed coffee typically delivers: clean, chcoolatey, nutty, classic. What we got instead was a cup so fruit-forward it made us double-check the coffee. It's washed, and Ajay, the Q grader, verified this in his cupping notes. This coffee comes from the members of Duduma Farmers Producer Company, rooted in the Lamtaput and Nandapur blocks of Koraput district, Odisha. A community of 841 farmer members — 561 of them coffee growers — 80% from Scheduled Tribes communities, over 62% women . They don't just grow this coffee. They process it themselves, on their land, with their hands. With the intention to keep the value in the hands of the growers, we don't buy cherries. We source only what the community grows and processes — and when the quality meets specialty grade, we pay accordingly. This harvest earned a 15–20% premium over prevailing market prices. The cup earned it. We roasted this to a medium profile to let the fruitiness come forward cleanly. The result is a cup with gentle acidity, warmth, and just enough complexity to keep you interested — morning or evening, pour-over, Aeropress or even a fruity cold brew. A washed coffee that forgot the rules. Our favourite kind. Taste Profile Citrus, Chocolate, Slightly Fruity, Plum like, Nutty Origin Lamtaput, Koraput, Odisha Processing Traditional Washed Elevation 3000+ ft",https://caffinary.com/products/kora-zinfandel,https://cdn.shopify.com/s/files/1/0617/6273/2232/files/KZ-Tsp-Card_960ccbc0-565e-4155-852c-1027506d1a7f.png?v=1778093670,Coffee
Trousseau Adwaita - Roasted on 17/06,Caffinary,190.0,50g,Medium-Light Roast,,Koraput,mucilage,"Many coffees promise a great cup. This one has already proven it. Lot A20L13 from Koraput A1 Coffee Estate is a two-time winner of the Flavour of India – Fine Cup Award (2023 & 2024) — not by accident, but by design. Every detail, from harvest to cup, is deliberate. Grown at 3,200 feet in the hills of Koraput, Odisha, the Chandragiri variety here is handled with the kind of care that turns great fruit into something memorable. Ripe cherries are hand-sorted, depulped, and sealed into fermentation tanks for exactly 48 hours. Inside, pH and temperature are tracked closely — controlled microbial activity, balanced sugar breakdown, and layered flavor development without the risk of over-fermentation. What emerges from the tank goes straight to raised drying beds, coated in a rich layer of honey-process mucilage. Sun-dried slowly, turned regularly, and rested before dry milling — this is patience built into every step. In the cup, that patience shows. Strawberry and apple bring brightness upfront. Almond and caramel deepen the mid-palate. A long, sweet finish ties it all together — clean, complex, and unmistakably Chandragiri. Expect this coffee to open up 3 weeks post roast, subject to altitude and local climatic conditions. Recognition: Flavour of India – Fine Cup Award 2023 & 2024 Taste Profile - Strawberry, Almond, Caramel, Apple, Sweet Finish Origin - Koraput A1 Coffee Estate, Koraput, Odisha Varietal - Chandragiri Processing - 36 hrs Anaerobic Honey Sundried Elevation - 3200 ft Roast: Light to Medium Acidity: Bright Sweetness: High Limited edition of 70kg only",https://caffinary.com/products/trousseau-adwaita,https://cdn.shopify.com/s/files/1/0617/6273/2232/files/TA-Tsp-Card.png?v=1776973595,Coffee
Trousseau Adwaita - Roasted on 17/06,Caffinary,190.0,50g,Medium-Light Roast,,Koraput,mucilage,"Many coffees promise a great cup. This one has already proven it. Lot A20L13 from Koraput A1 Coffee Estate is a two-time winner of the Flavour of India – Fine Cup Award (2023 & 2024) — not by accident, but by design. Every detail, from harvest to cup, is deliberate. Grown at 3,200 feet in the hills of Koraput, Odisha, the Chandragiri variety here is handled with the kind of care that turns great fruit into something memorable. Ripe cherries are hand-sorted, depulped, and sealed into fermentation tanks for exactly 48 hours. Inside, pH and temperature are tracked closely — controlled microbial activity, balanced sugar breakdown, and layered flavor development without the risk of over-fermentation. What emerges from the tank goes straight to raised drying beds, coated in a rich layer of honey-process mucilage. Sun-dried slowly, turned regularly, and rested before dry milling — this is patience built into every step. In the cup, that patience shows. Strawberry and apple bring brightness upfront. Almond and caramel deepen the mid-palate. A long, sweet finish ties it all together — clean, complex, and unmistakably Chandragiri. Expect this coffee to open up 3 weeks post roast, subject to altitude and local climatic conditions. Recognition: Flavour of India – Fine Cup Award 2023 & 2024 Taste Profile - Strawberry, Almond, Caramel, Apple, Sweet Finish Origin - Koraput A1 Coffee Estate, Koraput, Odisha Varietal - Chandragiri Processing - 36 hrs Anaerobic Honey Sundried Elevation - 3200 ft Roast: Light to Medium Acidity: Bright Sweetness: High Limited edition of 70kg only",https://caffinary.com/products/trousseau-adwaita,https://cdn.shopify.com/s/files/1/0617/6273/2232/files/TA-Tsp-Card.png?v=1776973595,Coffee
Trousseau Adwaita - Roasted on 17/06,Caffinary,190.0,50g,Medium-Light Roast,,Koraput,mucilage,"Many coffees promise a great cup. This one has already proven it. Lot A20L13 from Koraput A1 Coffee Estate is a two-time winner of the Flavour of India – Fine Cup Award (2023 & 2024) — not by accident, but by design. Every detail, from harvest to cup, is deliberate. Grown at 3,200 feet in the hills of Koraput, Odisha, the Chandragiri variety here is handled with the kind of care that turns great fruit into something memorable. Ripe cherries are hand-sorted, depulped, and sealed into fermentation tanks for exactly 48 hours. Inside, pH and temperature are tracked closely — controlled microbial activity, balanced sugar breakdown, and layered flavor development without the risk of over-fermentation. What emerges from the tank goes straight to raised drying beds, coated in a rich layer of honey-process mucilage. Sun-dried slowly, turned regularly, and rested before dry milling — this is patience built into every step. In the cup, that patience shows. Strawberry and apple bring brightness upfront. Almond and caramel deepen the mid-palate. A long, sweet finish ties it all together — clean, complex, and unmistakably Chandragiri. Expect this coffee to open up 3 weeks post roast, subject to altitude and local climatic conditions. Recognition: Flavour of India – Fine Cup Award 2023 & 2024 Taste Profile - Strawberry, Almond, Caramel, Apple, Sweet Finish Origin - Koraput A1 Coffee Estate, Koraput, Odisha Varietal - Chandragiri Processing - 36 hrs Anaerobic Honey Sundried Elevation - 3200 ft Roast: Light to Medium Acidity: Bright Sweetness: High Limited edition of 70kg only",https://caffinary.com/products/trousseau-adwaita,https://cdn.shopify.com/s/files/1/0617/6273/2232/files/TA-Tsp-Card.png?v=1776973595,Coffee
Trousseau Adwaita - Roasted on 17/06,Caffinary,190.0,50g,Medium-Light Roast,,Koraput,mucilage,"Many coffees promise a great cup. This one has already proven it. Lot A20L13 from Koraput A1 Coffee Estate is a two-time winner of the Flavour of India – Fine Cup Award (2023 & 2024) — not by accident, but by design. Every detail, from harvest to cup, is deliberate. Grown at 3,200 feet in the hills of Koraput, Odisha, the Chandragiri variety here is handled with the kind of care that turns great fruit into something memorable. Ripe cherries are hand-sorted, depulped, and sealed into fermentation tanks for exactly 48 hours. Inside, pH and temperature are tracked closely — controlled microbial activity, balanced sugar breakdown, and layered flavor development without the risk of over-fermentation. What emerges from the tank goes straight to raised drying beds, coated in a rich layer of honey-process mucilage. Sun-dried slowly, turned regularly, and rested before dry milling — this is patience built into every step. In the cup, that patience shows. Strawberry and apple bring brightness upfront. Almond and caramel deepen the mid-palate. A long, sweet finish ties it all together — clean, complex, and unmistakably Chandragiri. Expect this coffee to open up 3 weeks post roast, subject to altitude and local climatic conditions. Recognition: Flavour of India – Fine Cup Award 2023 & 2024 Taste Profile - Strawberry, Almond, Caramel, Apple, Sweet Finish Origin - Koraput A1 Coffee Estate, Koraput, Odisha Varietal - Chandragiri Processing - 36 hrs Anaerobic Honey Sundried Elevation - 3200 ft Roast: Light to Medium Acidity: Bright Sweetness: High Limited edition of 70kg only",https://caffinary.com/products/trousseau-adwaita,https://cdn.shopify.com/s/files/1/0617/6273/2232/files/TA-Tsp-Card.png?v=1776973595,Coffee
Trousseau Adwaita - Roasted on 17/06,Caffinary,190.0,50g,Medium-Light Roast,,Koraput,mucilage,"Many coffees promise a great cup. This one has already proven it. Lot A20L13 from Koraput A1 Coffee Estate is a two-time winner of the Flavour of India – Fine Cup Award (2023 & 2024) — not by accident, but by design. Every detail, from harvest to cup, is deliberate. Grown at 3,200 feet in the hills of Koraput, Odisha, the Chandragiri variety here is handled with the kind of care that turns great fruit into something memorable. Ripe cherries are hand-sorted, depulped, and sealed into fermentation tanks for exactly 48 hours. Inside, pH and temperature are tracked closely — controlled microbial activity, balanced sugar breakdown, and layered flavor development without the risk of over-fermentation. What emerges from the tank goes straight to raised drying beds, coated in a rich layer of honey-process mucilage. Sun-dried slowly, turned regularly, and rested before dry milling — this is patience built into every step. In the cup, that patience shows. Strawberry and apple bring brightness upfront. Almond and caramel deepen the mid-palate. A long, sweet finish ties it all together — clean, complex, and unmistakably Chandragiri. Expect this coffee to open up 3 weeks post roast, subject to altitude and local climatic conditions. Recognition: Flavour of India – Fine Cup Award 2023 & 2024 Taste Profile - Strawberry, Almond, Caramel, Apple, Sweet Finish Origin - Koraput A1 Coffee Estate, Koraput, Odisha Varietal - Chandragiri Processing - 36 hrs Anaerobic Honey Sundried Elevation - 3200 ft Roast: Light to Medium Acidity: Bright Sweetness: High Limited edition of 70kg only",https://caffinary.com/products/trousseau-adwaita,https://cdn.shopify.com/s/files/1/0617/6273/2232/files/TA-Tsp-Card.png?v=1776973595,Coffee
Trousseau Adwaita - Roasted on 17/06,Caffinary,190.0,50g,Medium-Light Roast,,Koraput,mucilage,"Many coffees promise a great cup. This one has already proven it. Lot A20L13 from Koraput A1 Coffee Estate is a two-time winner of the Flavour of India – Fine Cup Award (2023 & 2024) — not by accident, but by design. Every detail, from harvest to cup, is deliberate. Grown at 3,200 feet in the hills of Koraput, Odisha, the Chandragiri variety here is handled with the kind of care that turns great fruit into something memorable. Ripe cherries are hand-sorted, depulped, and sealed into fermentation tanks for exactly 48 hours. Inside, pH and temperature are tracked closely — controlled microbial activity, balanced sugar breakdown, and layered flavor development without the risk of over-fermentation. What emerges from the tank goes straight to raised drying beds, coated in a rich layer of honey-process mucilage. Sun-dried slowly, turned regularly, and rested before dry milling — this is patience built into every step. In the cup, that patience shows. Strawberry and apple bring brightness upfront. Almond and caramel deepen the mid-palate. A long, sweet finish ties it all together — clean, complex, and unmistakably Chandragiri. Expect this coffee to open up 3 weeks post roast, subject to altitude and local climatic conditions. Recognition: Flavour of India – Fine Cup Award 2023 & 2024 Taste Profile - Strawberry, Almond, Caramel, Apple, Sweet Finish Origin - Koraput A1 Coffee Estate, Koraput, Odisha Varietal - Chandragiri Processing - 36 hrs Anaerobic Honey Sundried Elevation - 3200 ft Roast: Light to Medium Acidity: Bright Sweetness: High Limited edition of 70kg only",https://caffinary.com/products/trousseau-adwaita,https://cdn.shopify.com/s/files/1/0617/6273/2232/files/TA-Tsp-Card.png?v=1776973595,Coffee
Trousseau Adwaita - Roasted on 17/06,Caffinary,190.0,50g,Medium-Light Roast,,Koraput,mucilage,"Many coffees promise a great cup. This one has already proven it. Lot A20L13 from Koraput A1 Coffee Estate is a two-time winner of the Flavour of India – Fine Cup Award (2023 & 2024) — not by accident, but by design. Every detail, from harvest to cup, is deliberate. Grown at 3,200 feet in the hills of Koraput, Odisha, the Chandragiri variety here is handled with the kind of care that turns great fruit into something memorable. Ripe cherries are hand-sorted, depulped, and sealed into fermentation tanks for exactly 48 hours. Inside, pH and temperature are tracked closely — controlled microbial activity, balanced sugar breakdown, and layered flavor development without the risk of over-fermentation. What emerges from the tank goes straight to raised drying beds, coated in a rich layer of honey-process mucilage. Sun-dried slowly, turned regularly, and rested before dry milling — this is patience built into every step. In the cup, that patience shows. Strawberry and apple bring brightness upfront. Almond and caramel deepen the mid-palate. A long, sweet finish ties it all together — clean, complex, and unmistakably Chandragiri. Expect this coffee to open up 3 weeks post roast, subject to altitude and local climatic conditions. Recognition: Flavour of India – Fine Cup Award 2023 & 2024 Taste Profile - Strawberry, Almond, Caramel, Apple, Sweet Finish Origin - Koraput A1 Coffee Estate, Koraput, Odisha Varietal - Chandragiri Processing - 36 hrs Anaerobic Honey Sundried Elevation - 3200 ft Roast: Light to Medium Acidity: Bright Sweetness: High Limited edition of 70kg only",https://caffinary.com/products/trousseau-adwaita,https://cdn.shopify.com/s/files/1/0617/6273/2232/files/TA-Tsp-Card.png?v=1776973595,Coffee
Trousseau Adwaita - Roasted on 17/06,Caffinary,190.0,50g,Medium-Light Roast,,Koraput,mucilage,"Many coffees promise a great cup. This one has already proven it. Lot A20L13 from Koraput A1 Coffee Estate is a two-time winner of the Flavour of India – Fine Cup Award (2023 & 2024) — not by accident, but by design. Every detail, from harvest to cup, is deliberate. Grown at 3,200 feet in the hills of Koraput, Odisha, the Chandragiri variety here is handled with the kind of care that turns great fruit into something memorable. Ripe cherries are hand-sorted, depulped, and sealed into fermentation tanks for exactly 48 hours. Inside, pH and temperature are tracked closely — controlled microbial activity, balanced sugar breakdown, and layered flavor development without the risk of over-fermentation. What emerges from the tank goes straight to raised drying beds, coated in a rich layer of honey-process mucilage. Sun-dried slowly, turned regularly, and rested before dry milling — this is patience built into every step. In the cup, that patience shows. Strawberry and apple bring brightness upfront. Almond and caramel deepen the mid-palate. A long, sweet finish ties it all together — clean, complex, and unmistakably Chandragiri. Expect this coffee to open up 3 weeks post roast, subject to altitude and local climatic conditions. Recognition: Flavour of India – Fine Cup Award 2023 & 2024 Taste Profile - Strawberry, Almond, Caramel, Apple, Sweet Finish Origin - Koraput A1 Coffee Estate, Koraput, Odisha Varietal - Chandragiri Processing - 36 hrs Anaerobic Honey Sundried Elevation - 3200 ft Roast: Light to Medium Acidity: Bright Sweetness: High Limited edition of 70kg only",https://caffinary.com/products/trousseau-adwaita,https://cdn.shopify.com/s/files/1/0617/6273/2232/files/TA-Tsp-Card.png?v=1776973595,Coffee
Trousseau Adwaita - Roasted on 17/06,Caffinary,190.0,50g,Medium-Light Roast,,Koraput,mucilage,"Many coffees promise a great cup. This one has already proven it. Lot A20L13 from Koraput A1 Coffee Estate is a two-time winner of the Flavour of India – Fine Cup Award (2023 & 2024) — not by accident, but by design. Every detail, from harvest to cup, is deliberate. Grown at 3,200 feet in the hills of Koraput, Odisha, the Chandragiri variety here is handled with the kind of care that turns great fruit into something memorable. Ripe cherries are hand-sorted, depulped, and sealed into fermentation tanks for exactly 48 hours. Inside, pH and temperature are tracked closely — controlled microbial activity, balanced sugar breakdown, and layered flavor development without the risk of over-fermentation. What emerges from the tank goes straight to raised drying beds, coated in a rich layer of honey-process mucilage. Sun-dried slowly, turned regularly, and rested before dry milling — this is patience built into every step. In the cup, that patience shows. Strawberry and apple bring brightness upfront. Almond and caramel deepen the mid-palate. A long, sweet finish ties it all together — clean, complex, and unmistakably Chandragiri. Expect this coffee to open up 3 weeks post roast, subject to altitude and local climatic conditions. Recognition: Flavour of India – Fine Cup Award 2023 & 2024 Taste Profile - Strawberry, Almond, Caramel, Apple, Sweet Finish Origin - Koraput A1 Coffee Estate, Koraput, Odisha Varietal - Chandragiri Processing - 36 hrs Anaerobic Honey Sundried Elevation - 3200 ft Roast: Light to Medium Acidity: Bright Sweetness: High Limited edition of 70kg only",https://caffinary.com/products/trousseau-adwaita,https://cdn.shopify.com/s/files/1/0617/6273/2232/files/TA-Tsp-Card.png?v=1776973595,Coffee
Trousseau Adwaita - Roasted on 17/06,Caffinary,365.0,100g,Medium-Light Roast,,Koraput,mucilage,"Many coffees promise a great cup. This one has already proven it. Lot A20L13 from Koraput A1 Coffee Estate is a two-time winner of the Flavour of India – Fine Cup Award (2023 & 2024) — not by accident, but by design. Every detail, from harvest to cup, is deliberate. Grown at 3,200 feet in the hills of Koraput, Odisha, the Chandragiri variety here is handled with the kind of care that turns great fruit into something memorable. Ripe cherries are hand-sorted, depulped, and sealed into fermentation tanks for exactly 48 hours. Inside, pH and temperature are tracked closely — controlled microbial activity, balanced sugar breakdown, and layered flavor development without the risk of over-fermentation. What emerges from the tank goes straight to raised drying beds, coated in a rich layer of honey-process mucilage. Sun-dried slowly, turned regularly, and rested before dry milling — this is patience built into every step. In the cup, that patience shows. Strawberry and apple bring brightness upfront. Almond and caramel deepen the mid-palate. A long, sweet finish ties it all together — clean, complex, and unmistakably Chandragiri. Expect this coffee to open up 3 weeks post roast, subject to altitude and local climatic conditions. Recognition: Flavour of India – Fine Cup Award 2023 & 2024 Taste Profile - Strawberry, Almond, Caramel, Apple, Sweet Finish Origin - Koraput A1 Coffee Estate, Koraput, Odisha Varietal - Chandragiri Processing - 36 hrs Anaerobic Honey Sundried Elevation - 3200 ft Roast: Light to Medium Acidity: Bright Sweetness: High Limited edition of 70kg only",https://caffinary.com/products/trousseau-adwaita,https://cdn.shopify.com/s/files/1/0617/6273/2232/files/TA-Tsp-Card.png?v=1776973595,Coffee
Trousseau Adwaita - Roasted on 17/06,Caffinary,365.0,100g,Medium-Light Roast,,Koraput,mucilage,"Many coffees promise a great cup. This one has already proven it. Lot A20L13 from Koraput A1 Coffee Estate is a two-time winner of the Flavour of India – Fine Cup Award (2023 & 2024) — not by accident, but by design. Every detail, from harvest to cup, is deliberate. Grown at 3,200 feet in the hills of Koraput, Odisha, the Chandragiri variety here is handled with the kind of care that turns great fruit into something memorable. Ripe cherries are hand-sorted, depulped, and sealed into fermentation tanks for exactly 48 hours. Inside, pH and temperature are tracked closely — controlled microbial activity, balanced sugar breakdown, and layered flavor development without the risk of over-fermentation. What emerges from the tank goes straight to raised drying beds, coated in a rich layer of honey-process mucilage. Sun-dried slowly, turned regularly, and rested before dry milling — this is patience built into every step. In the cup, that patience shows. Strawberry and apple bring brightness upfront. Almond and caramel deepen the mid-palate. A long, sweet finish ties it all together — clean, complex, and unmistakably Chandragiri. Expect this coffee to open up 3 weeks post roast, subject to altitude and local climatic conditions. Recognition: Flavour of India – Fine Cup Award 2023 & 2024 Taste Profile - Strawberry, Almond, Caramel, Apple, Sweet Finish Origin - Koraput A1 Coffee Estate, Koraput, Odisha Varietal - Chandragiri Processing - 36 hrs Anaerobic Honey Sundried Elevation - 3200 ft Roast: Light to Medium Acidity: Bright Sweetness: High Limited edition of 70kg only",https://caffinary.com/products/trousseau-adwaita,https://cdn.shopify.com/s/files/1/0617/6273/2232/files/TA-Tsp-Card.png?v=1776973595,Coffee
Trousseau Adwaita - Roasted on 17/06,Caffinary,365.0,100g,Medium-Light Roast,,Koraput,mucilage,"Many coffees promise a great cup. This one has already proven it. Lot A20L13 from Koraput A1 Coffee Estate is a two-time winner of the Flavour of India – Fine Cup Award (2023 & 2024) — not by accident, but by design. Every detail, from harvest to cup, is deliberate. Grown at 3,200 feet in the hills of Koraput, Odisha, the Chandragiri variety here is handled with the kind of care that turns great fruit into something memorable. Ripe cherries are hand-sorted, depulped, and sealed into fermentation tanks for exactly 48 hours. Inside, pH and temperature are tracked closely — controlled microbial activity, balanced sugar breakdown, and layered flavor development without the risk of over-fermentation. What emerges from the tank goes straight to raised drying beds, coated in a rich layer of honey-process mucilage. Sun-dried slowly, turned regularly, and rested before dry milling — this is patience built into every step. In the cup, that patience shows. Strawberry and apple bring brightness upfront. Almond and caramel deepen the mid-palate. A long, sweet finish ties it all together — clean, complex, and unmistakably Chandragiri. Expect this coffee to open up 3 weeks post roast, subject to altitude and local climatic conditions. Recognition: Flavour of India – Fine Cup Award 2023 & 2024 Taste Profile - Strawberry, Almond, Caramel, Apple, Sweet Finish Origin - Koraput A1 Coffee Estate, Koraput, Odisha Varietal - Chandragiri Processing - 36 hrs Anaerobic Honey Sundried Elevation - 3200 ft Roast: Light to Medium Acidity: Bright Sweetness: High Limited edition of 70kg only",https://caffinary.com/products/trousseau-adwaita,https://cdn.shopify.com/s/files/1/0617/6273/2232/files/TA-Tsp-Card.png?v=1776973595,Coffee
Trousseau Adwaita - Roasted on 17/06,Caffinary,365.0,100g,Medium-Light Roast,,Koraput,mucilage,"Many coffees promise a great cup. This one has already proven it. Lot A20L13 from Koraput A1 Coffee Estate is a two-time winner of the Flavour of India – Fine Cup Award (2023 & 2024) — not by accident, but by design. Every detail, from harvest to cup, is deliberate. Grown at 3,200 feet in the hills of Koraput, Odisha, the Chandragiri variety here is handled with the kind of care that turns great fruit into something memorable. Ripe cherries are hand-sorted, depulped, and sealed into fermentation tanks for exactly 48 hours. Inside, pH and temperature are tracked closely — controlled microbial activity, balanced sugar breakdown, and layered flavor development without the risk of over-fermentation. What emerges from the tank goes straight to raised drying beds, coated in a rich layer of honey-process mucilage. Sun-dried slowly, turned regularly, and rested before dry milling — this is patience built into every step. In the cup, that patience shows. Strawberry and apple bring brightness upfront. Almond and caramel deepen the mid-palate. A long, sweet finish ties it all together — clean, complex, and unmistakably Chandragiri. Expect this coffee to open up 3 weeks post roast, subject to altitude and local climatic conditions. Recognition: Flavour of India – Fine Cup Award 2023 & 2024 Taste Profile - Strawberry, Almond, Caramel, Apple, Sweet Finish Origin - Koraput A1 Coffee Estate, Koraput, Odisha Varietal - Chandragiri Processing - 36 hrs Anaerobic Honey Sundried Elevation - 3200 ft Roast: Light to Medium Acidity: Bright Sweetness: High Limited edition of 70kg only",https://caffinary.com/products/trousseau-adwaita,https://cdn.shopify.com/s/files/1/0617/6273/2232/files/TA-Tsp-Card.png?v=1776973595,Coffee
Trousseau Adwaita - Roasted on 17/06,Caffinary,365.0,100g,Medium-Light Roast,,Koraput,mucilage,"Many coffees promise a great cup. This one has already proven it. Lot A20L13 from Koraput A1 Coffee Estate is a two-time winner of the Flavour of India – Fine Cup Award (2023 & 2024) — not by accident, but by design. Every detail, from harvest to cup, is deliberate. Grown at 3,200 feet in the hills of Koraput, Odisha, the Chandragiri variety here is handled with the kind of care that turns great fruit into something memorable. Ripe cherries are hand-sorted, depulped, and sealed into fermentation tanks for exactly 48 hours. Inside, pH and temperature are tracked closely — controlled microbial activity, balanced sugar breakdown, and layered flavor development without the risk of over-fermentation. What emerges from the tank goes straight to raised drying beds, coated in a rich layer of honey-process mucilage. Sun-dried slowly, turned regularly, and rested before dry milling — this is patience built into every step. In the cup, that patience shows. Strawberry and apple bring brightness upfront. Almond and caramel deepen the mid-palate. A long, sweet finish ties it all together — clean, complex, and unmistakably Chandragiri. Expect this coffee to open up 3 weeks post roast, subject to altitude and local climatic conditions. Recognition: Flavour of India – Fine Cup Award 2023 & 2024 Taste Profile - Strawberry, Almond, Caramel, Apple, Sweet Finish Origin - Koraput A1 Coffee Estate, Koraput, Odisha Varietal - Chandragiri Processing - 36 hrs Anaerobic Honey Sundried Elevation - 3200 ft Roast: Light to Medium Acidity: Bright Sweetness: High Limited edition of 70kg only",https://caffinary.com/products/trousseau-adwaita,https://cdn.shopify.com/s/files/1/0617/6273/2232/files/TA-Tsp-Card.png?v=1776973595,Coffee
Trousseau Adwaita - Roasted on 17/06,Caffinary,365.0,100g,Medium-Light Roast,,Koraput,mucilage,"Many coffees promise a great cup. This one has already proven it. Lot A20L13 from Koraput A1 Coffee Estate is a two-time winner of the Flavour of India – Fine Cup Award (2023 & 2024) — not by accident, but by design. Every detail, from harvest to cup, is deliberate. Grown at 3,200 feet in the hills of Koraput, Odisha, the Chandragiri variety here is handled with the kind of care that turns great fruit into something memorable. Ripe cherries are hand-sorted, depulped, and sealed into fermentation tanks for exactly 48 hours. Inside, pH and temperature are tracked closely — controlled microbial activity, balanced sugar breakdown, and layered flavor development without the risk of over-fermentation. What emerges from the tank goes straight to raised drying beds, coated in a rich layer of honey-process mucilage. Sun-dried slowly, turned regularly, and rested before dry milling — this is patience built into every step. In the cup, that patience shows. Strawberry and apple bring brightness upfront. Almond and caramel deepen the mid-palate. A long, sweet finish ties it all together — clean, complex, and unmistakably Chandragiri. Expect this coffee to open up 3 weeks post roast, subject to altitude and local climatic conditions. Recognition: Flavour of India – Fine Cup Award 2023 & 2024 Taste Profile - Strawberry, Almond, Caramel, Apple, Sweet Finish Origin - Koraput A1 Coffee Estate, Koraput, Odisha Varietal - Chandragiri Processing - 36 hrs Anaerobic Honey Sundried Elevation - 3200 ft Roast: Light to Medium Acidity: Bright Sweetness: High Limited edition of 70kg only",https://caffinary.com/products/trousseau-adwaita,https://cdn.shopify.com/s/files/1/0617/6273/2232/files/TA-Tsp-Card.png?v=1776973595,Coffee
Trousseau Adwaita - Roasted on 17/06,Caffinary,365.0,100g,Medium-Light Roast,,Koraput,mucilage,"Many coffees promise a great cup. This one has already proven it. Lot A20L13 from Koraput A1 Coffee Estate is a two-time winner of the Flavour of India – Fine Cup Award (2023 & 2024) — not by accident, but by design. Every detail, from harvest to cup, is deliberate. Grown at 3,200 feet in the hills of Koraput, Odisha, the Chandragiri variety here is handled with the kind of care that turns great fruit into something memorable. Ripe cherries are hand-sorted, depulped, and sealed into fermentation tanks for exactly 48 hours. Inside, pH and temperature are tracked closely — controlled microbial activity, balanced sugar breakdown, and layered flavor development without the risk of over-fermentation. What emerges from the tank goes straight to raised drying beds, coated in a rich layer of honey-process mucilage. Sun-dried slowly, turned regularly, and rested before dry milling — this is patience built into every step. In the cup, that patience shows. Strawberry and apple bring brightness upfront. Almond and caramel deepen the mid-palate. A long, sweet finish ties it all together — clean, complex, and unmistakably Chandragiri. Expect this coffee to open up 3 weeks post roast, subject to altitude and local climatic conditions. Recognition: Flavour of India – Fine Cup Award 2023 & 2024 Taste Profile - Strawberry, Almond, Caramel, Apple, Sweet Finish Origin - Koraput A1 Coffee Estate, Koraput, Odisha Varietal - Chandragiri Processing - 36 hrs Anaerobic Honey Sundried Elevation - 3200 ft Roast: Light to Medium Acidity: Bright Sweetness: High Limited edition of 70kg only",https://caffinary.com/products/trousseau-adwaita,https://cdn.shopify.com/s/files/1/0617/6273/2232/files/TA-Tsp-Card.png?v=1776973595,Coffee
Trousseau Adwaita - Roasted on 17/06,Caffinary,365.0,100g,Medium-Light Roast,,Koraput,mucilage,"Many coffees promise a great cup. This one has already proven it. Lot A20L13 from Koraput A1 Coffee Estate is a two-time winner of the Flavour of India – Fine Cup Award (2023 & 2024) — not by accident, but by design. Every detail, from harvest to cup, is deliberate. Grown at 3,200 feet in the hills of Koraput, Odisha, the Chandragiri variety here is handled with the kind of care that turns great fruit into something memorable. Ripe cherries are hand-sorted, depulped, and sealed into fermentation tanks for exactly 48 hours. Inside, pH and temperature are tracked closely — controlled microbial activity, balanced sugar breakdown, and layered flavor development without the risk of over-fermentation. What emerges from the tank goes straight to raised drying beds, coated in a rich layer of honey-process mucilage. Sun-dried slowly, turned regularly, and rested before dry milling — this is patience built into every step. In the cup, that patience shows. Strawberry and apple bring brightness upfront. Almond and caramel deepen the mid-palate. A long, sweet finish ties it all together — clean, complex, and unmistakably Chandragiri. Expect this coffee to open up 3 weeks post roast, subject to altitude and local climatic conditions. Recognition: Flavour of India – Fine Cup Award 2023 & 2024 Taste Profile - Strawberry, Almond, Caramel, Apple, Sweet Finish Origin - Koraput A1 Coffee Estate, Koraput, Odisha Varietal - Chandragiri Processing - 36 hrs Anaerobic Honey Sundried Elevation - 3200 ft Roast: Light to Medium Acidity: Bright Sweetness: High Limited edition of 70kg only",https://caffinary.com/products/trousseau-adwaita,https://cdn.shopify.com/s/files/1/0617/6273/2232/files/TA-Tsp-Card.png?v=1776973595,Coffee
Trousseau Adwaita - Roasted on 17/06,Caffinary,365.0,100g,Medium-Light Roast,,Koraput,mucilage,"Many coffees promise a great cup. This one has already proven it. Lot A20L13 from Koraput A1 Coffee Estate is a two-time winner of the Flavour of India – Fine Cup Award (2023 & 2024) — not by accident, but by design. Every detail, from harvest to cup, is deliberate. Grown at 3,200 feet in the hills of Koraput, Odisha, the Chandragiri variety here is handled with the kind of care that turns great fruit into something memorable. Ripe cherries are hand-sorted, depulped, and sealed into fermentation tanks for exactly 48 hours. Inside, pH and temperature are tracked closely — controlled microbial activity, balanced sugar breakdown, and layered flavor development without the risk of over-fermentation. What emerges from the tank goes straight to raised drying beds, coated in a rich layer of honey-process mucilage. Sun-dried slowly, turned regularly, and rested before dry milling — this is patience built into every step. In the cup, that patience shows. Strawberry and apple bring brightness upfront. Almond and caramel deepen the mid-palate. A long, sweet finish ties it all together — clean, complex, and unmistakably Chandragiri. Expect this coffee to open up 3 weeks post roast, subject to altitude and local climatic conditions. Recognition: Flavour of India – Fine Cup Award 2023 & 2024 Taste Profile - Strawberry, Almond, Caramel, Apple, Sweet Finish Origin - Koraput A1 Coffee Estate, Koraput, Odisha Varietal - Chandragiri Processing - 36 hrs Anaerobic Honey Sundried Elevation - 3200 ft Roast: Light to Medium Acidity: Bright Sweetness: High Limited edition of 70kg only",https://caffinary.com/products/trousseau-adwaita,https://cdn.shopify.com/s/files/1/0617/6273/2232/files/TA-Tsp-Card.png?v=1776973595,Coffee
Trousseau Adwaita - Roasted on 17/06,Caffinary,580.0,150g,Medium-Light Roast,,Koraput,mucilage,"Many coffees promise a great cup. This one has already proven it. Lot A20L13 from Koraput A1 Coffee Estate is a two-time winner of the Flavour of India – Fine Cup Award (2023 & 2024) — not by accident, but by design. Every detail, from harvest to cup, is deliberate. Grown at 3,200 feet in the hills of Koraput, Odisha, the Chandragiri variety here is handled with the kind of care that turns great fruit into something memorable. Ripe cherries are hand-sorted, depulped, and sealed into fermentation tanks for exactly 48 hours. Inside, pH and temperature are tracked closely — controlled microbial activity, balanced sugar breakdown, and layered flavor development without the risk of over-fermentation. What emerges from the tank goes straight to raised drying beds, coated in a rich layer of honey-process mucilage. Sun-dried slowly, turned regularly, and rested before dry milling — this is patience built into every step. In the cup, that patience shows. Strawberry and apple bring brightness upfront. Almond and caramel deepen the mid-palate. A long, sweet finish ties it all together — clean, complex, and unmistakably Chandragiri. Expect this coffee to open up 3 weeks post roast, subject to altitude and local climatic conditions. Recognition: Flavour of India – Fine Cup Award 2023 & 2024 Taste Profile - Strawberry, Almond, Caramel, Apple, Sweet Finish Origin - Koraput A1 Coffee Estate, Koraput, Odisha Varietal - Chandragiri Processing - 36 hrs Anaerobic Honey Sundried Elevation - 3200 ft Roast: Light to Medium Acidity: Bright Sweetness: High Limited edition of 70kg only",https://caffinary.com/products/trousseau-adwaita,https://cdn.shopify.com/s/files/1/0617/6273/2232/files/TA-Tsp-Card.png?v=1776973595,Coffee
Trousseau Adwaita - Roasted on 17/06,Caffinary,580.0,150g,Medium-Light Roast,,Koraput,mucilage,"Many coffees promise a great cup. This one has already proven it. Lot A20L13 from Koraput A1 Coffee Estate is a two-time winner of the Flavour of India – Fine Cup Award (2023 & 2024) — not by accident, but by design. Every detail, from harvest to cup, is deliberate. Grown at 3,200 feet in the hills of Koraput, Odisha, the Chandragiri variety here is handled with the kind of care that turns great fruit into something memorable. Ripe cherries are hand-sorted, depulped, and sealed into fermentation tanks for exactly 48 hours. Inside, pH and temperature are tracked closely — controlled microbial activity, balanced sugar breakdown, and layered flavor development without the risk of over-fermentation. What emerges from the tank goes straight to raised drying beds, coated in a rich layer of honey-process mucilage. Sun-dried slowly, turned regularly, and rested before dry milling — this is patience built into every step. In the cup, that patience shows. Strawberry and apple bring brightness upfront. Almond and caramel deepen the mid-palate. A long, sweet finish ties it all together — clean, complex, and unmistakably Chandragiri. Expect this coffee to open up 3 weeks post roast, subject to altitude and local climatic conditions. Recognition: Flavour of India – Fine Cup Award 2023 & 2024 Taste Profile - Strawberry, Almond, Caramel, Apple, Sweet Finish Origin - Koraput A1 Coffee Estate, Koraput, Odisha Varietal - Chandragiri Processing - 36 hrs Anaerobic Honey Sundried Elevation - 3200 ft Roast: Light to Medium Acidity: Bright Sweetness: High Limited edition of 70kg only",https://caffinary.com/products/trousseau-adwaita,https://cdn.shopify.com/s/files/1/0617/6273/2232/files/TA-Tsp-Card.png?v=1776973595,Coffee
Trousseau Adwaita - Roasted on 17/06,Caffinary,580.0,150g,Medium-Light Roast,,Koraput,mucilage,"Many coffees promise a great cup. This one has already proven it. Lot A20L13 from Koraput A1 Coffee Estate is a two-time winner of the Flavour of India – Fine Cup Award (2023 & 2024) — not by accident, but by design. Every detail, from harvest to cup, is deliberate. Grown at 3,200 feet in the hills of Koraput, Odisha, the Chandragiri variety here is handled with the kind of care that turns great fruit into something memorable. Ripe cherries are hand-sorted, depulped, and sealed into fermentation tanks for exactly 48 hours. Inside, pH and temperature are tracked closely — controlled microbial activity, balanced sugar breakdown, and layered flavor development without the risk of over-fermentation. What emerges from the tank goes straight to raised drying beds, coated in a rich layer of honey-process mucilage. Sun-dried slowly, turned regularly, and rested before dry milling — this is patience built into every step. In the cup, that patience shows. Strawberry and apple bring brightness upfront. Almond and caramel deepen the mid-palate. A long, sweet finish ties it all together — clean, complex, and unmistakably Chandragiri. Expect this coffee to open up 3 weeks post roast, subject to altitude and local climatic conditions. Recognition: Flavour of India – Fine Cup Award 2023 & 2024 Taste Profile - Strawberry, Almond, Caramel, Apple, Sweet Finish Origin - Koraput A1 Coffee Estate, Koraput, Odisha Varietal - Chandragiri Processing - 36 hrs Anaerobic Honey Sundried Elevation - 3200 ft Roast: Light to Medium Acidity: Bright Sweetness: High Limited edition of 70kg only",https://caffinary.com/products/trousseau-adwaita,https://cdn.shopify.com/s/files/1/0617/6273/2232/files/TA-Tsp-Card.png?v=1776973595,Coffee
Trousseau Adwaita - Roasted on 17/06,Caffinary,580.0,150g,Medium-Light Roast,,Koraput,mucilage,"Many coffees promise a great cup. This one has already proven it. Lot A20L13 from Koraput A1 Coffee Estate is a two-time winner of the Flavour of India – Fine Cup Award (2023 & 2024) — not by accident, but by design. Every detail, from harvest to cup, is deliberate. Grown at 3,200 feet in the hills of Koraput, Odisha, the Chandragiri variety here is handled with the kind of care that turns great fruit into something memorable. Ripe cherries are hand-sorted, depulped, and sealed into fermentation tanks for exactly 48 hours. Inside, pH and temperature are tracked closely — controlled microbial activity, balanced sugar breakdown, and layered flavor development without the risk of over-fermentation. What emerges from the tank goes straight to raised drying beds, coated in a rich layer of honey-process mucilage. Sun-dried slowly, turned regularly, and rested before dry milling — this is patience built into every step. In the cup, that patience shows. Strawberry and apple bring brightness upfront. Almond and caramel deepen the mid-palate. A long, sweet finish ties it all together — clean, complex, and unmistakably Chandragiri. Expect this coffee to open up 3 weeks post roast, subject to altitude and local climatic conditions. Recognition: Flavour of India – Fine Cup Award 2023 & 2024 Taste Profile - Strawberry, Almond, Caramel, Apple, Sweet Finish Origin - Koraput A1 Coffee Estate, Koraput, Odisha Varietal - Chandragiri Processing - 36 hrs Anaerobic Honey Sundried Elevation - 3200 ft Roast: Light to Medium Acidity: Bright Sweetness: High Limited edition of 70kg only",https://caffinary.com/products/trousseau-adwaita,https://cdn.shopify.com/s/files/1/0617/6273/2232/files/TA-Tsp-Card.png?v=1776973595,Coffee
Trousseau Adwaita - Roasted on 17/06,Caffinary,580.0,150g,Medium-Light Roast,,Koraput,mucilage,"Many coffees promise a great cup. This one has already proven it. Lot A20L13 from Koraput A1 Coffee Estate is a two-time winner of the Flavour of India – Fine Cup Award (2023 & 2024) — not by accident, but by design. Every detail, from harvest to cup, is deliberate. Grown at 3,200 feet in the hills of Koraput, Odisha, the Chandragiri variety here is handled with the kind of care that turns great fruit into something memorable. Ripe cherries are hand-sorted, depulped, and sealed into fermentation tanks for exactly 48 hours. Inside, pH and temperature are tracked closely — controlled microbial activity, balanced sugar breakdown, and layered flavor development without the risk of over-fermentation. What emerges from the tank goes straight to raised drying beds, coated in a rich layer of honey-process mucilage. Sun-dried slowly, turned regularly, and rested before dry milling — this is patience built into every step. In the cup, that patience shows. Strawberry and apple bring brightness upfront. Almond and caramel deepen the mid-palate. A long, sweet finish ties it all together — clean, complex, and unmistakably Chandragiri. Expect this coffee to open up 3 weeks post roast, subject to altitude and local climatic conditions. Recognition: Flavour of India – Fine Cup Award 2023 & 2024 Taste Profile - Strawberry, Almond, Caramel, Apple, Sweet Finish Origin - Koraput A1 Coffee Estate, Koraput, Odisha Varietal - Chandragiri Processing - 36 hrs Anaerobic Honey Sundried Elevation - 3200 ft Roast: Light to Medium Acidity: Bright Sweetness: High Limited edition of 70kg only",https://caffinary.com/products/trousseau-adwaita,https://cdn.shopify.com/s/files/1/0617/6273/2232/files/TA-Tsp-Card.png?v=1776973595,Coffee
Trousseau Adwaita - Roasted on 17/06,Caffinary,580.0,150g,Medium-Light Roast,,Koraput,mucilage,"Many coffees promise a great cup. This one has already proven it. Lot A20L13 from Koraput A1 Coffee Estate is a two-time winner of the Flavour of India – Fine Cup Award (2023 & 2024) — not by accident, but by design. Every detail, from harvest to cup, is deliberate. Grown at 3,200 feet in the hills of Koraput, Odisha, the Chandragiri variety here is handled with the kind of care that turns great fruit into something memorable. Ripe cherries are hand-sorted, depulped, and sealed into fermentation tanks for exactly 48 hours. Inside, pH and temperature are tracked closely — controlled microbial activity, balanced sugar breakdown, and layered flavor development without the risk of over-fermentation. What emerges from the tank goes straight to raised drying beds, coated in a rich layer of honey-process mucilage. Sun-dried slowly, turned regularly, and rested before dry milling — this is patience built into every step. In the cup, that patience shows. Strawberry and apple bring brightness upfront. Almond and caramel deepen the mid-palate. A long, sweet finish ties it all together — clean, complex, and unmistakably Chandragiri. Expect this coffee to open up 3 weeks post roast, subject to altitude and local climatic conditions. Recognition: Flavour of India – Fine Cup Award 2023 & 2024 Taste Profile - Strawberry, Almond, Caramel, Apple, Sweet Finish Origin - Koraput A1 Coffee Estate, Koraput, Odisha Varietal - Chandragiri Processing - 36 hrs Anaerobic Honey Sundried Elevation - 3200 ft Roast: Light to Medium Acidity: Bright Sweetness: High Limited edition of 70kg only",https://caffinary.com/products/trousseau-adwaita,https://cdn.shopify.com/s/files/1/0617/6273/2232/files/TA-Tsp-Card.png?v=1776973595,Coffee
Trousseau Adwaita - Roasted on 17/06,Caffinary,580.0,150g,Medium-Light Roast,,Koraput,mucilage,"Many coffees promise a great cup. This one has already proven it. Lot A20L13 from Koraput A1 Coffee Estate is a two-time winner of the Flavour of India – Fine Cup Award (2023 & 2024) — not by accident, but by design. Every detail, from harvest to cup, is deliberate. Grown at 3,200 feet in the hills of Koraput, Odisha, the Chandragiri variety here is handled with the kind of care that turns great fruit into something memorable. Ripe cherries are hand-sorted, depulped, and sealed into fermentation tanks for exactly 48 hours. Inside, pH and temperature are tracked closely — controlled microbial activity, balanced sugar breakdown, and layered flavor development without the risk of over-fermentation. What emerges from the tank goes straight to raised drying beds, coated in a rich layer of honey-process mucilage. Sun-dried slowly, turned regularly, and rested before dry milling — this is patience built into every step. In the cup, that patience shows. Strawberry and apple bring brightness upfront. Almond and caramel deepen the mid-palate. A long, sweet finish ties it all together — clean, complex, and unmistakably Chandragiri. Expect this coffee to open up 3 weeks post roast, subject to altitude and local climatic conditions. Recognition: Flavour of India – Fine Cup Award 2023 & 2024 Taste Profile - Strawberry, Almond, Caramel, Apple, Sweet Finish Origin - Koraput A1 Coffee Estate, Koraput, Odisha Varietal - Chandragiri Processing - 36 hrs Anaerobic Honey Sundried Elevation - 3200 ft Roast: Light to Medium Acidity: Bright Sweetness: High Limited edition of 70kg only",https://caffinary.com/products/trousseau-adwaita,https://cdn.shopify.com/s/files/1/0617/6273/2232/files/TA-Tsp-Card.png?v=1776973595,Coffee
Trousseau Adwaita - Roasted on 17/06,Caffinary,580.0,150g,Medium-Light Roast,,Koraput,mucilage,"Many coffees promise a great cup. This one has already proven it. Lot A20L13 from Koraput A1 Coffee Estate is a two-time winner of the Flavour of India – Fine Cup Award (2023 & 2024) — not by accident, but by design. Every detail, from harvest to cup, is deliberate. Grown at 3,200 feet in the hills of Koraput, Odisha, the Chandragiri variety here is handled with the kind of care that turns great fruit into something memorable. Ripe cherries are hand-sorted, depulped, and sealed into fermentation tanks for exactly 48 hours. Inside, pH and temperature are tracked closely — controlled microbial activity, balanced sugar breakdown, and layered flavor development without the risk of over-fermentation. What emerges from the tank goes straight to raised drying beds, coated in a rich layer of honey-process mucilage. Sun-dried slowly, turned regularly, and rested before dry milling — this is patience built into every step. In the cup, that patience shows. Strawberry and apple bring brightness upfront. Almond and caramel deepen the mid-palate. A long, sweet finish ties it all together — clean, complex, and unmistakably Chandragiri. Expect this coffee to open up 3 weeks post roast, subject to altitude and local climatic conditions. Recognition: Flavour of India – Fine Cup Award 2023 & 2024 Taste Profile - Strawberry, Almond, Caramel, Apple, Sweet Finish Origin - Koraput A1 Coffee Estate, Koraput, Odisha Varietal - Chandragiri Processing - 36 hrs Anaerobic Honey Sundried Elevation - 3200 ft Roast: Light to Medium Acidity: Bright Sweetness: High Limited edition of 70kg only",https://caffinary.com/products/trousseau-adwaita,https://cdn.shopify.com/s/files/1/0617/6273/2232/files/TA-Tsp-Card.png?v=1776973595,Coffee
Trousseau Adwaita - Roasted on 17/06,Caffinary,580.0,150g,Medium-Light Roast,,Koraput,mucilage,"Many coffees promise a great cup. This one has already proven it. Lot A20L13 from Koraput A1 Coffee Estate is a two-time winner of the Flavour of India – Fine Cup Award (2023 & 2024) — not by accident, but by design. Every detail, from harvest to cup, is deliberate. Grown at 3,200 feet in the hills of Koraput, Odisha, the Chandragiri variety here is handled with the kind of care that turns great fruit into something memorable. Ripe cherries are hand-sorted, depulped, and sealed into fermentation tanks for exactly 48 hours. Inside, pH and temperature are tracked closely — controlled microbial activity, balanced sugar breakdown, and layered flavor development without the risk of over-fermentation. What emerges from the tank goes straight to raised drying beds, coated in a rich layer of honey-process mucilage. Sun-dried slowly, turned regularly, and rested before dry milling — this is patience built into every step. In the cup, that patience shows. Strawberry and apple bring brightness upfront. Almond and caramel deepen the mid-palate. A long, sweet finish ties it all together — clean, complex, and unmistakably Chandragiri. Expect this coffee to open up 3 weeks post roast, subject to altitude and local climatic conditions. Recognition: Flavour of India – Fine Cup Award 2023 & 2024 Taste Profile - Strawberry, Almond, Caramel, Apple, Sweet Finish Origin - Koraput A1 Coffee Estate, Koraput, Odisha Varietal - Chandragiri Processing - 36 hrs Anaerobic Honey Sundried Elevation - 3200 ft Roast: Light to Medium Acidity: Bright Sweetness: High Limited edition of 70kg only",https://caffinary.com/products/trousseau-adwaita,https://cdn.shopify.com/s/files/1/0617/6273/2232/files/TA-Tsp-Card.png?v=1776973595,Coffee
Trousseau Adwaita - Roasted on 17/06,Caffinary,720.0,200g,Medium-Light Roast,,Koraput,mucilage,"Many coffees promise a great cup. This one has already proven it. Lot A20L13 from Koraput A1 Coffee Estate is a two-time winner of the Flavour of India – Fine Cup Award (2023 & 2024) — not by accident, but by design. Every detail, from harvest to cup, is deliberate. Grown at 3,200 feet in the hills of Koraput, Odisha, the Chandragiri variety here is handled with the kind of care that turns great fruit into something memorable. Ripe cherries are hand-sorted, depulped, and sealed into fermentation tanks for exactly 48 hours. Inside, pH and temperature are tracked closely — controlled microbial activity, balanced sugar breakdown, and layered flavor development without the risk of over-fermentation. What emerges from the tank goes straight to raised drying beds, coated in a rich layer of honey-process mucilage. Sun-dried slowly, turned regularly, and rested before dry milling — this is patience built into every step. In the cup, that patience shows. Strawberry and apple bring brightness upfront. Almond and caramel deepen the mid-palate. A long, sweet finish ties it all together — clean, complex, and unmistakably Chandragiri. Expect this coffee to open up 3 weeks post roast, subject to altitude and local climatic conditions. Recognition: Flavour of India – Fine Cup Award 2023 & 2024 Taste Profile - Strawberry, Almond, Caramel, Apple, Sweet Finish Origin - Koraput A1 Coffee Estate, Koraput, Odisha Varietal - Chandragiri Processing - 36 hrs Anaerobic Honey Sundried Elevation - 3200 ft Roast: Light to Medium Acidity: Bright Sweetness: High Limited edition of 70kg only",https://caffinary.com/products/trousseau-adwaita,https://cdn.shopify.com/s/files/1/0617/6273/2232/files/TA-Tsp-Card.png?v=1776973595,Coffee
Trousseau Adwaita - Roasted on 17/06,Caffinary,720.0,200g,Medium-Light Roast,,Koraput,mucilage,"Many coffees promise a great cup. This one has already proven it. Lot A20L13 from Koraput A1 Coffee Estate is a two-time winner of the Flavour of India – Fine Cup Award (2023 & 2024) — not by accident, but by design. Every detail, from harvest to cup, is deliberate. Grown at 3,200 feet in the hills of Koraput, Odisha, the Chandragiri variety here is handled with the kind of care that turns great fruit into something memorable. Ripe cherries are hand-sorted, depulped, and sealed into fermentation tanks for exactly 48 hours. Inside, pH and temperature are tracked closely — controlled microbial activity, balanced sugar breakdown, and layered flavor development without the risk of over-fermentation. What emerges from the tank goes straight to raised drying beds, coated in a rich layer of honey-process mucilage. Sun-dried slowly, turned regularly, and rested before dry milling — this is patience built into every step. In the cup, that patience shows. Strawberry and apple bring brightness upfront. Almond and caramel deepen the mid-palate. A long, sweet finish ties it all together — clean, complex, and unmistakably Chandragiri. Expect this coffee to open up 3 weeks post roast, subject to altitude and local climatic conditions. Recognition: Flavour of India – Fine Cup Award 2023 & 2024 Taste Profile - Strawberry, Almond, Caramel, Apple, Sweet Finish Origin - Koraput A1 Coffee Estate, Koraput, Odisha Varietal - Chandragiri Processing - 36 hrs Anaerobic Honey Sundried Elevation - 3200 ft Roast: Light to Medium Acidity: Bright Sweetness: High Limited edition of 70kg only",https://caffinary.com/products/trousseau-adwaita,https://cdn.shopify.com/s/files/1/0617/6273/2232/files/TA-Tsp-Card.png?v=1776973595,Coffee
Trousseau Adwaita - Roasted on 17/06,Caffinary,720.0,200g,Medium-Light Roast,,Koraput,mucilage,"Many coffees promise a great cup. This one has already proven it. Lot A20L13 from Koraput A1 Coffee Estate is a two-time winner of the Flavour of India – Fine Cup Award (2023 & 2024) — not by accident, but by design. Every detail, from harvest to cup, is deliberate. Grown at 3,200 feet in the hills of Koraput, Odisha, the Chandragiri variety here is handled with the kind of care that turns great fruit into something memorable. Ripe cherries are hand-sorted, depulped, and sealed into fermentation tanks for exactly 48 hours. Inside, pH and temperature are tracked closely — controlled microbial activity, balanced sugar breakdown, and layered flavor development without the risk of over-fermentation. What emerges from the tank goes straight to raised drying beds, coated in a rich layer of honey-process mucilage. Sun-dried slowly, turned regularly, and rested before dry milling — this is patience built into every step. In the cup, that patience shows. Strawberry and apple bring brightness upfront. Almond and caramel deepen the mid-palate. A long, sweet finish ties it all together — clean, complex, and unmistakably Chandragiri. Expect this coffee to open up 3 weeks post roast, subject to altitude and local climatic conditions. Recognition: Flavour of India – Fine Cup Award 2023 & 2024 Taste Profile - Strawberry, Almond, Caramel, Apple, Sweet Finish Origin - Koraput A1 Coffee Estate, Koraput, Odisha Varietal - Chandragiri Processing - 36 hrs Anaerobic Honey Sundried Elevation - 3200 ft Roast: Light to Medium Acidity: Bright Sweetness: High Limited edition of 70kg only",https://caffinary.com/products/trousseau-adwaita,https://cdn.shopify.com/s/files/1/0617/6273/2232/files/TA-Tsp-Card.png?v=1776973595,Coffee
Trousseau Adwaita - Roasted on 17/06,Caffinary,720.0,200g,Medium-Light Roast,,Koraput,mucilage,"Many coffees promise a great cup. This one has already proven it. Lot A20L13 from Koraput A1 Coffee Estate is a two-time winner of the Flavour of India – Fine Cup Award (2023 & 2024) — not by accident, but by design. Every detail, from harvest to cup, is deliberate. Grown at 3,200 feet in the hills of Koraput, Odisha, the Chandragiri variety here is handled with the kind of care that turns great fruit into something memorable. Ripe cherries are hand-sorted, depulped, and sealed into fermentation tanks for exactly 48 hours. Inside, pH and temperature are tracked closely — controlled microbial activity, balanced sugar breakdown, and layered flavor development without the risk of over-fermentation. What emerges from the tank goes straight to raised drying beds, coated in a rich layer of honey-process mucilage. Sun-dried slowly, turned regularly, and rested before dry milling — this is patience built into every step. In the cup, that patience shows. Strawberry and apple bring brightness upfront. Almond and caramel deepen the mid-palate. A long, sweet finish ties it all together — clean, complex, and unmistakably Chandragiri. Expect this coffee to open up 3 weeks post roast, subject to altitude and local climatic conditions. Recognition: Flavour of India – Fine Cup Award 2023 & 2024 Taste Profile - Strawberry, Almond, Caramel, Apple, Sweet Finish Origin - Koraput A1 Coffee Estate, Koraput, Odisha Varietal - Chandragiri Processing - 36 hrs Anaerobic Honey Sundried Elevation - 3200 ft Roast: Light to Medium Acidity: Bright Sweetness: High Limited edition of 70kg only",https://caffinary.com/products/trousseau-adwaita,https://cdn.shopify.com/s/files/1/0617/6273/2232/files/TA-Tsp-Card.png?v=1776973595,Coffee
Trousseau Adwaita - Roasted on 17/06,Caffinary,720.0,200g,Medium-Light Roast,,Koraput,mucilage,"Many coffees promise a great cup. This one has already proven it. Lot A20L13 from Koraput A1 Coffee Estate is a two-time winner of the Flavour of India – Fine Cup Award (2023 & 2024) — not by accident, but by design. Every detail, from harvest to cup, is deliberate. Grown at 3,200 feet in the hills of Koraput, Odisha, the Chandragiri variety here is handled with the kind of care that turns great fruit into something memorable. Ripe cherries are hand-sorted, depulped, and sealed into fermentation tanks for exactly 48 hours. Inside, pH and temperature are tracked closely — controlled microbial activity, balanced sugar breakdown, and layered flavor development without the risk of over-fermentation. What emerges from the tank goes straight to raised drying beds, coated in a rich layer of honey-process mucilage. Sun-dried slowly, turned regularly, and rested before dry milling — this is patience built into every step. In the cup, that patience shows. Strawberry and apple bring brightness upfront. Almond and caramel deepen the mid-palate. A long, sweet finish ties it all together — clean, complex, and unmistakably Chandragiri. Expect this coffee to open up 3 weeks post roast, subject to altitude and local climatic conditions. Recognition: Flavour of India – Fine Cup Award 2023 & 2024 Taste Profile - Strawberry, Almond, Caramel, Apple, Sweet Finish Origin - Koraput A1 Coffee Estate, Koraput, Odisha Varietal - Chandragiri Processing - 36 hrs Anaerobic Honey Sundried Elevation - 3200 ft Roast: Light to Medium Acidity: Bright Sweetness: High Limited edition of 70kg only",https://caffinary.com/products/trousseau-adwaita,https://cdn.shopify.com/s/files/1/0617/6273/2232/files/TA-Tsp-Card.png?v=1776973595,Coffee
Trousseau Adwaita - Roasted on 17/06,Caffinary,720.0,200g,Medium-Light Roast,,Koraput,mucilage,"Many coffees promise a great cup. This one has already proven it. Lot A20L13 from Koraput A1 Coffee Estate is a two-time winner of the Flavour of India – Fine Cup Award (2023 & 2024) — not by accident, but by design. Every detail, from harvest to cup, is deliberate. Grown at 3,200 feet in the hills of Koraput, Odisha, the Chandragiri variety here is handled with the kind of care that turns great fruit into something memorable. Ripe cherries are hand-sorted, depulped, and sealed into fermentation tanks for exactly 48 hours. Inside, pH and temperature are tracked closely — controlled microbial activity, balanced sugar breakdown, and layered flavor development without the risk of over-fermentation. What emerges from the tank goes straight to raised drying beds, coated in a rich layer of honey-process mucilage. Sun-dried slowly, turned regularly, and rested before dry milling — this is patience built into every step. In the cup, that patience shows. Strawberry and apple bring brightness upfront. Almond and caramel deepen the mid-palate. A long, sweet finish ties it all together — clean, complex, and unmistakably Chandragiri. Expect this coffee to open up 3 weeks post roast, subject to altitude and local climatic conditions. Recognition: Flavour of India – Fine Cup Award 2023 & 2024 Taste Profile - Strawberry, Almond, Caramel, Apple, Sweet Finish Origin - Koraput A1 Coffee Estate, Koraput, Odisha Varietal - Chandragiri Processing - 36 hrs Anaerobic Honey Sundried Elevation - 3200 ft Roast: Light to Medium Acidity: Bright Sweetness: High Limited edition of 70kg only",https://caffinary.com/products/trousseau-adwaita,https://cdn.shopify.com/s/files/1/0617/6273/2232/files/TA-Tsp-Card.png?v=1776973595,Coffee
Trousseau Adwaita - Roasted on 17/06,Caffinary,720.0,200g,Medium-Light Roast,,Koraput,mucilage,"Many coffees promise a great cup. This one has already proven it. Lot A20L13 from Koraput A1 Coffee Estate is a two-time winner of the Flavour of India – Fine Cup Award (2023 & 2024) — not by accident, but by design. Every detail, from harvest to cup, is deliberate. Grown at 3,200 feet in the hills of Koraput, Odisha, the Chandragiri variety here is handled with the kind of care that turns great fruit into something memorable. Ripe cherries are hand-sorted, depulped, and sealed into fermentation tanks for exactly 48 hours. Inside, pH and temperature are tracked closely — controlled microbial activity, balanced sugar breakdown, and layered flavor development without the risk of over-fermentation. What emerges from the tank goes straight to raised drying beds, coated in a rich layer of honey-process mucilage. Sun-dried slowly, turned regularly, and rested before dry milling — this is patience built into every step. In the cup, that patience shows. Strawberry and apple bring brightness upfront. Almond and caramel deepen the mid-palate. A long, sweet finish ties it all together — clean, complex, and unmistakably Chandragiri. Expect this coffee to open up 3 weeks post roast, subject to altitude and local climatic conditions. Recognition: Flavour of India – Fine Cup Award 2023 & 2024 Taste Profile - Strawberry, Almond, Caramel, Apple, Sweet Finish Origin - Koraput A1 Coffee Estate, Koraput, Odisha Varietal - Chandragiri Processing - 36 hrs Anaerobic Honey Sundried Elevation - 3200 ft Roast: Light to Medium Acidity: Bright Sweetness: High Limited edition of 70kg only",https://caffinary.com/products/trousseau-adwaita,https://cdn.shopify.com/s/files/1/0617/6273/2232/files/TA-Tsp-Card.png?v=1776973595,Coffee
Trousseau Adwaita - Roasted on 17/06,Caffinary,720.0,200g,Medium-Light Roast,,Koraput,mucilage,"Many coffees promise a great cup. This one has already proven it. Lot A20L13 from Koraput A1 Coffee Estate is a two-time winner of the Flavour of India – Fine Cup Award (2023 & 2024) — not by accident, but by design. Every detail, from harvest to cup, is deliberate. Grown at 3,200 feet in the hills of Koraput, Odisha, the Chandragiri variety here is handled with the kind of care that turns great fruit into something memorable. Ripe cherries are hand-sorted, depulped, and sealed into fermentation tanks for exactly 48 hours. Inside, pH and temperature are tracked closely — controlled microbial activity, balanced sugar breakdown, and layered flavor development without the risk of over-fermentation. What emerges from the tank goes straight to raised drying beds, coated in a rich layer of honey-process mucilage. Sun-dried slowly, turned regularly, and rested before dry milling — this is patience built into every step. In the cup, that patience shows. Strawberry and apple bring brightness upfront. Almond and caramel deepen the mid-palate. A long, sweet finish ties it all together — clean, complex, and unmistakably Chandragiri. Expect this coffee to open up 3 weeks post roast, subject to altitude and local climatic conditions. Recognition: Flavour of India – Fine Cup Award 2023 & 2024 Taste Profile - Strawberry, Almond, Caramel, Apple, Sweet Finish Origin - Koraput A1 Coffee Estate, Koraput, Odisha Varietal - Chandragiri Processing - 36 hrs Anaerobic Honey Sundried Elevation - 3200 ft Roast: Light to Medium Acidity: Bright Sweetness: High Limited edition of 70kg only",https://caffinary.com/products/trousseau-adwaita,https://cdn.shopify.com/s/files/1/0617/6273/2232/files/TA-Tsp-Card.png?v=1776973595,Coffee
Trousseau Adwaita - Roasted on 17/06,Caffinary,720.0,200g,Medium-Light Roast,,Koraput,mucilage,"Many coffees promise a great cup. This one has already proven it. Lot A20L13 from Koraput A1 Coffee Estate is a two-time winner of the Flavour of India – Fine Cup Award (2023 & 2024) — not by accident, but by design. Every detail, from harvest to cup, is deliberate. Grown at 3,200 feet in the hills of Koraput, Odisha, the Chandragiri variety here is handled with the kind of care that turns great fruit into something memorable. Ripe cherries are hand-sorted, depulped, and sealed into fermentation tanks for exactly 48 hours. Inside, pH and temperature are tracked closely — controlled microbial activity, balanced sugar breakdown, and layered flavor development without the risk of over-fermentation. What emerges from the tank goes straight to raised drying beds, coated in a rich layer of honey-process mucilage. Sun-dried slowly, turned regularly, and rested before dry milling — this is patience built into every step. In the cup, that patience shows. Strawberry and apple bring brightness upfront. Almond and caramel deepen the mid-palate. A long, sweet finish ties it all together — clean, complex, and unmistakably Chandragiri. Expect this coffee to open up 3 weeks post roast, subject to altitude and local climatic conditions. Recognition: Flavour of India – Fine Cup Award 2023 & 2024 Taste Profile - Strawberry, Almond, Caramel, Apple, Sweet Finish Origin - Koraput A1 Coffee Estate, Koraput, Odisha Varietal - Chandragiri Processing - 36 hrs Anaerobic Honey Sundried Elevation - 3200 ft Roast: Light to Medium Acidity: Bright Sweetness: High Limited edition of 70kg only",https://caffinary.com/products/trousseau-adwaita,https://cdn.shopify.com/s/files/1/0617/6273/2232/files/TA-Tsp-Card.png?v=1776973595,Coffee
Trousseau Adwaita - Roasted on 17/06,Caffinary,910.0,250g,Medium-Light Roast,,Koraput,mucilage,"Many coffees promise a great cup. This one has already proven it. Lot A20L13 from Koraput A1 Coffee Estate is a two-time winner of the Flavour of India – Fine Cup Award (2023 & 2024) — not by accident, but by design. Every detail, from harvest to cup, is deliberate. Grown at 3,200 feet in the hills of Koraput, Odisha, the Chandragiri variety here is handled with the kind of care that turns great fruit into something memorable. Ripe cherries are hand-sorted, depulped, and sealed into fermentation tanks for exactly 48 hours. Inside, pH and temperature are tracked closely — controlled microbial activity, balanced sugar breakdown, and layered flavor development without the risk of over-fermentation. What emerges from the tank goes straight to raised drying beds, coated in a rich layer of honey-process mucilage. Sun-dried slowly, turned regularly, and rested before dry milling — this is patience built into every step. In the cup, that patience shows. Strawberry and apple bring brightness upfront. Almond and caramel deepen the mid-palate. A long, sweet finish ties it all together — clean, complex, and unmistakably Chandragiri. Expect this coffee to open up 3 weeks post roast, subject to altitude and local climatic conditions. Recognition: Flavour of India – Fine Cup Award 2023 & 2024 Taste Profile - Strawberry, Almond, Caramel, Apple, Sweet Finish Origin - Koraput A1 Coffee Estate, Koraput, Odisha Varietal - Chandragiri Processing - 36 hrs Anaerobic Honey Sundried Elevation - 3200 ft Roast: Light to Medium Acidity: Bright Sweetness: High Limited edition of 70kg only",https://caffinary.com/products/trousseau-adwaita,https://cdn.shopify.com/s/files/1/0617/6273/2232/files/TA-Tsp-Card.png?v=1776973595,Coffee
Trousseau Adwaita - Roasted on 17/06,Caffinary,910.0,250g,Medium-Light Roast,,Koraput,mucilage,"Many coffees promise a great cup. This one has already proven it. Lot A20L13 from Koraput A1 Coffee Estate is a two-time winner of the Flavour of India – Fine Cup Award (2023 & 2024) — not by accident, but by design. Every detail, from harvest to cup, is deliberate. Grown at 3,200 feet in the hills of Koraput, Odisha, the Chandragiri variety here is handled with the kind of care that turns great fruit into something memorable. Ripe cherries are hand-sorted, depulped, and sealed into fermentation tanks for exactly 48 hours. Inside, pH and temperature are tracked closely — controlled microbial activity, balanced sugar breakdown, and layered flavor development without the risk of over-fermentation. What emerges from the tank goes straight to raised drying beds, coated in a rich layer of honey-process mucilage. Sun-dried slowly, turned regularly, and rested before dry milling — this is patience built into every step. In the cup, that patience shows. Strawberry and apple bring brightness upfront. Almond and caramel deepen the mid-palate. A long, sweet finish ties it all together — clean, complex, and unmistakably Chandragiri. Expect this coffee to open up 3 weeks post roast, subject to altitude and local climatic conditions. Recognition: Flavour of India – Fine Cup Award 2023 & 2024 Taste Profile - Strawberry, Almond, Caramel, Apple, Sweet Finish Origin - Koraput A1 Coffee Estate, Koraput, Odisha Varietal - Chandragiri Processing - 36 hrs Anaerobic Honey Sundried Elevation - 3200 ft Roast: Light to Medium Acidity: Bright Sweetness: High Limited edition of 70kg only",https://caffinary.com/products/trousseau-adwaita,https://cdn.shopify.com/s/files/1/0617/6273/2232/files/TA-Tsp-Card.png?v=1776973595,Coffee
Trousseau Adwaita - Roasted on 17/06,Caffinary,910.0,250g,Medium-Light Roast,,Koraput,mucilage,"Many coffees promise a great cup. This one has already proven it. Lot A20L13 from Koraput A1 Coffee Estate is a two-time winner of the Flavour of India – Fine Cup Award (2023 & 2024) — not by accident, but by design. Every detail, from harvest to cup, is deliberate. Grown at 3,200 feet in the hills of Koraput, Odisha, the Chandragiri variety here is handled with the kind of care that turns great fruit into something memorable. Ripe cherries are hand-sorted, depulped, and sealed into fermentation tanks for exactly 48 hours. Inside, pH and temperature are tracked closely — controlled microbial activity, balanced sugar breakdown, and layered flavor development without the risk of over-fermentation. What emerges from the tank goes straight to raised drying beds, coated in a rich layer of honey-process mucilage. Sun-dried slowly, turned regularly, and rested before dry milling — this is patience built into every step. In the cup, that patience shows. Strawberry and apple bring brightness upfront. Almond and caramel deepen the mid-palate. A long, sweet finish ties it all together — clean, complex, and unmistakably Chandragiri. Expect this coffee to open up 3 weeks post roast, subject to altitude and local climatic conditions. Recognition: Flavour of India – Fine Cup Award 2023 & 2024 Taste Profile - Strawberry, Almond, Caramel, Apple, Sweet Finish Origin - Koraput A1 Coffee Estate, Koraput, Odisha Varietal - Chandragiri Processing - 36 hrs Anaerobic Honey Sundried Elevation - 3200 ft Roast: Light to Medium Acidity: Bright Sweetness: High Limited edition of 70kg only",https://caffinary.com/products/trousseau-adwaita,https://cdn.shopify.com/s/files/1/0617/6273/2232/files/TA-Tsp-Card.png?v=1776973595,Coffee
Trousseau Adwaita - Roasted on 17/06,Caffinary,910.0,250g,Medium-Light Roast,,Koraput,mucilage,"Many coffees promise a great cup. This one has already proven it. Lot A20L13 from Koraput A1 Coffee Estate is a two-time winner of the Flavour of India – Fine Cup Award (2023 & 2024) — not by accident, but by design. Every detail, from harvest to cup, is deliberate. Grown at 3,200 feet in the hills of Koraput, Odisha, the Chandragiri variety here is handled with the kind of care that turns great fruit into something memorable. Ripe cherries are hand-sorted, depulped, and sealed into fermentation tanks for exactly 48 hours. Inside, pH and temperature are tracked closely — controlled microbial activity, balanced sugar breakdown, and layered flavor development without the risk of over-fermentation. What emerges from the tank goes straight to raised drying beds, coated in a rich layer of honey-process mucilage. Sun-dried slowly, turned regularly, and rested before dry milling — this is patience built into every step. In the cup, that patience shows. Strawberry and apple bring brightness upfront. Almond and caramel deepen the mid-palate. A long, sweet finish ties it all together — clean, complex, and unmistakably Chandragiri. Expect this coffee to open up 3 weeks post roast, subject to altitude and local climatic conditions. Recognition: Flavour of India – Fine Cup Award 2023 & 2024 Taste Profile - Strawberry, Almond, Caramel, Apple, Sweet Finish Origin - Koraput A1 Coffee Estate, Koraput, Odisha Varietal - Chandragiri Processing - 36 hrs Anaerobic Honey Sundried Elevation - 3200 ft Roast: Light to Medium Acidity: Bright Sweetness: High Limited edition of 70kg only",https://caffinary.com/products/trousseau-adwaita,https://cdn.shopify.com/s/files/1/0617/6273/2232/files/TA-Tsp-Card.png?v=1776973595,Coffee
Trousseau Adwaita - Roasted on 17/06,Caffinary,910.0,250g,Medium-Light Roast,,Koraput,mucilage,"Many coffees promise a great cup. This one has already proven it. Lot A20L13 from Koraput A1 Coffee Estate is a two-time winner of the Flavour of India – Fine Cup Award (2023 & 2024) — not by accident, but by design. Every detail, from harvest to cup, is deliberate. Grown at 3,200 feet in the hills of Koraput, Odisha, the Chandragiri variety here is handled with the kind of care that turns great fruit into something memorable. Ripe cherries are hand-sorted, depulped, and sealed into fermentation tanks for exactly 48 hours. Inside, pH and temperature are tracked closely — controlled microbial activity, balanced sugar breakdown, and layered flavor development without the risk of over-fermentation. What emerges from the tank goes straight to raised drying beds, coated in a rich layer of honey-process mucilage. Sun-dried slowly, turned regularly, and rested before dry milling — this is patience built into every step. In the cup, that patience shows. Strawberry and apple bring brightness upfront. Almond and caramel deepen the mid-palate. A long, sweet finish ties it all together — clean, complex, and unmistakably Chandragiri. Expect this coffee to open up 3 weeks post roast, subject to altitude and local climatic conditions. Recognition: Flavour of India – Fine Cup Award 2023 & 2024 Taste Profile - Strawberry, Almond, Caramel, Apple, Sweet Finish Origin - Koraput A1 Coffee Estate, Koraput, Odisha Varietal - Chandragiri Processing - 36 hrs Anaerobic Honey Sundried Elevation - 3200 ft Roast: Light to Medium Acidity: Bright Sweetness: High Limited edition of 70kg only",https://caffinary.com/products/trousseau-adwaita,https://cdn.shopify.com/s/files/1/0617/6273/2232/files/TA-Tsp-Card.png?v=1776973595,Coffee
Trousseau Adwaita - Roasted on 17/06,Caffinary,910.0,250g,Medium-Light Roast,,Koraput,mucilage,"Many coffees promise a great cup. This one has already proven it. Lot A20L13 from Koraput A1 Coffee Estate is a two-time winner of the Flavour of India – Fine Cup Award (2023 & 2024) — not by accident, but by design. Every detail, from harvest to cup, is deliberate. Grown at 3,200 feet in the hills of Koraput, Odisha, the Chandragiri variety here is handled with the kind of care that turns great fruit into something memorable. Ripe cherries are hand-sorted, depulped, and sealed into fermentation tanks for exactly 48 hours. Inside, pH and temperature are tracked closely — controlled microbial activity, balanced sugar breakdown, and layered flavor development without the risk of over-fermentation. What emerges from the tank goes straight to raised drying beds, coated in a rich layer of honey-process mucilage. Sun-dried slowly, turned regularly, and rested before dry milling — this is patience built into every step. In the cup, that patience shows. Strawberry and apple bring brightness upfront. Almond and caramel deepen the mid-palate. A long, sweet finish ties it all together — clean, complex, and unmistakably Chandragiri. Expect this coffee to open up 3 weeks post roast, subject to altitude and local climatic conditions. Recognition: Flavour of India – Fine Cup Award 2023 & 2024 Taste Profile - Strawberry, Almond, Caramel, Apple, Sweet Finish Origin - Koraput A1 Coffee Estate, Koraput, Odisha Varietal - Chandragiri Processing - 36 hrs Anaerobic Honey Sundried Elevation - 3200 ft Roast: Light to Medium Acidity: Bright Sweetness: High Limited edition of 70kg only",https://caffinary.com/products/trousseau-adwaita,https://cdn.shopify.com/s/files/1/0617/6273/2232/files/TA-Tsp-Card.png?v=1776973595,Coffee
Trousseau Adwaita - Roasted on 17/06,Caffinary,910.0,250g,Medium-Light Roast,,Koraput,mucilage,"Many coffees promise a great cup. This one has already proven it. Lot A20L13 from Koraput A1 Coffee Estate is a two-time winner of the Flavour of India – Fine Cup Award (2023 & 2024) — not by accident, but by design. Every detail, from harvest to cup, is deliberate. Grown at 3,200 feet in the hills of Koraput, Odisha, the Chandragiri variety here is handled with the kind of care that turns great fruit into something memorable. Ripe cherries are hand-sorted, depulped, and sealed into fermentation tanks for exactly 48 hours. Inside, pH and temperature are tracked closely — controlled microbial activity, balanced sugar breakdown, and layered flavor development without the risk of over-fermentation. What emerges from the tank goes straight to raised drying beds, coated in a rich layer of honey-process mucilage. Sun-dried slowly, turned regularly, and rested before dry milling — this is patience built into every step. In the cup, that patience shows. Strawberry and apple bring brightness upfront. Almond and caramel deepen the mid-palate. A long, sweet finish ties it all together — clean, complex, and unmistakably Chandragiri. Expect this coffee to open up 3 weeks post roast, subject to altitude and local climatic conditions. Recognition: Flavour of India – Fine Cup Award 2023 & 2024 Taste Profile - Strawberry, Almond, Caramel, Apple, Sweet Finish Origin - Koraput A1 Coffee Estate, Koraput, Odisha Varietal - Chandragiri Processing - 36 hrs Anaerobic Honey Sundried Elevation - 3200 ft Roast: Light to Medium Acidity: Bright Sweetness: High Limited edition of 70kg only",https://caffinary.com/products/trousseau-adwaita,https://cdn.shopify.com/s/files/1/0617/6273/2232/files/TA-Tsp-Card.png?v=1776973595,Coffee
Trousseau Adwaita - Roasted on 17/06,Caffinary,910.0,250g,Medium-Light Roast,,Koraput,mucilage,"Many coffees promise a great cup. This one has already proven it. Lot A20L13 from Koraput A1 Coffee Estate is a two-time winner of the Flavour of India – Fine Cup Award (2023 & 2024) — not by accident, but by design. Every detail, from harvest to cup, is deliberate. Grown at 3,200 feet in the hills of Koraput, Odisha, the Chandragiri variety here is handled with the kind of care that turns great fruit into something memorable. Ripe cherries are hand-sorted, depulped, and sealed into fermentation tanks for exactly 48 hours. Inside, pH and temperature are tracked closely — controlled microbial activity, balanced sugar breakdown, and layered flavor development without the risk of over-fermentation. What emerges from the tank goes straight to raised drying beds, coated in a rich layer of honey-process mucilage. Sun-dried slowly, turned regularly, and rested before dry milling — this is patience built into every step. In the cup, that patience shows. Strawberry and apple bring brightness upfront. Almond and caramel deepen the mid-palate. A long, sweet finish ties it all together — clean, complex, and unmistakably Chandragiri. Expect this coffee to open up 3 weeks post roast, subject to altitude and local climatic conditions. Recognition: Flavour of India – Fine Cup Award 2023 & 2024 Taste Profile - Strawberry, Almond, Caramel, Apple, Sweet Finish Origin - Koraput A1 Coffee Estate, Koraput, Odisha Varietal - Chandragiri Processing - 36 hrs Anaerobic Honey Sundried Elevation - 3200 ft Roast: Light to Medium Acidity: Bright Sweetness: High Limited edition of 70kg only",https://caffinary.com/products/trousseau-adwaita,https://cdn.shopify.com/s/files/1/0617/6273/2232/files/TA-Tsp-Card.png?v=1776973595,Coffee
Trousseau Adwaita - Roasted on 17/06,Caffinary,910.0,250g,Medium-Light Roast,,Koraput,mucilage,"Many coffees promise a great cup. This one has already proven it. Lot A20L13 from Koraput A1 Coffee Estate is a two-time winner of the Flavour of India – Fine Cup Award (2023 & 2024) — not by accident, but by design. Every detail, from harvest to cup, is deliberate. Grown at 3,200 feet in the hills of Koraput, Odisha, the Chandragiri variety here is handled with the kind of care that turns great fruit into something memorable. Ripe cherries are hand-sorted, depulped, and sealed into fermentation tanks for exactly 48 hours. Inside, pH and temperature are tracked closely — controlled microbial activity, balanced sugar breakdown, and layered flavor development without the risk of over-fermentation. What emerges from the tank goes straight to raised drying beds, coated in a rich layer of honey-process mucilage. Sun-dried slowly, turned regularly, and rested before dry milling — this is patience built into every step. In the cup, that patience shows. Strawberry and apple bring brightness upfront. Almond and caramel deepen the mid-palate. A long, sweet finish ties it all together — clean, complex, and unmistakably Chandragiri. Expect this coffee to open up 3 weeks post roast, subject to altitude and local climatic conditions. Recognition: Flavour of India – Fine Cup Award 2023 & 2024 Taste Profile - Strawberry, Almond, Caramel, Apple, Sweet Finish Origin - Koraput A1 Coffee Estate, Koraput, Odisha Varietal - Chandragiri Processing - 36 hrs Anaerobic Honey Sundried Elevation - 3200 ft Roast: Light to Medium Acidity: Bright Sweetness: High Limited edition of 70kg only",https://caffinary.com/products/trousseau-adwaita,https://cdn.shopify.com/s/files/1/0617/6273/2232/files/TA-Tsp-Card.png?v=1776973595,Coffee
Trousseau Adwaita - Roasted on 17/06,Caffinary,1770.0,500g,Medium-Light Roast,,Koraput,mucilage,"Many coffees promise a great cup. This one has already proven it. Lot A20L13 from Koraput A1 Coffee Estate is a two-time winner of the Flavour of India – Fine Cup Award (2023 & 2024) — not by accident, but by design. Every detail, from harvest to cup, is deliberate. Grown at 3,200 feet in the hills of Koraput, Odisha, the Chandragiri variety here is handled with the kind of care that turns great fruit into something memorable. Ripe cherries are hand-sorted, depulped, and sealed into fermentation tanks for exactly 48 hours. Inside, pH and temperature are tracked closely — controlled microbial activity, balanced sugar breakdown, and layered flavor development without the risk of over-fermentation. What emerges from the tank goes straight to raised drying beds, coated in a rich layer of honey-process mucilage. Sun-dried slowly, turned regularly, and rested before dry milling — this is patience built into every step. In the cup, that patience shows. Strawberry and apple bring brightness upfront. Almond and caramel deepen the mid-palate. A long, sweet finish ties it all together — clean, complex, and unmistakably Chandragiri. Expect this coffee to open up 3 weeks post roast, subject to altitude and local climatic conditions. Recognition: Flavour of India – Fine Cup Award 2023 & 2024 Taste Profile - Strawberry, Almond, Caramel, Apple, Sweet Finish Origin - Koraput A1 Coffee Estate, Koraput, Odisha Varietal - Chandragiri Processing - 36 hrs Anaerobic Honey Sundried Elevation - 3200 ft Roast: Light to Medium Acidity: Bright Sweetness: High Limited edition of 70kg only",https://caffinary.com/products/trousseau-adwaita,https://cdn.shopify.com/s/files/1/0617/6273/2232/files/TA-Tsp-Card.png?v=1776973595,Coffee
Trousseau Adwaita - Roasted on 17/06,Caffinary,1770.0,500g,Medium-Light Roast,,Koraput,mucilage,"Many coffees promise a great cup. This one has already proven it. Lot A20L13 from Koraput A1 Coffee Estate is a two-time winner of the Flavour of India – Fine Cup Award (2023 & 2024) — not by accident, but by design. Every detail, from harvest to cup, is deliberate. Grown at 3,200 feet in the hills of Koraput, Odisha, the Chandragiri variety here is handled with the kind of care that turns great fruit into something memorable. Ripe cherries are hand-sorted, depulped, and sealed into fermentation tanks for exactly 48 hours. Inside, pH and temperature are tracked closely — controlled microbial activity, balanced sugar breakdown, and layered flavor development without the risk of over-fermentation. What emerges from the tank goes straight to raised drying beds, coated in a rich layer of honey-process mucilage. Sun-dried slowly, turned regularly, and rested before dry milling — this is patience built into every step. In the cup, that patience shows. Strawberry and apple bring brightness upfront. Almond and caramel deepen the mid-palate. A long, sweet finish ties it all together — clean, complex, and unmistakably Chandragiri. Expect this coffee to open up 3 weeks post roast, subject to altitude and local climatic conditions. Recognition: Flavour of India – Fine Cup Award 2023 & 2024 Taste Profile - Strawberry, Almond, Caramel, Apple, Sweet Finish Origin - Koraput A1 Coffee Estate, Koraput, Odisha Varietal - Chandragiri Processing - 36 hrs Anaerobic Honey Sundried Elevation - 3200 ft Roast: Light to Medium Acidity: Bright Sweetness: High Limited edition of 70kg only",https://caffinary.com/products/trousseau-adwaita,https://cdn.shopify.com/s/files/1/0617/6273/2232/files/TA-Tsp-Card.png?v=1776973595,Coffee
Trousseau Adwaita - Roasted on 17/06,Caffinary,1770.0,500g,Medium-Light Roast,,Koraput,mucilage,"Many coffees promise a great cup. This one has already proven it. Lot A20L13 from Koraput A1 Coffee Estate is a two-time winner of the Flavour of India – Fine Cup Award (2023 & 2024) — not by accident, but by design. Every detail, from harvest to cup, is deliberate. Grown at 3,200 feet in the hills of Koraput, Odisha, the Chandragiri variety here is handled with the kind of care that turns great fruit into something memorable. Ripe cherries are hand-sorted, depulped, and sealed into fermentation tanks for exactly 48 hours. Inside, pH and temperature are tracked closely — controlled microbial activity, balanced sugar breakdown, and layered flavor development without the risk of over-fermentation. What emerges from the tank goes straight to raised drying beds, coated in a rich layer of honey-process mucilage. Sun-dried slowly, turned regularly, and rested before dry milling — this is patience built into every step. In the cup, that patience shows. Strawberry and apple bring brightness upfront. Almond and caramel deepen the mid-palate. A long, sweet finish ties it all together — clean, complex, and unmistakably Chandragiri. Expect this coffee to open up 3 weeks post roast, subject to altitude and local climatic conditions. Recognition: Flavour of India – Fine Cup Award 2023 & 2024 Taste Profile - Strawberry, Almond, Caramel, Apple, Sweet Finish Origin - Koraput A1 Coffee Estate, Koraput, Odisha Varietal - Chandragiri Processing - 36 hrs Anaerobic Honey Sundried Elevation - 3200 ft Roast: Light to Medium Acidity: Bright Sweetness: High Limited edition of 70kg only",https://caffinary.com/products/trousseau-adwaita,https://cdn.shopify.com/s/files/1/0617/6273/2232/files/TA-Tsp-Card.png?v=1776973595,Coffee
Trousseau Adwaita - Roasted on 17/06,Caffinary,1770.0,500g,Medium-Light Roast,,Koraput,mucilage,"Many coffees promise a great cup. This one has already proven it. Lot A20L13 from Koraput A1 Coffee Estate is a two-time winner of the Flavour of India – Fine Cup Award (2023 & 2024) — not by accident, but by design. Every detail, from harvest to cup, is deliberate. Grown at 3,200 feet in the hills of Koraput, Odisha, the Chandragiri variety here is handled with the kind of care that turns great fruit into something memorable. Ripe cherries are hand-sorted, depulped, and sealed into fermentation tanks for exactly 48 hours. Inside, pH and temperature are tracked closely — controlled microbial activity, balanced sugar breakdown, and layered flavor development without the risk of over-fermentation. What emerges from the tank goes straight to raised drying beds, coated in a rich layer of honey-process mucilage. Sun-dried slowly, turned regularly, and rested before dry milling — this is patience built into every step. In the cup, that patience shows. Strawberry and apple bring brightness upfront. Almond and caramel deepen the mid-palate. A long, sweet finish ties it all together — clean, complex, and unmistakably Chandragiri. Expect this coffee to open up 3 weeks post roast, subject to altitude and local climatic conditions. Recognition: Flavour of India – Fine Cup Award 2023 & 2024 Taste Profile - Strawberry, Almond, Caramel, Apple, Sweet Finish Origin - Koraput A1 Coffee Estate, Koraput, Odisha Varietal - Chandragiri Processing - 36 hrs Anaerobic Honey Sundried Elevation - 3200 ft Roast: Light to Medium Acidity: Bright Sweetness: High Limited edition of 70kg only",https://caffinary.com/products/trousseau-adwaita,https://cdn.shopify.com/s/files/1/0617/6273/2232/files/TA-Tsp-Card.png?v=1776973595,Coffee
Trousseau Adwaita - Roasted on 17/06,Caffinary,1770.0,500g,Medium-Light Roast,,Koraput,mucilage,"Many coffees promise a great cup. This one has already proven it. Lot A20L13 from Koraput A1 Coffee Estate is a two-time winner of the Flavour of India – Fine Cup Award (2023 & 2024) — not by accident, but by design. Every detail, from harvest to cup, is deliberate. Grown at 3,200 feet in the hills of Koraput, Odisha, the Chandragiri variety here is handled with the kind of care that turns great fruit into something memorable. Ripe cherries are hand-sorted, depulped, and sealed into fermentation tanks for exactly 48 hours. Inside, pH and temperature are tracked closely — controlled microbial activity, balanced sugar breakdown, and layered flavor development without the risk of over-fermentation. What emerges from the tank goes straight to raised drying beds, coated in a rich layer of honey-process mucilage. Sun-dried slowly, turned regularly, and rested before dry milling — this is patience built into every step. In the cup, that patience shows. Strawberry and apple bring brightness upfront. Almond and caramel deepen the mid-palate. A long, sweet finish ties it all together — clean, complex, and unmistakably Chandragiri. Expect this coffee to open up 3 weeks post roast, subject to altitude and local climatic conditions. Recognition: Flavour of India – Fine Cup Award 2023 & 2024 Taste Profile - Strawberry, Almond, Caramel, Apple, Sweet Finish Origin - Koraput A1 Coffee Estate, Koraput, Odisha Varietal - Chandragiri Processing - 36 hrs Anaerobic Honey Sundried Elevation - 3200 ft Roast: Light to Medium Acidity: Bright Sweetness: High Limited edition of 70kg only",https://caffinary.com/products/trousseau-adwaita,https://cdn.shopify.com/s/files/1/0617/6273/2232/files/TA-Tsp-Card.png?v=1776973595,Coffee
Trousseau Adwaita - Roasted on 17/06,Caffinary,1770.0,500g,Medium-Light Roast,,Koraput,mucilage,"Many coffees promise a great cup. This one has already proven it. Lot A20L13 from Koraput A1 Coffee Estate is a two-time winner of the Flavour of India – Fine Cup Award (2023 & 2024) — not by accident, but by design. Every detail, from harvest to cup, is deliberate. Grown at 3,200 feet in the hills of Koraput, Odisha, the Chandragiri variety here is handled with the kind of care that turns great fruit into something memorable. Ripe cherries are hand-sorted, depulped, and sealed into fermentation tanks for exactly 48 hours. Inside, pH and temperature are tracked closely — controlled microbial activity, balanced sugar breakdown, and layered flavor development without the risk of over-fermentation. What emerges from the tank goes straight to raised drying beds, coated in a rich layer of honey-process mucilage. Sun-dried slowly, turned regularly, and rested before dry milling — this is patience built into every step. In the cup, that patience shows. Strawberry and apple bring brightness upfront. Almond and caramel deepen the mid-palate. A long, sweet finish ties it all together — clean, complex, and unmistakably Chandragiri. Expect this coffee to open up 3 weeks post roast, subject to altitude and local climatic conditions. Recognition: Flavour of India – Fine Cup Award 2023 & 2024 Taste Profile - Strawberry, Almond, Caramel, Apple, Sweet Finish Origin - Koraput A1 Coffee Estate, Koraput, Odisha Varietal - Chandragiri Processing - 36 hrs Anaerobic Honey Sundried Elevation - 3200 ft Roast: Light to Medium Acidity: Bright Sweetness: High Limited edition of 70kg only",https://caffinary.com/products/trousseau-adwaita,https://cdn.shopify.com/s/files/1/0617/6273/2232/files/TA-Tsp-Card.png?v=1776973595,Coffee
Trousseau Adwaita - Roasted on 17/06,Caffinary,1770.0,500g,Medium-Light Roast,,Koraput,mucilage,"Many coffees promise a great cup. This one has already proven it. Lot A20L13 from Koraput A1 Coffee Estate is a two-time winner of the Flavour of India – Fine Cup Award (2023 & 2024) — not by accident, but by design. Every detail, from harvest to cup, is deliberate. Grown at 3,200 feet in the hills of Koraput, Odisha, the Chandragiri variety here is handled with the kind of care that turns great fruit into something memorable. Ripe cherries are hand-sorted, depulped, and sealed into fermentation tanks for exactly 48 hours. Inside, pH and temperature are tracked closely — controlled microbial activity, balanced sugar breakdown, and layered flavor development without the risk of over-fermentation. What emerges from the tank goes straight to raised drying beds, coated in a rich layer of honey-process mucilage. Sun-dried slowly, turned regularly, and rested before dry milling — this is patience built into every step. In the cup, that patience shows. Strawberry and apple bring brightness upfront. Almond and caramel deepen the mid-palate. A long, sweet finish ties it all together — clean, complex, and unmistakably Chandragiri. Expect this coffee to open up 3 weeks post roast, subject to altitude and local climatic conditions. Recognition: Flavour of India – Fine Cup Award 2023 & 2024 Taste Profile - Strawberry, Almond, Caramel, Apple, Sweet Finish Origin - Koraput A1 Coffee Estate, Koraput, Odisha Varietal - Chandragiri Processing - 36 hrs Anaerobic Honey Sundried Elevation - 3200 ft Roast: Light to Medium Acidity: Bright Sweetness: High Limited edition of 70kg only",https://caffinary.com/products/trousseau-adwaita,https://cdn.shopify.com/s/files/1/0617/6273/2232/files/TA-Tsp-Card.png?v=1776973595,Coffee
Trousseau Adwaita - Roasted on 17/06,Caffinary,1770.0,500g,Medium-Light Roast,,Koraput,mucilage,"Many coffees promise a great cup. This one has already proven it. Lot A20L13 from Koraput A1 Coffee Estate is a two-time winner of the Flavour of India – Fine Cup Award (2023 & 2024) — not by accident, but by design. Every detail, from harvest to cup, is deliberate. Grown at 3,200 feet in the hills of Koraput, Odisha, the Chandragiri variety here is handled with the kind of care that turns great fruit into something memorable. Ripe cherries are hand-sorted, depulped, and sealed into fermentation tanks for exactly 48 hours. Inside, pH and temperature are tracked closely — controlled microbial activity, balanced sugar breakdown, and layered flavor development without the risk of over-fermentation. What emerges from the tank goes straight to raised drying beds, coated in a rich layer of honey-process mucilage. Sun-dried slowly, turned regularly, and rested before dry milling — this is patience built into every step. In the cup, that patience shows. Strawberry and apple bring brightness upfront. Almond and caramel deepen the mid-palate. A long, sweet finish ties it all together — clean, complex, and unmistakably Chandragiri. Expect this coffee to open up 3 weeks post roast, subject to altitude and local climatic conditions. Recognition: Flavour of India – Fine Cup Award 2023 & 2024 Taste Profile - Strawberry, Almond, Caramel, Apple, Sweet Finish Origin - Koraput A1 Coffee Estate, Koraput, Odisha Varietal - Chandragiri Processing - 36 hrs Anaerobic Honey Sundried Elevation - 3200 ft Roast: Light to Medium Acidity: Bright Sweetness: High Limited edition of 70kg only",https://caffinary.com/products/trousseau-adwaita,https://cdn.shopify.com/s/files/1/0617/6273/2232/files/TA-Tsp-Card.png?v=1776973595,Coffee
Trousseau Adwaita - Roasted on 17/06,Caffinary,1770.0,500g,Medium-Light Roast,,Koraput,mucilage,"Many coffees promise a great cup. This one has already proven it. Lot A20L13 from Koraput A1 Coffee Estate is a two-time winner of the Flavour of India – Fine Cup Award (2023 & 2024) — not by accident, but by design. Every detail, from harvest to cup, is deliberate. Grown at 3,200 feet in the hills of Koraput, Odisha, the Chandragiri variety here is handled with the kind of care that turns great fruit into something memorable. Ripe cherries are hand-sorted, depulped, and sealed into fermentation tanks for exactly 48 hours. Inside, pH and temperature are tracked closely — controlled microbial activity, balanced sugar breakdown, and layered flavor development without the risk of over-fermentation. What emerges from the tank goes straight to raised drying beds, coated in a rich layer of honey-process mucilage. Sun-dried slowly, turned regularly, and rested before dry milling — this is patience built into every step. In the cup, that patience shows. Strawberry and apple bring brightness upfront. Almond and caramel deepen the mid-palate. A long, sweet finish ties it all together — clean, complex, and unmistakably Chandragiri. Expect this coffee to open up 3 weeks post roast, subject to altitude and local climatic conditions. Recognition: Flavour of India – Fine Cup Award 2023 & 2024 Taste Profile - Strawberry, Almond, Caramel, Apple, Sweet Finish Origin - Koraput A1 Coffee Estate, Koraput, Odisha Varietal - Chandragiri Processing - 36 hrs Anaerobic Honey Sundried Elevation - 3200 ft Roast: Light to Medium Acidity: Bright Sweetness: High Limited edition of 70kg only",https://caffinary.com/products/trousseau-adwaita,https://cdn.shopify.com/s/files/1/0617/6273/2232/files/TA-Tsp-Card.png?v=1776973595,Coffee
Malnaad Oloroso - Roasted on 04/06,Caffinary,180.0,50g,Medium Roast,"That it shall be a fruity, boozy, creamy, moody holiday",Chikmagalur,ing Whiskey Aged,"Malnaad, the land of the rains, that makes it a holiday. Oloroso, the creamy sherry. What you should expect out of this edition of our coffee? That it shall be a fruity, boozy, creamy, moody holiday. No barrelly, woody notes. Promise. The espresso shot from this coffee is so balanced, it must be the only Whiskey Aged that can be enjoyed with milk - the kind we make out of medium roasts. It's great with mixers, too! Enjoyable in all the different, versatile brewing methods - this one disappoints in none! Taste Profile Creamy, Caramel, Hints of Irish Whiskey Origin Chikmagalur, Karnataka Processing Whiskey Aged Elevation 3500+ ft",https://caffinary.com/products/malnaad-oloroso,https://cdn.shopify.com/s/files/1/0617/6273/2232/files/MO_-_Square_Shopify.png?v=1749824152,Coffee
Malnaad Oloroso - Roasted on 04/06,Caffinary,180.0,50g,Medium Roast,"That it shall be a fruity, boozy, creamy, moody holiday",Chikmagalur,ing Whiskey Aged,"Malnaad, the land of the rains, that makes it a holiday. Oloroso, the creamy sherry. What you should expect out of this edition of our coffee? That it shall be a fruity, boozy, creamy, moody holiday. No barrelly, woody notes. Promise. The espresso shot from this coffee is so balanced, it must be the only Whiskey Aged that can be enjoyed with milk - the kind we make out of medium roasts. It's great with mixers, too! Enjoyable in all the different, versatile brewing methods - this one disappoints in none! Taste Profile Creamy, Caramel, Hints of Irish Whiskey Origin Chikmagalur, Karnataka Processing Whiskey Aged Elevation 3500+ ft",https://caffinary.com/products/malnaad-oloroso,https://cdn.shopify.com/s/files/1/0617/6273/2232/files/MO_-_Square_Shopify.png?v=1749824152,Coffee
Malnaad Oloroso - Roasted on 04/06,Caffinary,180.0,50g,Medium Roast,"That it shall be a fruity, boozy, creamy, moody holiday",Chikmagalur,ing Whiskey Aged,"Malnaad, the land of the rains, that makes it a holiday. Oloroso, the creamy sherry. What you should expect out of this edition of our coffee? That it shall be a fruity, boozy, creamy, moody holiday. No barrelly, woody notes. Promise. The espresso shot from this coffee is so balanced, it must be the only Whiskey Aged that can be enjoyed with milk - the kind we make out of medium roasts. It's great with mixers, too! Enjoyable in all the different, versatile brewing methods - this one disappoints in none! Taste Profile Creamy, Caramel, Hints of Irish Whiskey Origin Chikmagalur, Karnataka Processing Whiskey Aged Elevation 3500+ ft",https://caffinary.com/products/malnaad-oloroso,https://cdn.shopify.com/s/files/1/0617/6273/2232/files/MO_-_Square_Shopify.png?v=1749824152,Coffee
Malnaad Oloroso - Roasted on 04/06,Caffinary,180.0,50g,Medium Roast,"That it shall be a fruity, boozy, creamy, moody holiday",Chikmagalur,ing Whiskey Aged,"Malnaad, the land of the rains, that makes it a holiday. Oloroso, the creamy sherry. What you should expect out of this edition of our coffee? That it shall be a fruity, boozy, creamy, moody holiday. No barrelly, woody notes. Promise. The espresso shot from this coffee is so balanced, it must be the only Whiskey Aged that can be enjoyed with milk - the kind we make out of medium roasts. It's great with mixers, too! Enjoyable in all the different, versatile brewing methods - this one disappoints in none! Taste Profile Creamy, Caramel, Hints of Irish Whiskey Origin Chikmagalur, Karnataka Processing Whiskey Aged Elevation 3500+ ft",https://caffinary.com/products/malnaad-oloroso,https://cdn.shopify.com/s/files/1/0617/6273/2232/files/MO_-_Square_Shopify.png?v=1749824152,Coffee
Malnaad Oloroso - Roasted on 04/06,Caffinary,180.0,50g,Medium Roast,"That it shall be a fruity, boozy, creamy, moody holiday",Chikmagalur,ing Whiskey Aged,"Malnaad, the land of the rains, that makes it a holiday. Oloroso, the creamy sherry. What you should expect out of this edition of our coffee? That it shall be a fruity, boozy, creamy, moody holiday. No barrelly, woody notes. Promise. The espresso shot from this coffee is so balanced, it must be the only Whiskey Aged that can be enjoyed with milk - the kind we make out of medium roasts. It's great with mixers, too! Enjoyable in all the different, versatile brewing methods - this one disappoints in none! Taste Profile Creamy, Caramel, Hints of Irish Whiskey Origin Chikmagalur, Karnataka Processing Whiskey Aged Elevation 3500+ ft",https://caffinary.com/products/malnaad-oloroso,https://cdn.shopify.com/s/files/1/0617/6273/2232/files/MO_-_Square_Shopify.png?v=1749824152,Coffee
Malnaad Oloroso - Roasted on 04/06,Caffinary,180.0,50g,Medium Roast,"That it shall be a fruity, boozy, creamy, moody holiday",Chikmagalur,ing Whiskey Aged,"Malnaad, the land of the rains, that makes it a holiday. Oloroso, the creamy sherry. What you should expect out of this edition of our coffee? That it shall be a fruity, boozy, creamy, moody holiday. No barrelly, woody notes. Promise. The espresso shot from this coffee is so balanced, it must be the only Whiskey Aged that can be enjoyed with milk - the kind we make out of medium roasts. It's great with mixers, too! Enjoyable in all the different, versatile brewing methods - this one disappoints in none! Taste Profile Creamy, Caramel, Hints of Irish Whiskey Origin Chikmagalur, Karnataka Processing Whiskey Aged Elevation 3500+ ft",https://caffinary.com/products/malnaad-oloroso,https://cdn.shopify.com/s/files/1/0617/6273/2232/files/MO_-_Square_Shopify.png?v=1749824152,Coffee
Malnaad Oloroso - Roasted on 04/06,Caffinary,180.0,50g,Medium Roast,"That it shall be a fruity, boozy, creamy, moody holiday",Chikmagalur,ing Whiskey Aged,"Malnaad, the land of the rains, that makes it a holiday. Oloroso, the creamy sherry. What you should expect out of this edition of our coffee? That it shall be a fruity, boozy, creamy, moody holiday. No barrelly, woody notes. Promise. The espresso shot from this coffee is so balanced, it must be the only Whiskey Aged that can be enjoyed with milk - the kind we make out of medium roasts. It's great with mixers, too! Enjoyable in all the different, versatile brewing methods - this one disappoints in none! Taste Profile Creamy, Caramel, Hints of Irish Whiskey Origin Chikmagalur, Karnataka Processing Whiskey Aged Elevation 3500+ ft",https://caffinary.com/products/malnaad-oloroso,https://cdn.shopify.com/s/files/1/0617/6273/2232/files/MO_-_Square_Shopify.png?v=1749824152,Coffee
Malnaad Oloroso - Roasted on 04/06,Caffinary,180.0,50g,Medium Roast,"That it shall be a fruity, boozy, creamy, moody holiday",Chikmagalur,ing Whiskey Aged,"Malnaad, the land of the rains, that makes it a holiday. Oloroso, the creamy sherry. What you should expect out of this edition of our coffee? That it shall be a fruity, boozy, creamy, moody holiday. No barrelly, woody notes. Promise. The espresso shot from this coffee is so balanced, it must be the only Whiskey Aged that can be enjoyed with milk - the kind we make out of medium roasts. It's great with mixers, too! Enjoyable in all the different, versatile brewing methods - this one disappoints in none! Taste Profile Creamy, Caramel, Hints of Irish Whiskey Origin Chikmagalur, Karnataka Processing Whiskey Aged Elevation 3500+ ft",https://caffinary.com/products/malnaad-oloroso,https://cdn.shopify.com/s/files/1/0617/6273/2232/files/MO_-_Square_Shopify.png?v=1749824152,Coffee
Malnaad Oloroso - Roasted on 04/06,Caffinary,180.0,50g,Medium Roast,"That it shall be a fruity, boozy, creamy, moody holiday",Chikmagalur,ing Whiskey Aged,"Malnaad, the land of the rains, that makes it a holiday. Oloroso, the creamy sherry. What you should expect out of this edition of our coffee? That it shall be a fruity, boozy, creamy, moody holiday. No barrelly, woody notes. Promise. The espresso shot from this coffee is so balanced, it must be the only Whiskey Aged that can be enjoyed with milk - the kind we make out of medium roasts. It's great with mixers, too! Enjoyable in all the different, versatile brewing methods - this one disappoints in none! Taste Profile Creamy, Caramel, Hints of Irish Whiskey Origin Chikmagalur, Karnataka Processing Whiskey Aged Elevation 3500+ ft",https://caffinary.com/products/malnaad-oloroso,https://cdn.shopify.com/s/files/1/0617/6273/2232/files/MO_-_Square_Shopify.png?v=1749824152,Coffee
Malnaad Oloroso - Roasted on 04/06,Caffinary,340.0,100g,Medium Roast,"That it shall be a fruity, boozy, creamy, moody holiday",Chikmagalur,ing Whiskey Aged,"Malnaad, the land of the rains, that makes it a holiday. Oloroso, the creamy sherry. What you should expect out of this edition of our coffee? That it shall be a fruity, boozy, creamy, moody holiday. No barrelly, woody notes. Promise. The espresso shot from this coffee is so balanced, it must be the only Whiskey Aged that can be enjoyed with milk - the kind we make out of medium roasts. It's great with mixers, too! Enjoyable in all the different, versatile brewing methods - this one disappoints in none! Taste Profile Creamy, Caramel, Hints of Irish Whiskey Origin Chikmagalur, Karnataka Processing Whiskey Aged Elevation 3500+ ft",https://caffinary.com/products/malnaad-oloroso,https://cdn.shopify.com/s/files/1/0617/6273/2232/files/MO_-_Square_Shopify.png?v=1749824152,Coffee
Malnaad Oloroso - Roasted on 04/06,Caffinary,340.0,100g,Medium Roast,"That it shall be a fruity, boozy, creamy, moody holiday",Chikmagalur,ing Whiskey Aged,"Malnaad, the land of the rains, that makes it a holiday. Oloroso, the creamy sherry. What you should expect out of this edition of our coffee? That it shall be a fruity, boozy, creamy, moody holiday. No barrelly, woody notes. Promise. The espresso shot from this coffee is so balanced, it must be the only Whiskey Aged that can be enjoyed with milk - the kind we make out of medium roasts. It's great with mixers, too! Enjoyable in all the different, versatile brewing methods - this one disappoints in none! Taste Profile Creamy, Caramel, Hints of Irish Whiskey Origin Chikmagalur, Karnataka Processing Whiskey Aged Elevation 3500+ ft",https://caffinary.com/products/malnaad-oloroso,https://cdn.shopify.com/s/files/1/0617/6273/2232/files/MO_-_Square_Shopify.png?v=1749824152,Coffee
Malnaad Oloroso - Roasted on 04/06,Caffinary,340.0,100g,Medium Roast,"That it shall be a fruity, boozy, creamy, moody holiday",Chikmagalur,ing Whiskey Aged,"Malnaad, the land of the rains, that makes it a holiday. Oloroso, the creamy sherry. What you should expect out of this edition of our coffee? That it shall be a fruity, boozy, creamy, moody holiday. No barrelly, woody notes. Promise. The espresso shot from this coffee is so balanced, it must be the only Whiskey Aged that can be enjoyed with milk - the kind we make out of medium roasts. It's great with mixers, too! Enjoyable in all the different, versatile brewing methods - this one disappoints in none! Taste Profile Creamy, Caramel, Hints of Irish Whiskey Origin Chikmagalur, Karnataka Processing Whiskey Aged Elevation 3500+ ft",https://caffinary.com/products/malnaad-oloroso,https://cdn.shopify.com/s/files/1/0617/6273/2232/files/MO_-_Square_Shopify.png?v=1749824152,Coffee
Malnaad Oloroso - Roasted on 04/06,Caffinary,340.0,100g,Medium Roast,"That it shall be a fruity, boozy, creamy, moody holiday",Chikmagalur,ing Whiskey Aged,"Malnaad, the land of the rains, that makes it a holiday. Oloroso, the creamy sherry. What you should expect out of this edition of our coffee? That it shall be a fruity, boozy, creamy, moody holiday. No barrelly, woody notes. Promise. The espresso shot from this coffee is so balanced, it must be the only Whiskey Aged that can be enjoyed with milk - the kind we make out of medium roasts. It's great with mixers, too! Enjoyable in all the different, versatile brewing methods - this one disappoints in none! Taste Profile Creamy, Caramel, Hints of Irish Whiskey Origin Chikmagalur, Karnataka Processing Whiskey Aged Elevation 3500+ ft",https://caffinary.com/products/malnaad-oloroso,https://cdn.shopify.com/s/files/1/0617/6273/2232/files/MO_-_Square_Shopify.png?v=1749824152,Coffee
Malnaad Oloroso - Roasted on 04/06,Caffinary,340.0,100g,Medium Roast,"That it shall be a fruity, boozy, creamy, moody holiday",Chikmagalur,ing Whiskey Aged,"Malnaad, the land of the rains, that makes it a holiday. Oloroso, the creamy sherry. What you should expect out of this edition of our coffee? That it shall be a fruity, boozy, creamy, moody holiday. No barrelly, woody notes. Promise. The espresso shot from this coffee is so balanced, it must be the only Whiskey Aged that can be enjoyed with milk - the kind we make out of medium roasts. It's great with mixers, too! Enjoyable in all the different, versatile brewing methods - this one disappoints in none! Taste Profile Creamy, Caramel, Hints of Irish Whiskey Origin Chikmagalur, Karnataka Processing Whiskey Aged Elevation 3500+ ft",https://caffinary.com/products/malnaad-oloroso,https://cdn.shopify.com/s/files/1/0617/6273/2232/files/MO_-_Square_Shopify.png?v=1749824152,Coffee
Malnaad Oloroso - Roasted on 04/06,Caffinary,340.0,100g,Medium Roast,"That it shall be a fruity, boozy, creamy, moody holiday",Chikmagalur,ing Whiskey Aged,"Malnaad, the land of the rains, that makes it a holiday. Oloroso, the creamy sherry. What you should expect out of this edition of our coffee? That it shall be a fruity, boozy, creamy, moody holiday. No barrelly, woody notes. Promise. The espresso shot from this coffee is so balanced, it must be the only Whiskey Aged that can be enjoyed with milk - the kind we make out of medium roasts. It's great with mixers, too! Enjoyable in all the different, versatile brewing methods - this one disappoints in none! Taste Profile Creamy, Caramel, Hints of Irish Whiskey Origin Chikmagalur, Karnataka Processing Whiskey Aged Elevation 3500+ ft",https://caffinary.com/products/malnaad-oloroso,https://cdn.shopify.com/s/files/1/0617/6273/2232/files/MO_-_Square_Shopify.png?v=1749824152,Coffee
Malnaad Oloroso - Roasted on 04/06,Caffinary,340.0,100g,Medium Roast,"That it shall be a fruity, boozy, creamy, moody holiday",Chikmagalur,ing Whiskey Aged,"Malnaad, the land of the rains, that makes it a holiday. Oloroso, the creamy sherry. What you should expect out of this edition of our coffee? That it shall be a fruity, boozy, creamy, moody holiday. No barrelly, woody notes. Promise. The espresso shot from this coffee is so balanced, it must be the only Whiskey Aged that can be enjoyed with milk - the kind we make out of medium roasts. It's great with mixers, too! Enjoyable in all the different, versatile brewing methods - this one disappoints in none! Taste Profile Creamy, Caramel, Hints of Irish Whiskey Origin Chikmagalur, Karnataka Processing Whiskey Aged Elevation 3500+ ft",https://caffinary.com/products/malnaad-oloroso,https://cdn.shopify.com/s/files/1/0617/6273/2232/files/MO_-_Square_Shopify.png?v=1749824152,Coffee
Malnaad Oloroso - Roasted on 04/06,Caffinary,340.0,100g,Medium Roast,"That it shall be a fruity, boozy, creamy, moody holiday",Chikmagalur,ing Whiskey Aged,"Malnaad, the land of the rains, that makes it a holiday. Oloroso, the creamy sherry. What you should expect out of this edition of our coffee? That it shall be a fruity, boozy, creamy, moody holiday. No barrelly, woody notes. Promise. The espresso shot from this coffee is so balanced, it must be the only Whiskey Aged that can be enjoyed with milk - the kind we make out of medium roasts. It's great with mixers, too! Enjoyable in all the different, versatile brewing methods - this one disappoints in none! Taste Profile Creamy, Caramel, Hints of Irish Whiskey Origin Chikmagalur, Karnataka Processing Whiskey Aged Elevation 3500+ ft",https://caffinary.com/products/malnaad-oloroso,https://cdn.shopify.com/s/files/1/0617/6273/2232/files/MO_-_Square_Shopify.png?v=1749824152,Coffee
Malnaad Oloroso - Roasted on 04/06,Caffinary,340.0,100g,Medium Roast,"That it shall be a fruity, boozy, creamy, moody holiday",Chikmagalur,ing Whiskey Aged,"Malnaad, the land of the rains, that makes it a holiday. Oloroso, the creamy sherry. What you should expect out of this edition of our coffee? That it shall be a fruity, boozy, creamy, moody holiday. No barrelly, woody notes. Promise. The espresso shot from this coffee is so balanced, it must be the only Whiskey Aged that can be enjoyed with milk - the kind we make out of medium roasts. It's great with mixers, too! Enjoyable in all the different, versatile brewing methods - this one disappoints in none! Taste Profile Creamy, Caramel, Hints of Irish Whiskey Origin Chikmagalur, Karnataka Processing Whiskey Aged Elevation 3500+ ft",https://caffinary.com/products/malnaad-oloroso,https://cdn.shopify.com/s/files/1/0617/6273/2232/files/MO_-_Square_Shopify.png?v=1749824152,Coffee
Malnaad Oloroso - Roasted on 04/06,Caffinary,545.0,150g,Medium Roast,"That it shall be a fruity, boozy, creamy, moody holiday",Chikmagalur,ing Whiskey Aged,"Malnaad, the land of the rains, that makes it a holiday. Oloroso, the creamy sherry. What you should expect out of this edition of our coffee? That it shall be a fruity, boozy, creamy, moody holiday. No barrelly, woody notes. Promise. The espresso shot from this coffee is so balanced, it must be the only Whiskey Aged that can be enjoyed with milk - the kind we make out of medium roasts. It's great with mixers, too! Enjoyable in all the different, versatile brewing methods - this one disappoints in none! Taste Profile Creamy, Caramel, Hints of Irish Whiskey Origin Chikmagalur, Karnataka Processing Whiskey Aged Elevation 3500+ ft",https://caffinary.com/products/malnaad-oloroso,https://cdn.shopify.com/s/files/1/0617/6273/2232/files/MO_-_Square_Shopify.png?v=1749824152,Coffee
Malnaad Oloroso - Roasted on 04/06,Caffinary,545.0,150g,Medium Roast,"That it shall be a fruity, boozy, creamy, moody holiday",Chikmagalur,ing Whiskey Aged,"Malnaad, the land of the rains, that makes it a holiday. Oloroso, the creamy sherry. What you should expect out of this edition of our coffee? That it shall be a fruity, boozy, creamy, moody holiday. No barrelly, woody notes. Promise. The espresso shot from this coffee is so balanced, it must be the only Whiskey Aged that can be enjoyed with milk - the kind we make out of medium roasts. It's great with mixers, too! Enjoyable in all the different, versatile brewing methods - this one disappoints in none! Taste Profile Creamy, Caramel, Hints of Irish Whiskey Origin Chikmagalur, Karnataka Processing Whiskey Aged Elevation 3500+ ft",https://caffinary.com/products/malnaad-oloroso,https://cdn.shopify.com/s/files/1/0617/6273/2232/files/MO_-_Square_Shopify.png?v=1749824152,Coffee
Malnaad Oloroso - Roasted on 04/06,Caffinary,545.0,150g,Medium Roast,"That it shall be a fruity, boozy, creamy, moody holiday",Chikmagalur,ing Whiskey Aged,"Malnaad, the land of the rains, that makes it a holiday. Oloroso, the creamy sherry. What you should expect out of this edition of our coffee? That it shall be a fruity, boozy, creamy, moody holiday. No barrelly, woody notes. Promise. The espresso shot from this coffee is so balanced, it must be the only Whiskey Aged that can be enjoyed with milk - the kind we make out of medium roasts. It's great with mixers, too! Enjoyable in all the different, versatile brewing methods - this one disappoints in none! Taste Profile Creamy, Caramel, Hints of Irish Whiskey Origin Chikmagalur, Karnataka Processing Whiskey Aged Elevation 3500+ ft",https://caffinary.com/products/malnaad-oloroso,https://cdn.shopify.com/s/files/1/0617/6273/2232/files/MO_-_Square_Shopify.png?v=1749824152,Coffee
Malnaad Oloroso - Roasted on 04/06,Caffinary,545.0,150g,Medium Roast,"That it shall be a fruity, boozy, creamy, moody holiday",Chikmagalur,ing Whiskey Aged,"Malnaad, the land of the rains, that makes it a holiday. Oloroso, the creamy sherry. What you should expect out of this edition of our coffee? That it shall be a fruity, boozy, creamy, moody holiday. No barrelly, woody notes. Promise. The espresso shot from this coffee is so balanced, it must be the only Whiskey Aged that can be enjoyed with milk - the kind we make out of medium roasts. It's great with mixers, too! Enjoyable in all the different, versatile brewing methods - this one disappoints in none! Taste Profile Creamy, Caramel, Hints of Irish Whiskey Origin Chikmagalur, Karnataka Processing Whiskey Aged Elevation 3500+ ft",https://caffinary.com/products/malnaad-oloroso,https://cdn.shopify.com/s/files/1/0617/6273/2232/files/MO_-_Square_Shopify.png?v=1749824152,Coffee
Malnaad Oloroso - Roasted on 04/06,Caffinary,545.0,150g,Medium Roast,"That it shall be a fruity, boozy, creamy, moody holiday",Chikmagalur,ing Whiskey Aged,"Malnaad, the land of the rains, that makes it a holiday. Oloroso, the creamy sherry. What you should expect out of this edition of our coffee? That it shall be a fruity, boozy, creamy, moody holiday. No barrelly, woody notes. Promise. The espresso shot from this coffee is so balanced, it must be the only Whiskey Aged that can be enjoyed with milk - the kind we make out of medium roasts. It's great with mixers, too! Enjoyable in all the different, versatile brewing methods - this one disappoints in none! Taste Profile Creamy, Caramel, Hints of Irish Whiskey Origin Chikmagalur, Karnataka Processing Whiskey Aged Elevation 3500+ ft",https://caffinary.com/products/malnaad-oloroso,https://cdn.shopify.com/s/files/1/0617/6273/2232/files/MO_-_Square_Shopify.png?v=1749824152,Coffee
Malnaad Oloroso - Roasted on 04/06,Caffinary,545.0,150g,Medium Roast,"That it shall be a fruity, boozy, creamy, moody holiday",Chikmagalur,ing Whiskey Aged,"Malnaad, the land of the rains, that makes it a holiday. Oloroso, the creamy sherry. What you should expect out of this edition of our coffee? That it shall be a fruity, boozy, creamy, moody holiday. No barrelly, woody notes. Promise. The espresso shot from this coffee is so balanced, it must be the only Whiskey Aged that can be enjoyed with milk - the kind we make out of medium roasts. It's great with mixers, too! Enjoyable in all the different, versatile brewing methods - this one disappoints in none! Taste Profile Creamy, Caramel, Hints of Irish Whiskey Origin Chikmagalur, Karnataka Processing Whiskey Aged Elevation 3500+ ft",https://caffinary.com/products/malnaad-oloroso,https://cdn.shopify.com/s/files/1/0617/6273/2232/files/MO_-_Square_Shopify.png?v=1749824152,Coffee
Malnaad Oloroso - Roasted on 04/06,Caffinary,545.0,150g,Medium Roast,"That it shall be a fruity, boozy, creamy, moody holiday",Chikmagalur,ing Whiskey Aged,"Malnaad, the land of the rains, that makes it a holiday. Oloroso, the creamy sherry. What you should expect out of this edition of our coffee? That it shall be a fruity, boozy, creamy, moody holiday. No barrelly, woody notes. Promise. The espresso shot from this coffee is so balanced, it must be the only Whiskey Aged that can be enjoyed with milk - the kind we make out of medium roasts. It's great with mixers, too! Enjoyable in all the different, versatile brewing methods - this one disappoints in none! Taste Profile Creamy, Caramel, Hints of Irish Whiskey Origin Chikmagalur, Karnataka Processing Whiskey Aged Elevation 3500+ ft",https://caffinary.com/products/malnaad-oloroso,https://cdn.shopify.com/s/files/1/0617/6273/2232/files/MO_-_Square_Shopify.png?v=1749824152,Coffee
Malnaad Oloroso - Roasted on 04/06,Caffinary,545.0,150g,Medium Roast,"That it shall be a fruity, boozy, creamy, moody holiday",Chikmagalur,ing Whiskey Aged,"Malnaad, the land of the rains, that makes it a holiday. Oloroso, the creamy sherry. What you should expect out of this edition of our coffee? That it shall be a fruity, boozy, creamy, moody holiday. No barrelly, woody notes. Promise. The espresso shot from this coffee is so balanced, it must be the only Whiskey Aged that can be enjoyed with milk - the kind we make out of medium roasts. It's great with mixers, too! Enjoyable in all the different, versatile brewing methods - this one disappoints in none! Taste Profile Creamy, Caramel, Hints of Irish Whiskey Origin Chikmagalur, Karnataka Processing Whiskey Aged Elevation 3500+ ft",https://caffinary.com/products/malnaad-oloroso,https://cdn.shopify.com/s/files/1/0617/6273/2232/files/MO_-_Square_Shopify.png?v=1749824152,Coffee
Malnaad Oloroso - Roasted on 04/06,Caffinary,545.0,150g,Medium Roast,"That it shall be a fruity, boozy, creamy, moody holiday",Chikmagalur,ing Whiskey Aged,"Malnaad, the land of the rains, that makes it a holiday. Oloroso, the creamy sherry. What you should expect out of this edition of our coffee? That it shall be a fruity, boozy, creamy, moody holiday. No barrelly, woody notes. Promise. The espresso shot from this coffee is so balanced, it must be the only Whiskey Aged that can be enjoyed with milk - the kind we make out of medium roasts. It's great with mixers, too! Enjoyable in all the different, versatile brewing methods - this one disappoints in none! Taste Profile Creamy, Caramel, Hints of Irish Whiskey Origin Chikmagalur, Karnataka Processing Whiskey Aged Elevation 3500+ ft",https://caffinary.com/products/malnaad-oloroso,https://cdn.shopify.com/s/files/1/0617/6273/2232/files/MO_-_Square_Shopify.png?v=1749824152,Coffee
Malnaad Oloroso - Roasted on 04/06,Caffinary,670.0,200g,Medium Roast,"That it shall be a fruity, boozy, creamy, moody holiday",Chikmagalur,ing Whiskey Aged,"Malnaad, the land of the rains, that makes it a holiday. Oloroso, the creamy sherry. What you should expect out of this edition of our coffee? That it shall be a fruity, boozy, creamy, moody holiday. No barrelly, woody notes. Promise. The espresso shot from this coffee is so balanced, it must be the only Whiskey Aged that can be enjoyed with milk - the kind we make out of medium roasts. It's great with mixers, too! Enjoyable in all the different, versatile brewing methods - this one disappoints in none! Taste Profile Creamy, Caramel, Hints of Irish Whiskey Origin Chikmagalur, Karnataka Processing Whiskey Aged Elevation 3500+ ft",https://caffinary.com/products/malnaad-oloroso,https://cdn.shopify.com/s/files/1/0617/6273/2232/files/MO_-_Square_Shopify.png?v=1749824152,Coffee
Malnaad Oloroso - Roasted on 04/06,Caffinary,670.0,200g,Medium Roast,"That it shall be a fruity, boozy, creamy, moody holiday",Chikmagalur,ing Whiskey Aged,"Malnaad, the land of the rains, that makes it a holiday. Oloroso, the creamy sherry. What you should expect out of this edition of our coffee? That it shall be a fruity, boozy, creamy, moody holiday. No barrelly, woody notes. Promise. The espresso shot from this coffee is so balanced, it must be the only Whiskey Aged that can be enjoyed with milk - the kind we make out of medium roasts. It's great with mixers, too! Enjoyable in all the different, versatile brewing methods - this one disappoints in none! Taste Profile Creamy, Caramel, Hints of Irish Whiskey Origin Chikmagalur, Karnataka Processing Whiskey Aged Elevation 3500+ ft",https://caffinary.com/products/malnaad-oloroso,https://cdn.shopify.com/s/files/1/0617/6273/2232/files/MO_-_Square_Shopify.png?v=1749824152,Coffee
Malnaad Oloroso - Roasted on 04/06,Caffinary,670.0,200g,Medium Roast,"That it shall be a fruity, boozy, creamy, moody holiday",Chikmagalur,ing Whiskey Aged,"Malnaad, the land of the rains, that makes it a holiday. Oloroso, the creamy sherry. What you should expect out of this edition of our coffee? That it shall be a fruity, boozy, creamy, moody holiday. No barrelly, woody notes. Promise. The espresso shot from this coffee is so balanced, it must be the only Whiskey Aged that can be enjoyed with milk - the kind we make out of medium roasts. It's great with mixers, too! Enjoyable in all the different, versatile brewing methods - this one disappoints in none! Taste Profile Creamy, Caramel, Hints of Irish Whiskey Origin Chikmagalur, Karnataka Processing Whiskey Aged Elevation 3500+ ft",https://caffinary.com/products/malnaad-oloroso,https://cdn.shopify.com/s/files/1/0617/6273/2232/files/MO_-_Square_Shopify.png?v=1749824152,Coffee
Malnaad Oloroso - Roasted on 04/06,Caffinary,670.0,200g,Medium Roast,"That it shall be a fruity, boozy, creamy, moody holiday",Chikmagalur,ing Whiskey Aged,"Malnaad, the land of the rains, that makes it a holiday. Oloroso, the creamy sherry. What you should expect out of this edition of our coffee? That it shall be a fruity, boozy, creamy, moody holiday. No barrelly, woody notes. Promise. The espresso shot from this coffee is so balanced, it must be the only Whiskey Aged that can be enjoyed with milk - the kind we make out of medium roasts. It's great with mixers, too! Enjoyable in all the different, versatile brewing methods - this one disappoints in none! Taste Profile Creamy, Caramel, Hints of Irish Whiskey Origin Chikmagalur, Karnataka Processing Whiskey Aged Elevation 3500+ ft",https://caffinary.com/products/malnaad-oloroso,https://cdn.shopify.com/s/files/1/0617/6273/2232/files/MO_-_Square_Shopify.png?v=1749824152,Coffee
Malnaad Oloroso - Roasted on 04/06,Caffinary,670.0,200g,Medium Roast,"That it shall be a fruity, boozy, creamy, moody holiday",Chikmagalur,ing Whiskey Aged,"Malnaad, the land of the rains, that makes it a holiday. Oloroso, the creamy sherry. What you should expect out of this edition of our coffee? That it shall be a fruity, boozy, creamy, moody holiday. No barrelly, woody notes. Promise. The espresso shot from this coffee is so balanced, it must be the only Whiskey Aged that can be enjoyed with milk - the kind we make out of medium roasts. It's great with mixers, too! Enjoyable in all the different, versatile brewing methods - this one disappoints in none! Taste Profile Creamy, Caramel, Hints of Irish Whiskey Origin Chikmagalur, Karnataka Processing Whiskey Aged Elevation 3500+ ft",https://caffinary.com/products/malnaad-oloroso,https://cdn.shopify.com/s/files/1/0617/6273/2232/files/MO_-_Square_Shopify.png?v=1749824152,Coffee
Malnaad Oloroso - Roasted on 04/06,Caffinary,670.0,200g,Medium Roast,"That it shall be a fruity, boozy, creamy, moody holiday",Chikmagalur,ing Whiskey Aged,"Malnaad, the land of the rains, that makes it a holiday. Oloroso, the creamy sherry. What you should expect out of this edition of our coffee? That it shall be a fruity, boozy, creamy, moody holiday. No barrelly, woody notes. Promise. The espresso shot from this coffee is so balanced, it must be the only Whiskey Aged that can be enjoyed with milk - the kind we make out of medium roasts. It's great with mixers, too! Enjoyable in all the different, versatile brewing methods - this one disappoints in none! Taste Profile Creamy, Caramel, Hints of Irish Whiskey Origin Chikmagalur, Karnataka Processing Whiskey Aged Elevation 3500+ ft",https://caffinary.com/products/malnaad-oloroso,https://cdn.shopify.com/s/files/1/0617/6273/2232/files/MO_-_Square_Shopify.png?v=1749824152,Coffee
Malnaad Oloroso - Roasted on 04/06,Caffinary,670.0,200g,Medium Roast,"That it shall be a fruity, boozy, creamy, moody holiday",Chikmagalur,ing Whiskey Aged,"Malnaad, the land of the rains, that makes it a holiday. Oloroso, the creamy sherry. What you should expect out of this edition of our coffee? That it shall be a fruity, boozy, creamy, moody holiday. No barrelly, woody notes. Promise. The espresso shot from this coffee is so balanced, it must be the only Whiskey Aged that can be enjoyed with milk - the kind we make out of medium roasts. It's great with mixers, too! Enjoyable in all the different, versatile brewing methods - this one disappoints in none! Taste Profile Creamy, Caramel, Hints of Irish Whiskey Origin Chikmagalur, Karnataka Processing Whiskey Aged Elevation 3500+ ft",https://caffinary.com/products/malnaad-oloroso,https://cdn.shopify.com/s/files/1/0617/6273/2232/files/MO_-_Square_Shopify.png?v=1749824152,Coffee
Malnaad Oloroso - Roasted on 04/06,Caffinary,670.0,200g,Medium Roast,"That it shall be a fruity, boozy, creamy, moody holiday",Chikmagalur,ing Whiskey Aged,"Malnaad, the land of the rains, that makes it a holiday. Oloroso, the creamy sherry. What you should expect out of this edition of our coffee? That it shall be a fruity, boozy, creamy, moody holiday. No barrelly, woody notes. Promise. The espresso shot from this coffee is so balanced, it must be the only Whiskey Aged that can be enjoyed with milk - the kind we make out of medium roasts. It's great with mixers, too! Enjoyable in all the different, versatile brewing methods - this one disappoints in none! Taste Profile Creamy, Caramel, Hints of Irish Whiskey Origin Chikmagalur, Karnataka Processing Whiskey Aged Elevation 3500+ ft",https://caffinary.com/products/malnaad-oloroso,https://cdn.shopify.com/s/files/1/0617/6273/2232/files/MO_-_Square_Shopify.png?v=1749824152,Coffee
Malnaad Oloroso - Roasted on 04/06,Caffinary,670.0,200g,Medium Roast,"That it shall be a fruity, boozy, creamy, moody holiday",Chikmagalur,ing Whiskey Aged,"Malnaad, the land of the rains, that makes it a holiday. Oloroso, the creamy sherry. What you should expect out of this edition of our coffee? That it shall be a fruity, boozy, creamy, moody holiday. No barrelly, woody notes. Promise. The espresso shot from this coffee is so balanced, it must be the only Whiskey Aged that can be enjoyed with milk - the kind we make out of medium roasts. It's great with mixers, too! Enjoyable in all the different, versatile brewing methods - this one disappoints in none! Taste Profile Creamy, Caramel, Hints of Irish Whiskey Origin Chikmagalur, Karnataka Processing Whiskey Aged Elevation 3500+ ft",https://caffinary.com/products/malnaad-oloroso,https://cdn.shopify.com/s/files/1/0617/6273/2232/files/MO_-_Square_Shopify.png?v=1749824152,Coffee
Malnaad Oloroso - Roasted on 04/06,Caffinary,850.0,250g,Medium Roast,"That it shall be a fruity, boozy, creamy, moody holiday",Chikmagalur,ing Whiskey Aged,"Malnaad, the land of the rains, that makes it a holiday. Oloroso, the creamy sherry. What you should expect out of this edition of our coffee? That it shall be a fruity, boozy, creamy, moody holiday. No barrelly, woody notes. Promise. The espresso shot from this coffee is so balanced, it must be the only Whiskey Aged that can be enjoyed with milk - the kind we make out of medium roasts. It's great with mixers, too! Enjoyable in all the different, versatile brewing methods - this one disappoints in none! Taste Profile Creamy, Caramel, Hints of Irish Whiskey Origin Chikmagalur, Karnataka Processing Whiskey Aged Elevation 3500+ ft",https://caffinary.com/products/malnaad-oloroso,https://cdn.shopify.com/s/files/1/0617/6273/2232/files/MO_-_Square_Shopify.png?v=1749824152,Coffee
Malnaad Oloroso - Roasted on 04/06,Caffinary,850.0,250g,Medium Roast,"That it shall be a fruity, boozy, creamy, moody holiday",Chikmagalur,ing Whiskey Aged,"Malnaad, the land of the rains, that makes it a holiday. Oloroso, the creamy sherry. What you should expect out of this edition of our coffee? That it shall be a fruity, boozy, creamy, moody holiday. No barrelly, woody notes. Promise. The espresso shot from this coffee is so balanced, it must be the only Whiskey Aged that can be enjoyed with milk - the kind we make out of medium roasts. It's great with mixers, too! Enjoyable in all the different, versatile brewing methods - this one disappoints in none! Taste Profile Creamy, Caramel, Hints of Irish Whiskey Origin Chikmagalur, Karnataka Processing Whiskey Aged Elevation 3500+ ft",https://caffinary.com/products/malnaad-oloroso,https://cdn.shopify.com/s/files/1/0617/6273/2232/files/MO_-_Square_Shopify.png?v=1749824152,Coffee
Malnaad Oloroso - Roasted on 04/06,Caffinary,850.0,250g,Medium Roast,"That it shall be a fruity, boozy, creamy, moody holiday",Chikmagalur,ing Whiskey Aged,"Malnaad, the land of the rains, that makes it a holiday. Oloroso, the creamy sherry. What you should expect out of this edition of our coffee? That it shall be a fruity, boozy, creamy, moody holiday. No barrelly, woody notes. Promise. The espresso shot from this coffee is so balanced, it must be the only Whiskey Aged that can be enjoyed with milk - the kind we make out of medium roasts. It's great with mixers, too! Enjoyable in all the different, versatile brewing methods - this one disappoints in none! Taste Profile Creamy, Caramel, Hints of Irish Whiskey Origin Chikmagalur, Karnataka Processing Whiskey Aged Elevation 3500+ ft",https://caffinary.com/products/malnaad-oloroso,https://cdn.shopify.com/s/files/1/0617/6273/2232/files/MO_-_Square_Shopify.png?v=1749824152,Coffee
Malnaad Oloroso - Roasted on 04/06,Caffinary,850.0,250g,Medium Roast,"That it shall be a fruity, boozy, creamy, moody holiday",Chikmagalur,ing Whiskey Aged,"Malnaad, the land of the rains, that makes it a holiday. Oloroso, the creamy sherry. What you should expect out of this edition of our coffee? That it shall be a fruity, boozy, creamy, moody holiday. No barrelly, woody notes. Promise. The espresso shot from this coffee is so balanced, it must be the only Whiskey Aged that can be enjoyed with milk - the kind we make out of medium roasts. It's great with mixers, too! Enjoyable in all the different, versatile brewing methods - this one disappoints in none! Taste Profile Creamy, Caramel, Hints of Irish Whiskey Origin Chikmagalur, Karnataka Processing Whiskey Aged Elevation 3500+ ft",https://caffinary.com/products/malnaad-oloroso,https://cdn.shopify.com/s/files/1/0617/6273/2232/files/MO_-_Square_Shopify.png?v=1749824152,Coffee
Malnaad Oloroso - Roasted on 04/06,Caffinary,850.0,250g,Medium Roast,"That it shall be a fruity, boozy, creamy, moody holiday",Chikmagalur,ing Whiskey Aged,"Malnaad, the land of the rains, that makes it a holiday. Oloroso, the creamy sherry. What you should expect out of this edition of our coffee? That it shall be a fruity, boozy, creamy, moody holiday. No barrelly, woody notes. Promise. The espresso shot from this coffee is so balanced, it must be the only Whiskey Aged that can be enjoyed with milk - the kind we make out of medium roasts. It's great with mixers, too! Enjoyable in all the different, versatile brewing methods - this one disappoints in none! Taste Profile Creamy, Caramel, Hints of Irish Whiskey Origin Chikmagalur, Karnataka Processing Whiskey Aged Elevation 3500+ ft",https://caffinary.com/products/malnaad-oloroso,https://cdn.shopify.com/s/files/1/0617/6273/2232/files/MO_-_Square_Shopify.png?v=1749824152,Coffee
Malnaad Oloroso - Roasted on 04/06,Caffinary,850.0,250g,Medium Roast,"That it shall be a fruity, boozy, creamy, moody holiday",Chikmagalur,ing Whiskey Aged,"Malnaad, the land of the rains, that makes it a holiday. Oloroso, the creamy sherry. What you should expect out of this edition of our coffee? That it shall be a fruity, boozy, creamy, moody holiday. No barrelly, woody notes. Promise. The espresso shot from this coffee is so balanced, it must be the only Whiskey Aged that can be enjoyed with milk - the kind we make out of medium roasts. It's great with mixers, too! Enjoyable in all the different, versatile brewing methods - this one disappoints in none! Taste Profile Creamy, Caramel, Hints of Irish Whiskey Origin Chikmagalur, Karnataka Processing Whiskey Aged Elevation 3500+ ft",https://caffinary.com/products/malnaad-oloroso,https://cdn.shopify.com/s/files/1/0617/6273/2232/files/MO_-_Square_Shopify.png?v=1749824152,Coffee
Malnaad Oloroso - Roasted on 04/06,Caffinary,850.0,250g,Medium Roast,"That it shall be a fruity, boozy, creamy, moody holiday",Chikmagalur,ing Whiskey Aged,"Malnaad, the land of the rains, that makes it a holiday. Oloroso, the creamy sherry. What you should expect out of this edition of our coffee? That it shall be a fruity, boozy, creamy, moody holiday. No barrelly, woody notes. Promise. The espresso shot from this coffee is so balanced, it must be the only Whiskey Aged that can be enjoyed with milk - the kind we make out of medium roasts. It's great with mixers, too! Enjoyable in all the different, versatile brewing methods - this one disappoints in none! Taste Profile Creamy, Caramel, Hints of Irish Whiskey Origin Chikmagalur, Karnataka Processing Whiskey Aged Elevation 3500+ ft",https://caffinary.com/products/malnaad-oloroso,https://cdn.shopify.com/s/files/1/0617/6273/2232/files/MO_-_Square_Shopify.png?v=1749824152,Coffee
Malnaad Oloroso - Roasted on 04/06,Caffinary,850.0,250g,Medium Roast,"That it shall be a fruity, boozy, creamy, moody holiday",Chikmagalur,ing Whiskey Aged,"Malnaad, the land of the rains, that makes it a holiday. Oloroso, the creamy sherry. What you should expect out of this edition of our coffee? That it shall be a fruity, boozy, creamy, moody holiday. No barrelly, woody notes. Promise. The espresso shot from this coffee is so balanced, it must be the only Whiskey Aged that can be enjoyed with milk - the kind we make out of medium roasts. It's great with mixers, too! Enjoyable in all the different, versatile brewing methods - this one disappoints in none! Taste Profile Creamy, Caramel, Hints of Irish Whiskey Origin Chikmagalur, Karnataka Processing Whiskey Aged Elevation 3500+ ft",https://caffinary.com/products/malnaad-oloroso,https://cdn.shopify.com/s/files/1/0617/6273/2232/files/MO_-_Square_Shopify.png?v=1749824152,Coffee
Malnaad Oloroso - Roasted on 04/06,Caffinary,850.0,250g,Medium Roast,"That it shall be a fruity, boozy, creamy, moody holiday",Chikmagalur,ing Whiskey Aged,"Malnaad, the land of the rains, that makes it a holiday. Oloroso, the creamy sherry. What you should expect out of this edition of our coffee? That it shall be a fruity, boozy, creamy, moody holiday. No barrelly, woody notes. Promise. The espresso shot from this coffee is so balanced, it must be the only Whiskey Aged that can be enjoyed with milk - the kind we make out of medium roasts. It's great with mixers, too! Enjoyable in all the different, versatile brewing methods - this one disappoints in none! Taste Profile Creamy, Caramel, Hints of Irish Whiskey Origin Chikmagalur, Karnataka Processing Whiskey Aged Elevation 3500+ ft",https://caffinary.com/products/malnaad-oloroso,https://cdn.shopify.com/s/files/1/0617/6273/2232/files/MO_-_Square_Shopify.png?v=1749824152,Coffee
Malnaad Oloroso - Roasted on 04/06,Caffinary,1650.0,500g,Medium Roast,"That it shall be a fruity, boozy, creamy, moody holiday",Chikmagalur,ing Whiskey Aged,"Malnaad, the land of the rains, that makes it a holiday. Oloroso, the creamy sherry. What you should expect out of this edition of our coffee? That it shall be a fruity, boozy, creamy, moody holiday. No barrelly, woody notes. Promise. The espresso shot from this coffee is so balanced, it must be the only Whiskey Aged that can be enjoyed with milk - the kind we make out of medium roasts. It's great with mixers, too! Enjoyable in all the different, versatile brewing methods - this one disappoints in none! Taste Profile Creamy, Caramel, Hints of Irish Whiskey Origin Chikmagalur, Karnataka Processing Whiskey Aged Elevation 3500+ ft",https://caffinary.com/products/malnaad-oloroso,https://cdn.shopify.com/s/files/1/0617/6273/2232/files/MO_-_Square_Shopify.png?v=1749824152,Coffee
Malnaad Oloroso - Roasted on 04/06,Caffinary,1650.0,500g,Medium Roast,"That it shall be a fruity, boozy, creamy, moody holiday",Chikmagalur,ing Whiskey Aged,"Malnaad, the land of the rains, that makes it a holiday. Oloroso, the creamy sherry. What you should expect out of this edition of our coffee? That it shall be a fruity, boozy, creamy, moody holiday. No barrelly, woody notes. Promise. The espresso shot from this coffee is so balanced, it must be the only Whiskey Aged that can be enjoyed with milk - the kind we make out of medium roasts. It's great with mixers, too! Enjoyable in all the different, versatile brewing methods - this one disappoints in none! Taste Profile Creamy, Caramel, Hints of Irish Whiskey Origin Chikmagalur, Karnataka Processing Whiskey Aged Elevation 3500+ ft",https://caffinary.com/products/malnaad-oloroso,https://cdn.shopify.com/s/files/1/0617/6273/2232/files/MO_-_Square_Shopify.png?v=1749824152,Coffee
Malnaad Oloroso - Roasted on 04/06,Caffinary,1650.0,500g,Medium Roast,"That it shall be a fruity, boozy, creamy, moody holiday",Chikmagalur,ing Whiskey Aged,"Malnaad, the land of the rains, that makes it a holiday. Oloroso, the creamy sherry. What you should expect out of this edition of our coffee? That it shall be a fruity, boozy, creamy, moody holiday. No barrelly, woody notes. Promise. The espresso shot from this coffee is so balanced, it must be the only Whiskey Aged that can be enjoyed with milk - the kind we make out of medium roasts. It's great with mixers, too! Enjoyable in all the different, versatile brewing methods - this one disappoints in none! Taste Profile Creamy, Caramel, Hints of Irish Whiskey Origin Chikmagalur, Karnataka Processing Whiskey Aged Elevation 3500+ ft",https://caffinary.com/products/malnaad-oloroso,https://cdn.shopify.com/s/files/1/0617/6273/2232/files/MO_-_Square_Shopify.png?v=1749824152,Coffee
Malnaad Oloroso - Roasted on 04/06,Caffinary,1650.0,500g,Medium Roast,"That it shall be a fruity, boozy, creamy, moody holiday",Chikmagalur,ing Whiskey Aged,"Malnaad, the land of the rains, that makes it a holiday. Oloroso, the creamy sherry. What you should expect out of this edition of our coffee? That it shall be a fruity, boozy, creamy, moody holiday. No barrelly, woody notes. Promise. The espresso shot from this coffee is so balanced, it must be the only Whiskey Aged that can be enjoyed with milk - the kind we make out of medium roasts. It's great with mixers, too! Enjoyable in all the different, versatile brewing methods - this one disappoints in none! Taste Profile Creamy, Caramel, Hints of Irish Whiskey Origin Chikmagalur, Karnataka Processing Whiskey Aged Elevation 3500+ ft",https://caffinary.com/products/malnaad-oloroso,https://cdn.shopify.com/s/files/1/0617/6273/2232/files/MO_-_Square_Shopify.png?v=1749824152,Coffee
Malnaad Oloroso - Roasted on 04/06,Caffinary,1650.0,500g,Medium Roast,"That it shall be a fruity, boozy, creamy, moody holiday",Chikmagalur,ing Whiskey Aged,"Malnaad, the land of the rains, that makes it a holiday. Oloroso, the creamy sherry. What you should expect out of this edition of our coffee? That it shall be a fruity, boozy, creamy, moody holiday. No barrelly, woody notes. Promise. The espresso shot from this coffee is so balanced, it must be the only Whiskey Aged that can be enjoyed with milk - the kind we make out of medium roasts. It's great with mixers, too! Enjoyable in all the different, versatile brewing methods - this one disappoints in none! Taste Profile Creamy, Caramel, Hints of Irish Whiskey Origin Chikmagalur, Karnataka Processing Whiskey Aged Elevation 3500+ ft",https://caffinary.com/products/malnaad-oloroso,https://cdn.shopify.com/s/files/1/0617/6273/2232/files/MO_-_Square_Shopify.png?v=1749824152,Coffee
Malnaad Oloroso - Roasted on 04/06,Caffinary,1650.0,500g,Medium Roast,"That it shall be a fruity, boozy, creamy, moody holiday",Chikmagalur,ing Whiskey Aged,"Malnaad, the land of the rains, that makes it a holiday. Oloroso, the creamy sherry. What you should expect out of this edition of our coffee? That it shall be a fruity, boozy, creamy, moody holiday. No barrelly, woody notes. Promise. The espresso shot from this coffee is so balanced, it must be the only Whiskey Aged that can be enjoyed with milk - the kind we make out of medium roasts. It's great with mixers, too! Enjoyable in all the different, versatile brewing methods - this one disappoints in none! Taste Profile Creamy, Caramel, Hints of Irish Whiskey Origin Chikmagalur, Karnataka Processing Whiskey Aged Elevation 3500+ ft",https://caffinary.com/products/malnaad-oloroso,https://cdn.shopify.com/s/files/1/0617/6273/2232/files/MO_-_Square_Shopify.png?v=1749824152,Coffee
Malnaad Oloroso - Roasted on 04/06,Caffinary,1650.0,500g,Medium Roast,"That it shall be a fruity, boozy, creamy, moody holiday",Chikmagalur,ing Whiskey Aged,"Malnaad, the land of the rains, that makes it a holiday. Oloroso, the creamy sherry. What you should expect out of this edition of our coffee? That it shall be a fruity, boozy, creamy, moody holiday. No barrelly, woody notes. Promise. The espresso shot from this coffee is so balanced, it must be the only Whiskey Aged that can be enjoyed with milk - the kind we make out of medium roasts. It's great with mixers, too! Enjoyable in all the different, versatile brewing methods - this one disappoints in none! Taste Profile Creamy, Caramel, Hints of Irish Whiskey Origin Chikmagalur, Karnataka Processing Whiskey Aged Elevation 3500+ ft",https://caffinary.com/products/malnaad-oloroso,https://cdn.shopify.com/s/files/1/0617/6273/2232/files/MO_-_Square_Shopify.png?v=1749824152,Coffee
Malnaad Oloroso - Roasted on 04/06,Caffinary,1650.0,500g,Medium Roast,"That it shall be a fruity, boozy, creamy, moody holiday",Chikmagalur,ing Whiskey Aged,"Malnaad, the land of the rains, that makes it a holiday. Oloroso, the creamy sherry. What you should expect out of this edition of our coffee? That it shall be a fruity, boozy, creamy, moody holiday. No barrelly, woody notes. Promise. The espresso shot from this coffee is so balanced, it must be the only Whiskey Aged that can be enjoyed with milk - the kind we make out of medium roasts. It's great with mixers, too! Enjoyable in all the different, versatile brewing methods - this one disappoints in none! Taste Profile Creamy, Caramel, Hints of Irish Whiskey Origin Chikmagalur, Karnataka Processing Whiskey Aged Elevation 3500+ ft",https://caffinary.com/products/malnaad-oloroso,https://cdn.shopify.com/s/files/1/0617/6273/2232/files/MO_-_Square_Shopify.png?v=1749824152,Coffee
Malnaad Oloroso - Roasted on 04/06,Caffinary,1650.0,500g,Medium Roast,"That it shall be a fruity, boozy, creamy, moody holiday",Chikmagalur,ing Whiskey Aged,"Malnaad, the land of the rains, that makes it a holiday. Oloroso, the creamy sherry. What you should expect out of this edition of our coffee? That it shall be a fruity, boozy, creamy, moody holiday. No barrelly, woody notes. Promise. The espresso shot from this coffee is so balanced, it must be the only Whiskey Aged that can be enjoyed with milk - the kind we make out of medium roasts. It's great with mixers, too! Enjoyable in all the different, versatile brewing methods - this one disappoints in none! Taste Profile Creamy, Caramel, Hints of Irish Whiskey Origin Chikmagalur, Karnataka Processing Whiskey Aged Elevation 3500+ ft",https://caffinary.com/products/malnaad-oloroso,https://cdn.shopify.com/s/files/1/0617/6273/2232/files/MO_-_Square_Shopify.png?v=1749824152,Coffee
Tawny Ristretta - Roasted on 26/05,Caffinary,145.0,50g,,,,Anaerobic,"Limited edition of 45kg Fine Robustas have always been close to our hearts, and this one adds yet another layer to our journey of discovering truly exceptional lots. Hegbal Estate gets its name for Hebbagillu - Kannada for ""great gateway"". R un by Mr Devdas Menezes since 1996, he is a 3rd generational grower who has pioneered specialty harvests and post harvests for both Arabica and Robusta, and believes in a bright future for Robusta. We got our hands on a beautiful bodied batch - an anaerobic Honey fermented twice for 60 hours. The cherries were stored in Ecotact bags, then pulped, and stored in Ecotact bags again. After six months of experimentation and five distinct roast profiles, we’ve arrived at this expression — one that best highlights the character of this coffee. We’re releasing it in a limited batch at a special price to invite your palate into the conversation. Your feedback will shape how we take this coffee forward in future roasts.",https://caffinary.com/products/tawny-ristretta,https://cdn.shopify.com/s/files/1/0617/6273/2232/files/TR-Tsp-Card.png?v=1773593487,Coffee
Tawny Ristretta - Roasted on 26/05,Caffinary,145.0,50g,,,,Anaerobic,"Limited edition of 45kg Fine Robustas have always been close to our hearts, and this one adds yet another layer to our journey of discovering truly exceptional lots. Hegbal Estate gets its name for Hebbagillu - Kannada for ""great gateway"". R un by Mr Devdas Menezes since 1996, he is a 3rd generational grower who has pioneered specialty harvests and post harvests for both Arabica and Robusta, and believes in a bright future for Robusta. We got our hands on a beautiful bodied batch - an anaerobic Honey fermented twice for 60 hours. The cherries were stored in Ecotact bags, then pulped, and stored in Ecotact bags again. After six months of experimentation and five distinct roast profiles, we’ve arrived at this expression — one that best highlights the character of this coffee. We’re releasing it in a limited batch at a special price to invite your palate into the conversation. Your feedback will shape how we take this coffee forward in future roasts.",https://caffinary.com/products/tawny-ristretta,https://cdn.shopify.com/s/files/1/0617/6273/2232/files/TR-Tsp-Card.png?v=1773593487,Coffee
Tawny Ristretta - Roasted on 26/05,Caffinary,145.0,50g,,,,Anaerobic,"Limited edition of 45kg Fine Robustas have always been close to our hearts, and this one adds yet another layer to our journey of discovering truly exceptional lots. Hegbal Estate gets its name for Hebbagillu - Kannada for ""great gateway"". R un by Mr Devdas Menezes since 1996, he is a 3rd generational grower who has pioneered specialty harvests and post harvests for both Arabica and Robusta, and believes in a bright future for Robusta. We got our hands on a beautiful bodied batch - an anaerobic Honey fermented twice for 60 hours. The cherries were stored in Ecotact bags, then pulped, and stored in Ecotact bags again. After six months of experimentation and five distinct roast profiles, we’ve arrived at this expression — one that best highlights the character of this coffee. We’re releasing it in a limited batch at a special price to invite your palate into the conversation. Your feedback will shape how we take this coffee forward in future roasts.",https://caffinary.com/products/tawny-ristretta,https://cdn.shopify.com/s/files/1/0617/6273/2232/files/TR-Tsp-Card.png?v=1773593487,Coffee
Tawny Ristretta - Roasted on 26/05,Caffinary,145.0,50g,,,,Anaerobic,"Limited edition of 45kg Fine Robustas have always been close to our hearts, and this one adds yet another layer to our journey of discovering truly exceptional lots. Hegbal Estate gets its name for Hebbagillu - Kannada for ""great gateway"". R un by Mr Devdas Menezes since 1996, he is a 3rd generational grower who has pioneered specialty harvests and post harvests for both Arabica and Robusta, and believes in a bright future for Robusta. We got our hands on a beautiful bodied batch - an anaerobic Honey fermented twice for 60 hours. The cherries were stored in Ecotact bags, then pulped, and stored in Ecotact bags again. After six months of experimentation and five distinct roast profiles, we’ve arrived at this expression — one that best highlights the character of this coffee. We’re releasing it in a limited batch at a special price to invite your palate into the conversation. Your feedback will shape how we take this coffee forward in future roasts.",https://caffinary.com/products/tawny-ristretta,https://cdn.shopify.com/s/files/1/0617/6273/2232/files/TR-Tsp-Card.png?v=1773593487,Coffee
Tawny Ristretta - Roasted on 26/05,Caffinary,145.0,50g,,,,Anaerobic,"Limited edition of 45kg Fine Robustas have always been close to our hearts, and this one adds yet another layer to our journey of discovering truly exceptional lots. Hegbal Estate gets its name for Hebbagillu - Kannada for ""great gateway"". R un by Mr Devdas Menezes since 1996, he is a 3rd generational grower who has pioneered specialty harvests and post harvests for both Arabica and Robusta, and believes in a bright future for Robusta. We got our hands on a beautiful bodied batch - an anaerobic Honey fermented twice for 60 hours. The cherries were stored in Ecotact bags, then pulped, and stored in Ecotact bags again. After six months of experimentation and five distinct roast profiles, we’ve arrived at this expression — one that best highlights the character of this coffee. We’re releasing it in a limited batch at a special price to invite your palate into the conversation. Your feedback will shape how we take this coffee forward in future roasts.",https://caffinary.com/products/tawny-ristretta,https://cdn.shopify.com/s/files/1/0617/6273/2232/files/TR-Tsp-Card.png?v=1773593487,Coffee
Tawny Ristretta - Roasted on 26/05,Caffinary,145.0,50g,,,,Anaerobic,"Limited edition of 45kg Fine Robustas have always been close to our hearts, and this one adds yet another layer to our journey of discovering truly exceptional lots. Hegbal Estate gets its name for Hebbagillu - Kannada for ""great gateway"". R un by Mr Devdas Menezes since 1996, he is a 3rd generational grower who has pioneered specialty harvests and post harvests for both Arabica and Robusta, and believes in a bright future for Robusta. We got our hands on a beautiful bodied batch - an anaerobic Honey fermented twice for 60 hours. The cherries were stored in Ecotact bags, then pulped, and stored in Ecotact bags again. After six months of experimentation and five distinct roast profiles, we’ve arrived at this expression — one that best highlights the character of this coffee. We’re releasing it in a limited batch at a special price to invite your palate into the conversation. Your feedback will shape how we take this coffee forward in future roasts.",https://caffinary.com/products/tawny-ristretta,https://cdn.shopify.com/s/files/1/0617/6273/2232/files/TR-Tsp-Card.png?v=1773593487,Coffee
Tawny Ristretta - Roasted on 26/05,Caffinary,145.0,50g,,,,Anaerobic,"Limited edition of 45kg Fine Robustas have always been close to our hearts, and this one adds yet another layer to our journey of discovering truly exceptional lots. Hegbal Estate gets its name for Hebbagillu - Kannada for ""great gateway"". R un by Mr Devdas Menezes since 1996, he is a 3rd generational grower who has pioneered specialty harvests and post harvests for both Arabica and Robusta, and believes in a bright future for Robusta. We got our hands on a beautiful bodied batch - an anaerobic Honey fermented twice for 60 hours. The cherries were stored in Ecotact bags, then pulped, and stored in Ecotact bags again. After six months of experimentation and five distinct roast profiles, we’ve arrived at this expression — one that best highlights the character of this coffee. We’re releasing it in a limited batch at a special price to invite your palate into the conversation. Your feedback will shape how we take this coffee forward in future roasts.",https://caffinary.com/products/tawny-ristretta,https://cdn.shopify.com/s/files/1/0617/6273/2232/files/TR-Tsp-Card.png?v=1773593487,Coffee
Tawny Ristretta - Roasted on 26/05,Caffinary,145.0,50g,,,,Anaerobic,"Limited edition of 45kg Fine Robustas have always been close to our hearts, and this one adds yet another layer to our journey of discovering truly exceptional lots. Hegbal Estate gets its name for Hebbagillu - Kannada for ""great gateway"". R un by Mr Devdas Menezes since 1996, he is a 3rd generational grower who has pioneered specialty harvests and post harvests for both Arabica and Robusta, and believes in a bright future for Robusta. We got our hands on a beautiful bodied batch - an anaerobic Honey fermented twice for 60 hours. The cherries were stored in Ecotact bags, then pulped, and stored in Ecotact bags again. After six months of experimentation and five distinct roast profiles, we’ve arrived at this expression — one that best highlights the character of this coffee. We’re releasing it in a limited batch at a special price to invite your palate into the conversation. Your feedback will shape how we take this coffee forward in future roasts.",https://caffinary.com/products/tawny-ristretta,https://cdn.shopify.com/s/files/1/0617/6273/2232/files/TR-Tsp-Card.png?v=1773593487,Coffee
Tawny Ristretta - Roasted on 26/05,Caffinary,145.0,50g,,,,Anaerobic,"Limited edition of 45kg Fine Robustas have always been close to our hearts, and this one adds yet another layer to our journey of discovering truly exceptional lots. Hegbal Estate gets its name for Hebbagillu - Kannada for ""great gateway"". R un by Mr Devdas Menezes since 1996, he is a 3rd generational grower who has pioneered specialty harvests and post harvests for both Arabica and Robusta, and believes in a bright future for Robusta. We got our hands on a beautiful bodied batch - an anaerobic Honey fermented twice for 60 hours. The cherries were stored in Ecotact bags, then pulped, and stored in Ecotact bags again. After six months of experimentation and five distinct roast profiles, we’ve arrived at this expression — one that best highlights the character of this coffee. We’re releasing it in a limited batch at a special price to invite your palate into the conversation. Your feedback will shape how we take this coffee forward in future roasts.",https://caffinary.com/products/tawny-ristretta,https://cdn.shopify.com/s/files/1/0617/6273/2232/files/TR-Tsp-Card.png?v=1773593487,Coffee
Tawny Ristretta - Roasted on 26/05,Caffinary,275.0,100g,,,,Anaerobic,"Limited edition of 45kg Fine Robustas have always been close to our hearts, and this one adds yet another layer to our journey of discovering truly exceptional lots. Hegbal Estate gets its name for Hebbagillu - Kannada for ""great gateway"". R un by Mr Devdas Menezes since 1996, he is a 3rd generational grower who has pioneered specialty harvests and post harvests for both Arabica and Robusta, and believes in a bright future for Robusta. We got our hands on a beautiful bodied batch - an anaerobic Honey fermented twice for 60 hours. The cherries were stored in Ecotact bags, then pulped, and stored in Ecotact bags again. After six months of experimentation and five distinct roast profiles, we’ve arrived at this expression — one that best highlights the character of this coffee. We’re releasing it in a limited batch at a special price to invite your palate into the conversation. Your feedback will shape how we take this coffee forward in future roasts.",https://caffinary.com/products/tawny-ristretta,https://cdn.shopify.com/s/files/1/0617/6273/2232/files/TR-Tsp-Card.png?v=1773593487,Coffee
Tawny Ristretta - Roasted on 26/05,Caffinary,275.0,100g,,,,Anaerobic,"Limited edition of 45kg Fine Robustas have always been close to our hearts, and this one adds yet another layer to our journey of discovering truly exceptional lots. Hegbal Estate gets its name for Hebbagillu - Kannada for ""great gateway"". R un by Mr Devdas Menezes since 1996, he is a 3rd generational grower who has pioneered specialty harvests and post harvests for both Arabica and Robusta, and believes in a bright future for Robusta. We got our hands on a beautiful bodied batch - an anaerobic Honey fermented twice for 60 hours. The cherries were stored in Ecotact bags, then pulped, and stored in Ecotact bags again. After six months of experimentation and five distinct roast profiles, we’ve arrived at this expression — one that best highlights the character of this coffee. We’re releasing it in a limited batch at a special price to invite your palate into the conversation. Your feedback will shape how we take this coffee forward in future roasts.",https://caffinary.com/products/tawny-ristretta,https://cdn.shopify.com/s/files/1/0617/6273/2232/files/TR-Tsp-Card.png?v=1773593487,Coffee
Tawny Ristretta - Roasted on 26/05,Caffinary,275.0,100g,,,,Anaerobic,"Limited edition of 45kg Fine Robustas have always been close to our hearts, and this one adds yet another layer to our journey of discovering truly exceptional lots. Hegbal Estate gets its name for Hebbagillu - Kannada for ""great gateway"". R un by Mr Devdas Menezes since 1996, he is a 3rd generational grower who has pioneered specialty harvests and post harvests for both Arabica and Robusta, and believes in a bright future for Robusta. We got our hands on a beautiful bodied batch - an anaerobic Honey fermented twice for 60 hours. The cherries were stored in Ecotact bags, then pulped, and stored in Ecotact bags again. After six months of experimentation and five distinct roast profiles, we’ve arrived at this expression — one that best highlights the character of this coffee. We’re releasing it in a limited batch at a special price to invite your palate into the conversation. Your feedback will shape how we take this coffee forward in future roasts.",https://caffinary.com/products/tawny-ristretta,https://cdn.shopify.com/s/files/1/0617/6273/2232/files/TR-Tsp-Card.png?v=1773593487,Coffee
Tawny Ristretta - Roasted on 26/05,Caffinary,275.0,100g,,,,Anaerobic,"Limited edition of 45kg Fine Robustas have always been close to our hearts, and this one adds yet another layer to our journey of discovering truly exceptional lots. Hegbal Estate gets its name for Hebbagillu - Kannada for ""great gateway"". R un by Mr Devdas Menezes since 1996, he is a 3rd generational grower who has pioneered specialty harvests and post harvests for both Arabica and Robusta, and believes in a bright future for Robusta. We got our hands on a beautiful bodied batch - an anaerobic Honey fermented twice for 60 hours. The cherries were stored in Ecotact bags, then pulped, and stored in Ecotact bags again. After six months of experimentation and five distinct roast profiles, we’ve arrived at this expression — one that best highlights the character of this coffee. We’re releasing it in a limited batch at a special price to invite your palate into the conversation. Your feedback will shape how we take this coffee forward in future roasts.",https://caffinary.com/products/tawny-ristretta,https://cdn.shopify.com/s/files/1/0617/6273/2232/files/TR-Tsp-Card.png?v=1773593487,Coffee
Tawny Ristretta - Roasted on 26/05,Caffinary,275.0,100g,,,,Anaerobic,"Limited edition of 45kg Fine Robustas have always been close to our hearts, and this one adds yet another layer to our journey of discovering truly exceptional lots. Hegbal Estate gets its name for Hebbagillu - Kannada for ""great gateway"". R un by Mr Devdas Menezes since 1996, he is a 3rd generational grower who has pioneered specialty harvests and post harvests for both Arabica and Robusta, and believes in a bright future for Robusta. We got our hands on a beautiful bodied batch - an anaerobic Honey fermented twice for 60 hours. The cherries were stored in Ecotact bags, then pulped, and stored in Ecotact bags again. After six months of experimentation and five distinct roast profiles, we’ve arrived at this expression — one that best highlights the character of this coffee. We’re releasing it in a limited batch at a special price to invite your palate into the conversation. Your feedback will shape how we take this coffee forward in future roasts.",https://caffinary.com/products/tawny-ristretta,https://cdn.shopify.com/s/files/1/0617/6273/2232/files/TR-Tsp-Card.png?v=1773593487,Coffee
Tawny Ristretta - Roasted on 26/05,Caffinary,275.0,100g,,,,Anaerobic,"Limited edition of 45kg Fine Robustas have always been close to our hearts, and this one adds yet another layer to our journey of discovering truly exceptional lots. Hegbal Estate gets its name for Hebbagillu - Kannada for ""great gateway"". R un by Mr Devdas Menezes since 1996, he is a 3rd generational grower who has pioneered specialty harvests and post harvests for both Arabica and Robusta, and believes in a bright future for Robusta. We got our hands on a beautiful bodied batch - an anaerobic Honey fermented twice for 60 hours. The cherries were stored in Ecotact bags, then pulped, and stored in Ecotact bags again. After six months of experimentation and five distinct roast profiles, we’ve arrived at this expression — one that best highlights the character of this coffee. We’re releasing it in a limited batch at a special price to invite your palate into the conversation. Your feedback will shape how we take this coffee forward in future roasts.",https://caffinary.com/products/tawny-ristretta,https://cdn.shopify.com/s/files/1/0617/6273/2232/files/TR-Tsp-Card.png?v=1773593487,Coffee
Tawny Ristretta - Roasted on 26/05,Caffinary,275.0,100g,,,,Anaerobic,"Limited edition of 45kg Fine Robustas have always been close to our hearts, and this one adds yet another layer to our journey of discovering truly exceptional lots. Hegbal Estate gets its name for Hebbagillu - Kannada for ""great gateway"". R un by Mr Devdas Menezes since 1996, he is a 3rd generational grower who has pioneered specialty harvests and post harvests for both Arabica and Robusta, and believes in a bright future for Robusta. We got our hands on a beautiful bodied batch - an anaerobic Honey fermented twice for 60 hours. The cherries were stored in Ecotact bags, then pulped, and stored in Ecotact bags again. After six months of experimentation and five distinct roast profiles, we’ve arrived at this expression — one that best highlights the character of this coffee. We’re releasing it in a limited batch at a special price to invite your palate into the conversation. Your feedback will shape how we take this coffee forward in future roasts.",https://caffinary.com/products/tawny-ristretta,https://cdn.shopify.com/s/files/1/0617/6273/2232/files/TR-Tsp-Card.png?v=1773593487,Coffee
Tawny Ristretta - Roasted on 26/05,Caffinary,275.0,100g,,,,Anaerobic,"Limited edition of 45kg Fine Robustas have always been close to our hearts, and this one adds yet another layer to our journey of discovering truly exceptional lots. Hegbal Estate gets its name for Hebbagillu - Kannada for ""great gateway"". R un by Mr Devdas Menezes since 1996, he is a 3rd generational grower who has pioneered specialty harvests and post harvests for both Arabica and Robusta, and believes in a bright future for Robusta. We got our hands on a beautiful bodied batch - an anaerobic Honey fermented twice for 60 hours. The cherries were stored in Ecotact bags, then pulped, and stored in Ecotact bags again. After six months of experimentation and five distinct roast profiles, we’ve arrived at this expression — one that best highlights the character of this coffee. We’re releasing it in a limited batch at a special price to invite your palate into the conversation. Your feedback will shape how we take this coffee forward in future roasts.",https://caffinary.com/products/tawny-ristretta,https://cdn.shopify.com/s/files/1/0617/6273/2232/files/TR-Tsp-Card.png?v=1773593487,Coffee
Tawny Ristretta - Roasted on 26/05,Caffinary,275.0,100g,,,,Anaerobic,"Limited edition of 45kg Fine Robustas have always been close to our hearts, and this one adds yet another layer to our journey of discovering truly exceptional lots. Hegbal Estate gets its name for Hebbagillu - Kannada for ""great gateway"". R un by Mr Devdas Menezes since 1996, he is a 3rd generational grower who has pioneered specialty harvests and post harvests for both Arabica and Robusta, and believes in a bright future for Robusta. We got our hands on a beautiful bodied batch - an anaerobic Honey fermented twice for 60 hours. The cherries were stored in Ecotact bags, then pulped, and stored in Ecotact bags again. After six months of experimentation and five distinct roast profiles, we’ve arrived at this expression — one that best highlights the character of this coffee. We’re releasing it in a limited batch at a special price to invite your palate into the conversation. Your feedback will shape how we take this coffee forward in future roasts.",https://caffinary.com/products/tawny-ristretta,https://cdn.shopify.com/s/files/1/0617/6273/2232/files/TR-Tsp-Card.png?v=1773593487,Coffee
Tawny Ristretta - Roasted on 26/05,Caffinary,440.0,150g,,,,Anaerobic,"Limited edition of 45kg Fine Robustas have always been close to our hearts, and this one adds yet another layer to our journey of discovering truly exceptional lots. Hegbal Estate gets its name for Hebbagillu - Kannada for ""great gateway"". R un by Mr Devdas Menezes since 1996, he is a 3rd generational grower who has pioneered specialty harvests and post harvests for both Arabica and Robusta, and believes in a bright future for Robusta. We got our hands on a beautiful bodied batch - an anaerobic Honey fermented twice for 60 hours. The cherries were stored in Ecotact bags, then pulped, and stored in Ecotact bags again. After six months of experimentation and five distinct roast profiles, we’ve arrived at this expression — one that best highlights the character of this coffee. We’re releasing it in a limited batch at a special price to invite your palate into the conversation. Your feedback will shape how we take this coffee forward in future roasts.",https://caffinary.com/products/tawny-ristretta,https://cdn.shopify.com/s/files/1/0617/6273/2232/files/TR-Tsp-Card.png?v=1773593487,Coffee
Tawny Ristretta - Roasted on 26/05,Caffinary,440.0,150g,,,,Anaerobic,"Limited edition of 45kg Fine Robustas have always been close to our hearts, and this one adds yet another layer to our journey of discovering truly exceptional lots. Hegbal Estate gets its name for Hebbagillu - Kannada for ""great gateway"". R un by Mr Devdas Menezes since 1996, he is a 3rd generational grower who has pioneered specialty harvests and post harvests for both Arabica and Robusta, and believes in a bright future for Robusta. We got our hands on a beautiful bodied batch - an anaerobic Honey fermented twice for 60 hours. The cherries were stored in Ecotact bags, then pulped, and stored in Ecotact bags again. After six months of experimentation and five distinct roast profiles, we’ve arrived at this expression — one that best highlights the character of this coffee. We’re releasing it in a limited batch at a special price to invite your palate into the conversation. Your feedback will shape how we take this coffee forward in future roasts.",https://caffinary.com/products/tawny-ristretta,https://cdn.shopify.com/s/files/1/0617/6273/2232/files/TR-Tsp-Card.png?v=1773593487,Coffee
Tawny Ristretta - Roasted on 26/05,Caffinary,440.0,150g,,,,Anaerobic,"Limited edition of 45kg Fine Robustas have always been close to our hearts, and this one adds yet another layer to our journey of discovering truly exceptional lots. Hegbal Estate gets its name for Hebbagillu - Kannada for ""great gateway"". R un by Mr Devdas Menezes since 1996, he is a 3rd generational grower who has pioneered specialty harvests and post harvests for both Arabica and Robusta, and believes in a bright future for Robusta. We got our hands on a beautiful bodied batch - an anaerobic Honey fermented twice for 60 hours. The cherries were stored in Ecotact bags, then pulped, and stored in Ecotact bags again. After six months of experimentation and five distinct roast profiles, we’ve arrived at this expression — one that best highlights the character of this coffee. We’re releasing it in a limited batch at a special price to invite your palate into the conversation. Your feedback will shape how we take this coffee forward in future roasts.",https://caffinary.com/products/tawny-ristretta,https://cdn.shopify.com/s/files/1/0617/6273/2232/files/TR-Tsp-Card.png?v=1773593487,Coffee
Tawny Ristretta - Roasted on 26/05,Caffinary,440.0,150g,,,,Anaerobic,"Limited edition of 45kg Fine Robustas have always been close to our hearts, and this one adds yet another layer to our journey of discovering truly exceptional lots. Hegbal Estate gets its name for Hebbagillu - Kannada for ""great gateway"". R un by Mr Devdas Menezes since 1996, he is a 3rd generational grower who has pioneered specialty harvests and post harvests for both Arabica and Robusta, and believes in a bright future for Robusta. We got our hands on a beautiful bodied batch - an anaerobic Honey fermented twice for 60 hours. The cherries were stored in Ecotact bags, then pulped, and stored in Ecotact bags again. After six months of experimentation and five distinct roast profiles, we’ve arrived at this expression — one that best highlights the character of this coffee. We’re releasing it in a limited batch at a special price to invite your palate into the conversation. Your feedback will shape how we take this coffee forward in future roasts.",https://caffinary.com/products/tawny-ristretta,https://cdn.shopify.com/s/files/1/0617/6273/2232/files/TR-Tsp-Card.png?v=1773593487,Coffee
Tawny Ristretta - Roasted on 26/05,Caffinary,440.0,150g,,,,Anaerobic,"Limited edition of 45kg Fine Robustas have always been close to our hearts, and this one adds yet another layer to our journey of discovering truly exceptional lots. Hegbal Estate gets its name for Hebbagillu - Kannada for ""great gateway"". R un by Mr Devdas Menezes since 1996, he is a 3rd generational grower who has pioneered specialty harvests and post harvests for both Arabica and Robusta, and believes in a bright future for Robusta. We got our hands on a beautiful bodied batch - an anaerobic Honey fermented twice for 60 hours. The cherries were stored in Ecotact bags, then pulped, and stored in Ecotact bags again. After six months of experimentation and five distinct roast profiles, we’ve arrived at this expression — one that best highlights the character of this coffee. We’re releasing it in a limited batch at a special price to invite your palate into the conversation. Your feedback will shape how we take this coffee forward in future roasts.",https://caffinary.com/products/tawny-ristretta,https://cdn.shopify.com/s/files/1/0617/6273/2232/files/TR-Tsp-Card.png?v=1773593487,Coffee
Tawny Ristretta - Roasted on 26/05,Caffinary,440.0,150g,,,,Anaerobic,"Limited edition of 45kg Fine Robustas have always been close to our hearts, and this one adds yet another layer to our journey of discovering truly exceptional lots. Hegbal Estate gets its name for Hebbagillu - Kannada for ""great gateway"". R un by Mr Devdas Menezes since 1996, he is a 3rd generational grower who has pioneered specialty harvests and post harvests for both Arabica and Robusta, and believes in a bright future for Robusta. We got our hands on a beautiful bodied batch - an anaerobic Honey fermented twice for 60 hours. The cherries were stored in Ecotact bags, then pulped, and stored in Ecotact bags again. After six months of experimentation and five distinct roast profiles, we’ve arrived at this expression — one that best highlights the character of this coffee. We’re releasing it in a limited batch at a special price to invite your palate into the conversation. Your feedback will shape how we take this coffee forward in future roasts.",https://caffinary.com/products/tawny-ristretta,https://cdn.shopify.com/s/files/1/0617/6273/2232/files/TR-Tsp-Card.png?v=1773593487,Coffee
Tawny Ristretta - Roasted on 26/05,Caffinary,440.0,150g,,,,Anaerobic,"Limited edition of 45kg Fine Robustas have always been close to our hearts, and this one adds yet another layer to our journey of discovering truly exceptional lots. Hegbal Estate gets its name for Hebbagillu - Kannada for ""great gateway"". R un by Mr Devdas Menezes since 1996, he is a 3rd generational grower who has pioneered specialty harvests and post harvests for both Arabica and Robusta, and believes in a bright future for Robusta. We got our hands on a beautiful bodied batch - an anaerobic Honey fermented twice for 60 hours. The cherries were stored in Ecotact bags, then pulped, and stored in Ecotact bags again. After six months of experimentation and five distinct roast profiles, we’ve arrived at this expression — one that best highlights the character of this coffee. We’re releasing it in a limited batch at a special price to invite your palate into the conversation. Your feedback will shape how we take this coffee forward in future roasts.",https://caffinary.com/products/tawny-ristretta,https://cdn.shopify.com/s/files/1/0617/6273/2232/files/TR-Tsp-Card.png?v=1773593487,Coffee
Tawny Ristretta - Roasted on 26/05,Caffinary,440.0,150g,,,,Anaerobic,"Limited edition of 45kg Fine Robustas have always been close to our hearts, and this one adds yet another layer to our journey of discovering truly exceptional lots. Hegbal Estate gets its name for Hebbagillu - Kannada for ""great gateway"". R un by Mr Devdas Menezes since 1996, he is a 3rd generational grower who has pioneered specialty harvests and post harvests for both Arabica and Robusta, and believes in a bright future for Robusta. We got our hands on a beautiful bodied batch - an anaerobic Honey fermented twice for 60 hours. The cherries were stored in Ecotact bags, then pulped, and stored in Ecotact bags again. After six months of experimentation and five distinct roast profiles, we’ve arrived at this expression — one that best highlights the character of this coffee. We’re releasing it in a limited batch at a special price to invite your palate into the conversation. Your feedback will shape how we take this coffee forward in future roasts.",https://caffinary.com/products/tawny-ristretta,https://cdn.shopify.com/s/files/1/0617/6273/2232/files/TR-Tsp-Card.png?v=1773593487,Coffee
Tawny Ristretta - Roasted on 26/05,Caffinary,440.0,150g,,,,Anaerobic,"Limited edition of 45kg Fine Robustas have always been close to our hearts, and this one adds yet another layer to our journey of discovering truly exceptional lots. Hegbal Estate gets its name for Hebbagillu - Kannada for ""great gateway"". R un by Mr Devdas Menezes since 1996, he is a 3rd generational grower who has pioneered specialty harvests and post harvests for both Arabica and Robusta, and believes in a bright future for Robusta. We got our hands on a beautiful bodied batch - an anaerobic Honey fermented twice for 60 hours. The cherries were stored in Ecotact bags, then pulped, and stored in Ecotact bags again. After six months of experimentation and five distinct roast profiles, we’ve arrived at this expression — one that best highlights the character of this coffee. We’re releasing it in a limited batch at a special price to invite your palate into the conversation. Your feedback will shape how we take this coffee forward in future roasts.",https://caffinary.com/products/tawny-ristretta,https://cdn.shopify.com/s/files/1/0617/6273/2232/files/TR-Tsp-Card.png?v=1773593487,Coffee
Tawny Ristretta - Roasted on 26/05,Caffinary,530.0,200g,,,,Anaerobic,"Limited edition of 45kg Fine Robustas have always been close to our hearts, and this one adds yet another layer to our journey of discovering truly exceptional lots. Hegbal Estate gets its name for Hebbagillu - Kannada for ""great gateway"". R un by Mr Devdas Menezes since 1996, he is a 3rd generational grower who has pioneered specialty harvests and post harvests for both Arabica and Robusta, and believes in a bright future for Robusta. We got our hands on a beautiful bodied batch - an anaerobic Honey fermented twice for 60 hours. The cherries were stored in Ecotact bags, then pulped, and stored in Ecotact bags again. After six months of experimentation and five distinct roast profiles, we’ve arrived at this expression — one that best highlights the character of this coffee. We’re releasing it in a limited batch at a special price to invite your palate into the conversation. Your feedback will shape how we take this coffee forward in future roasts.",https://caffinary.com/products/tawny-ristretta,https://cdn.shopify.com/s/files/1/0617/6273/2232/files/TR-Tsp-Card.png?v=1773593487,Coffee
Tawny Ristretta - Roasted on 26/05,Caffinary,530.0,200g,,,,Anaerobic,"Limited edition of 45kg Fine Robustas have always been close to our hearts, and this one adds yet another layer to our journey of discovering truly exceptional lots. Hegbal Estate gets its name for Hebbagillu - Kannada for ""great gateway"". R un by Mr Devdas Menezes since 1996, he is a 3rd generational grower who has pioneered specialty harvests and post harvests for both Arabica and Robusta, and believes in a bright future for Robusta. We got our hands on a beautiful bodied batch - an anaerobic Honey fermented twice for 60 hours. The cherries were stored in Ecotact bags, then pulped, and stored in Ecotact bags again. After six months of experimentation and five distinct roast profiles, we’ve arrived at this expression — one that best highlights the character of this coffee. We’re releasing it in a limited batch at a special price to invite your palate into the conversation. Your feedback will shape how we take this coffee forward in future roasts.",https://caffinary.com/products/tawny-ristretta,https://cdn.shopify.com/s/files/1/0617/6273/2232/files/TR-Tsp-Card.png?v=1773593487,Coffee
Tawny Ristretta - Roasted on 26/05,Caffinary,530.0,200g,,,,Anaerobic,"Limited edition of 45kg Fine Robustas have always been close to our hearts, and this one adds yet another layer to our journey of discovering truly exceptional lots. Hegbal Estate gets its name for Hebbagillu - Kannada for ""great gateway"". R un by Mr Devdas Menezes since 1996, he is a 3rd generational grower who has pioneered specialty harvests and post harvests for both Arabica and Robusta, and believes in a bright future for Robusta. We got our hands on a beautiful bodied batch - an anaerobic Honey fermented twice for 60 hours. The cherries were stored in Ecotact bags, then pulped, and stored in Ecotact bags again. After six months of experimentation and five distinct roast profiles, we’ve arrived at this expression — one that best highlights the character of this coffee. We’re releasing it in a limited batch at a special price to invite your palate into the conversation. Your feedback will shape how we take this coffee forward in future roasts.",https://caffinary.com/products/tawny-ristretta,https://cdn.shopify.com/s/files/1/0617/6273/2232/files/TR-Tsp-Card.png?v=1773593487,Coffee
Tawny Ristretta - Roasted on 26/05,Caffinary,530.0,200g,,,,Anaerobic,"Limited edition of 45kg Fine Robustas have always been close to our hearts, and this one adds yet another layer to our journey of discovering truly exceptional lots. Hegbal Estate gets its name for Hebbagillu - Kannada for ""great gateway"". R un by Mr Devdas Menezes since 1996, he is a 3rd generational grower who has pioneered specialty harvests and post harvests for both Arabica and Robusta, and believes in a bright future for Robusta. We got our hands on a beautiful bodied batch - an anaerobic Honey fermented twice for 60 hours. The cherries were stored in Ecotact bags, then pulped, and stored in Ecotact bags again. After six months of experimentation and five distinct roast profiles, we’ve arrived at this expression — one that best highlights the character of this coffee. We’re releasing it in a limited batch at a special price to invite your palate into the conversation. Your feedback will shape how we take this coffee forward in future roasts.",https://caffinary.com/products/tawny-ristretta,https://cdn.shopify.com/s/files/1/0617/6273/2232/files/TR-Tsp-Card.png?v=1773593487,Coffee
Tawny Ristretta - Roasted on 26/05,Caffinary,530.0,200g,,,,Anaerobic,"Limited edition of 45kg Fine Robustas have always been close to our hearts, and this one adds yet another layer to our journey of discovering truly exceptional lots. Hegbal Estate gets its name for Hebbagillu - Kannada for ""great gateway"". R un by Mr Devdas Menezes since 1996, he is a 3rd generational grower who has pioneered specialty harvests and post harvests for both Arabica and Robusta, and believes in a bright future for Robusta. We got our hands on a beautiful bodied batch - an anaerobic Honey fermented twice for 60 hours. The cherries were stored in Ecotact bags, then pulped, and stored in Ecotact bags again. After six months of experimentation and five distinct roast profiles, we’ve arrived at this expression — one that best highlights the character of this coffee. We’re releasing it in a limited batch at a special price to invite your palate into the conversation. Your feedback will shape how we take this coffee forward in future roasts.",https://caffinary.com/products/tawny-ristretta,https://cdn.shopify.com/s/files/1/0617/6273/2232/files/TR-Tsp-Card.png?v=1773593487,Coffee
Tawny Ristretta - Roasted on 26/05,Caffinary,530.0,200g,,,,Anaerobic,"Limited edition of 45kg Fine Robustas have always been close to our hearts, and this one adds yet another layer to our journey of discovering truly exceptional lots. Hegbal Estate gets its name for Hebbagillu - Kannada for ""great gateway"". R un by Mr Devdas Menezes since 1996, he is a 3rd generational grower who has pioneered specialty harvests and post harvests for both Arabica and Robusta, and believes in a bright future for Robusta. We got our hands on a beautiful bodied batch - an anaerobic Honey fermented twice for 60 hours. The cherries were stored in Ecotact bags, then pulped, and stored in Ecotact bags again. After six months of experimentation and five distinct roast profiles, we’ve arrived at this expression — one that best highlights the character of this coffee. We’re releasing it in a limited batch at a special price to invite your palate into the conversation. Your feedback will shape how we take this coffee forward in future roasts.",https://caffinary.com/products/tawny-ristretta,https://cdn.shopify.com/s/files/1/0617/6273/2232/files/TR-Tsp-Card.png?v=1773593487,Coffee
Tawny Ristretta - Roasted on 26/05,Caffinary,530.0,200g,,,,Anaerobic,"Limited edition of 45kg Fine Robustas have always been close to our hearts, and this one adds yet another layer to our journey of discovering truly exceptional lots. Hegbal Estate gets its name for Hebbagillu - Kannada for ""great gateway"". R un by Mr Devdas Menezes since 1996, he is a 3rd generational grower who has pioneered specialty harvests and post harvests for both Arabica and Robusta, and believes in a bright future for Robusta. We got our hands on a beautiful bodied batch - an anaerobic Honey fermented twice for 60 hours. The cherries were stored in Ecotact bags, then pulped, and stored in Ecotact bags again. After six months of experimentation and five distinct roast profiles, we’ve arrived at this expression — one that best highlights the character of this coffee. We’re releasing it in a limited batch at a special price to invite your palate into the conversation. Your feedback will shape how we take this coffee forward in future roasts.",https://caffinary.com/products/tawny-ristretta,https://cdn.shopify.com/s/files/1/0617/6273/2232/files/TR-Tsp-Card.png?v=1773593487,Coffee
Tawny Ristretta - Roasted on 26/05,Caffinary,530.0,200g,,,,Anaerobic,"Limited edition of 45kg Fine Robustas have always been close to our hearts, and this one adds yet another layer to our journey of discovering truly exceptional lots. Hegbal Estate gets its name for Hebbagillu - Kannada for ""great gateway"". R un by Mr Devdas Menezes since 1996, he is a 3rd generational grower who has pioneered specialty harvests and post harvests for both Arabica and Robusta, and believes in a bright future for Robusta. We got our hands on a beautiful bodied batch - an anaerobic Honey fermented twice for 60 hours. The cherries were stored in Ecotact bags, then pulped, and stored in Ecotact bags again. After six months of experimentation and five distinct roast profiles, we’ve arrived at this expression — one that best highlights the character of this coffee. We’re releasing it in a limited batch at a special price to invite your palate into the conversation. Your feedback will shape how we take this coffee forward in future roasts.",https://caffinary.com/products/tawny-ristretta,https://cdn.shopify.com/s/files/1/0617/6273/2232/files/TR-Tsp-Card.png?v=1773593487,Coffee
Tawny Ristretta - Roasted on 26/05,Caffinary,530.0,200g,,,,Anaerobic,"Limited edition of 45kg Fine Robustas have always been close to our hearts, and this one adds yet another layer to our journey of discovering truly exceptional lots. Hegbal Estate gets its name for Hebbagillu - Kannada for ""great gateway"". R un by Mr Devdas Menezes since 1996, he is a 3rd generational grower who has pioneered specialty harvests and post harvests for both Arabica and Robusta, and believes in a bright future for Robusta. We got our hands on a beautiful bodied batch - an anaerobic Honey fermented twice for 60 hours. The cherries were stored in Ecotact bags, then pulped, and stored in Ecotact bags again. After six months of experimentation and five distinct roast profiles, we’ve arrived at this expression — one that best highlights the character of this coffee. We’re releasing it in a limited batch at a special price to invite your palate into the conversation. Your feedback will shape how we take this coffee forward in future roasts.",https://caffinary.com/products/tawny-ristretta,https://cdn.shopify.com/s/files/1/0617/6273/2232/files/TR-Tsp-Card.png?v=1773593487,Coffee
Tawny Ristretta - Roasted on 26/05,Caffinary,685.0,250g,,,,Anaerobic,"Limited edition of 45kg Fine Robustas have always been close to our hearts, and this one adds yet another layer to our journey of discovering truly exceptional lots. Hegbal Estate gets its name for Hebbagillu - Kannada for ""great gateway"". R un by Mr Devdas Menezes since 1996, he is a 3rd generational grower who has pioneered specialty harvests and post harvests for both Arabica and Robusta, and believes in a bright future for Robusta. We got our hands on a beautiful bodied batch - an anaerobic Honey fermented twice for 60 hours. The cherries were stored in Ecotact bags, then pulped, and stored in Ecotact bags again. After six months of experimentation and five distinct roast profiles, we’ve arrived at this expression — one that best highlights the character of this coffee. We’re releasing it in a limited batch at a special price to invite your palate into the conversation. Your feedback will shape how we take this coffee forward in future roasts.",https://caffinary.com/products/tawny-ristretta,https://cdn.shopify.com/s/files/1/0617/6273/2232/files/TR-Tsp-Card.png?v=1773593487,Coffee
Tawny Ristretta - Roasted on 26/05,Caffinary,685.0,250g,,,,Anaerobic,"Limited edition of 45kg Fine Robustas have always been close to our hearts, and this one adds yet another layer to our journey of discovering truly exceptional lots. Hegbal Estate gets its name for Hebbagillu - Kannada for ""great gateway"". R un by Mr Devdas Menezes since 1996, he is a 3rd generational grower who has pioneered specialty harvests and post harvests for both Arabica and Robusta, and believes in a bright future for Robusta. We got our hands on a beautiful bodied batch - an anaerobic Honey fermented twice for 60 hours. The cherries were stored in Ecotact bags, then pulped, and stored in Ecotact bags again. After six months of experimentation and five distinct roast profiles, we’ve arrived at this expression — one that best highlights the character of this coffee. We’re releasing it in a limited batch at a special price to invite your palate into the conversation. Your feedback will shape how we take this coffee forward in future roasts.",https://caffinary.com/products/tawny-ristretta,https://cdn.shopify.com/s/files/1/0617/6273/2232/files/TR-Tsp-Card.png?v=1773593487,Coffee
Tawny Ristretta - Roasted on 26/05,Caffinary,685.0,250g,,,,Anaerobic,"Limited edition of 45kg Fine Robustas have always been close to our hearts, and this one adds yet another layer to our journey of discovering truly exceptional lots. Hegbal Estate gets its name for Hebbagillu - Kannada for ""great gateway"". R un by Mr Devdas Menezes since 1996, he is a 3rd generational grower who has pioneered specialty harvests and post harvests for both Arabica and Robusta, and believes in a bright future for Robusta. We got our hands on a beautiful bodied batch - an anaerobic Honey fermented twice for 60 hours. The cherries were stored in Ecotact bags, then pulped, and stored in Ecotact bags again. After six months of experimentation and five distinct roast profiles, we’ve arrived at this expression — one that best highlights the character of this coffee. We’re releasing it in a limited batch at a special price to invite your palate into the conversation. Your feedback will shape how we take this coffee forward in future roasts.",https://caffinary.com/products/tawny-ristretta,https://cdn.shopify.com/s/files/1/0617/6273/2232/files/TR-Tsp-Card.png?v=1773593487,Coffee
Tawny Ristretta - Roasted on 26/05,Caffinary,685.0,250g,,,,Anaerobic,"Limited edition of 45kg Fine Robustas have always been close to our hearts, and this one adds yet another layer to our journey of discovering truly exceptional lots. Hegbal Estate gets its name for Hebbagillu - Kannada for ""great gateway"". R un by Mr Devdas Menezes since 1996, he is a 3rd generational grower who has pioneered specialty harvests and post harvests for both Arabica and Robusta, and believes in a bright future for Robusta. We got our hands on a beautiful bodied batch - an anaerobic Honey fermented twice for 60 hours. The cherries were stored in Ecotact bags, then pulped, and stored in Ecotact bags again. After six months of experimentation and five distinct roast profiles, we’ve arrived at this expression — one that best highlights the character of this coffee. We’re releasing it in a limited batch at a special price to invite your palate into the conversation. Your feedback will shape how we take this coffee forward in future roasts.",https://caffinary.com/products/tawny-ristretta,https://cdn.shopify.com/s/files/1/0617/6273/2232/files/TR-Tsp-Card.png?v=1773593487,Coffee
Tawny Ristretta - Roasted on 26/05,Caffinary,685.0,250g,,,,Anaerobic,"Limited edition of 45kg Fine Robustas have always been close to our hearts, and this one adds yet another layer to our journey of discovering truly exceptional lots. Hegbal Estate gets its name for Hebbagillu - Kannada for ""great gateway"". R un by Mr Devdas Menezes since 1996, he is a 3rd generational grower who has pioneered specialty harvests and post harvests for both Arabica and Robusta, and believes in a bright future for Robusta. We got our hands on a beautiful bodied batch - an anaerobic Honey fermented twice for 60 hours. The cherries were stored in Ecotact bags, then pulped, and stored in Ecotact bags again. After six months of experimentation and five distinct roast profiles, we’ve arrived at this expression — one that best highlights the character of this coffee. We’re releasing it in a limited batch at a special price to invite your palate into the conversation. Your feedback will shape how we take this coffee forward in future roasts.",https://caffinary.com/products/tawny-ristretta,https://cdn.shopify.com/s/files/1/0617/6273/2232/files/TR-Tsp-Card.png?v=1773593487,Coffee
Tawny Ristretta - Roasted on 26/05,Caffinary,685.0,250g,,,,Anaerobic,"Limited edition of 45kg Fine Robustas have always been close to our hearts, and this one adds yet another layer to our journey of discovering truly exceptional lots. Hegbal Estate gets its name for Hebbagillu - Kannada for ""great gateway"". R un by Mr Devdas Menezes since 1996, he is a 3rd generational grower who has pioneered specialty harvests and post harvests for both Arabica and Robusta, and believes in a bright future for Robusta. We got our hands on a beautiful bodied batch - an anaerobic Honey fermented twice for 60 hours. The cherries were stored in Ecotact bags, then pulped, and stored in Ecotact bags again. After six months of experimentation and five distinct roast profiles, we’ve arrived at this expression — one that best highlights the character of this coffee. We’re releasing it in a limited batch at a special price to invite your palate into the conversation. Your feedback will shape how we take this coffee forward in future roasts.",https://caffinary.com/products/tawny-ristretta,https://cdn.shopify.com/s/files/1/0617/6273/2232/files/TR-Tsp-Card.png?v=1773593487,Coffee
Tawny Ristretta - Roasted on 26/05,Caffinary,685.0,250g,,,,Anaerobic,"Limited edition of 45kg Fine Robustas have always been close to our hearts, and this one adds yet another layer to our journey of discovering truly exceptional lots. Hegbal Estate gets its name for Hebbagillu - Kannada for ""great gateway"". R un by Mr Devdas Menezes since 1996, he is a 3rd generational grower who has pioneered specialty harvests and post harvests for both Arabica and Robusta, and believes in a bright future for Robusta. We got our hands on a beautiful bodied batch - an anaerobic Honey fermented twice for 60 hours. The cherries were stored in Ecotact bags, then pulped, and stored in Ecotact bags again. After six months of experimentation and five distinct roast profiles, we’ve arrived at this expression — one that best highlights the character of this coffee. We’re releasing it in a limited batch at a special price to invite your palate into the conversation. Your feedback will shape how we take this coffee forward in future roasts.",https://caffinary.com/products/tawny-ristretta,https://cdn.shopify.com/s/files/1/0617/6273/2232/files/TR-Tsp-Card.png?v=1773593487,Coffee
Tawny Ristretta - Roasted on 26/05,Caffinary,685.0,250g,,,,Anaerobic,"Limited edition of 45kg Fine Robustas have always been close to our hearts, and this one adds yet another layer to our journey of discovering truly exceptional lots. Hegbal Estate gets its name for Hebbagillu - Kannada for ""great gateway"". R un by Mr Devdas Menezes since 1996, he is a 3rd generational grower who has pioneered specialty harvests and post harvests for both Arabica and Robusta, and believes in a bright future for Robusta. We got our hands on a beautiful bodied batch - an anaerobic Honey fermented twice for 60 hours. The cherries were stored in Ecotact bags, then pulped, and stored in Ecotact bags again. After six months of experimentation and five distinct roast profiles, we’ve arrived at this expression — one that best highlights the character of this coffee. We’re releasing it in a limited batch at a special price to invite your palate into the conversation. Your feedback will shape how we take this coffee forward in future roasts.",https://caffinary.com/products/tawny-ristretta,https://cdn.shopify.com/s/files/1/0617/6273/2232/files/TR-Tsp-Card.png?v=1773593487,Coffee
Tawny Ristretta - Roasted on 26/05,Caffinary,685.0,250g,,,,Anaerobic,"Limited edition of 45kg Fine Robustas have always been close to our hearts, and this one adds yet another layer to our journey of discovering truly exceptional lots. Hegbal Estate gets its name for Hebbagillu - Kannada for ""great gateway"". R un by Mr Devdas Menezes since 1996, he is a 3rd generational grower who has pioneered specialty harvests and post harvests for both Arabica and Robusta, and believes in a bright future for Robusta. We got our hands on a beautiful bodied batch - an anaerobic Honey fermented twice for 60 hours. The cherries were stored in Ecotact bags, then pulped, and stored in Ecotact bags again. After six months of experimentation and five distinct roast profiles, we’ve arrived at this expression — one that best highlights the character of this coffee. We’re releasing it in a limited batch at a special price to invite your palate into the conversation. Your feedback will shape how we take this coffee forward in future roasts.",https://caffinary.com/products/tawny-ristretta,https://cdn.shopify.com/s/files/1/0617/6273/2232/files/TR-Tsp-Card.png?v=1773593487,Coffee
Tawny Ristretta - Roasted on 26/05,Caffinary,1330.0,500g,,,,Anaerobic,"Limited edition of 45kg Fine Robustas have always been close to our hearts, and this one adds yet another layer to our journey of discovering truly exceptional lots. Hegbal Estate gets its name for Hebbagillu - Kannada for ""great gateway"". R un by Mr Devdas Menezes since 1996, he is a 3rd generational grower who has pioneered specialty harvests and post harvests for both Arabica and Robusta, and believes in a bright future for Robusta. We got our hands on a beautiful bodied batch - an anaerobic Honey fermented twice for 60 hours. The cherries were stored in Ecotact bags, then pulped, and stored in Ecotact bags again. After six months of experimentation and five distinct roast profiles, we’ve arrived at this expression — one that best highlights the character of this coffee. We’re releasing it in a limited batch at a special price to invite your palate into the conversation. Your feedback will shape how we take this coffee forward in future roasts.",https://caffinary.com/products/tawny-ristretta,https://cdn.shopify.com/s/files/1/0617/6273/2232/files/TR-Tsp-Card.png?v=1773593487,Coffee
Tawny Ristretta - Roasted on 26/05,Caffinary,1330.0,500g,,,,Anaerobic,"Limited edition of 45kg Fine Robustas have always been close to our hearts, and this one adds yet another layer to our journey of discovering truly exceptional lots. Hegbal Estate gets its name for Hebbagillu - Kannada for ""great gateway"". R un by Mr Devdas Menezes since 1996, he is a 3rd generational grower who has pioneered specialty harvests and post harvests for both Arabica and Robusta, and believes in a bright future for Robusta. We got our hands on a beautiful bodied batch - an anaerobic Honey fermented twice for 60 hours. The cherries were stored in Ecotact bags, then pulped, and stored in Ecotact bags again. After six months of experimentation and five distinct roast profiles, we’ve arrived at this expression — one that best highlights the character of this coffee. We’re releasing it in a limited batch at a special price to invite your palate into the conversation. Your feedback will shape how we take this coffee forward in future roasts.",https://caffinary.com/products/tawny-ristretta,https://cdn.shopify.com/s/files/1/0617/6273/2232/files/TR-Tsp-Card.png?v=1773593487,Coffee
Tawny Ristretta - Roasted on 26/05,Caffinary,1330.0,500g,,,,Anaerobic,"Limited edition of 45kg Fine Robustas have always been close to our hearts, and this one adds yet another layer to our journey of discovering truly exceptional lots. Hegbal Estate gets its name for Hebbagillu - Kannada for ""great gateway"". R un by Mr Devdas Menezes since 1996, he is a 3rd generational grower who has pioneered specialty harvests and post harvests for both Arabica and Robusta, and believes in a bright future for Robusta. We got our hands on a beautiful bodied batch - an anaerobic Honey fermented twice for 60 hours. The cherries were stored in Ecotact bags, then pulped, and stored in Ecotact bags again. After six months of experimentation and five distinct roast profiles, we’ve arrived at this expression — one that best highlights the character of this coffee. We’re releasing it in a limited batch at a special price to invite your palate into the conversation. Your feedback will shape how we take this coffee forward in future roasts.",https://caffinary.com/products/tawny-ristretta,https://cdn.shopify.com/s/files/1/0617/6273/2232/files/TR-Tsp-Card.png?v=1773593487,Coffee
Tawny Ristretta - Roasted on 26/05,Caffinary,1330.0,500g,,,,Anaerobic,"Limited edition of 45kg Fine Robustas have always been close to our hearts, and this one adds yet another layer to our journey of discovering truly exceptional lots. Hegbal Estate gets its name for Hebbagillu - Kannada for ""great gateway"". R un by Mr Devdas Menezes since 1996, he is a 3rd generational grower who has pioneered specialty harvests and post harvests for both Arabica and Robusta, and believes in a bright future for Robusta. We got our hands on a beautiful bodied batch - an anaerobic Honey fermented twice for 60 hours. The cherries were stored in Ecotact bags, then pulped, and stored in Ecotact bags again. After six months of experimentation and five distinct roast profiles, we’ve arrived at this expression — one that best highlights the character of this coffee. We’re releasing it in a limited batch at a special price to invite your palate into the conversation. Your feedback will shape how we take this coffee forward in future roasts.",https://caffinary.com/products/tawny-ristretta,https://cdn.shopify.com/s/files/1/0617/6273/2232/files/TR-Tsp-Card.png?v=1773593487,Coffee
Tawny Ristretta - Roasted on 26/05,Caffinary,1330.0,500g,,,,Anaerobic,"Limited edition of 45kg Fine Robustas have always been close to our hearts, and this one adds yet another layer to our journey of discovering truly exceptional lots. Hegbal Estate gets its name for Hebbagillu - Kannada for ""great gateway"". R un by Mr Devdas Menezes since 1996, he is a 3rd generational grower who has pioneered specialty harvests and post harvests for both Arabica and Robusta, and believes in a bright future for Robusta. We got our hands on a beautiful bodied batch - an anaerobic Honey fermented twice for 60 hours. The cherries were stored in Ecotact bags, then pulped, and stored in Ecotact bags again. After six months of experimentation and five distinct roast profiles, we’ve arrived at this expression — one that best highlights the character of this coffee. We’re releasing it in a limited batch at a special price to invite your palate into the conversation. Your feedback will shape how we take this coffee forward in future roasts.",https://caffinary.com/products/tawny-ristretta,https://cdn.shopify.com/s/files/1/0617/6273/2232/files/TR-Tsp-Card.png?v=1773593487,Coffee
Tawny Ristretta - Roasted on 26/05,Caffinary,1330.0,500g,,,,Anaerobic,"Limited edition of 45kg Fine Robustas have always been close to our hearts, and this one adds yet another layer to our journey of discovering truly exceptional lots. Hegbal Estate gets its name for Hebbagillu - Kannada for ""great gateway"". R un by Mr Devdas Menezes since 1996, he is a 3rd generational grower who has pioneered specialty harvests and post harvests for both Arabica and Robusta, and believes in a bright future for Robusta. We got our hands on a beautiful bodied batch - an anaerobic Honey fermented twice for 60 hours. The cherries were stored in Ecotact bags, then pulped, and stored in Ecotact bags again. After six months of experimentation and five distinct roast profiles, we’ve arrived at this expression — one that best highlights the character of this coffee. We’re releasing it in a limited batch at a special price to invite your palate into the conversation. Your feedback will shape how we take this coffee forward in future roasts.",https://caffinary.com/products/tawny-ristretta,https://cdn.shopify.com/s/files/1/0617/6273/2232/files/TR-Tsp-Card.png?v=1773593487,Coffee
Tawny Ristretta - Roasted on 26/05,Caffinary,1330.0,500g,,,,Anaerobic,"Limited edition of 45kg Fine Robustas have always been close to our hearts, and this one adds yet another layer to our journey of discovering truly exceptional lots. Hegbal Estate gets its name for Hebbagillu - Kannada for ""great gateway"". R un by Mr Devdas Menezes since 1996, he is a 3rd generational grower who has pioneered specialty harvests and post harvests for both Arabica and Robusta, and believes in a bright future for Robusta. We got our hands on a beautiful bodied batch - an anaerobic Honey fermented twice for 60 hours. The cherries were stored in Ecotact bags, then pulped, and stored in Ecotact bags again. After six months of experimentation and five distinct roast profiles, we’ve arrived at this expression — one that best highlights the character of this coffee. We’re releasing it in a limited batch at a special price to invite your palate into the conversation. Your feedback will shape how we take this coffee forward in future roasts.",https://caffinary.com/products/tawny-ristretta,https://cdn.shopify.com/s/files/1/0617/6273/2232/files/TR-Tsp-Card.png?v=1773593487,Coffee
Tawny Ristretta - Roasted on 26/05,Caffinary,1330.0,500g,,,,Anaerobic,"Limited edition of 45kg Fine Robustas have always been close to our hearts, and this one adds yet another layer to our journey of discovering truly exceptional lots. Hegbal Estate gets its name for Hebbagillu - Kannada for ""great gateway"". R un by Mr Devdas Menezes since 1996, he is a 3rd generational grower who has pioneered specialty harvests and post harvests for both Arabica and Robusta, and believes in a bright future for Robusta. We got our hands on a beautiful bodied batch - an anaerobic Honey fermented twice for 60 hours. The cherries were stored in Ecotact bags, then pulped, and stored in Ecotact bags again. After six months of experimentation and five distinct roast profiles, we’ve arrived at this expression — one that best highlights the character of this coffee. We’re releasing it in a limited batch at a special price to invite your palate into the conversation. Your feedback will shape how we take this coffee forward in future roasts.",https://caffinary.com/products/tawny-ristretta,https://cdn.shopify.com/s/files/1/0617/6273/2232/files/TR-Tsp-Card.png?v=1773593487,Coffee
Tawny Ristretta - Roasted on 26/05,Caffinary,1330.0,500g,,,,Anaerobic,"Limited edition of 45kg Fine Robustas have always been close to our hearts, and this one adds yet another layer to our journey of discovering truly exceptional lots. Hegbal Estate gets its name for Hebbagillu - Kannada for ""great gateway"". R un by Mr Devdas Menezes since 1996, he is a 3rd generational grower who has pioneered specialty harvests and post harvests for both Arabica and Robusta, and believes in a bright future for Robusta. We got our hands on a beautiful bodied batch - an anaerobic Honey fermented twice for 60 hours. The cherries were stored in Ecotact bags, then pulped, and stored in Ecotact bags again. After six months of experimentation and five distinct roast profiles, we’ve arrived at this expression — one that best highlights the character of this coffee. We’re releasing it in a limited batch at a special price to invite your palate into the conversation. Your feedback will shape how we take this coffee forward in future roasts.",https://caffinary.com/products/tawny-ristretta,https://cdn.shopify.com/s/files/1/0617/6273/2232/files/TR-Tsp-Card.png?v=1773593487,Coffee
Maison Mahua - Roasted on 04/06,Caffinary,170.0,50g,Medium Roast,,Koraput,ing Traditional Washed,"Limited Lot of 30kg only. In the hills of Punjisil village, on the banks of the Punjisil Falls , a community of 50 families nurtures this 75 acres of land - 1.5 acres awarded to each beneficiary - an eligible member of the family, harvesting coffee that grows wild among forest cover and stream-fed slopes — where access requires a long, steep walk from the village, and crossing the river stream on foot. Here, harvesting remains a community act, guided by rhythm rather than machinery. Ripe red cherries are hand-carried for over two kilometres, across the river, where they’re de-pulped by a hand-operated pulper, then naturally fermented overnight in the cool, running water of the stream itself. The coffee is then sun-dried on handmade wooden beds, built from locally and seasonally available timber and leaves. Each farmer keeps their parchment at home until moisture is checked and lots are aggregated. Roasted to a medium profile that is suitable for both espresso as well as filter, the resulting cup has a body we fell in love with. It's the kind of cup that you can have everyday, whether as a morning cheer me up, or as a quite wind down at the end of day. Taste Profile Roasted Nuts, Milk Chocolate, Citrus Zest, Vanilla Origin Punjisil, Koraput, Odisha Processing Traditional Washed Elevation 3000+ ft",https://caffinary.com/products/maison-mahua,https://cdn.shopify.com/s/files/1/0617/6273/2232/files/MaMa-Tsp-Card.png?v=1773593546,Coffee
Maison Mahua - Roasted on 04/06,Caffinary,320.0,100g,Medium Roast,,Koraput,ing Traditional Washed,"Limited Lot of 30kg only. In the hills of Punjisil village, on the banks of the Punjisil Falls , a community of 50 families nurtures this 75 acres of land - 1.5 acres awarded to each beneficiary - an eligible member of the family, harvesting coffee that grows wild among forest cover and stream-fed slopes — where access requires a long, steep walk from the village, and crossing the river stream on foot. Here, harvesting remains a community act, guided by rhythm rather than machinery. Ripe red cherries are hand-carried for over two kilometres, across the river, where they’re de-pulped by a hand-operated pulper, then naturally fermented overnight in the cool, running water of the stream itself. The coffee is then sun-dried on handmade wooden beds, built from locally and seasonally available timber and leaves. Each farmer keeps their parchment at home until moisture is checked and lots are aggregated. Roasted to a medium profile that is suitable for both espresso as well as filter, the resulting cup has a body we fell in love with. It's the kind of cup that you can have everyday, whether as a morning cheer me up, or as a quite wind down at the end of day. Taste Profile Roasted Nuts, Milk Chocolate, Citrus Zest, Vanilla Origin Punjisil, Koraput, Odisha Processing Traditional Washed Elevation 3000+ ft",https://caffinary.com/products/maison-mahua,https://cdn.shopify.com/s/files/1/0617/6273/2232/files/MaMa-Tsp-Card.png?v=1773593546,Coffee
Maison Mahua - Roasted on 04/06,Caffinary,510.0,150g,Medium Roast,,Koraput,ing Traditional Washed,"Limited Lot of 30kg only. In the hills of Punjisil village, on the banks of the Punjisil Falls , a community of 50 families nurtures this 75 acres of land - 1.5 acres awarded to each beneficiary - an eligible member of the family, harvesting coffee that grows wild among forest cover and stream-fed slopes — where access requires a long, steep walk from the village, and crossing the river stream on foot. Here, harvesting remains a community act, guided by rhythm rather than machinery. Ripe red cherries are hand-carried for over two kilometres, across the river, where they’re de-pulped by a hand-operated pulper, then naturally fermented overnight in the cool, running water of the stream itself. The coffee is then sun-dried on handmade wooden beds, built from locally and seasonally available timber and leaves. Each farmer keeps their parchment at home until moisture is checked and lots are aggregated. Roasted to a medium profile that is suitable for both espresso as well as filter, the resulting cup has a body we fell in love with. It's the kind of cup that you can have everyday, whether as a morning cheer me up, or as a quite wind down at the end of day. Taste Profile Roasted Nuts, Milk Chocolate, Citrus Zest, Vanilla Origin Punjisil, Koraput, Odisha Processing Traditional Washed Elevation 3000+ ft",https://caffinary.com/products/maison-mahua,https://cdn.shopify.com/s/files/1/0617/6273/2232/files/MaMa-Tsp-Card.png?v=1773593546,Coffee
Maison Mahua - Roasted on 04/06,Caffinary,625.0,200g,Medium Roast,,Koraput,ing Traditional Washed,"Limited Lot of 30kg only. In the hills of Punjisil village, on the banks of the Punjisil Falls , a community of 50 families nurtures this 75 acres of land - 1.5 acres awarded to each beneficiary - an eligible member of the family, harvesting coffee that grows wild among forest cover and stream-fed slopes — where access requires a long, steep walk from the village, and crossing the river stream on foot. Here, harvesting remains a community act, guided by rhythm rather than machinery. Ripe red cherries are hand-carried for over two kilometres, across the river, where they’re de-pulped by a hand-operated pulper, then naturally fermented overnight in the cool, running water of the stream itself. The coffee is then sun-dried on handmade wooden beds, built from locally and seasonally available timber and leaves. Each farmer keeps their parchment at home until moisture is checked and lots are aggregated. Roasted to a medium profile that is suitable for both espresso as well as filter, the resulting cup has a body we fell in love with. It's the kind of cup that you can have everyday, whether as a morning cheer me up, or as a quite wind down at the end of day. Taste Profile Roasted Nuts, Milk Chocolate, Citrus Zest, Vanilla Origin Punjisil, Koraput, Odisha Processing Traditional Washed Elevation 3000+ ft",https://caffinary.com/products/maison-mahua,https://cdn.shopify.com/s/files/1/0617/6273/2232/files/MaMa-Tsp-Card.png?v=1773593546,Coffee
Maison Mahua - Roasted on 04/06,Caffinary,795.0,250g,Medium Roast,,Koraput,ing Traditional Washed,"Limited Lot of 30kg only. In the hills of Punjisil village, on the banks of the Punjisil Falls , a community of 50 families nurtures this 75 acres of land - 1.5 acres awarded to each beneficiary - an eligible member of the family, harvesting coffee that grows wild among forest cover and stream-fed slopes — where access requires a long, steep walk from the village, and crossing the river stream on foot. Here, harvesting remains a community act, guided by rhythm rather than machinery. Ripe red cherries are hand-carried for over two kilometres, across the river, where they’re de-pulped by a hand-operated pulper, then naturally fermented overnight in the cool, running water of the stream itself. The coffee is then sun-dried on handmade wooden beds, built from locally and seasonally available timber and leaves. Each farmer keeps their parchment at home until moisture is checked and lots are aggregated. Roasted to a medium profile that is suitable for both espresso as well as filter, the resulting cup has a body we fell in love with. It's the kind of cup that you can have everyday, whether as a morning cheer me up, or as a quite wind down at the end of day. Taste Profile Roasted Nuts, Milk Chocolate, Citrus Zest, Vanilla Origin Punjisil, Koraput, Odisha Processing Traditional Washed Elevation 3000+ ft",https://caffinary.com/products/maison-mahua,https://cdn.shopify.com/s/files/1/0617/6273/2232/files/MaMa-Tsp-Card.png?v=1773593546,Coffee
Maison Mahua - Roasted on 04/06,Caffinary,1540.0,500g,Medium Roast,,Koraput,ing Traditional Washed,"Limited Lot of 30kg only. In the hills of Punjisil village, on the banks of the Punjisil Falls , a community of 50 families nurtures this 75 acres of land - 1.5 acres awarded to each beneficiary - an eligible member of the family, harvesting coffee that grows wild among forest cover and stream-fed slopes — where access requires a long, steep walk from the village, and crossing the river stream on foot. Here, harvesting remains a community act, guided by rhythm rather than machinery. Ripe red cherries are hand-carried for over two kilometres, across the river, where they’re de-pulped by a hand-operated pulper, then naturally fermented overnight in the cool, running water of the stream itself. The coffee is then sun-dried on handmade wooden beds, built from locally and seasonally available timber and leaves. Each farmer keeps their parchment at home until moisture is checked and lots are aggregated. Roasted to a medium profile that is suitable for both espresso as well as filter, the resulting cup has a body we fell in love with. It's the kind of cup that you can have everyday, whether as a morning cheer me up, or as a quite wind down at the end of day. Taste Profile Roasted Nuts, Milk Chocolate, Citrus Zest, Vanilla Origin Punjisil, Koraput, Odisha Processing Traditional Washed Elevation 3000+ ft",https://caffinary.com/products/maison-mahua,https://cdn.shopify.com/s/files/1/0617/6273/2232/files/MaMa-Tsp-Card.png?v=1773593546,Coffee
Maison Mahua - Roasted on 04/06,Caffinary,170.0,50g,Medium Roast,,Koraput,ing Traditional Washed,"Limited Lot of 30kg only. In the hills of Punjisil village, on the banks of the Punjisil Falls , a community of 50 families nurtures this 75 acres of land - 1.5 acres awarded to each beneficiary - an eligible member of the family, harvesting coffee that grows wild among forest cover and stream-fed slopes — where access requires a long, steep walk from the village, and crossing the river stream on foot. Here, harvesting remains a community act, guided by rhythm rather than machinery. Ripe red cherries are hand-carried for over two kilometres, across the river, where they’re de-pulped by a hand-operated pulper, then naturally fermented overnight in the cool, running water of the stream itself. The coffee is then sun-dried on handmade wooden beds, built from locally and seasonally available timber and leaves. Each farmer keeps their parchment at home until moisture is checked and lots are aggregated. Roasted to a medium profile that is suitable for both espresso as well as filter, the resulting cup has a body we fell in love with. It's the kind of cup that you can have everyday, whether as a morning cheer me up, or as a quite wind down at the end of day. Taste Profile Roasted Nuts, Milk Chocolate, Citrus Zest, Vanilla Origin Punjisil, Koraput, Odisha Processing Traditional Washed Elevation 3000+ ft",https://caffinary.com/products/maison-mahua,https://cdn.shopify.com/s/files/1/0617/6273/2232/files/MaMa-Tsp-Card.png?v=1773593546,Coffee
Maison Mahua - Roasted on 04/06,Caffinary,320.0,100g,Medium Roast,,Koraput,ing Traditional Washed,"Limited Lot of 30kg only. In the hills of Punjisil village, on the banks of the Punjisil Falls , a community of 50 families nurtures this 75 acres of land - 1.5 acres awarded to each beneficiary - an eligible member of the family, harvesting coffee that grows wild among forest cover and stream-fed slopes — where access requires a long, steep walk from the village, and crossing the river stream on foot. Here, harvesting remains a community act, guided by rhythm rather than machinery. Ripe red cherries are hand-carried for over two kilometres, across the river, where they’re de-pulped by a hand-operated pulper, then naturally fermented overnight in the cool, running water of the stream itself. The coffee is then sun-dried on handmade wooden beds, built from locally and seasonally available timber and leaves. Each farmer keeps their parchment at home until moisture is checked and lots are aggregated. Roasted to a medium profile that is suitable for both espresso as well as filter, the resulting cup has a body we fell in love with. It's the kind of cup that you can have everyday, whether as a morning cheer me up, or as a quite wind down at the end of day. Taste Profile Roasted Nuts, Milk Chocolate, Citrus Zest, Vanilla Origin Punjisil, Koraput, Odisha Processing Traditional Washed Elevation 3000+ ft",https://caffinary.com/products/maison-mahua,https://cdn.shopify.com/s/files/1/0617/6273/2232/files/MaMa-Tsp-Card.png?v=1773593546,Coffee
Maison Mahua - Roasted on 04/06,Caffinary,510.0,150g,Medium Roast,,Koraput,ing Traditional Washed,"Limited Lot of 30kg only. In the hills of Punjisil village, on the banks of the Punjisil Falls , a community of 50 families nurtures this 75 acres of land - 1.5 acres awarded to each beneficiary - an eligible member of the family, harvesting coffee that grows wild among forest cover and stream-fed slopes — where access requires a long, steep walk from the village, and crossing the river stream on foot. Here, harvesting remains a community act, guided by rhythm rather than machinery. Ripe red cherries are hand-carried for over two kilometres, across the river, where they’re de-pulped by a hand-operated pulper, then naturally fermented overnight in the cool, running water of the stream itself. The coffee is then sun-dried on handmade wooden beds, built from locally and seasonally available timber and leaves. Each farmer keeps their parchment at home until moisture is checked and lots are aggregated. Roasted to a medium profile that is suitable for both espresso as well as filter, the resulting cup has a body we fell in love with. It's the kind of cup that you can have everyday, whether as a morning cheer me up, or as a quite wind down at the end of day. Taste Profile Roasted Nuts, Milk Chocolate, Citrus Zest, Vanilla Origin Punjisil, Koraput, Odisha Processing Traditional Washed Elevation 3000+ ft",https://caffinary.com/products/maison-mahua,https://cdn.shopify.com/s/files/1/0617/6273/2232/files/MaMa-Tsp-Card.png?v=1773593546,Coffee
Maison Mahua - Roasted on 04/06,Caffinary,625.0,200g,Medium Roast,,Koraput,ing Traditional Washed,"Limited Lot of 30kg only. In the hills of Punjisil village, on the banks of the Punjisil Falls , a community of 50 families nurtures this 75 acres of land - 1.5 acres awarded to each beneficiary - an eligible member of the family, harvesting coffee that grows wild among forest cover and stream-fed slopes — where access requires a long, steep walk from the village, and crossing the river stream on foot. Here, harvesting remains a community act, guided by rhythm rather than machinery. Ripe red cherries are hand-carried for over two kilometres, across the river, where they’re de-pulped by a hand-operated pulper, then naturally fermented overnight in the cool, running water of the stream itself. The coffee is then sun-dried on handmade wooden beds, built from locally and seasonally available timber and leaves. Each farmer keeps their parchment at home until moisture is checked and lots are aggregated. Roasted to a medium profile that is suitable for both espresso as well as filter, the resulting cup has a body we fell in love with. It's the kind of cup that you can have everyday, whether as a morning cheer me up, or as a quite wind down at the end of day. Taste Profile Roasted Nuts, Milk Chocolate, Citrus Zest, Vanilla Origin Punjisil, Koraput, Odisha Processing Traditional Washed Elevation 3000+ ft",https://caffinary.com/products/maison-mahua,https://cdn.shopify.com/s/files/1/0617/6273/2232/files/MaMa-Tsp-Card.png?v=1773593546,Coffee
Maison Mahua - Roasted on 04/06,Caffinary,795.0,250g,Medium Roast,,Koraput,ing Traditional Washed,"Limited Lot of 30kg only. In the hills of Punjisil village, on the banks of the Punjisil Falls , a community of 50 families nurtures this 75 acres of land - 1.5 acres awarded to each beneficiary - an eligible member of the family, harvesting coffee that grows wild among forest cover and stream-fed slopes — where access requires a long, steep walk from the village, and crossing the river stream on foot. Here, harvesting remains a community act, guided by rhythm rather than machinery. Ripe red cherries are hand-carried for over two kilometres, across the river, where they’re de-pulped by a hand-operated pulper, then naturally fermented overnight in the cool, running water of the stream itself. The coffee is then sun-dried on handmade wooden beds, built from locally and seasonally available timber and leaves. Each farmer keeps their parchment at home until moisture is checked and lots are aggregated. Roasted to a medium profile that is suitable for both espresso as well as filter, the resulting cup has a body we fell in love with. It's the kind of cup that you can have everyday, whether as a morning cheer me up, or as a quite wind down at the end of day. Taste Profile Roasted Nuts, Milk Chocolate, Citrus Zest, Vanilla Origin Punjisil, Koraput, Odisha Processing Traditional Washed Elevation 3000+ ft",https://caffinary.com/products/maison-mahua,https://cdn.shopify.com/s/files/1/0617/6273/2232/files/MaMa-Tsp-Card.png?v=1773593546,Coffee
Maison Mahua - Roasted on 04/06,Caffinary,1540.0,500g,Medium Roast,,Koraput,ing Traditional Washed,"Limited Lot of 30kg only. In the hills of Punjisil village, on the banks of the Punjisil Falls , a community of 50 families nurtures this 75 acres of land - 1.5 acres awarded to each beneficiary - an eligible member of the family, harvesting coffee that grows wild among forest cover and stream-fed slopes — where access requires a long, steep walk from the village, and crossing the river stream on foot. Here, harvesting remains a community act, guided by rhythm rather than machinery. Ripe red cherries are hand-carried for over two kilometres, across the river, where they’re de-pulped by a hand-operated pulper, then naturally fermented overnight in the cool, running water of the stream itself. The coffee is then sun-dried on handmade wooden beds, built from locally and seasonally available timber and leaves. Each farmer keeps their parchment at home until moisture is checked and lots are aggregated. Roasted to a medium profile that is suitable for both espresso as well as filter, the resulting cup has a body we fell in love with. It's the kind of cup that you can have everyday, whether as a morning cheer me up, or as a quite wind down at the end of day. Taste Profile Roasted Nuts, Milk Chocolate, Citrus Zest, Vanilla Origin Punjisil, Koraput, Odisha Processing Traditional Washed Elevation 3000+ ft",https://caffinary.com/products/maison-mahua,https://cdn.shopify.com/s/files/1/0617/6273/2232/files/MaMa-Tsp-Card.png?v=1773593546,Coffee
Maison Mahua - Roasted on 04/06,Caffinary,170.0,50g,Medium Roast,,Koraput,ing Traditional Washed,"Limited Lot of 30kg only. In the hills of Punjisil village, on the banks of the Punjisil Falls , a community of 50 families nurtures this 75 acres of land - 1.5 acres awarded to each beneficiary - an eligible member of the family, harvesting coffee that grows wild among forest cover and stream-fed slopes — where access requires a long, steep walk from the village, and crossing the river stream on foot. Here, harvesting remains a community act, guided by rhythm rather than machinery. Ripe red cherries are hand-carried for over two kilometres, across the river, where they’re de-pulped by a hand-operated pulper, then naturally fermented overnight in the cool, running water of the stream itself. The coffee is then sun-dried on handmade wooden beds, built from locally and seasonally available timber and leaves. Each farmer keeps their parchment at home until moisture is checked and lots are aggregated. Roasted to a medium profile that is suitable for both espresso as well as filter, the resulting cup has a body we fell in love with. It's the kind of cup that you can have everyday, whether as a morning cheer me up, or as a quite wind down at the end of day. Taste Profile Roasted Nuts, Milk Chocolate, Citrus Zest, Vanilla Origin Punjisil, Koraput, Odisha Processing Traditional Washed Elevation 3000+ ft",https://caffinary.com/products/maison-mahua,https://cdn.shopify.com/s/files/1/0617/6273/2232/files/MaMa-Tsp-Card.png?v=1773593546,Coffee
Maison Mahua - Roasted on 04/06,Caffinary,320.0,100g,Medium Roast,,Koraput,ing Traditional Washed,"Limited Lot of 30kg only. In the hills of Punjisil village, on the banks of the Punjisil Falls , a community of 50 families nurtures this 75 acres of land - 1.5 acres awarded to each beneficiary - an eligible member of the family, harvesting coffee that grows wild among forest cover and stream-fed slopes — where access requires a long, steep walk from the village, and crossing the river stream on foot. Here, harvesting remains a community act, guided by rhythm rather than machinery. Ripe red cherries are hand-carried for over two kilometres, across the river, where they’re de-pulped by a hand-operated pulper, then naturally fermented overnight in the cool, running water of the stream itself. The coffee is then sun-dried on handmade wooden beds, built from locally and seasonally available timber and leaves. Each farmer keeps their parchment at home until moisture is checked and lots are aggregated. Roasted to a medium profile that is suitable for both espresso as well as filter, the resulting cup has a body we fell in love with. It's the kind of cup that you can have everyday, whether as a morning cheer me up, or as a quite wind down at the end of day. Taste Profile Roasted Nuts, Milk Chocolate, Citrus Zest, Vanilla Origin Punjisil, Koraput, Odisha Processing Traditional Washed Elevation 3000+ ft",https://caffinary.com/products/maison-mahua,https://cdn.shopify.com/s/files/1/0617/6273/2232/files/MaMa-Tsp-Card.png?v=1773593546,Coffee
Maison Mahua - Roasted on 04/06,Caffinary,510.0,150g,Medium Roast,,Koraput,ing Traditional Washed,"Limited Lot of 30kg only. In the hills of Punjisil village, on the banks of the Punjisil Falls , a community of 50 families nurtures this 75 acres of land - 1.5 acres awarded to each beneficiary - an eligible member of the family, harvesting coffee that grows wild among forest cover and stream-fed slopes — where access requires a long, steep walk from the village, and crossing the river stream on foot. Here, harvesting remains a community act, guided by rhythm rather than machinery. Ripe red cherries are hand-carried for over two kilometres, across the river, where they’re de-pulped by a hand-operated pulper, then naturally fermented overnight in the cool, running water of the stream itself. The coffee is then sun-dried on handmade wooden beds, built from locally and seasonally available timber and leaves. Each farmer keeps their parchment at home until moisture is checked and lots are aggregated. Roasted to a medium profile that is suitable for both espresso as well as filter, the resulting cup has a body we fell in love with. It's the kind of cup that you can have everyday, whether as a morning cheer me up, or as a quite wind down at the end of day. Taste Profile Roasted Nuts, Milk Chocolate, Citrus Zest, Vanilla Origin Punjisil, Koraput, Odisha Processing Traditional Washed Elevation 3000+ ft",https://caffinary.com/products/maison-mahua,https://cdn.shopify.com/s/files/1/0617/6273/2232/files/MaMa-Tsp-Card.png?v=1773593546,Coffee
Maison Mahua - Roasted on 04/06,Caffinary,625.0,200g,Medium Roast,,Koraput,ing Traditional Washed,"Limited Lot of 30kg only. In the hills of Punjisil village, on the banks of the Punjisil Falls , a community of 50 families nurtures this 75 acres of land - 1.5 acres awarded to each beneficiary - an eligible member of the family, harvesting coffee that grows wild among forest cover and stream-fed slopes — where access requires a long, steep walk from the village, and crossing the river stream on foot. Here, harvesting remains a community act, guided by rhythm rather than machinery. Ripe red cherries are hand-carried for over two kilometres, across the river, where they’re de-pulped by a hand-operated pulper, then naturally fermented overnight in the cool, running water of the stream itself. The coffee is then sun-dried on handmade wooden beds, built from locally and seasonally available timber and leaves. Each farmer keeps their parchment at home until moisture is checked and lots are aggregated. Roasted to a medium profile that is suitable for both espresso as well as filter, the resulting cup has a body we fell in love with. It's the kind of cup that you can have everyday, whether as a morning cheer me up, or as a quite wind down at the end of day. Taste Profile Roasted Nuts, Milk Chocolate, Citrus Zest, Vanilla Origin Punjisil, Koraput, Odisha Processing Traditional Washed Elevation 3000+ ft",https://caffinary.com/products/maison-mahua,https://cdn.shopify.com/s/files/1/0617/6273/2232/files/MaMa-Tsp-Card.png?v=1773593546,Coffee
Maison Mahua - Roasted on 04/06,Caffinary,795.0,250g,Medium Roast,,Koraput,ing Traditional Washed,"Limited Lot of 30kg only. In the hills of Punjisil village, on the banks of the Punjisil Falls , a community of 50 families nurtures this 75 acres of land - 1.5 acres awarded to each beneficiary - an eligible member of the family, harvesting coffee that grows wild among forest cover and stream-fed slopes — where access requires a long, steep walk from the village, and crossing the river stream on foot. Here, harvesting remains a community act, guided by rhythm rather than machinery. Ripe red cherries are hand-carried for over two kilometres, across the river, where they’re de-pulped by a hand-operated pulper, then naturally fermented overnight in the cool, running water of the stream itself. The coffee is then sun-dried on handmade wooden beds, built from locally and seasonally available timber and leaves. Each farmer keeps their parchment at home until moisture is checked and lots are aggregated. Roasted to a medium profile that is suitable for both espresso as well as filter, the resulting cup has a body we fell in love with. It's the kind of cup that you can have everyday, whether as a morning cheer me up, or as a quite wind down at the end of day. Taste Profile Roasted Nuts, Milk Chocolate, Citrus Zest, Vanilla Origin Punjisil, Koraput, Odisha Processing Traditional Washed Elevation 3000+ ft",https://caffinary.com/products/maison-mahua,https://cdn.shopify.com/s/files/1/0617/6273/2232/files/MaMa-Tsp-Card.png?v=1773593546,Coffee
Maison Mahua - Roasted on 04/06,Caffinary,1540.0,500g,Medium Roast,,Koraput,ing Traditional Washed,"Limited Lot of 30kg only. In the hills of Punjisil village, on the banks of the Punjisil Falls , a community of 50 families nurtures this 75 acres of land - 1.5 acres awarded to each beneficiary - an eligible member of the family, harvesting coffee that grows wild among forest cover and stream-fed slopes — where access requires a long, steep walk from the village, and crossing the river stream on foot. Here, harvesting remains a community act, guided by rhythm rather than machinery. Ripe red cherries are hand-carried for over two kilometres, across the river, where they’re de-pulped by a hand-operated pulper, then naturally fermented overnight in the cool, running water of the stream itself. The coffee is then sun-dried on handmade wooden beds, built from locally and seasonally available timber and leaves. Each farmer keeps their parchment at home until moisture is checked and lots are aggregated. Roasted to a medium profile that is suitable for both espresso as well as filter, the resulting cup has a body we fell in love with. It's the kind of cup that you can have everyday, whether as a morning cheer me up, or as a quite wind down at the end of day. Taste Profile Roasted Nuts, Milk Chocolate, Citrus Zest, Vanilla Origin Punjisil, Koraput, Odisha Processing Traditional Washed Elevation 3000+ ft",https://caffinary.com/products/maison-mahua,https://cdn.shopify.com/s/files/1/0617/6273/2232/files/MaMa-Tsp-Card.png?v=1773593546,Coffee
Maison Mahua - Roasted on 04/06,Caffinary,170.0,50g,Medium Roast,,Koraput,ing Traditional Washed,"Limited Lot of 30kg only. In the hills of Punjisil village, on the banks of the Punjisil Falls , a community of 50 families nurtures this 75 acres of land - 1.5 acres awarded to each beneficiary - an eligible member of the family, harvesting coffee that grows wild among forest cover and stream-fed slopes — where access requires a long, steep walk from the village, and crossing the river stream on foot. Here, harvesting remains a community act, guided by rhythm rather than machinery. Ripe red cherries are hand-carried for over two kilometres, across the river, where they’re de-pulped by a hand-operated pulper, then naturally fermented overnight in the cool, running water of the stream itself. The coffee is then sun-dried on handmade wooden beds, built from locally and seasonally available timber and leaves. Each farmer keeps their parchment at home until moisture is checked and lots are aggregated. Roasted to a medium profile that is suitable for both espresso as well as filter, the resulting cup has a body we fell in love with. It's the kind of cup that you can have everyday, whether as a morning cheer me up, or as a quite wind down at the end of day. Taste Profile Roasted Nuts, Milk Chocolate, Citrus Zest, Vanilla Origin Punjisil, Koraput, Odisha Processing Traditional Washed Elevation 3000+ ft",https://caffinary.com/products/maison-mahua,https://cdn.shopify.com/s/files/1/0617/6273/2232/files/MaMa-Tsp-Card.png?v=1773593546,Coffee
Maison Mahua - Roasted on 04/06,Caffinary,320.0,100g,Medium Roast,,Koraput,ing Traditional Washed,"Limited Lot of 30kg only. In the hills of Punjisil village, on the banks of the Punjisil Falls , a community of 50 families nurtures this 75 acres of land - 1.5 acres awarded to each beneficiary - an eligible member of the family, harvesting coffee that grows wild among forest cover and stream-fed slopes — where access requires a long, steep walk from the village, and crossing the river stream on foot. Here, harvesting remains a community act, guided by rhythm rather than machinery. Ripe red cherries are hand-carried for over two kilometres, across the river, where they’re de-pulped by a hand-operated pulper, then naturally fermented overnight in the cool, running water of the stream itself. The coffee is then sun-dried on handmade wooden beds, built from locally and seasonally available timber and leaves. Each farmer keeps their parchment at home until moisture is checked and lots are aggregated. Roasted to a medium profile that is suitable for both espresso as well as filter, the resulting cup has a body we fell in love with. It's the kind of cup that you can have everyday, whether as a morning cheer me up, or as a quite wind down at the end of day. Taste Profile Roasted Nuts, Milk Chocolate, Citrus Zest, Vanilla Origin Punjisil, Koraput, Odisha Processing Traditional Washed Elevation 3000+ ft",https://caffinary.com/products/maison-mahua,https://cdn.shopify.com/s/files/1/0617/6273/2232/files/MaMa-Tsp-Card.png?v=1773593546,Coffee
Maison Mahua - Roasted on 04/06,Caffinary,510.0,150g,Medium Roast,,Koraput,ing Traditional Washed,"Limited Lot of 30kg only. In the hills of Punjisil village, on the banks of the Punjisil Falls , a community of 50 families nurtures this 75 acres of land - 1.5 acres awarded to each beneficiary - an eligible member of the family, harvesting coffee that grows wild among forest cover and stream-fed slopes — where access requires a long, steep walk from the village, and crossing the river stream on foot. Here, harvesting remains a community act, guided by rhythm rather than machinery. Ripe red cherries are hand-carried for over two kilometres, across the river, where they’re de-pulped by a hand-operated pulper, then naturally fermented overnight in the cool, running water of the stream itself. The coffee is then sun-dried on handmade wooden beds, built from locally and seasonally available timber and leaves. Each farmer keeps their parchment at home until moisture is checked and lots are aggregated. Roasted to a medium profile that is suitable for both espresso as well as filter, the resulting cup has a body we fell in love with. It's the kind of cup that you can have everyday, whether as a morning cheer me up, or as a quite wind down at the end of day. Taste Profile Roasted Nuts, Milk Chocolate, Citrus Zest, Vanilla Origin Punjisil, Koraput, Odisha Processing Traditional Washed Elevation 3000+ ft",https://caffinary.com/products/maison-mahua,https://cdn.shopify.com/s/files/1/0617/6273/2232/files/MaMa-Tsp-Card.png?v=1773593546,Coffee
Maison Mahua - Roasted on 04/06,Caffinary,625.0,200g,Medium Roast,,Koraput,ing Traditional Washed,"Limited Lot of 30kg only. In the hills of Punjisil village, on the banks of the Punjisil Falls , a community of 50 families nurtures this 75 acres of land - 1.5 acres awarded to each beneficiary - an eligible member of the family, harvesting coffee that grows wild among forest cover and stream-fed slopes — where access requires a long, steep walk from the village, and crossing the river stream on foot. Here, harvesting remains a community act, guided by rhythm rather than machinery. Ripe red cherries are hand-carried for over two kilometres, across the river, where they’re de-pulped by a hand-operated pulper, then naturally fermented overnight in the cool, running water of the stream itself. The coffee is then sun-dried on handmade wooden beds, built from locally and seasonally available timber and leaves. Each farmer keeps their parchment at home until moisture is checked and lots are aggregated. Roasted to a medium profile that is suitable for both espresso as well as filter, the resulting cup has a body we fell in love with. It's the kind of cup that you can have everyday, whether as a morning cheer me up, or as a quite wind down at the end of day. Taste Profile Roasted Nuts, Milk Chocolate, Citrus Zest, Vanilla Origin Punjisil, Koraput, Odisha Processing Traditional Washed Elevation 3000+ ft",https://caffinary.com/products/maison-mahua,https://cdn.shopify.com/s/files/1/0617/6273/2232/files/MaMa-Tsp-Card.png?v=1773593546,Coffee
Maison Mahua - Roasted on 04/06,Caffinary,795.0,250g,Medium Roast,,Koraput,ing Traditional Washed,"Limited Lot of 30kg only. In the hills of Punjisil village, on the banks of the Punjisil Falls , a community of 50 families nurtures this 75 acres of land - 1.5 acres awarded to each beneficiary - an eligible member of the family, harvesting coffee that grows wild among forest cover and stream-fed slopes — where access requires a long, steep walk from the village, and crossing the river stream on foot. Here, harvesting remains a community act, guided by rhythm rather than machinery. Ripe red cherries are hand-carried for over two kilometres, across the river, where they’re de-pulped by a hand-operated pulper, then naturally fermented overnight in the cool, running water of the stream itself. The coffee is then sun-dried on handmade wooden beds, built from locally and seasonally available timber and leaves. Each farmer keeps their parchment at home until moisture is checked and lots are aggregated. Roasted to a medium profile that is suitable for both espresso as well as filter, the resulting cup has a body we fell in love with. It's the kind of cup that you can have everyday, whether as a morning cheer me up, or as a quite wind down at the end of day. Taste Profile Roasted Nuts, Milk Chocolate, Citrus Zest, Vanilla Origin Punjisil, Koraput, Odisha Processing Traditional Washed Elevation 3000+ ft",https://caffinary.com/products/maison-mahua,https://cdn.shopify.com/s/files/1/0617/6273/2232/files/MaMa-Tsp-Card.png?v=1773593546,Coffee
Maison Mahua - Roasted on 04/06,Caffinary,1540.0,500g,Medium Roast,,Koraput,ing Traditional Washed,"Limited Lot of 30kg only. In the hills of Punjisil village, on the banks of the Punjisil Falls , a community of 50 families nurtures this 75 acres of land - 1.5 acres awarded to each beneficiary - an eligible member of the family, harvesting coffee that grows wild among forest cover and stream-fed slopes — where access requires a long, steep walk from the village, and crossing the river stream on foot. Here, harvesting remains a community act, guided by rhythm rather than machinery. Ripe red cherries are hand-carried for over two kilometres, across the river, where they’re de-pulped by a hand-operated pulper, then naturally fermented overnight in the cool, running water of the stream itself. The coffee is then sun-dried on handmade wooden beds, built from locally and seasonally available timber and leaves. Each farmer keeps their parchment at home until moisture is checked and lots are aggregated. Roasted to a medium profile that is suitable for both espresso as well as filter, the resulting cup has a body we fell in love with. It's the kind of cup that you can have everyday, whether as a morning cheer me up, or as a quite wind down at the end of day. Taste Profile Roasted Nuts, Milk Chocolate, Citrus Zest, Vanilla Origin Punjisil, Koraput, Odisha Processing Traditional Washed Elevation 3000+ ft",https://caffinary.com/products/maison-mahua,https://cdn.shopify.com/s/files/1/0617/6273/2232/files/MaMa-Tsp-Card.png?v=1773593546,Coffee
Maison Mahua - Roasted on 04/06,Caffinary,170.0,50g,Medium Roast,,Koraput,ing Traditional Washed,"Limited Lot of 30kg only. In the hills of Punjisil village, on the banks of the Punjisil Falls , a community of 50 families nurtures this 75 acres of land - 1.5 acres awarded to each beneficiary - an eligible member of the family, harvesting coffee that grows wild among forest cover and stream-fed slopes — where access requires a long, steep walk from the village, and crossing the river stream on foot. Here, harvesting remains a community act, guided by rhythm rather than machinery. Ripe red cherries are hand-carried for over two kilometres, across the river, where they’re de-pulped by a hand-operated pulper, then naturally fermented overnight in the cool, running water of the stream itself. The coffee is then sun-dried on handmade wooden beds, built from locally and seasonally available timber and leaves. Each farmer keeps their parchment at home until moisture is checked and lots are aggregated. Roasted to a medium profile that is suitable for both espresso as well as filter, the resulting cup has a body we fell in love with. It's the kind of cup that you can have everyday, whether as a morning cheer me up, or as a quite wind down at the end of day. Taste Profile Roasted Nuts, Milk Chocolate, Citrus Zest, Vanilla Origin Punjisil, Koraput, Odisha Processing Traditional Washed Elevation 3000+ ft",https://caffinary.com/products/maison-mahua,https://cdn.shopify.com/s/files/1/0617/6273/2232/files/MaMa-Tsp-Card.png?v=1773593546,Coffee
Maison Mahua - Roasted on 04/06,Caffinary,320.0,100g,Medium Roast,,Koraput,ing Traditional Washed,"Limited Lot of 30kg only. In the hills of Punjisil village, on the banks of the Punjisil Falls , a community of 50 families nurtures this 75 acres of land - 1.5 acres awarded to each beneficiary - an eligible member of the family, harvesting coffee that grows wild among forest cover and stream-fed slopes — where access requires a long, steep walk from the village, and crossing the river stream on foot. Here, harvesting remains a community act, guided by rhythm rather than machinery. Ripe red cherries are hand-carried for over two kilometres, across the river, where they’re de-pulped by a hand-operated pulper, then naturally fermented overnight in the cool, running water of the stream itself. The coffee is then sun-dried on handmade wooden beds, built from locally and seasonally available timber and leaves. Each farmer keeps their parchment at home until moisture is checked and lots are aggregated. Roasted to a medium profile that is suitable for both espresso as well as filter, the resulting cup has a body we fell in love with. It's the kind of cup that you can have everyday, whether as a morning cheer me up, or as a quite wind down at the end of day. Taste Profile Roasted Nuts, Milk Chocolate, Citrus Zest, Vanilla Origin Punjisil, Koraput, Odisha Processing Traditional Washed Elevation 3000+ ft",https://caffinary.com/products/maison-mahua,https://cdn.shopify.com/s/files/1/0617/6273/2232/files/MaMa-Tsp-Card.png?v=1773593546,Coffee
Maison Mahua - Roasted on 04/06,Caffinary,510.0,150g,Medium Roast,,Koraput,ing Traditional Washed,"Limited Lot of 30kg only. In the hills of Punjisil village, on the banks of the Punjisil Falls , a community of 50 families nurtures this 75 acres of land - 1.5 acres awarded to each beneficiary - an eligible member of the family, harvesting coffee that grows wild among forest cover and stream-fed slopes — where access requires a long, steep walk from the village, and crossing the river stream on foot. Here, harvesting remains a community act, guided by rhythm rather than machinery. Ripe red cherries are hand-carried for over two kilometres, across the river, where they’re de-pulped by a hand-operated pulper, then naturally fermented overnight in the cool, running water of the stream itself. The coffee is then sun-dried on handmade wooden beds, built from locally and seasonally available timber and leaves. Each farmer keeps their parchment at home until moisture is checked and lots are aggregated. Roasted to a medium profile that is suitable for both espresso as well as filter, the resulting cup has a body we fell in love with. It's the kind of cup that you can have everyday, whether as a morning cheer me up, or as a quite wind down at the end of day. Taste Profile Roasted Nuts, Milk Chocolate, Citrus Zest, Vanilla Origin Punjisil, Koraput, Odisha Processing Traditional Washed Elevation 3000+ ft",https://caffinary.com/products/maison-mahua,https://cdn.shopify.com/s/files/1/0617/6273/2232/files/MaMa-Tsp-Card.png?v=1773593546,Coffee
Maison Mahua - Roasted on 04/06,Caffinary,625.0,200g,Medium Roast,,Koraput,ing Traditional Washed,"Limited Lot of 30kg only. In the hills of Punjisil village, on the banks of the Punjisil Falls , a community of 50 families nurtures this 75 acres of land - 1.5 acres awarded to each beneficiary - an eligible member of the family, harvesting coffee that grows wild among forest cover and stream-fed slopes — where access requires a long, steep walk from the village, and crossing the river stream on foot. Here, harvesting remains a community act, guided by rhythm rather than machinery. Ripe red cherries are hand-carried for over two kilometres, across the river, where they’re de-pulped by a hand-operated pulper, then naturally fermented overnight in the cool, running water of the stream itself. The coffee is then sun-dried on handmade wooden beds, built from locally and seasonally available timber and leaves. Each farmer keeps their parchment at home until moisture is checked and lots are aggregated. Roasted to a medium profile that is suitable for both espresso as well as filter, the resulting cup has a body we fell in love with. It's the kind of cup that you can have everyday, whether as a morning cheer me up, or as a quite wind down at the end of day. Taste Profile Roasted Nuts, Milk Chocolate, Citrus Zest, Vanilla Origin Punjisil, Koraput, Odisha Processing Traditional Washed Elevation 3000+ ft",https://caffinary.com/products/maison-mahua,https://cdn.shopify.com/s/files/1/0617/6273/2232/files/MaMa-Tsp-Card.png?v=1773593546,Coffee
Maison Mahua - Roasted on 04/06,Caffinary,795.0,250g,Medium Roast,,Koraput,ing Traditional Washed,"Limited Lot of 30kg only. In the hills of Punjisil village, on the banks of the Punjisil Falls , a community of 50 families nurtures this 75 acres of land - 1.5 acres awarded to each beneficiary - an eligible member of the family, harvesting coffee that grows wild among forest cover and stream-fed slopes — where access requires a long, steep walk from the village, and crossing the river stream on foot. Here, harvesting remains a community act, guided by rhythm rather than machinery. Ripe red cherries are hand-carried for over two kilometres, across the river, where they’re de-pulped by a hand-operated pulper, then naturally fermented overnight in the cool, running water of the stream itself. The coffee is then sun-dried on handmade wooden beds, built from locally and seasonally available timber and leaves. Each farmer keeps their parchment at home until moisture is checked and lots are aggregated. Roasted to a medium profile that is suitable for both espresso as well as filter, the resulting cup has a body we fell in love with. It's the kind of cup that you can have everyday, whether as a morning cheer me up, or as a quite wind down at the end of day. Taste Profile Roasted Nuts, Milk Chocolate, Citrus Zest, Vanilla Origin Punjisil, Koraput, Odisha Processing Traditional Washed Elevation 3000+ ft",https://caffinary.com/products/maison-mahua,https://cdn.shopify.com/s/files/1/0617/6273/2232/files/MaMa-Tsp-Card.png?v=1773593546,Coffee
Maison Mahua - Roasted on 04/06,Caffinary,1540.0,500g,Medium Roast,,Koraput,ing Traditional Washed,"Limited Lot of 30kg only. In the hills of Punjisil village, on the banks of the Punjisil Falls , a community of 50 families nurtures this 75 acres of land - 1.5 acres awarded to each beneficiary - an eligible member of the family, harvesting coffee that grows wild among forest cover and stream-fed slopes — where access requires a long, steep walk from the village, and crossing the river stream on foot. Here, harvesting remains a community act, guided by rhythm rather than machinery. Ripe red cherries are hand-carried for over two kilometres, across the river, where they’re de-pulped by a hand-operated pulper, then naturally fermented overnight in the cool, running water of the stream itself. The coffee is then sun-dried on handmade wooden beds, built from locally and seasonally available timber and leaves. Each farmer keeps their parchment at home until moisture is checked and lots are aggregated. Roasted to a medium profile that is suitable for both espresso as well as filter, the resulting cup has a body we fell in love with. It's the kind of cup that you can have everyday, whether as a morning cheer me up, or as a quite wind down at the end of day. Taste Profile Roasted Nuts, Milk Chocolate, Citrus Zest, Vanilla Origin Punjisil, Koraput, Odisha Processing Traditional Washed Elevation 3000+ ft",https://caffinary.com/products/maison-mahua,https://cdn.shopify.com/s/files/1/0617/6273/2232/files/MaMa-Tsp-Card.png?v=1773593546,Coffee
Maison Mahua - Roasted on 04/06,Caffinary,170.0,50g,Medium Roast,,Koraput,ing Traditional Washed,"Limited Lot of 30kg only. In the hills of Punjisil village, on the banks of the Punjisil Falls , a community of 50 families nurtures this 75 acres of land - 1.5 acres awarded to each beneficiary - an eligible member of the family, harvesting coffee that grows wild among forest cover and stream-fed slopes — where access requires a long, steep walk from the village, and crossing the river stream on foot. Here, harvesting remains a community act, guided by rhythm rather than machinery. Ripe red cherries are hand-carried for over two kilometres, across the river, where they’re de-pulped by a hand-operated pulper, then naturally fermented overnight in the cool, running water of the stream itself. The coffee is then sun-dried on handmade wooden beds, built from locally and seasonally available timber and leaves. Each farmer keeps their parchment at home until moisture is checked and lots are aggregated. Roasted to a medium profile that is suitable for both espresso as well as filter, the resulting cup has a body we fell in love with. It's the kind of cup that you can have everyday, whether as a morning cheer me up, or as a quite wind down at the end of day. Taste Profile Roasted Nuts, Milk Chocolate, Citrus Zest, Vanilla Origin Punjisil, Koraput, Odisha Processing Traditional Washed Elevation 3000+ ft",https://caffinary.com/products/maison-mahua,https://cdn.shopify.com/s/files/1/0617/6273/2232/files/MaMa-Tsp-Card.png?v=1773593546,Coffee
Maison Mahua - Roasted on 04/06,Caffinary,320.0,100g,Medium Roast,,Koraput,ing Traditional Washed,"Limited Lot of 30kg only. In the hills of Punjisil village, on the banks of the Punjisil Falls , a community of 50 families nurtures this 75 acres of land - 1.5 acres awarded to each beneficiary - an eligible member of the family, harvesting coffee that grows wild among forest cover and stream-fed slopes — where access requires a long, steep walk from the village, and crossing the river stream on foot. Here, harvesting remains a community act, guided by rhythm rather than machinery. Ripe red cherries are hand-carried for over two kilometres, across the river, where they’re de-pulped by a hand-operated pulper, then naturally fermented overnight in the cool, running water of the stream itself. The coffee is then sun-dried on handmade wooden beds, built from locally and seasonally available timber and leaves. Each farmer keeps their parchment at home until moisture is checked and lots are aggregated. Roasted to a medium profile that is suitable for both espresso as well as filter, the resulting cup has a body we fell in love with. It's the kind of cup that you can have everyday, whether as a morning cheer me up, or as a quite wind down at the end of day. Taste Profile Roasted Nuts, Milk Chocolate, Citrus Zest, Vanilla Origin Punjisil, Koraput, Odisha Processing Traditional Washed Elevation 3000+ ft",https://caffinary.com/products/maison-mahua,https://cdn.shopify.com/s/files/1/0617/6273/2232/files/MaMa-Tsp-Card.png?v=1773593546,Coffee
Maison Mahua - Roasted on 04/06,Caffinary,510.0,150g,Medium Roast,,Koraput,ing Traditional Washed,"Limited Lot of 30kg only. In the hills of Punjisil village, on the banks of the Punjisil Falls , a community of 50 families nurtures this 75 acres of land - 1.5 acres awarded to each beneficiary - an eligible member of the family, harvesting coffee that grows wild among forest cover and stream-fed slopes — where access requires a long, steep walk from the village, and crossing the river stream on foot. Here, harvesting remains a community act, guided by rhythm rather than machinery. Ripe red cherries are hand-carried for over two kilometres, across the river, where they’re de-pulped by a hand-operated pulper, then naturally fermented overnight in the cool, running water of the stream itself. The coffee is then sun-dried on handmade wooden beds, built from locally and seasonally available timber and leaves. Each farmer keeps their parchment at home until moisture is checked and lots are aggregated. Roasted to a medium profile that is suitable for both espresso as well as filter, the resulting cup has a body we fell in love with. It's the kind of cup that you can have everyday, whether as a morning cheer me up, or as a quite wind down at the end of day. Taste Profile Roasted Nuts, Milk Chocolate, Citrus Zest, Vanilla Origin Punjisil, Koraput, Odisha Processing Traditional Washed Elevation 3000+ ft",https://caffinary.com/products/maison-mahua,https://cdn.shopify.com/s/files/1/0617/6273/2232/files/MaMa-Tsp-Card.png?v=1773593546,Coffee
Maison Mahua - Roasted on 04/06,Caffinary,625.0,200g,Medium Roast,,Koraput,ing Traditional Washed,"Limited Lot of 30kg only. In the hills of Punjisil village, on the banks of the Punjisil Falls , a community of 50 families nurtures this 75 acres of land - 1.5 acres awarded to each beneficiary - an eligible member of the family, harvesting coffee that grows wild among forest cover and stream-fed slopes — where access requires a long, steep walk from the village, and crossing the river stream on foot. Here, harvesting remains a community act, guided by rhythm rather than machinery. Ripe red cherries are hand-carried for over two kilometres, across the river, where they’re de-pulped by a hand-operated pulper, then naturally fermented overnight in the cool, running water of the stream itself. The coffee is then sun-dried on handmade wooden beds, built from locally and seasonally available timber and leaves. Each farmer keeps their parchment at home until moisture is checked and lots are aggregated. Roasted to a medium profile that is suitable for both espresso as well as filter, the resulting cup has a body we fell in love with. It's the kind of cup that you can have everyday, whether as a morning cheer me up, or as a quite wind down at the end of day. Taste Profile Roasted Nuts, Milk Chocolate, Citrus Zest, Vanilla Origin Punjisil, Koraput, Odisha Processing Traditional Washed Elevation 3000+ ft",https://caffinary.com/products/maison-mahua,https://cdn.shopify.com/s/files/1/0617/6273/2232/files/MaMa-Tsp-Card.png?v=1773593546,Coffee
Maison Mahua - Roasted on 04/06,Caffinary,795.0,250g,Medium Roast,,Koraput,ing Traditional Washed,"Limited Lot of 30kg only. In the hills of Punjisil village, on the banks of the Punjisil Falls , a community of 50 families nurtures this 75 acres of land - 1.5 acres awarded to each beneficiary - an eligible member of the family, harvesting coffee that grows wild among forest cover and stream-fed slopes — where access requires a long, steep walk from the village, and crossing the river stream on foot. Here, harvesting remains a community act, guided by rhythm rather than machinery. Ripe red cherries are hand-carried for over two kilometres, across the river, where they’re de-pulped by a hand-operated pulper, then naturally fermented overnight in the cool, running water of the stream itself. The coffee is then sun-dried on handmade wooden beds, built from locally and seasonally available timber and leaves. Each farmer keeps their parchment at home until moisture is checked and lots are aggregated. Roasted to a medium profile that is suitable for both espresso as well as filter, the resulting cup has a body we fell in love with. It's the kind of cup that you can have everyday, whether as a morning cheer me up, or as a quite wind down at the end of day. Taste Profile Roasted Nuts, Milk Chocolate, Citrus Zest, Vanilla Origin Punjisil, Koraput, Odisha Processing Traditional Washed Elevation 3000+ ft",https://caffinary.com/products/maison-mahua,https://cdn.shopify.com/s/files/1/0617/6273/2232/files/MaMa-Tsp-Card.png?v=1773593546,Coffee
Maison Mahua - Roasted on 04/06,Caffinary,1540.0,500g,Medium Roast,,Koraput,ing Traditional Washed,"Limited Lot of 30kg only. In the hills of Punjisil village, on the banks of the Punjisil Falls , a community of 50 families nurtures this 75 acres of land - 1.5 acres awarded to each beneficiary - an eligible member of the family, harvesting coffee that grows wild among forest cover and stream-fed slopes — where access requires a long, steep walk from the village, and crossing the river stream on foot. Here, harvesting remains a community act, guided by rhythm rather than machinery. Ripe red cherries are hand-carried for over two kilometres, across the river, where they’re de-pulped by a hand-operated pulper, then naturally fermented overnight in the cool, running water of the stream itself. The coffee is then sun-dried on handmade wooden beds, built from locally and seasonally available timber and leaves. Each farmer keeps their parchment at home until moisture is checked and lots are aggregated. Roasted to a medium profile that is suitable for both espresso as well as filter, the resulting cup has a body we fell in love with. It's the kind of cup that you can have everyday, whether as a morning cheer me up, or as a quite wind down at the end of day. Taste Profile Roasted Nuts, Milk Chocolate, Citrus Zest, Vanilla Origin Punjisil, Koraput, Odisha Processing Traditional Washed Elevation 3000+ ft",https://caffinary.com/products/maison-mahua,https://cdn.shopify.com/s/files/1/0617/6273/2232/files/MaMa-Tsp-Card.png?v=1773593546,Coffee
Maison Mahua - Roasted on 04/06,Caffinary,170.0,50g,Medium Roast,,Koraput,ing Traditional Washed,"Limited Lot of 30kg only. In the hills of Punjisil village, on the banks of the Punjisil Falls , a community of 50 families nurtures this 75 acres of land - 1.5 acres awarded to each beneficiary - an eligible member of the family, harvesting coffee that grows wild among forest cover and stream-fed slopes — where access requires a long, steep walk from the village, and crossing the river stream on foot. Here, harvesting remains a community act, guided by rhythm rather than machinery. Ripe red cherries are hand-carried for over two kilometres, across the river, where they’re de-pulped by a hand-operated pulper, then naturally fermented overnight in the cool, running water of the stream itself. The coffee is then sun-dried on handmade wooden beds, built from locally and seasonally available timber and leaves. Each farmer keeps their parchment at home until moisture is checked and lots are aggregated. Roasted to a medium profile that is suitable for both espresso as well as filter, the resulting cup has a body we fell in love with. It's the kind of cup that you can have everyday, whether as a morning cheer me up, or as a quite wind down at the end of day. Taste Profile Roasted Nuts, Milk Chocolate, Citrus Zest, Vanilla Origin Punjisil, Koraput, Odisha Processing Traditional Washed Elevation 3000+ ft",https://caffinary.com/products/maison-mahua,https://cdn.shopify.com/s/files/1/0617/6273/2232/files/MaMa-Tsp-Card.png?v=1773593546,Coffee
Maison Mahua - Roasted on 04/06,Caffinary,320.0,100g,Medium Roast,,Koraput,ing Traditional Washed,"Limited Lot of 30kg only. In the hills of Punjisil village, on the banks of the Punjisil Falls , a community of 50 families nurtures this 75 acres of land - 1.5 acres awarded to each beneficiary - an eligible member of the family, harvesting coffee that grows wild among forest cover and stream-fed slopes — where access requires a long, steep walk from the village, and crossing the river stream on foot. Here, harvesting remains a community act, guided by rhythm rather than machinery. Ripe red cherries are hand-carried for over two kilometres, across the river, where they’re de-pulped by a hand-operated pulper, then naturally fermented overnight in the cool, running water of the stream itself. The coffee is then sun-dried on handmade wooden beds, built from locally and seasonally available timber and leaves. Each farmer keeps their parchment at home until moisture is checked and lots are aggregated. Roasted to a medium profile that is suitable for both espresso as well as filter, the resulting cup has a body we fell in love with. It's the kind of cup that you can have everyday, whether as a morning cheer me up, or as a quite wind down at the end of day. Taste Profile Roasted Nuts, Milk Chocolate, Citrus Zest, Vanilla Origin Punjisil, Koraput, Odisha Processing Traditional Washed Elevation 3000+ ft",https://caffinary.com/products/maison-mahua,https://cdn.shopify.com/s/files/1/0617/6273/2232/files/MaMa-Tsp-Card.png?v=1773593546,Coffee
Maison Mahua - Roasted on 04/06,Caffinary,510.0,150g,Medium Roast,,Koraput,ing Traditional Washed,"Limited Lot of 30kg only. In the hills of Punjisil village, on the banks of the Punjisil Falls , a community of 50 families nurtures this 75 acres of land - 1.5 acres awarded to each beneficiary - an eligible member of the family, harvesting coffee that grows wild among forest cover and stream-fed slopes — where access requires a long, steep walk from the village, and crossing the river stream on foot. Here, harvesting remains a community act, guided by rhythm rather than machinery. Ripe red cherries are hand-carried for over two kilometres, across the river, where they’re de-pulped by a hand-operated pulper, then naturally fermented overnight in the cool, running water of the stream itself. The coffee is then sun-dried on handmade wooden beds, built from locally and seasonally available timber and leaves. Each farmer keeps their parchment at home until moisture is checked and lots are aggregated. Roasted to a medium profile that is suitable for both espresso as well as filter, the resulting cup has a body we fell in love with. It's the kind of cup that you can have everyday, whether as a morning cheer me up, or as a quite wind down at the end of day. Taste Profile Roasted Nuts, Milk Chocolate, Citrus Zest, Vanilla Origin Punjisil, Koraput, Odisha Processing Traditional Washed Elevation 3000+ ft",https://caffinary.com/products/maison-mahua,https://cdn.shopify.com/s/files/1/0617/6273/2232/files/MaMa-Tsp-Card.png?v=1773593546,Coffee
Maison Mahua - Roasted on 04/06,Caffinary,625.0,200g,Medium Roast,,Koraput,ing Traditional Washed,"Limited Lot of 30kg only. In the hills of Punjisil village, on the banks of the Punjisil Falls , a community of 50 families nurtures this 75 acres of land - 1.5 acres awarded to each beneficiary - an eligible member of the family, harvesting coffee that grows wild among forest cover and stream-fed slopes — where access requires a long, steep walk from the village, and crossing the river stream on foot. Here, harvesting remains a community act, guided by rhythm rather than machinery. Ripe red cherries are hand-carried for over two kilometres, across the river, where they’re de-pulped by a hand-operated pulper, then naturally fermented overnight in the cool, running water of the stream itself. The coffee is then sun-dried on handmade wooden beds, built from locally and seasonally available timber and leaves. Each farmer keeps their parchment at home until moisture is checked and lots are aggregated. Roasted to a medium profile that is suitable for both espresso as well as filter, the resulting cup has a body we fell in love with. It's the kind of cup that you can have everyday, whether as a morning cheer me up, or as a quite wind down at the end of day. Taste Profile Roasted Nuts, Milk Chocolate, Citrus Zest, Vanilla Origin Punjisil, Koraput, Odisha Processing Traditional Washed Elevation 3000+ ft",https://caffinary.com/products/maison-mahua,https://cdn.shopify.com/s/files/1/0617/6273/2232/files/MaMa-Tsp-Card.png?v=1773593546,Coffee
Maison Mahua - Roasted on 04/06,Caffinary,795.0,250g,Medium Roast,,Koraput,ing Traditional Washed,"Limited Lot of 30kg only. In the hills of Punjisil village, on the banks of the Punjisil Falls , a community of 50 families nurtures this 75 acres of land - 1.5 acres awarded to each beneficiary - an eligible member of the family, harvesting coffee that grows wild among forest cover and stream-fed slopes — where access requires a long, steep walk from the village, and crossing the river stream on foot. Here, harvesting remains a community act, guided by rhythm rather than machinery. Ripe red cherries are hand-carried for over two kilometres, across the river, where they’re de-pulped by a hand-operated pulper, then naturally fermented overnight in the cool, running water of the stream itself. The coffee is then sun-dried on handmade wooden beds, built from locally and seasonally available timber and leaves. Each farmer keeps their parchment at home until moisture is checked and lots are aggregated. Roasted to a medium profile that is suitable for both espresso as well as filter, the resulting cup has a body we fell in love with. It's the kind of cup that you can have everyday, whether as a morning cheer me up, or as a quite wind down at the end of day. Taste Profile Roasted Nuts, Milk Chocolate, Citrus Zest, Vanilla Origin Punjisil, Koraput, Odisha Processing Traditional Washed Elevation 3000+ ft",https://caffinary.com/products/maison-mahua,https://cdn.shopify.com/s/files/1/0617/6273/2232/files/MaMa-Tsp-Card.png?v=1773593546,Coffee
Maison Mahua - Roasted on 04/06,Caffinary,1540.0,500g,Medium Roast,,Koraput,ing Traditional Washed,"Limited Lot of 30kg only. In the hills of Punjisil village, on the banks of the Punjisil Falls , a community of 50 families nurtures this 75 acres of land - 1.5 acres awarded to each beneficiary - an eligible member of the family, harvesting coffee that grows wild among forest cover and stream-fed slopes — where access requires a long, steep walk from the village, and crossing the river stream on foot. Here, harvesting remains a community act, guided by rhythm rather than machinery. Ripe red cherries are hand-carried for over two kilometres, across the river, where they’re de-pulped by a hand-operated pulper, then naturally fermented overnight in the cool, running water of the stream itself. The coffee is then sun-dried on handmade wooden beds, built from locally and seasonally available timber and leaves. Each farmer keeps their parchment at home until moisture is checked and lots are aggregated. Roasted to a medium profile that is suitable for both espresso as well as filter, the resulting cup has a body we fell in love with. It's the kind of cup that you can have everyday, whether as a morning cheer me up, or as a quite wind down at the end of day. Taste Profile Roasted Nuts, Milk Chocolate, Citrus Zest, Vanilla Origin Punjisil, Koraput, Odisha Processing Traditional Washed Elevation 3000+ ft",https://caffinary.com/products/maison-mahua,https://cdn.shopify.com/s/files/1/0617/6273/2232/files/MaMa-Tsp-Card.png?v=1773593546,Coffee
Maison Mahua - Roasted on 04/06,Caffinary,170.0,50g,Medium Roast,,Koraput,ing Traditional Washed,"Limited Lot of 30kg only. In the hills of Punjisil village, on the banks of the Punjisil Falls , a community of 50 families nurtures this 75 acres of land - 1.5 acres awarded to each beneficiary - an eligible member of the family, harvesting coffee that grows wild among forest cover and stream-fed slopes — where access requires a long, steep walk from the village, and crossing the river stream on foot. Here, harvesting remains a community act, guided by rhythm rather than machinery. Ripe red cherries are hand-carried for over two kilometres, across the river, where they’re de-pulped by a hand-operated pulper, then naturally fermented overnight in the cool, running water of the stream itself. The coffee is then sun-dried on handmade wooden beds, built from locally and seasonally available timber and leaves. Each farmer keeps their parchment at home until moisture is checked and lots are aggregated. Roasted to a medium profile that is suitable for both espresso as well as filter, the resulting cup has a body we fell in love with. It's the kind of cup that you can have everyday, whether as a morning cheer me up, or as a quite wind down at the end of day. Taste Profile Roasted Nuts, Milk Chocolate, Citrus Zest, Vanilla Origin Punjisil, Koraput, Odisha Processing Traditional Washed Elevation 3000+ ft",https://caffinary.com/products/maison-mahua,https://cdn.shopify.com/s/files/1/0617/6273/2232/files/MaMa-Tsp-Card.png?v=1773593546,Coffee
Maison Mahua - Roasted on 04/06,Caffinary,320.0,100g,Medium Roast,,Koraput,ing Traditional Washed,"Limited Lot of 30kg only. In the hills of Punjisil village, on the banks of the Punjisil Falls , a community of 50 families nurtures this 75 acres of land - 1.5 acres awarded to each beneficiary - an eligible member of the family, harvesting coffee that grows wild among forest cover and stream-fed slopes — where access requires a long, steep walk from the village, and crossing the river stream on foot. Here, harvesting remains a community act, guided by rhythm rather than machinery. Ripe red cherries are hand-carried for over two kilometres, across the river, where they’re de-pulped by a hand-operated pulper, then naturally fermented overnight in the cool, running water of the stream itself. The coffee is then sun-dried on handmade wooden beds, built from locally and seasonally available timber and leaves. Each farmer keeps their parchment at home until moisture is checked and lots are aggregated. Roasted to a medium profile that is suitable for both espresso as well as filter, the resulting cup has a body we fell in love with. It's the kind of cup that you can have everyday, whether as a morning cheer me up, or as a quite wind down at the end of day. Taste Profile Roasted Nuts, Milk Chocolate, Citrus Zest, Vanilla Origin Punjisil, Koraput, Odisha Processing Traditional Washed Elevation 3000+ ft",https://caffinary.com/products/maison-mahua,https://cdn.shopify.com/s/files/1/0617/6273/2232/files/MaMa-Tsp-Card.png?v=1773593546,Coffee
Maison Mahua - Roasted on 04/06,Caffinary,510.0,150g,Medium Roast,,Koraput,ing Traditional Washed,"Limited Lot of 30kg only. In the hills of Punjisil village, on the banks of the Punjisil Falls , a community of 50 families nurtures this 75 acres of land - 1.5 acres awarded to each beneficiary - an eligible member of the family, harvesting coffee that grows wild among forest cover and stream-fed slopes — where access requires a long, steep walk from the village, and crossing the river stream on foot. Here, harvesting remains a community act, guided by rhythm rather than machinery. Ripe red cherries are hand-carried for over two kilometres, across the river, where they’re de-pulped by a hand-operated pulper, then naturally fermented overnight in the cool, running water of the stream itself. The coffee is then sun-dried on handmade wooden beds, built from locally and seasonally available timber and leaves. Each farmer keeps their parchment at home until moisture is checked and lots are aggregated. Roasted to a medium profile that is suitable for both espresso as well as filter, the resulting cup has a body we fell in love with. It's the kind of cup that you can have everyday, whether as a morning cheer me up, or as a quite wind down at the end of day. Taste Profile Roasted Nuts, Milk Chocolate, Citrus Zest, Vanilla Origin Punjisil, Koraput, Odisha Processing Traditional Washed Elevation 3000+ ft",https://caffinary.com/products/maison-mahua,https://cdn.shopify.com/s/files/1/0617/6273/2232/files/MaMa-Tsp-Card.png?v=1773593546,Coffee
Maison Mahua - Roasted on 04/06,Caffinary,625.0,200g,Medium Roast,,Koraput,ing Traditional Washed,"Limited Lot of 30kg only. In the hills of Punjisil village, on the banks of the Punjisil Falls , a community of 50 families nurtures this 75 acres of land - 1.5 acres awarded to each beneficiary - an eligible member of the family, harvesting coffee that grows wild among forest cover and stream-fed slopes — where access requires a long, steep walk from the village, and crossing the river stream on foot. Here, harvesting remains a community act, guided by rhythm rather than machinery. Ripe red cherries are hand-carried for over two kilometres, across the river, where they’re de-pulped by a hand-operated pulper, then naturally fermented overnight in the cool, running water of the stream itself. The coffee is then sun-dried on handmade wooden beds, built from locally and seasonally available timber and leaves. Each farmer keeps their parchment at home until moisture is checked and lots are aggregated. Roasted to a medium profile that is suitable for both espresso as well as filter, the resulting cup has a body we fell in love with. It's the kind of cup that you can have everyday, whether as a morning cheer me up, or as a quite wind down at the end of day. Taste Profile Roasted Nuts, Milk Chocolate, Citrus Zest, Vanilla Origin Punjisil, Koraput, Odisha Processing Traditional Washed Elevation 3000+ ft",https://caffinary.com/products/maison-mahua,https://cdn.shopify.com/s/files/1/0617/6273/2232/files/MaMa-Tsp-Card.png?v=1773593546,Coffee
Maison Mahua - Roasted on 04/06,Caffinary,795.0,250g,Medium Roast,,Koraput,ing Traditional Washed,"Limited Lot of 30kg only. In the hills of Punjisil village, on the banks of the Punjisil Falls , a community of 50 families nurtures this 75 acres of land - 1.5 acres awarded to each beneficiary - an eligible member of the family, harvesting coffee that grows wild among forest cover and stream-fed slopes — where access requires a long, steep walk from the village, and crossing the river stream on foot. Here, harvesting remains a community act, guided by rhythm rather than machinery. Ripe red cherries are hand-carried for over two kilometres, across the river, where they’re de-pulped by a hand-operated pulper, then naturally fermented overnight in the cool, running water of the stream itself. The coffee is then sun-dried on handmade wooden beds, built from locally and seasonally available timber and leaves. Each farmer keeps their parchment at home until moisture is checked and lots are aggregated. Roasted to a medium profile that is suitable for both espresso as well as filter, the resulting cup has a body we fell in love with. It's the kind of cup that you can have everyday, whether as a morning cheer me up, or as a quite wind down at the end of day. Taste Profile Roasted Nuts, Milk Chocolate, Citrus Zest, Vanilla Origin Punjisil, Koraput, Odisha Processing Traditional Washed Elevation 3000+ ft",https://caffinary.com/products/maison-mahua,https://cdn.shopify.com/s/files/1/0617/6273/2232/files/MaMa-Tsp-Card.png?v=1773593546,Coffee
Maison Mahua - Roasted on 04/06,Caffinary,1540.0,500g,Medium Roast,,Koraput,ing Traditional Washed,"Limited Lot of 30kg only. In the hills of Punjisil village, on the banks of the Punjisil Falls , a community of 50 families nurtures this 75 acres of land - 1.5 acres awarded to each beneficiary - an eligible member of the family, harvesting coffee that grows wild among forest cover and stream-fed slopes — where access requires a long, steep walk from the village, and crossing the river stream on foot. Here, harvesting remains a community act, guided by rhythm rather than machinery. Ripe red cherries are hand-carried for over two kilometres, across the river, where they’re de-pulped by a hand-operated pulper, then naturally fermented overnight in the cool, running water of the stream itself. The coffee is then sun-dried on handmade wooden beds, built from locally and seasonally available timber and leaves. Each farmer keeps their parchment at home until moisture is checked and lots are aggregated. Roasted to a medium profile that is suitable for both espresso as well as filter, the resulting cup has a body we fell in love with. It's the kind of cup that you can have everyday, whether as a morning cheer me up, or as a quite wind down at the end of day. Taste Profile Roasted Nuts, Milk Chocolate, Citrus Zest, Vanilla Origin Punjisil, Koraput, Odisha Processing Traditional Washed Elevation 3000+ ft",https://caffinary.com/products/maison-mahua,https://cdn.shopify.com/s/files/1/0617/6273/2232/files/MaMa-Tsp-Card.png?v=1773593546,Coffee
Maison Mahua - Roasted on 04/06,Caffinary,170.0,50g,Medium Roast,,Koraput,ing Traditional Washed,"Limited Lot of 30kg only. In the hills of Punjisil village, on the banks of the Punjisil Falls , a community of 50 families nurtures this 75 acres of land - 1.5 acres awarded to each beneficiary - an eligible member of the family, harvesting coffee that grows wild among forest cover and stream-fed slopes — where access requires a long, steep walk from the village, and crossing the river stream on foot. Here, harvesting remains a community act, guided by rhythm rather than machinery. Ripe red cherries are hand-carried for over two kilometres, across the river, where they’re de-pulped by a hand-operated pulper, then naturally fermented overnight in the cool, running water of the stream itself. The coffee is then sun-dried on handmade wooden beds, built from locally and seasonally available timber and leaves. Each farmer keeps their parchment at home until moisture is checked and lots are aggregated. Roasted to a medium profile that is suitable for both espresso as well as filter, the resulting cup has a body we fell in love with. It's the kind of cup that you can have everyday, whether as a morning cheer me up, or as a quite wind down at the end of day. Taste Profile Roasted Nuts, Milk Chocolate, Citrus Zest, Vanilla Origin Punjisil, Koraput, Odisha Processing Traditional Washed Elevation 3000+ ft",https://caffinary.com/products/maison-mahua,https://cdn.shopify.com/s/files/1/0617/6273/2232/files/MaMa-Tsp-Card.png?v=1773593546,Coffee
Maison Mahua - Roasted on 04/06,Caffinary,320.0,100g,Medium Roast,,Koraput,ing Traditional Washed,"Limited Lot of 30kg only. In the hills of Punjisil village, on the banks of the Punjisil Falls , a community of 50 families nurtures this 75 acres of land - 1.5 acres awarded to each beneficiary - an eligible member of the family, harvesting coffee that grows wild among forest cover and stream-fed slopes — where access requires a long, steep walk from the village, and crossing the river stream on foot. Here, harvesting remains a community act, guided by rhythm rather than machinery. Ripe red cherries are hand-carried for over two kilometres, across the river, where they’re de-pulped by a hand-operated pulper, then naturally fermented overnight in the cool, running water of the stream itself. The coffee is then sun-dried on handmade wooden beds, built from locally and seasonally available timber and leaves. Each farmer keeps their parchment at home until moisture is checked and lots are aggregated. Roasted to a medium profile that is suitable for both espresso as well as filter, the resulting cup has a body we fell in love with. It's the kind of cup that you can have everyday, whether as a morning cheer me up, or as a quite wind down at the end of day. Taste Profile Roasted Nuts, Milk Chocolate, Citrus Zest, Vanilla Origin Punjisil, Koraput, Odisha Processing Traditional Washed Elevation 3000+ ft",https://caffinary.com/products/maison-mahua,https://cdn.shopify.com/s/files/1/0617/6273/2232/files/MaMa-Tsp-Card.png?v=1773593546,Coffee
Maison Mahua - Roasted on 04/06,Caffinary,510.0,150g,Medium Roast,,Koraput,ing Traditional Washed,"Limited Lot of 30kg only. In the hills of Punjisil village, on the banks of the Punjisil Falls , a community of 50 families nurtures this 75 acres of land - 1.5 acres awarded to each beneficiary - an eligible member of the family, harvesting coffee that grows wild among forest cover and stream-fed slopes — where access requires a long, steep walk from the village, and crossing the river stream on foot. Here, harvesting remains a community act, guided by rhythm rather than machinery. Ripe red cherries are hand-carried for over two kilometres, across the river, where they’re de-pulped by a hand-operated pulper, then naturally fermented overnight in the cool, running water of the stream itself. The coffee is then sun-dried on handmade wooden beds, built from locally and seasonally available timber and leaves. Each farmer keeps their parchment at home until moisture is checked and lots are aggregated. Roasted to a medium profile that is suitable for both espresso as well as filter, the resulting cup has a body we fell in love with. It's the kind of cup that you can have everyday, whether as a morning cheer me up, or as a quite wind down at the end of day. Taste Profile Roasted Nuts, Milk Chocolate, Citrus Zest, Vanilla Origin Punjisil, Koraput, Odisha Processing Traditional Washed Elevation 3000+ ft",https://caffinary.com/products/maison-mahua,https://cdn.shopify.com/s/files/1/0617/6273/2232/files/MaMa-Tsp-Card.png?v=1773593546,Coffee
Maison Mahua - Roasted on 04/06,Caffinary,625.0,200g,Medium Roast,,Koraput,ing Traditional Washed,"Limited Lot of 30kg only. In the hills of Punjisil village, on the banks of the Punjisil Falls , a community of 50 families nurtures this 75 acres of land - 1.5 acres awarded to each beneficiary - an eligible member of the family, harvesting coffee that grows wild among forest cover and stream-fed slopes — where access requires a long, steep walk from the village, and crossing the river stream on foot. Here, harvesting remains a community act, guided by rhythm rather than machinery. Ripe red cherries are hand-carried for over two kilometres, across the river, where they’re de-pulped by a hand-operated pulper, then naturally fermented overnight in the cool, running water of the stream itself. The coffee is then sun-dried on handmade wooden beds, built from locally and seasonally available timber and leaves. Each farmer keeps their parchment at home until moisture is checked and lots are aggregated. Roasted to a medium profile that is suitable for both espresso as well as filter, the resulting cup has a body we fell in love with. It's the kind of cup that you can have everyday, whether as a morning cheer me up, or as a quite wind down at the end of day. Taste Profile Roasted Nuts, Milk Chocolate, Citrus Zest, Vanilla Origin Punjisil, Koraput, Odisha Processing Traditional Washed Elevation 3000+ ft",https://caffinary.com/products/maison-mahua,https://cdn.shopify.com/s/files/1/0617/6273/2232/files/MaMa-Tsp-Card.png?v=1773593546,Coffee
Maison Mahua - Roasted on 04/06,Caffinary,795.0,250g,Medium Roast,,Koraput,ing Traditional Washed,"Limited Lot of 30kg only. In the hills of Punjisil village, on the banks of the Punjisil Falls , a community of 50 families nurtures this 75 acres of land - 1.5 acres awarded to each beneficiary - an eligible member of the family, harvesting coffee that grows wild among forest cover and stream-fed slopes — where access requires a long, steep walk from the village, and crossing the river stream on foot. Here, harvesting remains a community act, guided by rhythm rather than machinery. Ripe red cherries are hand-carried for over two kilometres, across the river, where they’re de-pulped by a hand-operated pulper, then naturally fermented overnight in the cool, running water of the stream itself. The coffee is then sun-dried on handmade wooden beds, built from locally and seasonally available timber and leaves. Each farmer keeps their parchment at home until moisture is checked and lots are aggregated. Roasted to a medium profile that is suitable for both espresso as well as filter, the resulting cup has a body we fell in love with. It's the kind of cup that you can have everyday, whether as a morning cheer me up, or as a quite wind down at the end of day. Taste Profile Roasted Nuts, Milk Chocolate, Citrus Zest, Vanilla Origin Punjisil, Koraput, Odisha Processing Traditional Washed Elevation 3000+ ft",https://caffinary.com/products/maison-mahua,https://cdn.shopify.com/s/files/1/0617/6273/2232/files/MaMa-Tsp-Card.png?v=1773593546,Coffee
Maison Mahua - Roasted on 04/06,Caffinary,1540.0,500g,Medium Roast,,Koraput,ing Traditional Washed,"Limited Lot of 30kg only. In the hills of Punjisil village, on the banks of the Punjisil Falls , a community of 50 families nurtures this 75 acres of land - 1.5 acres awarded to each beneficiary - an eligible member of the family, harvesting coffee that grows wild among forest cover and stream-fed slopes — where access requires a long, steep walk from the village, and crossing the river stream on foot. Here, harvesting remains a community act, guided by rhythm rather than machinery. Ripe red cherries are hand-carried for over two kilometres, across the river, where they’re de-pulped by a hand-operated pulper, then naturally fermented overnight in the cool, running water of the stream itself. The coffee is then sun-dried on handmade wooden beds, built from locally and seasonally available timber and leaves. Each farmer keeps their parchment at home until moisture is checked and lots are aggregated. Roasted to a medium profile that is suitable for both espresso as well as filter, the resulting cup has a body we fell in love with. It's the kind of cup that you can have everyday, whether as a morning cheer me up, or as a quite wind down at the end of day. Taste Profile Roasted Nuts, Milk Chocolate, Citrus Zest, Vanilla Origin Punjisil, Koraput, Odisha Processing Traditional Washed Elevation 3000+ ft",https://caffinary.com/products/maison-mahua,https://cdn.shopify.com/s/files/1/0617/6273/2232/files/MaMa-Tsp-Card.png?v=1773593546,Coffee
Garnet Vin Doux - Roasted on 26/05,Caffinary,170.0,50g,Medium Roast,,Ammikulavi Estate,"ing from Ammikulavi Estate , Tamil Nadu","Grown along the outer slopes of the Palani Hills at 4200 ft , this lot represents a precise approach to Robusta processing from Ammikulavi Estate , Tamil Nadu. The estate spans 40 acres, where Arabicas occupy the central terrain and Robustas border the edges. Under the direction of Darshan , a sixth-generation grower and first-generation specialty processor, this coffee undergoes anaerobic natural fermentation —a sealed environment that intensifies fruit complexity while refining mouthfeel and sweetness. When brewed at 89°C for 2 1/2 mins using an AeroPress , the cup reveals a balanced, structured profile: Aromatics: Ferment-driven winey notes with subtle spice Flavor: Winey, D ark chocolate, prunes, and caramel sweetness. Body: Full, syrupy texture with clean finish. Acidity: Low and integrated, enhancing perceived sweetness. Taste Profile - Winey, Dark Chocolate, Prunes, Caramel Origin - Ammikulavi Estate, Pulneys, TN Processing - Anaerobic Naturals Elevation - 4200 ft Roast: Medium Acidity: Low Sweetness: Medium",https://caffinary.com/products/vin-doux,https://cdn.shopify.com/s/files/1/0617/6273/2232/files/GVD_-_Tsp_-_Card.png?v=1773587649,Coffee
Garnet Vin Doux - Roasted on 26/05,Caffinary,170.0,50g,Medium Roast,,Ammikulavi Estate,"ing from Ammikulavi Estate , Tamil Nadu","Grown along the outer slopes of the Palani Hills at 4200 ft , this lot represents a precise approach to Robusta processing from Ammikulavi Estate , Tamil Nadu. The estate spans 40 acres, where Arabicas occupy the central terrain and Robustas border the edges. Under the direction of Darshan , a sixth-generation grower and first-generation specialty processor, this coffee undergoes anaerobic natural fermentation —a sealed environment that intensifies fruit complexity while refining mouthfeel and sweetness. When brewed at 89°C for 2 1/2 mins using an AeroPress , the cup reveals a balanced, structured profile: Aromatics: Ferment-driven winey notes with subtle spice Flavor: Winey, D ark chocolate, prunes, and caramel sweetness. Body: Full, syrupy texture with clean finish. Acidity: Low and integrated, enhancing perceived sweetness. Taste Profile - Winey, Dark Chocolate, Prunes, Caramel Origin - Ammikulavi Estate, Pulneys, TN Processing - Anaerobic Naturals Elevation - 4200 ft Roast: Medium Acidity: Low Sweetness: Medium",https://caffinary.com/products/vin-doux,https://cdn.shopify.com/s/files/1/0617/6273/2232/files/GVD_-_Tsp_-_Card.png?v=1773587649,Coffee
Garnet Vin Doux - Roasted on 26/05,Caffinary,170.0,50g,Medium Roast,,Ammikulavi Estate,"ing from Ammikulavi Estate , Tamil Nadu","Grown along the outer slopes of the Palani Hills at 4200 ft , this lot represents a precise approach to Robusta processing from Ammikulavi Estate , Tamil Nadu. The estate spans 40 acres, where Arabicas occupy the central terrain and Robustas border the edges. Under the direction of Darshan , a sixth-generation grower and first-generation specialty processor, this coffee undergoes anaerobic natural fermentation —a sealed environment that intensifies fruit complexity while refining mouthfeel and sweetness. When brewed at 89°C for 2 1/2 mins using an AeroPress , the cup reveals a balanced, structured profile: Aromatics: Ferment-driven winey notes with subtle spice Flavor: Winey, D ark chocolate, prunes, and caramel sweetness. Body: Full, syrupy texture with clean finish. Acidity: Low and integrated, enhancing perceived sweetness. Taste Profile - Winey, Dark Chocolate, Prunes, Caramel Origin - Ammikulavi Estate, Pulneys, TN Processing - Anaerobic Naturals Elevation - 4200 ft Roast: Medium Acidity: Low Sweetness: Medium",https://caffinary.com/products/vin-doux,https://cdn.shopify.com/s/files/1/0617/6273/2232/files/GVD_-_Tsp_-_Card.png?v=1773587649,Coffee
Garnet Vin Doux - Roasted on 26/05,Caffinary,170.0,50g,Medium Roast,,Ammikulavi Estate,"ing from Ammikulavi Estate , Tamil Nadu","Grown along the outer slopes of the Palani Hills at 4200 ft , this lot represents a precise approach to Robusta processing from Ammikulavi Estate , Tamil Nadu. The estate spans 40 acres, where Arabicas occupy the central terrain and Robustas border the edges. Under the direction of Darshan , a sixth-generation grower and first-generation specialty processor, this coffee undergoes anaerobic natural fermentation —a sealed environment that intensifies fruit complexity while refining mouthfeel and sweetness. When brewed at 89°C for 2 1/2 mins using an AeroPress , the cup reveals a balanced, structured profile: Aromatics: Ferment-driven winey notes with subtle spice Flavor: Winey, D ark chocolate, prunes, and caramel sweetness. Body: Full, syrupy texture with clean finish. Acidity: Low and integrated, enhancing perceived sweetness. Taste Profile - Winey, Dark Chocolate, Prunes, Caramel Origin - Ammikulavi Estate, Pulneys, TN Processing - Anaerobic Naturals Elevation - 4200 ft Roast: Medium Acidity: Low Sweetness: Medium",https://caffinary.com/products/vin-doux,https://cdn.shopify.com/s/files/1/0617/6273/2232/files/GVD_-_Tsp_-_Card.png?v=1773587649,Coffee
Garnet Vin Doux - Roasted on 26/05,Caffinary,170.0,50g,Medium Roast,,Ammikulavi Estate,"ing from Ammikulavi Estate , Tamil Nadu","Grown along the outer slopes of the Palani Hills at 4200 ft , this lot represents a precise approach to Robusta processing from Ammikulavi Estate , Tamil Nadu. The estate spans 40 acres, where Arabicas occupy the central terrain and Robustas border the edges. Under the direction of Darshan , a sixth-generation grower and first-generation specialty processor, this coffee undergoes anaerobic natural fermentation —a sealed environment that intensifies fruit complexity while refining mouthfeel and sweetness. When brewed at 89°C for 2 1/2 mins using an AeroPress , the cup reveals a balanced, structured profile: Aromatics: Ferment-driven winey notes with subtle spice Flavor: Winey, D ark chocolate, prunes, and caramel sweetness. Body: Full, syrupy texture with clean finish. Acidity: Low and integrated, enhancing perceived sweetness. Taste Profile - Winey, Dark Chocolate, Prunes, Caramel Origin - Ammikulavi Estate, Pulneys, TN Processing - Anaerobic Naturals Elevation - 4200 ft Roast: Medium Acidity: Low Sweetness: Medium",https://caffinary.com/products/vin-doux,https://cdn.shopify.com/s/files/1/0617/6273/2232/files/GVD_-_Tsp_-_Card.png?v=1773587649,Coffee
Garnet Vin Doux - Roasted on 26/05,Caffinary,170.0,50g,Medium Roast,,Ammikulavi Estate,"ing from Ammikulavi Estate , Tamil Nadu","Grown along the outer slopes of the Palani Hills at 4200 ft , this lot represents a precise approach to Robusta processing from Ammikulavi Estate , Tamil Nadu. The estate spans 40 acres, where Arabicas occupy the central terrain and Robustas border the edges. Under the direction of Darshan , a sixth-generation grower and first-generation specialty processor, this coffee undergoes anaerobic natural fermentation —a sealed environment that intensifies fruit complexity while refining mouthfeel and sweetness. When brewed at 89°C for 2 1/2 mins using an AeroPress , the cup reveals a balanced, structured profile: Aromatics: Ferment-driven winey notes with subtle spice Flavor: Winey, D ark chocolate, prunes, and caramel sweetness. Body: Full, syrupy texture with clean finish. Acidity: Low and integrated, enhancing perceived sweetness. Taste Profile - Winey, Dark Chocolate, Prunes, Caramel Origin - Ammikulavi Estate, Pulneys, TN Processing - Anaerobic Naturals Elevation - 4200 ft Roast: Medium Acidity: Low Sweetness: Medium",https://caffinary.com/products/vin-doux,https://cdn.shopify.com/s/files/1/0617/6273/2232/files/GVD_-_Tsp_-_Card.png?v=1773587649,Coffee
Garnet Vin Doux - Roasted on 26/05,Caffinary,170.0,50g,Medium Roast,,Ammikulavi Estate,"ing from Ammikulavi Estate , Tamil Nadu","Grown along the outer slopes of the Palani Hills at 4200 ft , this lot represents a precise approach to Robusta processing from Ammikulavi Estate , Tamil Nadu. The estate spans 40 acres, where Arabicas occupy the central terrain and Robustas border the edges. Under the direction of Darshan , a sixth-generation grower and first-generation specialty processor, this coffee undergoes anaerobic natural fermentation —a sealed environment that intensifies fruit complexity while refining mouthfeel and sweetness. When brewed at 89°C for 2 1/2 mins using an AeroPress , the cup reveals a balanced, structured profile: Aromatics: Ferment-driven winey notes with subtle spice Flavor: Winey, D ark chocolate, prunes, and caramel sweetness. Body: Full, syrupy texture with clean finish. Acidity: Low and integrated, enhancing perceived sweetness. Taste Profile - Winey, Dark Chocolate, Prunes, Caramel Origin - Ammikulavi Estate, Pulneys, TN Processing - Anaerobic Naturals Elevation - 4200 ft Roast: Medium Acidity: Low Sweetness: Medium",https://caffinary.com/products/vin-doux,https://cdn.shopify.com/s/files/1/0617/6273/2232/files/GVD_-_Tsp_-_Card.png?v=1773587649,Coffee
Garnet Vin Doux - Roasted on 26/05,Caffinary,170.0,50g,Medium Roast,,Ammikulavi Estate,"ing from Ammikulavi Estate , Tamil Nadu","Grown along the outer slopes of the Palani Hills at 4200 ft , this lot represents a precise approach to Robusta processing from Ammikulavi Estate , Tamil Nadu. The estate spans 40 acres, where Arabicas occupy the central terrain and Robustas border the edges. Under the direction of Darshan , a sixth-generation grower and first-generation specialty processor, this coffee undergoes anaerobic natural fermentation —a sealed environment that intensifies fruit complexity while refining mouthfeel and sweetness. When brewed at 89°C for 2 1/2 mins using an AeroPress , the cup reveals a balanced, structured profile: Aromatics: Ferment-driven winey notes with subtle spice Flavor: Winey, D ark chocolate, prunes, and caramel sweetness. Body: Full, syrupy texture with clean finish. Acidity: Low and integrated, enhancing perceived sweetness. Taste Profile - Winey, Dark Chocolate, Prunes, Caramel Origin - Ammikulavi Estate, Pulneys, TN Processing - Anaerobic Naturals Elevation - 4200 ft Roast: Medium Acidity: Low Sweetness: Medium",https://caffinary.com/products/vin-doux,https://cdn.shopify.com/s/files/1/0617/6273/2232/files/GVD_-_Tsp_-_Card.png?v=1773587649,Coffee
Garnet Vin Doux - Roasted on 26/05,Caffinary,170.0,50g,Medium Roast,,Ammikulavi Estate,"ing from Ammikulavi Estate , Tamil Nadu","Grown along the outer slopes of the Palani Hills at 4200 ft , this lot represents a precise approach to Robusta processing from Ammikulavi Estate , Tamil Nadu. The estate spans 40 acres, where Arabicas occupy the central terrain and Robustas border the edges. Under the direction of Darshan , a sixth-generation grower and first-generation specialty processor, this coffee undergoes anaerobic natural fermentation —a sealed environment that intensifies fruit complexity while refining mouthfeel and sweetness. When brewed at 89°C for 2 1/2 mins using an AeroPress , the cup reveals a balanced, structured profile: Aromatics: Ferment-driven winey notes with subtle spice Flavor: Winey, D ark chocolate, prunes, and caramel sweetness. Body: Full, syrupy texture with clean finish. Acidity: Low and integrated, enhancing perceived sweetness. Taste Profile - Winey, Dark Chocolate, Prunes, Caramel Origin - Ammikulavi Estate, Pulneys, TN Processing - Anaerobic Naturals Elevation - 4200 ft Roast: Medium Acidity: Low Sweetness: Medium",https://caffinary.com/products/vin-doux,https://cdn.shopify.com/s/files/1/0617/6273/2232/files/GVD_-_Tsp_-_Card.png?v=1773587649,Coffee
Garnet Vin Doux - Roasted on 26/05,Caffinary,320.0,100g,Medium Roast,,Ammikulavi Estate,"ing from Ammikulavi Estate , Tamil Nadu","Grown along the outer slopes of the Palani Hills at 4200 ft , this lot represents a precise approach to Robusta processing from Ammikulavi Estate , Tamil Nadu. The estate spans 40 acres, where Arabicas occupy the central terrain and Robustas border the edges. Under the direction of Darshan , a sixth-generation grower and first-generation specialty processor, this coffee undergoes anaerobic natural fermentation —a sealed environment that intensifies fruit complexity while refining mouthfeel and sweetness. When brewed at 89°C for 2 1/2 mins using an AeroPress , the cup reveals a balanced, structured profile: Aromatics: Ferment-driven winey notes with subtle spice Flavor: Winey, D ark chocolate, prunes, and caramel sweetness. Body: Full, syrupy texture with clean finish. Acidity: Low and integrated, enhancing perceived sweetness. Taste Profile - Winey, Dark Chocolate, Prunes, Caramel Origin - Ammikulavi Estate, Pulneys, TN Processing - Anaerobic Naturals Elevation - 4200 ft Roast: Medium Acidity: Low Sweetness: Medium",https://caffinary.com/products/vin-doux,https://cdn.shopify.com/s/files/1/0617/6273/2232/files/GVD_-_Tsp_-_Card.png?v=1773587649,Coffee
Garnet Vin Doux - Roasted on 26/05,Caffinary,320.0,100g,Medium Roast,,Ammikulavi Estate,"ing from Ammikulavi Estate , Tamil Nadu","Grown along the outer slopes of the Palani Hills at 4200 ft , this lot represents a precise approach to Robusta processing from Ammikulavi Estate , Tamil Nadu. The estate spans 40 acres, where Arabicas occupy the central terrain and Robustas border the edges. Under the direction of Darshan , a sixth-generation grower and first-generation specialty processor, this coffee undergoes anaerobic natural fermentation —a sealed environment that intensifies fruit complexity while refining mouthfeel and sweetness. When brewed at 89°C for 2 1/2 mins using an AeroPress , the cup reveals a balanced, structured profile: Aromatics: Ferment-driven winey notes with subtle spice Flavor: Winey, D ark chocolate, prunes, and caramel sweetness. Body: Full, syrupy texture with clean finish. Acidity: Low and integrated, enhancing perceived sweetness. Taste Profile - Winey, Dark Chocolate, Prunes, Caramel Origin - Ammikulavi Estate, Pulneys, TN Processing - Anaerobic Naturals Elevation - 4200 ft Roast: Medium Acidity: Low Sweetness: Medium",https://caffinary.com/products/vin-doux,https://cdn.shopify.com/s/files/1/0617/6273/2232/files/GVD_-_Tsp_-_Card.png?v=1773587649,Coffee
Garnet Vin Doux - Roasted on 26/05,Caffinary,320.0,100g,Medium Roast,,Ammikulavi Estate,"ing from Ammikulavi Estate , Tamil Nadu","Grown along the outer slopes of the Palani Hills at 4200 ft , this lot represents a precise approach to Robusta processing from Ammikulavi Estate , Tamil Nadu. The estate spans 40 acres, where Arabicas occupy the central terrain and Robustas border the edges. Under the direction of Darshan , a sixth-generation grower and first-generation specialty processor, this coffee undergoes anaerobic natural fermentation —a sealed environment that intensifies fruit complexity while refining mouthfeel and sweetness. When brewed at 89°C for 2 1/2 mins using an AeroPress , the cup reveals a balanced, structured profile: Aromatics: Ferment-driven winey notes with subtle spice Flavor: Winey, D ark chocolate, prunes, and caramel sweetness. Body: Full, syrupy texture with clean finish. Acidity: Low and integrated, enhancing perceived sweetness. Taste Profile - Winey, Dark Chocolate, Prunes, Caramel Origin - Ammikulavi Estate, Pulneys, TN Processing - Anaerobic Naturals Elevation - 4200 ft Roast: Medium Acidity: Low Sweetness: Medium",https://caffinary.com/products/vin-doux,https://cdn.shopify.com/s/files/1/0617/6273/2232/files/GVD_-_Tsp_-_Card.png?v=1773587649,Coffee
Garnet Vin Doux - Roasted on 26/05,Caffinary,320.0,100g,Medium Roast,,Ammikulavi Estate,"ing from Ammikulavi Estate , Tamil Nadu","Grown along the outer slopes of the Palani Hills at 4200 ft , this lot represents a precise approach to Robusta processing from Ammikulavi Estate , Tamil Nadu. The estate spans 40 acres, where Arabicas occupy the central terrain and Robustas border the edges. Under the direction of Darshan , a sixth-generation grower and first-generation specialty processor, this coffee undergoes anaerobic natural fermentation —a sealed environment that intensifies fruit complexity while refining mouthfeel and sweetness. When brewed at 89°C for 2 1/2 mins using an AeroPress , the cup reveals a balanced, structured profile: Aromatics: Ferment-driven winey notes with subtle spice Flavor: Winey, D ark chocolate, prunes, and caramel sweetness. Body: Full, syrupy texture with clean finish. Acidity: Low and integrated, enhancing perceived sweetness. Taste Profile - Winey, Dark Chocolate, Prunes, Caramel Origin - Ammikulavi Estate, Pulneys, TN Processing - Anaerobic Naturals Elevation - 4200 ft Roast: Medium Acidity: Low Sweetness: Medium",https://caffinary.com/products/vin-doux,https://cdn.shopify.com/s/files/1/0617/6273/2232/files/GVD_-_Tsp_-_Card.png?v=1773587649,Coffee
Garnet Vin Doux - Roasted on 26/05,Caffinary,320.0,100g,Medium Roast,,Ammikulavi Estate,"ing from Ammikulavi Estate , Tamil Nadu","Grown along the outer slopes of the Palani Hills at 4200 ft , this lot represents a precise approach to Robusta processing from Ammikulavi Estate , Tamil Nadu. The estate spans 40 acres, where Arabicas occupy the central terrain and Robustas border the edges. Under the direction of Darshan , a sixth-generation grower and first-generation specialty processor, this coffee undergoes anaerobic natural fermentation —a sealed environment that intensifies fruit complexity while refining mouthfeel and sweetness. When brewed at 89°C for 2 1/2 mins using an AeroPress , the cup reveals a balanced, structured profile: Aromatics: Ferment-driven winey notes with subtle spice Flavor: Winey, D ark chocolate, prunes, and caramel sweetness. Body: Full, syrupy texture with clean finish. Acidity: Low and integrated, enhancing perceived sweetness. Taste Profile - Winey, Dark Chocolate, Prunes, Caramel Origin - Ammikulavi Estate, Pulneys, TN Processing - Anaerobic Naturals Elevation - 4200 ft Roast: Medium Acidity: Low Sweetness: Medium",https://caffinary.com/products/vin-doux,https://cdn.shopify.com/s/files/1/0617/6273/2232/files/GVD_-_Tsp_-_Card.png?v=1773587649,Coffee
Garnet Vin Doux - Roasted on 26/05,Caffinary,320.0,100g,Medium Roast,,Ammikulavi Estate,"ing from Ammikulavi Estate , Tamil Nadu","Grown along the outer slopes of the Palani Hills at 4200 ft , this lot represents a precise approach to Robusta processing from Ammikulavi Estate , Tamil Nadu. The estate spans 40 acres, where Arabicas occupy the central terrain and Robustas border the edges. Under the direction of Darshan , a sixth-generation grower and first-generation specialty processor, this coffee undergoes anaerobic natural fermentation —a sealed environment that intensifies fruit complexity while refining mouthfeel and sweetness. When brewed at 89°C for 2 1/2 mins using an AeroPress , the cup reveals a balanced, structured profile: Aromatics: Ferment-driven winey notes with subtle spice Flavor: Winey, D ark chocolate, prunes, and caramel sweetness. Body: Full, syrupy texture with clean finish. Acidity: Low and integrated, enhancing perceived sweetness. Taste Profile - Winey, Dark Chocolate, Prunes, Caramel Origin - Ammikulavi Estate, Pulneys, TN Processing - Anaerobic Naturals Elevation - 4200 ft Roast: Medium Acidity: Low Sweetness: Medium",https://caffinary.com/products/vin-doux,https://cdn.shopify.com/s/files/1/0617/6273/2232/files/GVD_-_Tsp_-_Card.png?v=1773587649,Coffee
Garnet Vin Doux - Roasted on 26/05,Caffinary,320.0,100g,Medium Roast,,Ammikulavi Estate,"ing from Ammikulavi Estate , Tamil Nadu","Grown along the outer slopes of the Palani Hills at 4200 ft , this lot represents a precise approach to Robusta processing from Ammikulavi Estate , Tamil Nadu. The estate spans 40 acres, where Arabicas occupy the central terrain and Robustas border the edges. Under the direction of Darshan , a sixth-generation grower and first-generation specialty processor, this coffee undergoes anaerobic natural fermentation —a sealed environment that intensifies fruit complexity while refining mouthfeel and sweetness. When brewed at 89°C for 2 1/2 mins using an AeroPress , the cup reveals a balanced, structured profile: Aromatics: Ferment-driven winey notes with subtle spice Flavor: Winey, D ark chocolate, prunes, and caramel sweetness. Body: Full, syrupy texture with clean finish. Acidity: Low and integrated, enhancing perceived sweetness. Taste Profile - Winey, Dark Chocolate, Prunes, Caramel Origin - Ammikulavi Estate, Pulneys, TN Processing - Anaerobic Naturals Elevation - 4200 ft Roast: Medium Acidity: Low Sweetness: Medium",https://caffinary.com/products/vin-doux,https://cdn.shopify.com/s/files/1/0617/6273/2232/files/GVD_-_Tsp_-_Card.png?v=1773587649,Coffee
Garnet Vin Doux - Roasted on 26/05,Caffinary,320.0,100g,Medium Roast,,Ammikulavi Estate,"ing from Ammikulavi Estate , Tamil Nadu","Grown along the outer slopes of the Palani Hills at 4200 ft , this lot represents a precise approach to Robusta processing from Ammikulavi Estate , Tamil Nadu. The estate spans 40 acres, where Arabicas occupy the central terrain and Robustas border the edges. Under the direction of Darshan , a sixth-generation grower and first-generation specialty processor, this coffee undergoes anaerobic natural fermentation —a sealed environment that intensifies fruit complexity while refining mouthfeel and sweetness. When brewed at 89°C for 2 1/2 mins using an AeroPress , the cup reveals a balanced, structured profile: Aromatics: Ferment-driven winey notes with subtle spice Flavor: Winey, D ark chocolate, prunes, and caramel sweetness. Body: Full, syrupy texture with clean finish. Acidity: Low and integrated, enhancing perceived sweetness. Taste Profile - Winey, Dark Chocolate, Prunes, Caramel Origin - Ammikulavi Estate, Pulneys, TN Processing - Anaerobic Naturals Elevation - 4200 ft Roast: Medium Acidity: Low Sweetness: Medium",https://caffinary.com/products/vin-doux,https://cdn.shopify.com/s/files/1/0617/6273/2232/files/GVD_-_Tsp_-_Card.png?v=1773587649,Coffee
Garnet Vin Doux - Roasted on 26/05,Caffinary,320.0,100g,Medium Roast,,Ammikulavi Estate,"ing from Ammikulavi Estate , Tamil Nadu","Grown along the outer slopes of the Palani Hills at 4200 ft , this lot represents a precise approach to Robusta processing from Ammikulavi Estate , Tamil Nadu. The estate spans 40 acres, where Arabicas occupy the central terrain and Robustas border the edges. Under the direction of Darshan , a sixth-generation grower and first-generation specialty processor, this coffee undergoes anaerobic natural fermentation —a sealed environment that intensifies fruit complexity while refining mouthfeel and sweetness. When brewed at 89°C for 2 1/2 mins using an AeroPress , the cup reveals a balanced, structured profile: Aromatics: Ferment-driven winey notes with subtle spice Flavor: Winey, D ark chocolate, prunes, and caramel sweetness. Body: Full, syrupy texture with clean finish. Acidity: Low and integrated, enhancing perceived sweetness. Taste Profile - Winey, Dark Chocolate, Prunes, Caramel Origin - Ammikulavi Estate, Pulneys, TN Processing - Anaerobic Naturals Elevation - 4200 ft Roast: Medium Acidity: Low Sweetness: Medium",https://caffinary.com/products/vin-doux,https://cdn.shopify.com/s/files/1/0617/6273/2232/files/GVD_-_Tsp_-_Card.png?v=1773587649,Coffee
Garnet Vin Doux - Roasted on 26/05,Caffinary,510.0,150g,Medium Roast,,Ammikulavi Estate,"ing from Ammikulavi Estate , Tamil Nadu","Grown along the outer slopes of the Palani Hills at 4200 ft , this lot represents a precise approach to Robusta processing from Ammikulavi Estate , Tamil Nadu. The estate spans 40 acres, where Arabicas occupy the central terrain and Robustas border the edges. Under the direction of Darshan , a sixth-generation grower and first-generation specialty processor, this coffee undergoes anaerobic natural fermentation —a sealed environment that intensifies fruit complexity while refining mouthfeel and sweetness. When brewed at 89°C for 2 1/2 mins using an AeroPress , the cup reveals a balanced, structured profile: Aromatics: Ferment-driven winey notes with subtle spice Flavor: Winey, D ark chocolate, prunes, and caramel sweetness. Body: Full, syrupy texture with clean finish. Acidity: Low and integrated, enhancing perceived sweetness. Taste Profile - Winey, Dark Chocolate, Prunes, Caramel Origin - Ammikulavi Estate, Pulneys, TN Processing - Anaerobic Naturals Elevation - 4200 ft Roast: Medium Acidity: Low Sweetness: Medium",https://caffinary.com/products/vin-doux,https://cdn.shopify.com/s/files/1/0617/6273/2232/files/GVD_-_Tsp_-_Card.png?v=1773587649,Coffee
Garnet Vin Doux - Roasted on 26/05,Caffinary,510.0,150g,Medium Roast,,Ammikulavi Estate,"ing from Ammikulavi Estate , Tamil Nadu","Grown along the outer slopes of the Palani Hills at 4200 ft , this lot represents a precise approach to Robusta processing from Ammikulavi Estate , Tamil Nadu. The estate spans 40 acres, where Arabicas occupy the central terrain and Robustas border the edges. Under the direction of Darshan , a sixth-generation grower and first-generation specialty processor, this coffee undergoes anaerobic natural fermentation —a sealed environment that intensifies fruit complexity while refining mouthfeel and sweetness. When brewed at 89°C for 2 1/2 mins using an AeroPress , the cup reveals a balanced, structured profile: Aromatics: Ferment-driven winey notes with subtle spice Flavor: Winey, D ark chocolate, prunes, and caramel sweetness. Body: Full, syrupy texture with clean finish. Acidity: Low and integrated, enhancing perceived sweetness. Taste Profile - Winey, Dark Chocolate, Prunes, Caramel Origin - Ammikulavi Estate, Pulneys, TN Processing - Anaerobic Naturals Elevation - 4200 ft Roast: Medium Acidity: Low Sweetness: Medium",https://caffinary.com/products/vin-doux,https://cdn.shopify.com/s/files/1/0617/6273/2232/files/GVD_-_Tsp_-_Card.png?v=1773587649,Coffee
Garnet Vin Doux - Roasted on 26/05,Caffinary,510.0,150g,Medium Roast,,Ammikulavi Estate,"ing from Ammikulavi Estate , Tamil Nadu","Grown along the outer slopes of the Palani Hills at 4200 ft , this lot represents a precise approach to Robusta processing from Ammikulavi Estate , Tamil Nadu. The estate spans 40 acres, where Arabicas occupy the central terrain and Robustas border the edges. Under the direction of Darshan , a sixth-generation grower and first-generation specialty processor, this coffee undergoes anaerobic natural fermentation —a sealed environment that intensifies fruit complexity while refining mouthfeel and sweetness. When brewed at 89°C for 2 1/2 mins using an AeroPress , the cup reveals a balanced, structured profile: Aromatics: Ferment-driven winey notes with subtle spice Flavor: Winey, D ark chocolate, prunes, and caramel sweetness. Body: Full, syrupy texture with clean finish. Acidity: Low and integrated, enhancing perceived sweetness. Taste Profile - Winey, Dark Chocolate, Prunes, Caramel Origin - Ammikulavi Estate, Pulneys, TN Processing - Anaerobic Naturals Elevation - 4200 ft Roast: Medium Acidity: Low Sweetness: Medium",https://caffinary.com/products/vin-doux,https://cdn.shopify.com/s/files/1/0617/6273/2232/files/GVD_-_Tsp_-_Card.png?v=1773587649,Coffee
Garnet Vin Doux - Roasted on 26/05,Caffinary,510.0,150g,Medium Roast,,Ammikulavi Estate,"ing from Ammikulavi Estate , Tamil Nadu","Grown along the outer slopes of the Palani Hills at 4200 ft , this lot represents a precise approach to Robusta processing from Ammikulavi Estate , Tamil Nadu. The estate spans 40 acres, where Arabicas occupy the central terrain and Robustas border the edges. Under the direction of Darshan , a sixth-generation grower and first-generation specialty processor, this coffee undergoes anaerobic natural fermentation —a sealed environment that intensifies fruit complexity while refining mouthfeel and sweetness. When brewed at 89°C for 2 1/2 mins using an AeroPress , the cup reveals a balanced, structured profile: Aromatics: Ferment-driven winey notes with subtle spice Flavor: Winey, D ark chocolate, prunes, and caramel sweetness. Body: Full, syrupy texture with clean finish. Acidity: Low and integrated, enhancing perceived sweetness. Taste Profile - Winey, Dark Chocolate, Prunes, Caramel Origin - Ammikulavi Estate, Pulneys, TN Processing - Anaerobic Naturals Elevation - 4200 ft Roast: Medium Acidity: Low Sweetness: Medium",https://caffinary.com/products/vin-doux,https://cdn.shopify.com/s/files/1/0617/6273/2232/files/GVD_-_Tsp_-_Card.png?v=1773587649,Coffee
Garnet Vin Doux - Roasted on 26/05,Caffinary,510.0,150g,Medium Roast,,Ammikulavi Estate,"ing from Ammikulavi Estate , Tamil Nadu","Grown along the outer slopes of the Palani Hills at 4200 ft , this lot represents a precise approach to Robusta processing from Ammikulavi Estate , Tamil Nadu. The estate spans 40 acres, where Arabicas occupy the central terrain and Robustas border the edges. Under the direction of Darshan , a sixth-generation grower and first-generation specialty processor, this coffee undergoes anaerobic natural fermentation —a sealed environment that intensifies fruit complexity while refining mouthfeel and sweetness. When brewed at 89°C for 2 1/2 mins using an AeroPress , the cup reveals a balanced, structured profile: Aromatics: Ferment-driven winey notes with subtle spice Flavor: Winey, D ark chocolate, prunes, and caramel sweetness. Body: Full, syrupy texture with clean finish. Acidity: Low and integrated, enhancing perceived sweetness. Taste Profile - Winey, Dark Chocolate, Prunes, Caramel Origin - Ammikulavi Estate, Pulneys, TN Processing - Anaerobic Naturals Elevation - 4200 ft Roast: Medium Acidity: Low Sweetness: Medium",https://caffinary.com/products/vin-doux,https://cdn.shopify.com/s/files/1/0617/6273/2232/files/GVD_-_Tsp_-_Card.png?v=1773587649,Coffee
Garnet Vin Doux - Roasted on 26/05,Caffinary,510.0,150g,Medium Roast,,Ammikulavi Estate,"ing from Ammikulavi Estate , Tamil Nadu","Grown along the outer slopes of the Palani Hills at 4200 ft , this lot represents a precise approach to Robusta processing from Ammikulavi Estate , Tamil Nadu. The estate spans 40 acres, where Arabicas occupy the central terrain and Robustas border the edges. Under the direction of Darshan , a sixth-generation grower and first-generation specialty processor, this coffee undergoes anaerobic natural fermentation —a sealed environment that intensifies fruit complexity while refining mouthfeel and sweetness. When brewed at 89°C for 2 1/2 mins using an AeroPress , the cup reveals a balanced, structured profile: Aromatics: Ferment-driven winey notes with subtle spice Flavor: Winey, D ark chocolate, prunes, and caramel sweetness. Body: Full, syrupy texture with clean finish. Acidity: Low and integrated, enhancing perceived sweetness. Taste Profile - Winey, Dark Chocolate, Prunes, Caramel Origin - Ammikulavi Estate, Pulneys, TN Processing - Anaerobic Naturals Elevation - 4200 ft Roast: Medium Acidity: Low Sweetness: Medium",https://caffinary.com/products/vin-doux,https://cdn.shopify.com/s/files/1/0617/6273/2232/files/GVD_-_Tsp_-_Card.png?v=1773587649,Coffee
Garnet Vin Doux - Roasted on 26/05,Caffinary,510.0,150g,Medium Roast,,Ammikulavi Estate,"ing from Ammikulavi Estate , Tamil Nadu","Grown along the outer slopes of the Palani Hills at 4200 ft , this lot represents a precise approach to Robusta processing from Ammikulavi Estate , Tamil Nadu. The estate spans 40 acres, where Arabicas occupy the central terrain and Robustas border the edges. Under the direction of Darshan , a sixth-generation grower and first-generation specialty processor, this coffee undergoes anaerobic natural fermentation —a sealed environment that intensifies fruit complexity while refining mouthfeel and sweetness. When brewed at 89°C for 2 1/2 mins using an AeroPress , the cup reveals a balanced, structured profile: Aromatics: Ferment-driven winey notes with subtle spice Flavor: Winey, D ark chocolate, prunes, and caramel sweetness. Body: Full, syrupy texture with clean finish. Acidity: Low and integrated, enhancing perceived sweetness. Taste Profile - Winey, Dark Chocolate, Prunes, Caramel Origin - Ammikulavi Estate, Pulneys, TN Processing - Anaerobic Naturals Elevation - 4200 ft Roast: Medium Acidity: Low Sweetness: Medium",https://caffinary.com/products/vin-doux,https://cdn.shopify.com/s/files/1/0617/6273/2232/files/GVD_-_Tsp_-_Card.png?v=1773587649,Coffee
Garnet Vin Doux - Roasted on 26/05,Caffinary,510.0,150g,Medium Roast,,Ammikulavi Estate,"ing from Ammikulavi Estate , Tamil Nadu","Grown along the outer slopes of the Palani Hills at 4200 ft , this lot represents a precise approach to Robusta processing from Ammikulavi Estate , Tamil Nadu. The estate spans 40 acres, where Arabicas occupy the central terrain and Robustas border the edges. Under the direction of Darshan , a sixth-generation grower and first-generation specialty processor, this coffee undergoes anaerobic natural fermentation —a sealed environment that intensifies fruit complexity while refining mouthfeel and sweetness. When brewed at 89°C for 2 1/2 mins using an AeroPress , the cup reveals a balanced, structured profile: Aromatics: Ferment-driven winey notes with subtle spice Flavor: Winey, D ark chocolate, prunes, and caramel sweetness. Body: Full, syrupy texture with clean finish. Acidity: Low and integrated, enhancing perceived sweetness. Taste Profile - Winey, Dark Chocolate, Prunes, Caramel Origin - Ammikulavi Estate, Pulneys, TN Processing - Anaerobic Naturals Elevation - 4200 ft Roast: Medium Acidity: Low Sweetness: Medium",https://caffinary.com/products/vin-doux,https://cdn.shopify.com/s/files/1/0617/6273/2232/files/GVD_-_Tsp_-_Card.png?v=1773587649,Coffee
Garnet Vin Doux - Roasted on 26/05,Caffinary,510.0,150g,Medium Roast,,Ammikulavi Estate,"ing from Ammikulavi Estate , Tamil Nadu","Grown along the outer slopes of the Palani Hills at 4200 ft , this lot represents a precise approach to Robusta processing from Ammikulavi Estate , Tamil Nadu. The estate spans 40 acres, where Arabicas occupy the central terrain and Robustas border the edges. Under the direction of Darshan , a sixth-generation grower and first-generation specialty processor, this coffee undergoes anaerobic natural fermentation —a sealed environment that intensifies fruit complexity while refining mouthfeel and sweetness. When brewed at 89°C for 2 1/2 mins using an AeroPress , the cup reveals a balanced, structured profile: Aromatics: Ferment-driven winey notes with subtle spice Flavor: Winey, D ark chocolate, prunes, and caramel sweetness. Body: Full, syrupy texture with clean finish. Acidity: Low and integrated, enhancing perceived sweetness. Taste Profile - Winey, Dark Chocolate, Prunes, Caramel Origin - Ammikulavi Estate, Pulneys, TN Processing - Anaerobic Naturals Elevation - 4200 ft Roast: Medium Acidity: Low Sweetness: Medium",https://caffinary.com/products/vin-doux,https://cdn.shopify.com/s/files/1/0617/6273/2232/files/GVD_-_Tsp_-_Card.png?v=1773587649,Coffee
Garnet Vin Doux - Roasted on 26/05,Caffinary,630.0,200g,Medium Roast,,Ammikulavi Estate,"ing from Ammikulavi Estate , Tamil Nadu","Grown along the outer slopes of the Palani Hills at 4200 ft , this lot represents a precise approach to Robusta processing from Ammikulavi Estate , Tamil Nadu. The estate spans 40 acres, where Arabicas occupy the central terrain and Robustas border the edges. Under the direction of Darshan , a sixth-generation grower and first-generation specialty processor, this coffee undergoes anaerobic natural fermentation —a sealed environment that intensifies fruit complexity while refining mouthfeel and sweetness. When brewed at 89°C for 2 1/2 mins using an AeroPress , the cup reveals a balanced, structured profile: Aromatics: Ferment-driven winey notes with subtle spice Flavor: Winey, D ark chocolate, prunes, and caramel sweetness. Body: Full, syrupy texture with clean finish. Acidity: Low and integrated, enhancing perceived sweetness. Taste Profile - Winey, Dark Chocolate, Prunes, Caramel Origin - Ammikulavi Estate, Pulneys, TN Processing - Anaerobic Naturals Elevation - 4200 ft Roast: Medium Acidity: Low Sweetness: Medium",https://caffinary.com/products/vin-doux,https://cdn.shopify.com/s/files/1/0617/6273/2232/files/GVD_-_Tsp_-_Card.png?v=1773587649,Coffee
Garnet Vin Doux - Roasted on 26/05,Caffinary,630.0,200g,Medium Roast,,Ammikulavi Estate,"ing from Ammikulavi Estate , Tamil Nadu","Grown along the outer slopes of the Palani Hills at 4200 ft , this lot represents a precise approach to Robusta processing from Ammikulavi Estate , Tamil Nadu. The estate spans 40 acres, where Arabicas occupy the central terrain and Robustas border the edges. Under the direction of Darshan , a sixth-generation grower and first-generation specialty processor, this coffee undergoes anaerobic natural fermentation —a sealed environment that intensifies fruit complexity while refining mouthfeel and sweetness. When brewed at 89°C for 2 1/2 mins using an AeroPress , the cup reveals a balanced, structured profile: Aromatics: Ferment-driven winey notes with subtle spice Flavor: Winey, D ark chocolate, prunes, and caramel sweetness. Body: Full, syrupy texture with clean finish. Acidity: Low and integrated, enhancing perceived sweetness. Taste Profile - Winey, Dark Chocolate, Prunes, Caramel Origin - Ammikulavi Estate, Pulneys, TN Processing - Anaerobic Naturals Elevation - 4200 ft Roast: Medium Acidity: Low Sweetness: Medium",https://caffinary.com/products/vin-doux,https://cdn.shopify.com/s/files/1/0617/6273/2232/files/GVD_-_Tsp_-_Card.png?v=1773587649,Coffee
Garnet Vin Doux - Roasted on 26/05,Caffinary,630.0,200g,Medium Roast,,Ammikulavi Estate,"ing from Ammikulavi Estate , Tamil Nadu","Grown along the outer slopes of the Palani Hills at 4200 ft , this lot represents a precise approach to Robusta processing from Ammikulavi Estate , Tamil Nadu. The estate spans 40 acres, where Arabicas occupy the central terrain and Robustas border the edges. Under the direction of Darshan , a sixth-generation grower and first-generation specialty processor, this coffee undergoes anaerobic natural fermentation —a sealed environment that intensifies fruit complexity while refining mouthfeel and sweetness. When brewed at 89°C for 2 1/2 mins using an AeroPress , the cup reveals a balanced, structured profile: Aromatics: Ferment-driven winey notes with subtle spice Flavor: Winey, D ark chocolate, prunes, and caramel sweetness. Body: Full, syrupy texture with clean finish. Acidity: Low and integrated, enhancing perceived sweetness. Taste Profile - Winey, Dark Chocolate, Prunes, Caramel Origin - Ammikulavi Estate, Pulneys, TN Processing - Anaerobic Naturals Elevation - 4200 ft Roast: Medium Acidity: Low Sweetness: Medium",https://caffinary.com/products/vin-doux,https://cdn.shopify.com/s/files/1/0617/6273/2232/files/GVD_-_Tsp_-_Card.png?v=1773587649,Coffee
Garnet Vin Doux - Roasted on 26/05,Caffinary,630.0,200g,Medium Roast,,Ammikulavi Estate,"ing from Ammikulavi Estate , Tamil Nadu","Grown along the outer slopes of the Palani Hills at 4200 ft , this lot represents a precise approach to Robusta processing from Ammikulavi Estate , Tamil Nadu. The estate spans 40 acres, where Arabicas occupy the central terrain and Robustas border the edges. Under the direction of Darshan , a sixth-generation grower and first-generation specialty processor, this coffee undergoes anaerobic natural fermentation —a sealed environment that intensifies fruit complexity while refining mouthfeel and sweetness. When brewed at 89°C for 2 1/2 mins using an AeroPress , the cup reveals a balanced, structured profile: Aromatics: Ferment-driven winey notes with subtle spice Flavor: Winey, D ark chocolate, prunes, and caramel sweetness. Body: Full, syrupy texture with clean finish. Acidity: Low and integrated, enhancing perceived sweetness. Taste Profile - Winey, Dark Chocolate, Prunes, Caramel Origin - Ammikulavi Estate, Pulneys, TN Processing - Anaerobic Naturals Elevation - 4200 ft Roast: Medium Acidity: Low Sweetness: Medium",https://caffinary.com/products/vin-doux,https://cdn.shopify.com/s/files/1/0617/6273/2232/files/GVD_-_Tsp_-_Card.png?v=1773587649,Coffee
Garnet Vin Doux - Roasted on 26/05,Caffinary,630.0,200g,Medium Roast,,Ammikulavi Estate,"ing from Ammikulavi Estate , Tamil Nadu","Grown along the outer slopes of the Palani Hills at 4200 ft , this lot represents a precise approach to Robusta processing from Ammikulavi Estate , Tamil Nadu. The estate spans 40 acres, where Arabicas occupy the central terrain and Robustas border the edges. Under the direction of Darshan , a sixth-generation grower and first-generation specialty processor, this coffee undergoes anaerobic natural fermentation —a sealed environment that intensifies fruit complexity while refining mouthfeel and sweetness. When brewed at 89°C for 2 1/2 mins using an AeroPress , the cup reveals a balanced, structured profile: Aromatics: Ferment-driven winey notes with subtle spice Flavor: Winey, D ark chocolate, prunes, and caramel sweetness. Body: Full, syrupy texture with clean finish. Acidity: Low and integrated, enhancing perceived sweetness. Taste Profile - Winey, Dark Chocolate, Prunes, Caramel Origin - Ammikulavi Estate, Pulneys, TN Processing - Anaerobic Naturals Elevation - 4200 ft Roast: Medium Acidity: Low Sweetness: Medium",https://caffinary.com/products/vin-doux,https://cdn.shopify.com/s/files/1/0617/6273/2232/files/GVD_-_Tsp_-_Card.png?v=1773587649,Coffee
Garnet Vin Doux - Roasted on 26/05,Caffinary,630.0,200g,Medium Roast,,Ammikulavi Estate,"ing from Ammikulavi Estate , Tamil Nadu","Grown along the outer slopes of the Palani Hills at 4200 ft , this lot represents a precise approach to Robusta processing from Ammikulavi Estate , Tamil Nadu. The estate spans 40 acres, where Arabicas occupy the central terrain and Robustas border the edges. Under the direction of Darshan , a sixth-generation grower and first-generation specialty processor, this coffee undergoes anaerobic natural fermentation —a sealed environment that intensifies fruit complexity while refining mouthfeel and sweetness. When brewed at 89°C for 2 1/2 mins using an AeroPress , the cup reveals a balanced, structured profile: Aromatics: Ferment-driven winey notes with subtle spice Flavor: Winey, D ark chocolate, prunes, and caramel sweetness. Body: Full, syrupy texture with clean finish. Acidity: Low and integrated, enhancing perceived sweetness. Taste Profile - Winey, Dark Chocolate, Prunes, Caramel Origin - Ammikulavi Estate, Pulneys, TN Processing - Anaerobic Naturals Elevation - 4200 ft Roast: Medium Acidity: Low Sweetness: Medium",https://caffinary.com/products/vin-doux,https://cdn.shopify.com/s/files/1/0617/6273/2232/files/GVD_-_Tsp_-_Card.png?v=1773587649,Coffee
Garnet Vin Doux - Roasted on 26/05,Caffinary,630.0,200g,Medium Roast,,Ammikulavi Estate,"ing from Ammikulavi Estate , Tamil Nadu","Grown along the outer slopes of the Palani Hills at 4200 ft , this lot represents a precise approach to Robusta processing from Ammikulavi Estate , Tamil Nadu. The estate spans 40 acres, where Arabicas occupy the central terrain and Robustas border the edges. Under the direction of Darshan , a sixth-generation grower and first-generation specialty processor, this coffee undergoes anaerobic natural fermentation —a sealed environment that intensifies fruit complexity while refining mouthfeel and sweetness. When brewed at 89°C for 2 1/2 mins using an AeroPress , the cup reveals a balanced, structured profile: Aromatics: Ferment-driven winey notes with subtle spice Flavor: Winey, D ark chocolate, prunes, and caramel sweetness. Body: Full, syrupy texture with clean finish. Acidity: Low and integrated, enhancing perceived sweetness. Taste Profile - Winey, Dark Chocolate, Prunes, Caramel Origin - Ammikulavi Estate, Pulneys, TN Processing - Anaerobic Naturals Elevation - 4200 ft Roast: Medium Acidity: Low Sweetness: Medium",https://caffinary.com/products/vin-doux,https://cdn.shopify.com/s/files/1/0617/6273/2232/files/GVD_-_Tsp_-_Card.png?v=1773587649,Coffee
Garnet Vin Doux - Roasted on 26/05,Caffinary,630.0,200g,Medium Roast,,Ammikulavi Estate,"ing from Ammikulavi Estate , Tamil Nadu","Grown along the outer slopes of the Palani Hills at 4200 ft , this lot represents a precise approach to Robusta processing from Ammikulavi Estate , Tamil Nadu. The estate spans 40 acres, where Arabicas occupy the central terrain and Robustas border the edges. Under the direction of Darshan , a sixth-generation grower and first-generation specialty processor, this coffee undergoes anaerobic natural fermentation —a sealed environment that intensifies fruit complexity while refining mouthfeel and sweetness. When brewed at 89°C for 2 1/2 mins using an AeroPress , the cup reveals a balanced, structured profile: Aromatics: Ferment-driven winey notes with subtle spice Flavor: Winey, D ark chocolate, prunes, and caramel sweetness. Body: Full, syrupy texture with clean finish. Acidity: Low and integrated, enhancing perceived sweetness. Taste Profile - Winey, Dark Chocolate, Prunes, Caramel Origin - Ammikulavi Estate, Pulneys, TN Processing - Anaerobic Naturals Elevation - 4200 ft Roast: Medium Acidity: Low Sweetness: Medium",https://caffinary.com/products/vin-doux,https://cdn.shopify.com/s/files/1/0617/6273/2232/files/GVD_-_Tsp_-_Card.png?v=1773587649,Coffee
Garnet Vin Doux - Roasted on 26/05,Caffinary,630.0,200g,Medium Roast,,Ammikulavi Estate,"ing from Ammikulavi Estate , Tamil Nadu","Grown along the outer slopes of the Palani Hills at 4200 ft , this lot represents a precise approach to Robusta processing from Ammikulavi Estate , Tamil Nadu. The estate spans 40 acres, where Arabicas occupy the central terrain and Robustas border the edges. Under the direction of Darshan , a sixth-generation grower and first-generation specialty processor, this coffee undergoes anaerobic natural fermentation —a sealed environment that intensifies fruit complexity while refining mouthfeel and sweetness. When brewed at 89°C for 2 1/2 mins using an AeroPress , the cup reveals a balanced, structured profile: Aromatics: Ferment-driven winey notes with subtle spice Flavor: Winey, D ark chocolate, prunes, and caramel sweetness. Body: Full, syrupy texture with clean finish. Acidity: Low and integrated, enhancing perceived sweetness. Taste Profile - Winey, Dark Chocolate, Prunes, Caramel Origin - Ammikulavi Estate, Pulneys, TN Processing - Anaerobic Naturals Elevation - 4200 ft Roast: Medium Acidity: Low Sweetness: Medium",https://caffinary.com/products/vin-doux,https://cdn.shopify.com/s/files/1/0617/6273/2232/files/GVD_-_Tsp_-_Card.png?v=1773587649,Coffee
Garnet Vin Doux - Roasted on 26/05,Caffinary,800.0,250g,Medium Roast,,Ammikulavi Estate,"ing from Ammikulavi Estate , Tamil Nadu","Grown along the outer slopes of the Palani Hills at 4200 ft , this lot represents a precise approach to Robusta processing from Ammikulavi Estate , Tamil Nadu. The estate spans 40 acres, where Arabicas occupy the central terrain and Robustas border the edges. Under the direction of Darshan , a sixth-generation grower and first-generation specialty processor, this coffee undergoes anaerobic natural fermentation —a sealed environment that intensifies fruit complexity while refining mouthfeel and sweetness. When brewed at 89°C for 2 1/2 mins using an AeroPress , the cup reveals a balanced, structured profile: Aromatics: Ferment-driven winey notes with subtle spice Flavor: Winey, D ark chocolate, prunes, and caramel sweetness. Body: Full, syrupy texture with clean finish. Acidity: Low and integrated, enhancing perceived sweetness. Taste Profile - Winey, Dark Chocolate, Prunes, Caramel Origin - Ammikulavi Estate, Pulneys, TN Processing - Anaerobic Naturals Elevation - 4200 ft Roast: Medium Acidity: Low Sweetness: Medium",https://caffinary.com/products/vin-doux,https://cdn.shopify.com/s/files/1/0617/6273/2232/files/GVD_-_Tsp_-_Card.png?v=1773587649,Coffee
Garnet Vin Doux - Roasted on 26/05,Caffinary,800.0,250g,Medium Roast,,Ammikulavi Estate,"ing from Ammikulavi Estate , Tamil Nadu","Grown along the outer slopes of the Palani Hills at 4200 ft , this lot represents a precise approach to Robusta processing from Ammikulavi Estate , Tamil Nadu. The estate spans 40 acres, where Arabicas occupy the central terrain and Robustas border the edges. Under the direction of Darshan , a sixth-generation grower and first-generation specialty processor, this coffee undergoes anaerobic natural fermentation —a sealed environment that intensifies fruit complexity while refining mouthfeel and sweetness. When brewed at 89°C for 2 1/2 mins using an AeroPress , the cup reveals a balanced, structured profile: Aromatics: Ferment-driven winey notes with subtle spice Flavor: Winey, D ark chocolate, prunes, and caramel sweetness. Body: Full, syrupy texture with clean finish. Acidity: Low and integrated, enhancing perceived sweetness. Taste Profile - Winey, Dark Chocolate, Prunes, Caramel Origin - Ammikulavi Estate, Pulneys, TN Processing - Anaerobic Naturals Elevation - 4200 ft Roast: Medium Acidity: Low Sweetness: Medium",https://caffinary.com/products/vin-doux,https://cdn.shopify.com/s/files/1/0617/6273/2232/files/GVD_-_Tsp_-_Card.png?v=1773587649,Coffee
Garnet Vin Doux - Roasted on 26/05,Caffinary,800.0,250g,Medium Roast,,Ammikulavi Estate,"ing from Ammikulavi Estate , Tamil Nadu","Grown along the outer slopes of the Palani Hills at 4200 ft , this lot represents a precise approach to Robusta processing from Ammikulavi Estate , Tamil Nadu. The estate spans 40 acres, where Arabicas occupy the central terrain and Robustas border the edges. Under the direction of Darshan , a sixth-generation grower and first-generation specialty processor, this coffee undergoes anaerobic natural fermentation —a sealed environment that intensifies fruit complexity while refining mouthfeel and sweetness. When brewed at 89°C for 2 1/2 mins using an AeroPress , the cup reveals a balanced, structured profile: Aromatics: Ferment-driven winey notes with subtle spice Flavor: Winey, D ark chocolate, prunes, and caramel sweetness. Body: Full, syrupy texture with clean finish. Acidity: Low and integrated, enhancing perceived sweetness. Taste Profile - Winey, Dark Chocolate, Prunes, Caramel Origin - Ammikulavi Estate, Pulneys, TN Processing - Anaerobic Naturals Elevation - 4200 ft Roast: Medium Acidity: Low Sweetness: Medium",https://caffinary.com/products/vin-doux,https://cdn.shopify.com/s/files/1/0617/6273/2232/files/GVD_-_Tsp_-_Card.png?v=1773587649,Coffee
Garnet Vin Doux - Roasted on 26/05,Caffinary,800.0,250g,Medium Roast,,Ammikulavi Estate,"ing from Ammikulavi Estate , Tamil Nadu","Grown along the outer slopes of the Palani Hills at 4200 ft , this lot represents a precise approach to Robusta processing from Ammikulavi Estate , Tamil Nadu. The estate spans 40 acres, where Arabicas occupy the central terrain and Robustas border the edges. Under the direction of Darshan , a sixth-generation grower and first-generation specialty processor, this coffee undergoes anaerobic natural fermentation —a sealed environment that intensifies fruit complexity while refining mouthfeel and sweetness. When brewed at 89°C for 2 1/2 mins using an AeroPress , the cup reveals a balanced, structured profile: Aromatics: Ferment-driven winey notes with subtle spice Flavor: Winey, D ark chocolate, prunes, and caramel sweetness. Body: Full, syrupy texture with clean finish. Acidity: Low and integrated, enhancing perceived sweetness. Taste Profile - Winey, Dark Chocolate, Prunes, Caramel Origin - Ammikulavi Estate, Pulneys, TN Processing - Anaerobic Naturals Elevation - 4200 ft Roast: Medium Acidity: Low Sweetness: Medium",https://caffinary.com/products/vin-doux,https://cdn.shopify.com/s/files/1/0617/6273/2232/files/GVD_-_Tsp_-_Card.png?v=1773587649,Coffee
Garnet Vin Doux - Roasted on 26/05,Caffinary,800.0,250g,Medium Roast,,Ammikulavi Estate,"ing from Ammikulavi Estate , Tamil Nadu","Grown along the outer slopes of the Palani Hills at 4200 ft , this lot represents a precise approach to Robusta processing from Ammikulavi Estate , Tamil Nadu. The estate spans 40 acres, where Arabicas occupy the central terrain and Robustas border the edges. Under the direction of Darshan , a sixth-generation grower and first-generation specialty processor, this coffee undergoes anaerobic natural fermentation —a sealed environment that intensifies fruit complexity while refining mouthfeel and sweetness. When brewed at 89°C for 2 1/2 mins using an AeroPress , the cup reveals a balanced, structured profile: Aromatics: Ferment-driven winey notes with subtle spice Flavor: Winey, D ark chocolate, prunes, and caramel sweetness. Body: Full, syrupy texture with clean finish. Acidity: Low and integrated, enhancing perceived sweetness. Taste Profile - Winey, Dark Chocolate, Prunes, Caramel Origin - Ammikulavi Estate, Pulneys, TN Processing - Anaerobic Naturals Elevation - 4200 ft Roast: Medium Acidity: Low Sweetness: Medium",https://caffinary.com/products/vin-doux,https://cdn.shopify.com/s/files/1/0617/6273/2232/files/GVD_-_Tsp_-_Card.png?v=1773587649,Coffee
Garnet Vin Doux - Roasted on 26/05,Caffinary,800.0,250g,Medium Roast,,Ammikulavi Estate,"ing from Ammikulavi Estate , Tamil Nadu","Grown along the outer slopes of the Palani Hills at 4200 ft , this lot represents a precise approach to Robusta processing from Ammikulavi Estate , Tamil Nadu. The estate spans 40 acres, where Arabicas occupy the central terrain and Robustas border the edges. Under the direction of Darshan , a sixth-generation grower and first-generation specialty processor, this coffee undergoes anaerobic natural fermentation —a sealed environment that intensifies fruit complexity while refining mouthfeel and sweetness. When brewed at 89°C for 2 1/2 mins using an AeroPress , the cup reveals a balanced, structured profile: Aromatics: Ferment-driven winey notes with subtle spice Flavor: Winey, D ark chocolate, prunes, and caramel sweetness. Body: Full, syrupy texture with clean finish. Acidity: Low and integrated, enhancing perceived sweetness. Taste Profile - Winey, Dark Chocolate, Prunes, Caramel Origin - Ammikulavi Estate, Pulneys, TN Processing - Anaerobic Naturals Elevation - 4200 ft Roast: Medium Acidity: Low Sweetness: Medium",https://caffinary.com/products/vin-doux,https://cdn.shopify.com/s/files/1/0617/6273/2232/files/GVD_-_Tsp_-_Card.png?v=1773587649,Coffee
Garnet Vin Doux - Roasted on 26/05,Caffinary,800.0,250g,Medium Roast,,Ammikulavi Estate,"ing from Ammikulavi Estate , Tamil Nadu","Grown along the outer slopes of the Palani Hills at 4200 ft , this lot represents a precise approach to Robusta processing from Ammikulavi Estate , Tamil Nadu. The estate spans 40 acres, where Arabicas occupy the central terrain and Robustas border the edges. Under the direction of Darshan , a sixth-generation grower and first-generation specialty processor, this coffee undergoes anaerobic natural fermentation —a sealed environment that intensifies fruit complexity while refining mouthfeel and sweetness. When brewed at 89°C for 2 1/2 mins using an AeroPress , the cup reveals a balanced, structured profile: Aromatics: Ferment-driven winey notes with subtle spice Flavor: Winey, D ark chocolate, prunes, and caramel sweetness. Body: Full, syrupy texture with clean finish. Acidity: Low and integrated, enhancing perceived sweetness. Taste Profile - Winey, Dark Chocolate, Prunes, Caramel Origin - Ammikulavi Estate, Pulneys, TN Processing - Anaerobic Naturals Elevation - 4200 ft Roast: Medium Acidity: Low Sweetness: Medium",https://caffinary.com/products/vin-doux,https://cdn.shopify.com/s/files/1/0617/6273/2232/files/GVD_-_Tsp_-_Card.png?v=1773587649,Coffee
Garnet Vin Doux - Roasted on 26/05,Caffinary,800.0,250g,Medium Roast,,Ammikulavi Estate,"ing from Ammikulavi Estate , Tamil Nadu","Grown along the outer slopes of the Palani Hills at 4200 ft , this lot represents a precise approach to Robusta processing from Ammikulavi Estate , Tamil Nadu. The estate spans 40 acres, where Arabicas occupy the central terrain and Robustas border the edges. Under the direction of Darshan , a sixth-generation grower and first-generation specialty processor, this coffee undergoes anaerobic natural fermentation —a sealed environment that intensifies fruit complexity while refining mouthfeel and sweetness. When brewed at 89°C for 2 1/2 mins using an AeroPress , the cup reveals a balanced, structured profile: Aromatics: Ferment-driven winey notes with subtle spice Flavor: Winey, D ark chocolate, prunes, and caramel sweetness. Body: Full, syrupy texture with clean finish. Acidity: Low and integrated, enhancing perceived sweetness. Taste Profile - Winey, Dark Chocolate, Prunes, Caramel Origin - Ammikulavi Estate, Pulneys, TN Processing - Anaerobic Naturals Elevation - 4200 ft Roast: Medium Acidity: Low Sweetness: Medium",https://caffinary.com/products/vin-doux,https://cdn.shopify.com/s/files/1/0617/6273/2232/files/GVD_-_Tsp_-_Card.png?v=1773587649,Coffee
Garnet Vin Doux - Roasted on 26/05,Caffinary,800.0,250g,Medium Roast,,Ammikulavi Estate,"ing from Ammikulavi Estate , Tamil Nadu","Grown along the outer slopes of the Palani Hills at 4200 ft , this lot represents a precise approach to Robusta processing from Ammikulavi Estate , Tamil Nadu. The estate spans 40 acres, where Arabicas occupy the central terrain and Robustas border the edges. Under the direction of Darshan , a sixth-generation grower and first-generation specialty processor, this coffee undergoes anaerobic natural fermentation —a sealed environment that intensifies fruit complexity while refining mouthfeel and sweetness. When brewed at 89°C for 2 1/2 mins using an AeroPress , the cup reveals a balanced, structured profile: Aromatics: Ferment-driven winey notes with subtle spice Flavor: Winey, D ark chocolate, prunes, and caramel sweetness. Body: Full, syrupy texture with clean finish. Acidity: Low and integrated, enhancing perceived sweetness. Taste Profile - Winey, Dark Chocolate, Prunes, Caramel Origin - Ammikulavi Estate, Pulneys, TN Processing - Anaerobic Naturals Elevation - 4200 ft Roast: Medium Acidity: Low Sweetness: Medium",https://caffinary.com/products/vin-doux,https://cdn.shopify.com/s/files/1/0617/6273/2232/files/GVD_-_Tsp_-_Card.png?v=1773587649,Coffee
Garnet Vin Doux - Roasted on 26/05,Caffinary,1550.0,500g,Medium Roast,,Ammikulavi Estate,"ing from Ammikulavi Estate , Tamil Nadu","Grown along the outer slopes of the Palani Hills at 4200 ft , this lot represents a precise approach to Robusta processing from Ammikulavi Estate , Tamil Nadu. The estate spans 40 acres, where Arabicas occupy the central terrain and Robustas border the edges. Under the direction of Darshan , a sixth-generation grower and first-generation specialty processor, this coffee undergoes anaerobic natural fermentation —a sealed environment that intensifies fruit complexity while refining mouthfeel and sweetness. When brewed at 89°C for 2 1/2 mins using an AeroPress , the cup reveals a balanced, structured profile: Aromatics: Ferment-driven winey notes with subtle spice Flavor: Winey, D ark chocolate, prunes, and caramel sweetness. Body: Full, syrupy texture with clean finish. Acidity: Low and integrated, enhancing perceived sweetness. Taste Profile - Winey, Dark Chocolate, Prunes, Caramel Origin - Ammikulavi Estate, Pulneys, TN Processing - Anaerobic Naturals Elevation - 4200 ft Roast: Medium Acidity: Low Sweetness: Medium",https://caffinary.com/products/vin-doux,https://cdn.shopify.com/s/files/1/0617/6273/2232/files/GVD_-_Tsp_-_Card.png?v=1773587649,Coffee
Garnet Vin Doux - Roasted on 26/05,Caffinary,1550.0,500g,Medium Roast,,Ammikulavi Estate,"ing from Ammikulavi Estate , Tamil Nadu","Grown along the outer slopes of the Palani Hills at 4200 ft , this lot represents a precise approach to Robusta processing from Ammikulavi Estate , Tamil Nadu. The estate spans 40 acres, where Arabicas occupy the central terrain and Robustas border the edges. Under the direction of Darshan , a sixth-generation grower and first-generation specialty processor, this coffee undergoes anaerobic natural fermentation —a sealed environment that intensifies fruit complexity while refining mouthfeel and sweetness. When brewed at 89°C for 2 1/2 mins using an AeroPress , the cup reveals a balanced, structured profile: Aromatics: Ferment-driven winey notes with subtle spice Flavor: Winey, D ark chocolate, prunes, and caramel sweetness. Body: Full, syrupy texture with clean finish. Acidity: Low and integrated, enhancing perceived sweetness. Taste Profile - Winey, Dark Chocolate, Prunes, Caramel Origin - Ammikulavi Estate, Pulneys, TN Processing - Anaerobic Naturals Elevation - 4200 ft Roast: Medium Acidity: Low Sweetness: Medium",https://caffinary.com/products/vin-doux,https://cdn.shopify.com/s/files/1/0617/6273/2232/files/GVD_-_Tsp_-_Card.png?v=1773587649,Coffee
Garnet Vin Doux - Roasted on 26/05,Caffinary,1550.0,500g,Medium Roast,,Ammikulavi Estate,"ing from Ammikulavi Estate , Tamil Nadu","Grown along the outer slopes of the Palani Hills at 4200 ft , this lot represents a precise approach to Robusta processing from Ammikulavi Estate , Tamil Nadu. The estate spans 40 acres, where Arabicas occupy the central terrain and Robustas border the edges. Under the direction of Darshan , a sixth-generation grower and first-generation specialty processor, this coffee undergoes anaerobic natural fermentation —a sealed environment that intensifies fruit complexity while refining mouthfeel and sweetness. When brewed at 89°C for 2 1/2 mins using an AeroPress , the cup reveals a balanced, structured profile: Aromatics: Ferment-driven winey notes with subtle spice Flavor: Winey, D ark chocolate, prunes, and caramel sweetness. Body: Full, syrupy texture with clean finish. Acidity: Low and integrated, enhancing perceived sweetness. Taste Profile - Winey, Dark Chocolate, Prunes, Caramel Origin - Ammikulavi Estate, Pulneys, TN Processing - Anaerobic Naturals Elevation - 4200 ft Roast: Medium Acidity: Low Sweetness: Medium",https://caffinary.com/products/vin-doux,https://cdn.shopify.com/s/files/1/0617/6273/2232/files/GVD_-_Tsp_-_Card.png?v=1773587649,Coffee
Garnet Vin Doux - Roasted on 26/05,Caffinary,1550.0,500g,Medium Roast,,Ammikulavi Estate,"ing from Ammikulavi Estate , Tamil Nadu","Grown along the outer slopes of the Palani Hills at 4200 ft , this lot represents a precise approach to Robusta processing from Ammikulavi Estate , Tamil Nadu. The estate spans 40 acres, where Arabicas occupy the central terrain and Robustas border the edges. Under the direction of Darshan , a sixth-generation grower and first-generation specialty processor, this coffee undergoes anaerobic natural fermentation —a sealed environment that intensifies fruit complexity while refining mouthfeel and sweetness. When brewed at 89°C for 2 1/2 mins using an AeroPress , the cup reveals a balanced, structured profile: Aromatics: Ferment-driven winey notes with subtle spice Flavor: Winey, D ark chocolate, prunes, and caramel sweetness. Body: Full, syrupy texture with clean finish. Acidity: Low and integrated, enhancing perceived sweetness. Taste Profile - Winey, Dark Chocolate, Prunes, Caramel Origin - Ammikulavi Estate, Pulneys, TN Processing - Anaerobic Naturals Elevation - 4200 ft Roast: Medium Acidity: Low Sweetness: Medium",https://caffinary.com/products/vin-doux,https://cdn.shopify.com/s/files/1/0617/6273/2232/files/GVD_-_Tsp_-_Card.png?v=1773587649,Coffee
Garnet Vin Doux - Roasted on 26/05,Caffinary,1550.0,500g,Medium Roast,,Ammikulavi Estate,"ing from Ammikulavi Estate , Tamil Nadu","Grown along the outer slopes of the Palani Hills at 4200 ft , this lot represents a precise approach to Robusta processing from Ammikulavi Estate , Tamil Nadu. The estate spans 40 acres, where Arabicas occupy the central terrain and Robustas border the edges. Under the direction of Darshan , a sixth-generation grower and first-generation specialty processor, this coffee undergoes anaerobic natural fermentation —a sealed environment that intensifies fruit complexity while refining mouthfeel and sweetness. When brewed at 89°C for 2 1/2 mins using an AeroPress , the cup reveals a balanced, structured profile: Aromatics: Ferment-driven winey notes with subtle spice Flavor: Winey, D ark chocolate, prunes, and caramel sweetness. Body: Full, syrupy texture with clean finish. Acidity: Low and integrated, enhancing perceived sweetness. Taste Profile - Winey, Dark Chocolate, Prunes, Caramel Origin - Ammikulavi Estate, Pulneys, TN Processing - Anaerobic Naturals Elevation - 4200 ft Roast: Medium Acidity: Low Sweetness: Medium",https://caffinary.com/products/vin-doux,https://cdn.shopify.com/s/files/1/0617/6273/2232/files/GVD_-_Tsp_-_Card.png?v=1773587649,Coffee
Garnet Vin Doux - Roasted on 26/05,Caffinary,1550.0,500g,Medium Roast,,Ammikulavi Estate,"ing from Ammikulavi Estate , Tamil Nadu","Grown along the outer slopes of the Palani Hills at 4200 ft , this lot represents a precise approach to Robusta processing from Ammikulavi Estate , Tamil Nadu. The estate spans 40 acres, where Arabicas occupy the central terrain and Robustas border the edges. Under the direction of Darshan , a sixth-generation grower and first-generation specialty processor, this coffee undergoes anaerobic natural fermentation —a sealed environment that intensifies fruit complexity while refining mouthfeel and sweetness. When brewed at 89°C for 2 1/2 mins using an AeroPress , the cup reveals a balanced, structured profile: Aromatics: Ferment-driven winey notes with subtle spice Flavor: Winey, D ark chocolate, prunes, and caramel sweetness. Body: Full, syrupy texture with clean finish. Acidity: Low and integrated, enhancing perceived sweetness. Taste Profile - Winey, Dark Chocolate, Prunes, Caramel Origin - Ammikulavi Estate, Pulneys, TN Processing - Anaerobic Naturals Elevation - 4200 ft Roast: Medium Acidity: Low Sweetness: Medium",https://caffinary.com/products/vin-doux,https://cdn.shopify.com/s/files/1/0617/6273/2232/files/GVD_-_Tsp_-_Card.png?v=1773587649,Coffee
Garnet Vin Doux - Roasted on 26/05,Caffinary,1550.0,500g,Medium Roast,,Ammikulavi Estate,"ing from Ammikulavi Estate , Tamil Nadu","Grown along the outer slopes of the Palani Hills at 4200 ft , this lot represents a precise approach to Robusta processing from Ammikulavi Estate , Tamil Nadu. The estate spans 40 acres, where Arabicas occupy the central terrain and Robustas border the edges. Under the direction of Darshan , a sixth-generation grower and first-generation specialty processor, this coffee undergoes anaerobic natural fermentation —a sealed environment that intensifies fruit complexity while refining mouthfeel and sweetness. When brewed at 89°C for 2 1/2 mins using an AeroPress , the cup reveals a balanced, structured profile: Aromatics: Ferment-driven winey notes with subtle spice Flavor: Winey, D ark chocolate, prunes, and caramel sweetness. Body: Full, syrupy texture with clean finish. Acidity: Low and integrated, enhancing perceived sweetness. Taste Profile - Winey, Dark Chocolate, Prunes, Caramel Origin - Ammikulavi Estate, Pulneys, TN Processing - Anaerobic Naturals Elevation - 4200 ft Roast: Medium Acidity: Low Sweetness: Medium",https://caffinary.com/products/vin-doux,https://cdn.shopify.com/s/files/1/0617/6273/2232/files/GVD_-_Tsp_-_Card.png?v=1773587649,Coffee
Garnet Vin Doux - Roasted on 26/05,Caffinary,1550.0,500g,Medium Roast,,Ammikulavi Estate,"ing from Ammikulavi Estate , Tamil Nadu","Grown along the outer slopes of the Palani Hills at 4200 ft , this lot represents a precise approach to Robusta processing from Ammikulavi Estate , Tamil Nadu. The estate spans 40 acres, where Arabicas occupy the central terrain and Robustas border the edges. Under the direction of Darshan , a sixth-generation grower and first-generation specialty processor, this coffee undergoes anaerobic natural fermentation —a sealed environment that intensifies fruit complexity while refining mouthfeel and sweetness. When brewed at 89°C for 2 1/2 mins using an AeroPress , the cup reveals a balanced, structured profile: Aromatics: Ferment-driven winey notes with subtle spice Flavor: Winey, D ark chocolate, prunes, and caramel sweetness. Body: Full, syrupy texture with clean finish. Acidity: Low and integrated, enhancing perceived sweetness. Taste Profile - Winey, Dark Chocolate, Prunes, Caramel Origin - Ammikulavi Estate, Pulneys, TN Processing - Anaerobic Naturals Elevation - 4200 ft Roast: Medium Acidity: Low Sweetness: Medium",https://caffinary.com/products/vin-doux,https://cdn.shopify.com/s/files/1/0617/6273/2232/files/GVD_-_Tsp_-_Card.png?v=1773587649,Coffee
Garnet Vin Doux - Roasted on 26/05,Caffinary,1550.0,500g,Medium Roast,,Ammikulavi Estate,"ing from Ammikulavi Estate , Tamil Nadu","Grown along the outer slopes of the Palani Hills at 4200 ft , this lot represents a precise approach to Robusta processing from Ammikulavi Estate , Tamil Nadu. The estate spans 40 acres, where Arabicas occupy the central terrain and Robustas border the edges. Under the direction of Darshan , a sixth-generation grower and first-generation specialty processor, this coffee undergoes anaerobic natural fermentation —a sealed environment that intensifies fruit complexity while refining mouthfeel and sweetness. When brewed at 89°C for 2 1/2 mins using an AeroPress , the cup reveals a balanced, structured profile: Aromatics: Ferment-driven winey notes with subtle spice Flavor: Winey, D ark chocolate, prunes, and caramel sweetness. Body: Full, syrupy texture with clean finish. Acidity: Low and integrated, enhancing perceived sweetness. Taste Profile - Winey, Dark Chocolate, Prunes, Caramel Origin - Ammikulavi Estate, Pulneys, TN Processing - Anaerobic Naturals Elevation - 4200 ft Roast: Medium Acidity: Low Sweetness: Medium",https://caffinary.com/products/vin-doux,https://cdn.shopify.com/s/files/1/0617/6273/2232/files/GVD_-_Tsp_-_Card.png?v=1773587649,Coffee
Caffinary Tee,Caffinary,1500.0,XS,,,,,"The Caffinary Tee isn't about shouting your passion—it's about living it. Made from the Heavy Crew from March, this tee is built for those who appreciate craft without compromise. Clean, understated, and considered. No loud logos. No unnecessary noise. Just a tee that mirrors the precision you bring to your cup—whether you're dialling in an espresso, cupping single origins, or simply savouring the ritual. Features - Heavy-duty cotton construction Double-stitched for longevity Minimal design philosophy—zero visible branding The Caffinary Tee. For coffee people who value craft over clutter. Comes with the ""Do Good Work"" Pencil.",https://caffinary.com/products/merch-with-march,https://cdn.shopify.com/s/files/1/0617/6273/2232/files/MarchteeMerch.png?v=1760784837,Coffee
Caffinary Tee,Caffinary,1500.0,S,,,,,"The Caffinary Tee isn't about shouting your passion—it's about living it. Made from the Heavy Crew from March, this tee is built for those who appreciate craft without compromise. Clean, understated, and considered. No loud logos. No unnecessary noise. Just a tee that mirrors the precision you bring to your cup—whether you're dialling in an espresso, cupping single origins, or simply savouring the ritual. Features - Heavy-duty cotton construction Double-stitched for longevity Minimal design philosophy—zero visible branding The Caffinary Tee. For coffee people who value craft over clutter. Comes with the ""Do Good Work"" Pencil.",https://caffinary.com/products/merch-with-march,https://cdn.shopify.com/s/files/1/0617/6273/2232/files/MarchteeMerch.png?v=1760784837,Coffee
Caffinary Tee,Caffinary,1500.0,M,,,,,"The Caffinary Tee isn't about shouting your passion—it's about living it. Made from the Heavy Crew from March, this tee is built for those who appreciate craft without compromise. Clean, understated, and considered. No loud logos. No unnecessary noise. Just a tee that mirrors the precision you bring to your cup—whether you're dialling in an espresso, cupping single origins, or simply savouring the ritual. Features - Heavy-duty cotton construction Double-stitched for longevity Minimal design philosophy—zero visible branding The Caffinary Tee. For coffee people who value craft over clutter. Comes with the ""Do Good Work"" Pencil.",https://caffinary.com/products/merch-with-march,https://cdn.shopify.com/s/files/1/0617/6273/2232/files/MarchteeMerch.png?v=1760784837,Coffee
Caffinary Tee,Caffinary,1500.0,L,,,,,"The Caffinary Tee isn't about shouting your passion—it's about living it. Made from the Heavy Crew from March, this tee is built for those who appreciate craft without compromise. Clean, understated, and considered. No loud logos. No unnecessary noise. Just a tee that mirrors the precision you bring to your cup—whether you're dialling in an espresso, cupping single origins, or simply savouring the ritual. Features - Heavy-duty cotton construction Double-stitched for longevity Minimal design philosophy—zero visible branding The Caffinary Tee. For coffee people who value craft over clutter. Comes with the ""Do Good Work"" Pencil.",https://caffinary.com/products/merch-with-march,https://cdn.shopify.com/s/files/1/0617/6273/2232/files/MarchteeMerch.png?v=1760784837,Coffee
Caffinary Tee,Caffinary,1500.0,XL,,,,,"The Caffinary Tee isn't about shouting your passion—it's about living it. Made from the Heavy Crew from March, this tee is built for those who appreciate craft without compromise. Clean, understated, and considered. No loud logos. No unnecessary noise. Just a tee that mirrors the precision you bring to your cup—whether you're dialling in an espresso, cupping single origins, or simply savouring the ritual. Features - Heavy-duty cotton construction Double-stitched for longevity Minimal design philosophy—zero visible branding The Caffinary Tee. For coffee people who value craft over clutter. Comes with the ""Do Good Work"" Pencil.",https://caffinary.com/products/merch-with-march,https://cdn.shopify.com/s/files/1/0617/6273/2232/files/MarchteeMerch.png?v=1760784837,Coffee
Caffinary Tee,Caffinary,1500.0,2XL,,,,,"The Caffinary Tee isn't about shouting your passion—it's about living it. Made from the Heavy Crew from March, this tee is built for those who appreciate craft without compromise. Clean, understated, and considered. No loud logos. No unnecessary noise. Just a tee that mirrors the precision you bring to your cup—whether you're dialling in an espresso, cupping single origins, or simply savouring the ritual. Features - Heavy-duty cotton construction Double-stitched for longevity Minimal design philosophy—zero visible branding The Caffinary Tee. For coffee people who value craft over clutter. Comes with the ""Do Good Work"" Pencil.",https://caffinary.com/products/merch-with-march,https://cdn.shopify.com/s/files/1/0617/6273/2232/files/MarchteeMerch.png?v=1760784837,Coffee
Caffinary Tee,Caffinary,1500.0,3XL,,,,,"The Caffinary Tee isn't about shouting your passion—it's about living it. Made from the Heavy Crew from March, this tee is built for those who appreciate craft without compromise. Clean, understated, and considered. No loud logos. No unnecessary noise. Just a tee that mirrors the precision you bring to your cup—whether you're dialling in an espresso, cupping single origins, or simply savouring the ritual. Features - Heavy-duty cotton construction Double-stitched for longevity Minimal design philosophy—zero visible branding The Caffinary Tee. For coffee people who value craft over clutter. Comes with the ""Do Good Work"" Pencil.",https://caffinary.com/products/merch-with-march,https://cdn.shopify.com/s/files/1/0617/6273/2232/files/MarchteeMerch.png?v=1760784837,Coffee
Manual Brew Compass v2 - FREE PDF,Caffinary,0.0,Black,,A compass variant that works for same,,,"A compass variant that works for same grind size Your Free copy of the Manual Brew Compass will be shared via your order email shared during checkout If you still don't receive your email link, please WhatsApp us on +919778753709",https://caffinary.com/products/manual-brew-compass-v2-free-pdf-copy,https://cdn.shopify.com/s/files/1/0617/6273/2232/files/MBC-V2.png?v=1731564833,Coffee
Manual Brew Compass v2 - FREE PDF,Caffinary,0.0,White,,A compass variant that works for same,,,"A compass variant that works for same grind size Your Free copy of the Manual Brew Compass will be shared via your order email shared during checkout If you still don't receive your email link, please WhatsApp us on +919778753709",https://caffinary.com/products/manual-brew-compass-v2-free-pdf-copy,https://cdn.shopify.com/s/files/1/0617/6273/2232/files/MBC-V2.png?v=1731564833,Coffee
Celebrating Mothers Coffee Gift Card,Caffinary,350.0,₹350,,,,,"A token of appreciation meant for the special mom in your life! In a world where moms are hustling, this gift card extends balance; it offers the gift of quality time. A cozy morning, a warm cup of coffee in hand, and the simple joy of savouring each moment. This isn't just about the coffee; it's about the companionship it provides, the moments shared, and the memories created. This gift card is meant for all the special mothers in your life - the ones who shower their pets with affection, your partner who nurtures your children, mothers who worries about us 24/7, or just those super-moms who we want to appreciate more. Add joy to their life by gifting the chance to reconnect and unwind. And the best part? You don't have to guess what mom likes! Share your name along with mom's, to get a personalised package when redeeming the gift card.",https://caffinary.com/products/gifts-for-mothers,https://cdn.shopify.com/s/files/1/0617/6273/2232/files/Gift-card-1_171d981a-9a1f-418a-973b-c72e0e05c069.jpg?v=1715408936,Coffee
Celebrating Mothers Coffee Gift Card,Caffinary,500.0,₹500,,,,,"A token of appreciation meant for the special mom in your life! In a world where moms are hustling, this gift card extends balance; it offers the gift of quality time. A cozy morning, a warm cup of coffee in hand, and the simple joy of savouring each moment. This isn't just about the coffee; it's about the companionship it provides, the moments shared, and the memories created. This gift card is meant for all the special mothers in your life - the ones who shower their pets with affection, your partner who nurtures your children, mothers who worries about us 24/7, or just those super-moms who we want to appreciate more. Add joy to their life by gifting the chance to reconnect and unwind. And the best part? You don't have to guess what mom likes! Share your name along with mom's, to get a personalised package when redeeming the gift card.",https://caffinary.com/products/gifts-for-mothers,https://cdn.shopify.com/s/files/1/0617/6273/2232/files/Gift-card-1_171d981a-9a1f-418a-973b-c72e0e05c069.jpg?v=1715408936,Coffee
Celebrating Mothers Coffee Gift Card,Caffinary,750.0,₹750,,,,,"A token of appreciation meant for the special mom in your life! In a world where moms are hustling, this gift card extends balance; it offers the gift of quality time. A cozy morning, a warm cup of coffee in hand, and the simple joy of savouring each moment. This isn't just about the coffee; it's about the companionship it provides, the moments shared, and the memories created. This gift card is meant for all the special mothers in your life - the ones who shower their pets with affection, your partner who nurtures your children, mothers who worries about us 24/7, or just those super-moms who we want to appreciate more. Add joy to their life by gifting the chance to reconnect and unwind. And the best part? You don't have to guess what mom likes! Share your name along with mom's, to get a personalised package when redeeming the gift card.",https://caffinary.com/products/gifts-for-mothers,https://cdn.shopify.com/s/files/1/0617/6273/2232/files/Gift-card-1_171d981a-9a1f-418a-973b-c72e0e05c069.jpg?v=1715408936,Coffee
Celebrating Mothers Coffee Gift Card,Caffinary,1000.0,₹1000,,,,,"A token of appreciation meant for the special mom in your life! In a world where moms are hustling, this gift card extends balance; it offers the gift of quality time. A cozy morning, a warm cup of coffee in hand, and the simple joy of savouring each moment. This isn't just about the coffee; it's about the companionship it provides, the moments shared, and the memories created. This gift card is meant for all the special mothers in your life - the ones who shower their pets with affection, your partner who nurtures your children, mothers who worries about us 24/7, or just those super-moms who we want to appreciate more. Add joy to their life by gifting the chance to reconnect and unwind. And the best part? You don't have to guess what mom likes! Share your name along with mom's, to get a personalised package when redeeming the gift card.",https://caffinary.com/products/gifts-for-mothers,https://cdn.shopify.com/s/files/1/0617/6273/2232/files/Gift-card-1_171d981a-9a1f-418a-973b-c72e0e05c069.jpg?v=1715408936,Coffee
Celebrating Mothers Coffee Gift Card,Caffinary,2000.0,₹2000,,,,,"A token of appreciation meant for the special mom in your life! In a world where moms are hustling, this gift card extends balance; it offers the gift of quality time. A cozy morning, a warm cup of coffee in hand, and the simple joy of savouring each moment. This isn't just about the coffee; it's about the companionship it provides, the moments shared, and the memories created. This gift card is meant for all the special mothers in your life - the ones who shower their pets with affection, your partner who nurtures your children, mothers who worries about us 24/7, or just those super-moms who we want to appreciate more. Add joy to their life by gifting the chance to reconnect and unwind. And the best part? You don't have to guess what mom likes! Share your name along with mom's, to get a personalised package when redeeming the gift card.",https://caffinary.com/products/gifts-for-mothers,https://cdn.shopify.com/s/files/1/0617/6273/2232/files/Gift-card-1_171d981a-9a1f-418a-973b-c72e0e05c069.jpg?v=1715408936,Coffee
Celebrating Mothers Coffee Gift Card,Caffinary,5000.0,₹5000,,,,,"A token of appreciation meant for the special mom in your life! In a world where moms are hustling, this gift card extends balance; it offers the gift of quality time. A cozy morning, a warm cup of coffee in hand, and the simple joy of savouring each moment. This isn't just about the coffee; it's about the companionship it provides, the moments shared, and the memories created. This gift card is meant for all the special mothers in your life - the ones who shower their pets with affection, your partner who nurtures your children, mothers who worries about us 24/7, or just those super-moms who we want to appreciate more. Add joy to their life by gifting the chance to reconnect and unwind. And the best part? You don't have to guess what mom likes! Share your name along with mom's, to get a personalised package when redeeming the gift card.",https://caffinary.com/products/gifts-for-mothers,https://cdn.shopify.com/s/files/1/0617/6273/2232/files/Gift-card-1_171d981a-9a1f-418a-973b-c72e0e05c069.jpg?v=1715408936,Coffee
Celebrating Mothers Coffee Gift Card,Caffinary,10000.0,₹10000,,,,,"A token of appreciation meant for the special mom in your life! In a world where moms are hustling, this gift card extends balance; it offers the gift of quality time. A cozy morning, a warm cup of coffee in hand, and the simple joy of savouring each moment. This isn't just about the coffee; it's about the companionship it provides, the moments shared, and the memories created. This gift card is meant for all the special mothers in your life - the ones who shower their pets with affection, your partner who nurtures your children, mothers who worries about us 24/7, or just those super-moms who we want to appreciate more. Add joy to their life by gifting the chance to reconnect and unwind. And the best part? You don't have to guess what mom likes! Share your name along with mom's, to get a personalised package when redeeming the gift card.",https://caffinary.com/products/gifts-for-mothers,https://cdn.shopify.com/s/files/1/0617/6273/2232/files/Gift-card-1_171d981a-9a1f-418a-973b-c72e0e05c069.jpg?v=1715408936,Coffee
Monsooned Malabar - Roasted on 16/05,Caffinary,195.0,50g,,,Coorg,"coffee, post harvest","The salt from the seas is here to add sweetness to this chance discovery of a great way to process coffee, post harvest. Now developed in a controlled environment, this coffee is great when had black, and also pairs amazingly with milk. Taste Profile Earthy, Woody, Smokey, Spiced Origin Coorg Smallholders, Karnataka Processing Monsooned at Malabar Elevation 3000+ feet",https://caffinary.com/products/monsooned-malabar,https://cdn.shopify.com/s/files/1/0617/6273/2232/files/MM-Tsp-Card.png?v=1773593886,Coffee
Monsooned Malabar - Roasted on 16/05,Caffinary,195.0,50g,,,Coorg,"coffee, post harvest","The salt from the seas is here to add sweetness to this chance discovery of a great way to process coffee, post harvest. Now developed in a controlled environment, this coffee is great when had black, and also pairs amazingly with milk. Taste Profile Earthy, Woody, Smokey, Spiced Origin Coorg Smallholders, Karnataka Processing Monsooned at Malabar Elevation 3000+ feet",https://caffinary.com/products/monsooned-malabar,https://cdn.shopify.com/s/files/1/0617/6273/2232/files/MM-Tsp-Card.png?v=1773593886,Coffee
Monsooned Malabar - Roasted on 16/05,Caffinary,195.0,50g,,,Coorg,"coffee, post harvest","The salt from the seas is here to add sweetness to this chance discovery of a great way to process coffee, post harvest. Now developed in a controlled environment, this coffee is great when had black, and also pairs amazingly with milk. Taste Profile Earthy, Woody, Smokey, Spiced Origin Coorg Smallholders, Karnataka Processing Monsooned at Malabar Elevation 3000+ feet",https://caffinary.com/products/monsooned-malabar,https://cdn.shopify.com/s/files/1/0617/6273/2232/files/MM-Tsp-Card.png?v=1773593886,Coffee
Monsooned Malabar - Roasted on 16/05,Caffinary,195.0,50g,,,Coorg,"coffee, post harvest","The salt from the seas is here to add sweetness to this chance discovery of a great way to process coffee, post harvest. Now developed in a controlled environment, this coffee is great when had black, and also pairs amazingly with milk. Taste Profile Earthy, Woody, Smokey, Spiced Origin Coorg Smallholders, Karnataka Processing Monsooned at Malabar Elevation 3000+ feet",https://caffinary.com/products/monsooned-malabar,https://cdn.shopify.com/s/files/1/0617/6273/2232/files/MM-Tsp-Card.png?v=1773593886,Coffee
Monsooned Malabar - Roasted on 16/05,Caffinary,195.0,50g,,,Coorg,"coffee, post harvest","The salt from the seas is here to add sweetness to this chance discovery of a great way to process coffee, post harvest. Now developed in a controlled environment, this coffee is great when had black, and also pairs amazingly with milk. Taste Profile Earthy, Woody, Smokey, Spiced Origin Coorg Smallholders, Karnataka Processing Monsooned at Malabar Elevation 3000+ feet",https://caffinary.com/products/monsooned-malabar,https://cdn.shopify.com/s/files/1/0617/6273/2232/files/MM-Tsp-Card.png?v=1773593886,Coffee
Monsooned Malabar - Roasted on 16/05,Caffinary,195.0,50g,,,Coorg,"coffee, post harvest","The salt from the seas is here to add sweetness to this chance discovery of a great way to process coffee, post harvest. Now developed in a controlled environment, this coffee is great when had black, and also pairs amazingly with milk. Taste Profile Earthy, Woody, Smokey, Spiced Origin Coorg Smallholders, Karnataka Processing Monsooned at Malabar Elevation 3000+ feet",https://caffinary.com/products/monsooned-malabar,https://cdn.shopify.com/s/files/1/0617/6273/2232/files/MM-Tsp-Card.png?v=1773593886,Coffee
Monsooned Malabar - Roasted on 16/05,Caffinary,195.0,50g,,,Coorg,"coffee, post harvest","The salt from the seas is here to add sweetness to this chance discovery of a great way to process coffee, post harvest. Now developed in a controlled environment, this coffee is great when had black, and also pairs amazingly with milk. Taste Profile Earthy, Woody, Smokey, Spiced Origin Coorg Smallholders, Karnataka Processing Monsooned at Malabar Elevation 3000+ feet",https://caffinary.com/products/monsooned-malabar,https://cdn.shopify.com/s/files/1/0617/6273/2232/files/MM-Tsp-Card.png?v=1773593886,Coffee
Monsooned Malabar - Roasted on 16/05,Caffinary,195.0,50g,,,Coorg,"coffee, post harvest","The salt from the seas is here to add sweetness to this chance discovery of a great way to process coffee, post harvest. Now developed in a controlled environment, this coffee is great when had black, and also pairs amazingly with milk. Taste Profile Earthy, Woody, Smokey, Spiced Origin Coorg Smallholders, Karnataka Processing Monsooned at Malabar Elevation 3000+ feet",https://caffinary.com/products/monsooned-malabar,https://cdn.shopify.com/s/files/1/0617/6273/2232/files/MM-Tsp-Card.png?v=1773593886,Coffee
Monsooned Malabar - Roasted on 16/05,Caffinary,195.0,50g,,,Coorg,"coffee, post harvest","The salt from the seas is here to add sweetness to this chance discovery of a great way to process coffee, post harvest. Now developed in a controlled environment, this coffee is great when had black, and also pairs amazingly with milk. Taste Profile Earthy, Woody, Smokey, Spiced Origin Coorg Smallholders, Karnataka Processing Monsooned at Malabar Elevation 3000+ feet",https://caffinary.com/products/monsooned-malabar,https://cdn.shopify.com/s/files/1/0617/6273/2232/files/MM-Tsp-Card.png?v=1773593886,Coffee
Monsooned Malabar - Roasted on 16/05,Caffinary,370.0,100g,,,Coorg,"coffee, post harvest","The salt from the seas is here to add sweetness to this chance discovery of a great way to process coffee, post harvest. Now developed in a controlled environment, this coffee is great when had black, and also pairs amazingly with milk. Taste Profile Earthy, Woody, Smokey, Spiced Origin Coorg Smallholders, Karnataka Processing Monsooned at Malabar Elevation 3000+ feet",https://caffinary.com/products/monsooned-malabar,https://cdn.shopify.com/s/files/1/0617/6273/2232/files/MM-Tsp-Card.png?v=1773593886,Coffee
Monsooned Malabar - Roasted on 16/05,Caffinary,370.0,100g,,,Coorg,"coffee, post harvest","The salt from the seas is here to add sweetness to this chance discovery of a great way to process coffee, post harvest. Now developed in a controlled environment, this coffee is great when had black, and also pairs amazingly with milk. Taste Profile Earthy, Woody, Smokey, Spiced Origin Coorg Smallholders, Karnataka Processing Monsooned at Malabar Elevation 3000+ feet",https://caffinary.com/products/monsooned-malabar,https://cdn.shopify.com/s/files/1/0617/6273/2232/files/MM-Tsp-Card.png?v=1773593886,Coffee
Monsooned Malabar - Roasted on 16/05,Caffinary,370.0,100g,,,Coorg,"coffee, post harvest","The salt from the seas is here to add sweetness to this chance discovery of a great way to process coffee, post harvest. Now developed in a controlled environment, this coffee is great when had black, and also pairs amazingly with milk. Taste Profile Earthy, Woody, Smokey, Spiced Origin Coorg Smallholders, Karnataka Processing Monsooned at Malabar Elevation 3000+ feet",https://caffinary.com/products/monsooned-malabar,https://cdn.shopify.com/s/files/1/0617/6273/2232/files/MM-Tsp-Card.png?v=1773593886,Coffee
Monsooned Malabar - Roasted on 16/05,Caffinary,370.0,100g,,,Coorg,"coffee, post harvest","The salt from the seas is here to add sweetness to this chance discovery of a great way to process coffee, post harvest. Now developed in a controlled environment, this coffee is great when had black, and also pairs amazingly with milk. Taste Profile Earthy, Woody, Smokey, Spiced Origin Coorg Smallholders, Karnataka Processing Monsooned at Malabar Elevation 3000+ feet",https://caffinary.com/products/monsooned-malabar,https://cdn.shopify.com/s/files/1/0617/6273/2232/files/MM-Tsp-Card.png?v=1773593886,Coffee
Monsooned Malabar - Roasted on 16/05,Caffinary,370.0,100g,,,Coorg,"coffee, post harvest","The salt from the seas is here to add sweetness to this chance discovery of a great way to process coffee, post harvest. Now developed in a controlled environment, this coffee is great when had black, and also pairs amazingly with milk. Taste Profile Earthy, Woody, Smokey, Spiced Origin Coorg Smallholders, Karnataka Processing Monsooned at Malabar Elevation 3000+ feet",https://caffinary.com/products/monsooned-malabar,https://cdn.shopify.com/s/files/1/0617/6273/2232/files/MM-Tsp-Card.png?v=1773593886,Coffee
Monsooned Malabar - Roasted on 16/05,Caffinary,370.0,100g,,,Coorg,"coffee, post harvest","The salt from the seas is here to add sweetness to this chance discovery of a great way to process coffee, post harvest. Now developed in a controlled environment, this coffee is great when had black, and also pairs amazingly with milk. Taste Profile Earthy, Woody, Smokey, Spiced Origin Coorg Smallholders, Karnataka Processing Monsooned at Malabar Elevation 3000+ feet",https://caffinary.com/products/monsooned-malabar,https://cdn.shopify.com/s/files/1/0617/6273/2232/files/MM-Tsp-Card.png?v=1773593886,Coffee
Monsooned Malabar - Roasted on 16/05,Caffinary,370.0,100g,,,Coorg,"coffee, post harvest","The salt from the seas is here to add sweetness to this chance discovery of a great way to process coffee, post harvest. Now developed in a controlled environment, this coffee is great when had black, and also pairs amazingly with milk. Taste Profile Earthy, Woody, Smokey, Spiced Origin Coorg Smallholders, Karnataka Processing Monsooned at Malabar Elevation 3000+ feet",https://caffinary.com/products/monsooned-malabar,https://cdn.shopify.com/s/files/1/0617/6273/2232/files/MM-Tsp-Card.png?v=1773593886,Coffee
Monsooned Malabar - Roasted on 16/05,Caffinary,370.0,100g,,,Coorg,"coffee, post harvest","The salt from the seas is here to add sweetness to this chance discovery of a great way to process coffee, post harvest. Now developed in a controlled environment, this coffee is great when had black, and also pairs amazingly with milk. Taste Profile Earthy, Woody, Smokey, Spiced Origin Coorg Smallholders, Karnataka Processing Monsooned at Malabar Elevation 3000+ feet",https://caffinary.com/products/monsooned-malabar,https://cdn.shopify.com/s/files/1/0617/6273/2232/files/MM-Tsp-Card.png?v=1773593886,Coffee
Monsooned Malabar - Roasted on 16/05,Caffinary,370.0,100g,,,Coorg,"coffee, post harvest","The salt from the seas is here to add sweetness to this chance discovery of a great way to process coffee, post harvest. Now developed in a controlled environment, this coffee is great when had black, and also pairs amazingly with milk. Taste Profile Earthy, Woody, Smokey, Spiced Origin Coorg Smallholders, Karnataka Processing Monsooned at Malabar Elevation 3000+ feet",https://caffinary.com/products/monsooned-malabar,https://cdn.shopify.com/s/files/1/0617/6273/2232/files/MM-Tsp-Card.png?v=1773593886,Coffee
Monsooned Malabar - Roasted on 16/05,Caffinary,585.0,150g,,,Coorg,"coffee, post harvest","The salt from the seas is here to add sweetness to this chance discovery of a great way to process coffee, post harvest. Now developed in a controlled environment, this coffee is great when had black, and also pairs amazingly with milk. Taste Profile Earthy, Woody, Smokey, Spiced Origin Coorg Smallholders, Karnataka Processing Monsooned at Malabar Elevation 3000+ feet",https://caffinary.com/products/monsooned-malabar,https://cdn.shopify.com/s/files/1/0617/6273/2232/files/MM-Tsp-Card.png?v=1773593886,Coffee
Monsooned Malabar - Roasted on 16/05,Caffinary,585.0,150g,,,Coorg,"coffee, post harvest","The salt from the seas is here to add sweetness to this chance discovery of a great way to process coffee, post harvest. Now developed in a controlled environment, this coffee is great when had black, and also pairs amazingly with milk. Taste Profile Earthy, Woody, Smokey, Spiced Origin Coorg Smallholders, Karnataka Processing Monsooned at Malabar Elevation 3000+ feet",https://caffinary.com/products/monsooned-malabar,https://cdn.shopify.com/s/files/1/0617/6273/2232/files/MM-Tsp-Card.png?v=1773593886,Coffee
Monsooned Malabar - Roasted on 16/05,Caffinary,585.0,150g,,,Coorg,"coffee, post harvest","The salt from the seas is here to add sweetness to this chance discovery of a great way to process coffee, post harvest. Now developed in a controlled environment, this coffee is great when had black, and also pairs amazingly with milk. Taste Profile Earthy, Woody, Smokey, Spiced Origin Coorg Smallholders, Karnataka Processing Monsooned at Malabar Elevation 3000+ feet",https://caffinary.com/products/monsooned-malabar,https://cdn.shopify.com/s/files/1/0617/6273/2232/files/MM-Tsp-Card.png?v=1773593886,Coffee
Monsooned Malabar - Roasted on 16/05,Caffinary,585.0,150g,,,Coorg,"coffee, post harvest","The salt from the seas is here to add sweetness to this chance discovery of a great way to process coffee, post harvest. Now developed in a controlled environment, this coffee is great when had black, and also pairs amazingly with milk. Taste Profile Earthy, Woody, Smokey, Spiced Origin Coorg Smallholders, Karnataka Processing Monsooned at Malabar Elevation 3000+ feet",https://caffinary.com/products/monsooned-malabar,https://cdn.shopify.com/s/files/1/0617/6273/2232/files/MM-Tsp-Card.png?v=1773593886,Coffee
Monsooned Malabar - Roasted on 16/05,Caffinary,585.0,150g,,,Coorg,"coffee, post harvest","The salt from the seas is here to add sweetness to this chance discovery of a great way to process coffee, post harvest. Now developed in a controlled environment, this coffee is great when had black, and also pairs amazingly with milk. Taste Profile Earthy, Woody, Smokey, Spiced Origin Coorg Smallholders, Karnataka Processing Monsooned at Malabar Elevation 3000+ feet",https://caffinary.com/products/monsooned-malabar,https://cdn.shopify.com/s/files/1/0617/6273/2232/files/MM-Tsp-Card.png?v=1773593886,Coffee
Monsooned Malabar - Roasted on 16/05,Caffinary,585.0,150g,,,Coorg,"coffee, post harvest","The salt from the seas is here to add sweetness to this chance discovery of a great way to process coffee, post harvest. Now developed in a controlled environment, this coffee is great when had black, and also pairs amazingly with milk. Taste Profile Earthy, Woody, Smokey, Spiced Origin Coorg Smallholders, Karnataka Processing Monsooned at Malabar Elevation 3000+ feet",https://caffinary.com/products/monsooned-malabar,https://cdn.shopify.com/s/files/1/0617/6273/2232/files/MM-Tsp-Card.png?v=1773593886,Coffee
Monsooned Malabar - Roasted on 16/05,Caffinary,585.0,150g,,,Coorg,"coffee, post harvest","The salt from the seas is here to add sweetness to this chance discovery of a great way to process coffee, post harvest. Now developed in a controlled environment, this coffee is great when had black, and also pairs amazingly with milk. Taste Profile Earthy, Woody, Smokey, Spiced Origin Coorg Smallholders, Karnataka Processing Monsooned at Malabar Elevation 3000+ feet",https://caffinary.com/products/monsooned-malabar,https://cdn.shopify.com/s/files/1/0617/6273/2232/files/MM-Tsp-Card.png?v=1773593886,Coffee
Monsooned Malabar - Roasted on 16/05,Caffinary,585.0,150g,,,Coorg,"coffee, post harvest","The salt from the seas is here to add sweetness to this chance discovery of a great way to process coffee, post harvest. Now developed in a controlled environment, this coffee is great when had black, and also pairs amazingly with milk. Taste Profile Earthy, Woody, Smokey, Spiced Origin Coorg Smallholders, Karnataka Processing Monsooned at Malabar Elevation 3000+ feet",https://caffinary.com/products/monsooned-malabar,https://cdn.shopify.com/s/files/1/0617/6273/2232/files/MM-Tsp-Card.png?v=1773593886,Coffee
Monsooned Malabar - Roasted on 16/05,Caffinary,585.0,150g,,,Coorg,"coffee, post harvest","The salt from the seas is here to add sweetness to this chance discovery of a great way to process coffee, post harvest. Now developed in a controlled environment, this coffee is great when had black, and also pairs amazingly with milk. Taste Profile Earthy, Woody, Smokey, Spiced Origin Coorg Smallholders, Karnataka Processing Monsooned at Malabar Elevation 3000+ feet",https://caffinary.com/products/monsooned-malabar,https://cdn.shopify.com/s/files/1/0617/6273/2232/files/MM-Tsp-Card.png?v=1773593886,Coffee
Monsooned Malabar - Roasted on 16/05,Caffinary,730.0,200g,,,Coorg,"coffee, post harvest","The salt from the seas is here to add sweetness to this chance discovery of a great way to process coffee, post harvest. Now developed in a controlled environment, this coffee is great when had black, and also pairs amazingly with milk. Taste Profile Earthy, Woody, Smokey, Spiced Origin Coorg Smallholders, Karnataka Processing Monsooned at Malabar Elevation 3000+ feet",https://caffinary.com/products/monsooned-malabar,https://cdn.shopify.com/s/files/1/0617/6273/2232/files/MM-Tsp-Card.png?v=1773593886,Coffee
Monsooned Malabar - Roasted on 16/05,Caffinary,730.0,200g,,,Coorg,"coffee, post harvest","The salt from the seas is here to add sweetness to this chance discovery of a great way to process coffee, post harvest. Now developed in a controlled environment, this coffee is great when had black, and also pairs amazingly with milk. Taste Profile Earthy, Woody, Smokey, Spiced Origin Coorg Smallholders, Karnataka Processing Monsooned at Malabar Elevation 3000+ feet",https://caffinary.com/products/monsooned-malabar,https://cdn.shopify.com/s/files/1/0617/6273/2232/files/MM-Tsp-Card.png?v=1773593886,Coffee
Monsooned Malabar - Roasted on 16/05,Caffinary,730.0,200g,,,Coorg,"coffee, post harvest","The salt from the seas is here to add sweetness to this chance discovery of a great way to process coffee, post harvest. Now developed in a controlled environment, this coffee is great when had black, and also pairs amazingly with milk. Taste Profile Earthy, Woody, Smokey, Spiced Origin Coorg Smallholders, Karnataka Processing Monsooned at Malabar Elevation 3000+ feet",https://caffinary.com/products/monsooned-malabar,https://cdn.shopify.com/s/files/1/0617/6273/2232/files/MM-Tsp-Card.png?v=1773593886,Coffee
Monsooned Malabar - Roasted on 16/05,Caffinary,730.0,200g,,,Coorg,"coffee, post harvest","The salt from the seas is here to add sweetness to this chance discovery of a great way to process coffee, post harvest. Now developed in a controlled environment, this coffee is great when had black, and also pairs amazingly with milk. Taste Profile Earthy, Woody, Smokey, Spiced Origin Coorg Smallholders, Karnataka Processing Monsooned at Malabar Elevation 3000+ feet",https://caffinary.com/products/monsooned-malabar,https://cdn.shopify.com/s/files/1/0617/6273/2232/files/MM-Tsp-Card.png?v=1773593886,Coffee
Monsooned Malabar - Roasted on 16/05,Caffinary,730.0,200g,,,Coorg,"coffee, post harvest","The salt from the seas is here to add sweetness to this chance discovery of a great way to process coffee, post harvest. Now developed in a controlled environment, this coffee is great when had black, and also pairs amazingly with milk. Taste Profile Earthy, Woody, Smokey, Spiced Origin Coorg Smallholders, Karnataka Processing Monsooned at Malabar Elevation 3000+ feet",https://caffinary.com/products/monsooned-malabar,https://cdn.shopify.com/s/files/1/0617/6273/2232/files/MM-Tsp-Card.png?v=1773593886,Coffee
Monsooned Malabar - Roasted on 16/05,Caffinary,730.0,200g,,,Coorg,"coffee, post harvest","The salt from the seas is here to add sweetness to this chance discovery of a great way to process coffee, post harvest. Now developed in a controlled environment, this coffee is great when had black, and also pairs amazingly with milk. Taste Profile Earthy, Woody, Smokey, Spiced Origin Coorg Smallholders, Karnataka Processing Monsooned at Malabar Elevation 3000+ feet",https://caffinary.com/products/monsooned-malabar,https://cdn.shopify.com/s/files/1/0617/6273/2232/files/MM-Tsp-Card.png?v=1773593886,Coffee
Monsooned Malabar - Roasted on 16/05,Caffinary,730.0,200g,,,Coorg,"coffee, post harvest","The salt from the seas is here to add sweetness to this chance discovery of a great way to process coffee, post harvest. Now developed in a controlled environment, this coffee is great when had black, and also pairs amazingly with milk. Taste Profile Earthy, Woody, Smokey, Spiced Origin Coorg Smallholders, Karnataka Processing Monsooned at Malabar Elevation 3000+ feet",https://caffinary.com/products/monsooned-malabar,https://cdn.shopify.com/s/files/1/0617/6273/2232/files/MM-Tsp-Card.png?v=1773593886,Coffee
Monsooned Malabar - Roasted on 16/05,Caffinary,730.0,200g,,,Coorg,"coffee, post harvest","The salt from the seas is here to add sweetness to this chance discovery of a great way to process coffee, post harvest. Now developed in a controlled environment, this coffee is great when had black, and also pairs amazingly with milk. Taste Profile Earthy, Woody, Smokey, Spiced Origin Coorg Smallholders, Karnataka Processing Monsooned at Malabar Elevation 3000+ feet",https://caffinary.com/products/monsooned-malabar,https://cdn.shopify.com/s/files/1/0617/6273/2232/files/MM-Tsp-Card.png?v=1773593886,Coffee
Monsooned Malabar - Roasted on 16/05,Caffinary,730.0,200g,,,Coorg,"coffee, post harvest","The salt from the seas is here to add sweetness to this chance discovery of a great way to process coffee, post harvest. Now developed in a controlled environment, this coffee is great when had black, and also pairs amazingly with milk. Taste Profile Earthy, Woody, Smokey, Spiced Origin Coorg Smallholders, Karnataka Processing Monsooned at Malabar Elevation 3000+ feet",https://caffinary.com/products/monsooned-malabar,https://cdn.shopify.com/s/files/1/0617/6273/2232/files/MM-Tsp-Card.png?v=1773593886,Coffee
Monsooned Malabar - Roasted on 16/05,Caffinary,920.0,250g,,,Coorg,"coffee, post harvest","The salt from the seas is here to add sweetness to this chance discovery of a great way to process coffee, post harvest. Now developed in a controlled environment, this coffee is great when had black, and also pairs amazingly with milk. Taste Profile Earthy, Woody, Smokey, Spiced Origin Coorg Smallholders, Karnataka Processing Monsooned at Malabar Elevation 3000+ feet",https://caffinary.com/products/monsooned-malabar,https://cdn.shopify.com/s/files/1/0617/6273/2232/files/MM-Tsp-Card.png?v=1773593886,Coffee
Monsooned Malabar - Roasted on 16/05,Caffinary,920.0,250g,,,Coorg,"coffee, post harvest","The salt from the seas is here to add sweetness to this chance discovery of a great way to process coffee, post harvest. Now developed in a controlled environment, this coffee is great when had black, and also pairs amazingly with milk. Taste Profile Earthy, Woody, Smokey, Spiced Origin Coorg Smallholders, Karnataka Processing Monsooned at Malabar Elevation 3000+ feet",https://caffinary.com/products/monsooned-malabar,https://cdn.shopify.com/s/files/1/0617/6273/2232/files/MM-Tsp-Card.png?v=1773593886,Coffee
Monsooned Malabar - Roasted on 16/05,Caffinary,920.0,250g,,,Coorg,"coffee, post harvest","The salt from the seas is here to add sweetness to this chance discovery of a great way to process coffee, post harvest. Now developed in a controlled environment, this coffee is great when had black, and also pairs amazingly with milk. Taste Profile Earthy, Woody, Smokey, Spiced Origin Coorg Smallholders, Karnataka Processing Monsooned at Malabar Elevation 3000+ feet",https://caffinary.com/products/monsooned-malabar,https://cdn.shopify.com/s/files/1/0617/6273/2232/files/MM-Tsp-Card.png?v=1773593886,Coffee
Monsooned Malabar - Roasted on 16/05,Caffinary,920.0,250g,,,Coorg,"coffee, post harvest","The salt from the seas is here to add sweetness to this chance discovery of a great way to process coffee, post harvest. Now developed in a controlled environment, this coffee is great when had black, and also pairs amazingly with milk. Taste Profile Earthy, Woody, Smokey, Spiced Origin Coorg Smallholders, Karnataka Processing Monsooned at Malabar Elevation 3000+ feet",https://caffinary.com/products/monsooned-malabar,https://cdn.shopify.com/s/files/1/0617/6273/2232/files/MM-Tsp-Card.png?v=1773593886,Coffee
Monsooned Malabar - Roasted on 16/05,Caffinary,920.0,250g,,,Coorg,"coffee, post harvest","The salt from the seas is here to add sweetness to this chance discovery of a great way to process coffee, post harvest. Now developed in a controlled environment, this coffee is great when had black, and also pairs amazingly with milk. Taste Profile Earthy, Woody, Smokey, Spiced Origin Coorg Smallholders, Karnataka Processing Monsooned at Malabar Elevation 3000+ feet",https://caffinary.com/products/monsooned-malabar,https://cdn.shopify.com/s/files/1/0617/6273/2232/files/MM-Tsp-Card.png?v=1773593886,Coffee
Monsooned Malabar - Roasted on 16/05,Caffinary,920.0,250g,,,Coorg,"coffee, post harvest","The salt from the seas is here to add sweetness to this chance discovery of a great way to process coffee, post harvest. Now developed in a controlled environment, this coffee is great when had black, and also pairs amazingly with milk. Taste Profile Earthy, Woody, Smokey, Spiced Origin Coorg Smallholders, Karnataka Processing Monsooned at Malabar Elevation 3000+ feet",https://caffinary.com/products/monsooned-malabar,https://cdn.shopify.com/s/files/1/0617/6273/2232/files/MM-Tsp-Card.png?v=1773593886,Coffee
Monsooned Malabar - Roasted on 16/05,Caffinary,920.0,250g,,,Coorg,"coffee, post harvest","The salt from the seas is here to add sweetness to this chance discovery of a great way to process coffee, post harvest. Now developed in a controlled environment, this coffee is great when had black, and also pairs amazingly with milk. Taste Profile Earthy, Woody, Smokey, Spiced Origin Coorg Smallholders, Karnataka Processing Monsooned at Malabar Elevation 3000+ feet",https://caffinary.com/products/monsooned-malabar,https://cdn.shopify.com/s/files/1/0617/6273/2232/files/MM-Tsp-Card.png?v=1773593886,Coffee
Monsooned Malabar - Roasted on 16/05,Caffinary,920.0,250g,,,Coorg,"coffee, post harvest","The salt from the seas is here to add sweetness to this chance discovery of a great way to process coffee, post harvest. Now developed in a controlled environment, this coffee is great when had black, and also pairs amazingly with milk. Taste Profile Earthy, Woody, Smokey, Spiced Origin Coorg Smallholders, Karnataka Processing Monsooned at Malabar Elevation 3000+ feet",https://caffinary.com/products/monsooned-malabar,https://cdn.shopify.com/s/files/1/0617/6273/2232/files/MM-Tsp-Card.png?v=1773593886,Coffee
Monsooned Malabar - Roasted on 16/05,Caffinary,920.0,250g,,,Coorg,"coffee, post harvest","The salt from the seas is here to add sweetness to this chance discovery of a great way to process coffee, post harvest. Now developed in a controlled environment, this coffee is great when had black, and also pairs amazingly with milk. Taste Profile Earthy, Woody, Smokey, Spiced Origin Coorg Smallholders, Karnataka Processing Monsooned at Malabar Elevation 3000+ feet",https://caffinary.com/products/monsooned-malabar,https://cdn.shopify.com/s/files/1/0617/6273/2232/files/MM-Tsp-Card.png?v=1773593886,Coffee
Monsooned Malabar - Roasted on 16/05,Caffinary,1790.0,500g,,,Coorg,"coffee, post harvest","The salt from the seas is here to add sweetness to this chance discovery of a great way to process coffee, post harvest. Now developed in a controlled environment, this coffee is great when had black, and also pairs amazingly with milk. Taste Profile Earthy, Woody, Smokey, Spiced Origin Coorg Smallholders, Karnataka Processing Monsooned at Malabar Elevation 3000+ feet",https://caffinary.com/products/monsooned-malabar,https://cdn.shopify.com/s/files/1/0617/6273/2232/files/MM-Tsp-Card.png?v=1773593886,Coffee
Monsooned Malabar - Roasted on 16/05,Caffinary,1790.0,500g,,,Coorg,"coffee, post harvest","The salt from the seas is here to add sweetness to this chance discovery of a great way to process coffee, post harvest. Now developed in a controlled environment, this coffee is great when had black, and also pairs amazingly with milk. Taste Profile Earthy, Woody, Smokey, Spiced Origin Coorg Smallholders, Karnataka Processing Monsooned at Malabar Elevation 3000+ feet",https://caffinary.com/products/monsooned-malabar,https://cdn.shopify.com/s/files/1/0617/6273/2232/files/MM-Tsp-Card.png?v=1773593886,Coffee
Monsooned Malabar - Roasted on 16/05,Caffinary,1790.0,500g,,,Coorg,"coffee, post harvest","The salt from the seas is here to add sweetness to this chance discovery of a great way to process coffee, post harvest. Now developed in a controlled environment, this coffee is great when had black, and also pairs amazingly with milk. Taste Profile Earthy, Woody, Smokey, Spiced Origin Coorg Smallholders, Karnataka Processing Monsooned at Malabar Elevation 3000+ feet",https://caffinary.com/products/monsooned-malabar,https://cdn.shopify.com/s/files/1/0617/6273/2232/files/MM-Tsp-Card.png?v=1773593886,Coffee
Monsooned Malabar - Roasted on 16/05,Caffinary,1790.0,500g,,,Coorg,"coffee, post harvest","The salt from the seas is here to add sweetness to this chance discovery of a great way to process coffee, post harvest. Now developed in a controlled environment, this coffee is great when had black, and also pairs amazingly with milk. Taste Profile Earthy, Woody, Smokey, Spiced Origin Coorg Smallholders, Karnataka Processing Monsooned at Malabar Elevation 3000+ feet",https://caffinary.com/products/monsooned-malabar,https://cdn.shopify.com/s/files/1/0617/6273/2232/files/MM-Tsp-Card.png?v=1773593886,Coffee
Monsooned Malabar - Roasted on 16/05,Caffinary,1790.0,500g,,,Coorg,"coffee, post harvest","The salt from the seas is here to add sweetness to this chance discovery of a great way to process coffee, post harvest. Now developed in a controlled environment, this coffee is great when had black, and also pairs amazingly with milk. Taste Profile Earthy, Woody, Smokey, Spiced Origin Coorg Smallholders, Karnataka Processing Monsooned at Malabar Elevation 3000+ feet",https://caffinary.com/products/monsooned-malabar,https://cdn.shopify.com/s/files/1/0617/6273/2232/files/MM-Tsp-Card.png?v=1773593886,Coffee
Monsooned Malabar - Roasted on 16/05,Caffinary,1790.0,500g,,,Coorg,"coffee, post harvest","The salt from the seas is here to add sweetness to this chance discovery of a great way to process coffee, post harvest. Now developed in a controlled environment, this coffee is great when had black, and also pairs amazingly with milk. Taste Profile Earthy, Woody, Smokey, Spiced Origin Coorg Smallholders, Karnataka Processing Monsooned at Malabar Elevation 3000+ feet",https://caffinary.com/products/monsooned-malabar,https://cdn.shopify.com/s/files/1/0617/6273/2232/files/MM-Tsp-Card.png?v=1773593886,Coffee
Monsooned Malabar - Roasted on 16/05,Caffinary,1790.0,500g,,,Coorg,"coffee, post harvest","The salt from the seas is here to add sweetness to this chance discovery of a great way to process coffee, post harvest. Now developed in a controlled environment, this coffee is great when had black, and also pairs amazingly with milk. Taste Profile Earthy, Woody, Smokey, Spiced Origin Coorg Smallholders, Karnataka Processing Monsooned at Malabar Elevation 3000+ feet",https://caffinary.com/products/monsooned-malabar,https://cdn.shopify.com/s/files/1/0617/6273/2232/files/MM-Tsp-Card.png?v=1773593886,Coffee
Monsooned Malabar - Roasted on 16/05,Caffinary,1790.0,500g,,,Coorg,"coffee, post harvest","The salt from the seas is here to add sweetness to this chance discovery of a great way to process coffee, post harvest. Now developed in a controlled environment, this coffee is great when had black, and also pairs amazingly with milk. Taste Profile Earthy, Woody, Smokey, Spiced Origin Coorg Smallholders, Karnataka Processing Monsooned at Malabar Elevation 3000+ feet",https://caffinary.com/products/monsooned-malabar,https://cdn.shopify.com/s/files/1/0617/6273/2232/files/MM-Tsp-Card.png?v=1773593886,Coffee
Monsooned Malabar - Roasted on 16/05,Caffinary,1790.0,500g,,,Coorg,"coffee, post harvest","The salt from the seas is here to add sweetness to this chance discovery of a great way to process coffee, post harvest. Now developed in a controlled environment, this coffee is great when had black, and also pairs amazingly with milk. Taste Profile Earthy, Woody, Smokey, Spiced Origin Coorg Smallholders, Karnataka Processing Monsooned at Malabar Elevation 3000+ feet",https://caffinary.com/products/monsooned-malabar,https://cdn.shopify.com/s/files/1/0617/6273/2232/files/MM-Tsp-Card.png?v=1773593886,Coffee
The Tropical - Roasted on 18/06,Caffinary,270.0,50g,,,Baarbara Estate,ing Pineapple Fermentation,"A fruit basket, which consistently amazes you with the bright beauty that it is. This coffee is sure to bring out the emotions buried deep inside our souls, because we guarantee you will love it so much that you wouldn't wanna share it with anyone! This cup of bliss has been curated by certified professionals. So relish your cup, and you can thank us later. We'll wait. Taste Profile Fruit Basket Origin Baarbara Estate, Chikmagalur, KA Processing Pineapple Fermentation Elevation 4500 ft",https://caffinary.com/products/tropical-aka-pineapple-ferment,https://cdn.shopify.com/s/files/1/0617/6273/2232/files/TP-Tsp-Card.png?v=1773593940,Coffee
The Tropical - Roasted on 18/06,Caffinary,270.0,50g,,,Baarbara Estate,ing Pineapple Fermentation,"A fruit basket, which consistently amazes you with the bright beauty that it is. This coffee is sure to bring out the emotions buried deep inside our souls, because we guarantee you will love it so much that you wouldn't wanna share it with anyone! This cup of bliss has been curated by certified professionals. So relish your cup, and you can thank us later. We'll wait. Taste Profile Fruit Basket Origin Baarbara Estate, Chikmagalur, KA Processing Pineapple Fermentation Elevation 4500 ft",https://caffinary.com/products/tropical-aka-pineapple-ferment,https://cdn.shopify.com/s/files/1/0617/6273/2232/files/TP-Tsp-Card.png?v=1773593940,Coffee
The Tropical - Roasted on 18/06,Caffinary,270.0,50g,,,Baarbara Estate,ing Pineapple Fermentation,"A fruit basket, which consistently amazes you with the bright beauty that it is. This coffee is sure to bring out the emotions buried deep inside our souls, because we guarantee you will love it so much that you wouldn't wanna share it with anyone! This cup of bliss has been curated by certified professionals. So relish your cup, and you can thank us later. We'll wait. Taste Profile Fruit Basket Origin Baarbara Estate, Chikmagalur, KA Processing Pineapple Fermentation Elevation 4500 ft",https://caffinary.com/products/tropical-aka-pineapple-ferment,https://cdn.shopify.com/s/files/1/0617/6273/2232/files/TP-Tsp-Card.png?v=1773593940,Coffee
The Tropical - Roasted on 18/06,Caffinary,270.0,50g,,,Baarbara Estate,ing Pineapple Fermentation,"A fruit basket, which consistently amazes you with the bright beauty that it is. This coffee is sure to bring out the emotions buried deep inside our souls, because we guarantee you will love it so much that you wouldn't wanna share it with anyone! This cup of bliss has been curated by certified professionals. So relish your cup, and you can thank us later. We'll wait. Taste Profile Fruit Basket Origin Baarbara Estate, Chikmagalur, KA Processing Pineapple Fermentation Elevation 4500 ft",https://caffinary.com/products/tropical-aka-pineapple-ferment,https://cdn.shopify.com/s/files/1/0617/6273/2232/files/TP-Tsp-Card.png?v=1773593940,Coffee
The Tropical - Roasted on 18/06,Caffinary,270.0,50g,,,Baarbara Estate,ing Pineapple Fermentation,"A fruit basket, which consistently amazes you with the bright beauty that it is. This coffee is sure to bring out the emotions buried deep inside our souls, because we guarantee you will love it so much that you wouldn't wanna share it with anyone! This cup of bliss has been curated by certified professionals. So relish your cup, and you can thank us later. We'll wait. Taste Profile Fruit Basket Origin Baarbara Estate, Chikmagalur, KA Processing Pineapple Fermentation Elevation 4500 ft",https://caffinary.com/products/tropical-aka-pineapple-ferment,https://cdn.shopify.com/s/files/1/0617/6273/2232/files/TP-Tsp-Card.png?v=1773593940,Coffee
The Tropical - Roasted on 18/06,Caffinary,270.0,50g,,,Baarbara Estate,ing Pineapple Fermentation,"A fruit basket, which consistently amazes you with the bright beauty that it is. This coffee is sure to bring out the emotions buried deep inside our souls, because we guarantee you will love it so much that you wouldn't wanna share it with anyone! This cup of bliss has been curated by certified professionals. So relish your cup, and you can thank us later. We'll wait. Taste Profile Fruit Basket Origin Baarbara Estate, Chikmagalur, KA Processing Pineapple Fermentation Elevation 4500 ft",https://caffinary.com/products/tropical-aka-pineapple-ferment,https://cdn.shopify.com/s/files/1/0617/6273/2232/files/TP-Tsp-Card.png?v=1773593940,Coffee
The Tropical - Roasted on 18/06,Caffinary,270.0,50g,,,Baarbara Estate,ing Pineapple Fermentation,"A fruit basket, which consistently amazes you with the bright beauty that it is. This coffee is sure to bring out the emotions buried deep inside our souls, because we guarantee you will love it so much that you wouldn't wanna share it with anyone! This cup of bliss has been curated by certified professionals. So relish your cup, and you can thank us later. We'll wait. Taste Profile Fruit Basket Origin Baarbara Estate, Chikmagalur, KA Processing Pineapple Fermentation Elevation 4500 ft",https://caffinary.com/products/tropical-aka-pineapple-ferment,https://cdn.shopify.com/s/files/1/0617/6273/2232/files/TP-Tsp-Card.png?v=1773593940,Coffee
The Tropical - Roasted on 18/06,Caffinary,270.0,50g,,,Baarbara Estate,ing Pineapple Fermentation,"A fruit basket, which consistently amazes you with the bright beauty that it is. This coffee is sure to bring out the emotions buried deep inside our souls, because we guarantee you will love it so much that you wouldn't wanna share it with anyone! This cup of bliss has been curated by certified professionals. So relish your cup, and you can thank us later. We'll wait. Taste Profile Fruit Basket Origin Baarbara Estate, Chikmagalur, KA Processing Pineapple Fermentation Elevation 4500 ft",https://caffinary.com/products/tropical-aka-pineapple-ferment,https://cdn.shopify.com/s/files/1/0617/6273/2232/files/TP-Tsp-Card.png?v=1773593940,Coffee
The Tropical - Roasted on 18/06,Caffinary,270.0,50g,,,Baarbara Estate,ing Pineapple Fermentation,"A fruit basket, which consistently amazes you with the bright beauty that it is. This coffee is sure to bring out the emotions buried deep inside our souls, because we guarantee you will love it so much that you wouldn't wanna share it with anyone! This cup of bliss has been curated by certified professionals. So relish your cup, and you can thank us later. We'll wait. Taste Profile Fruit Basket Origin Baarbara Estate, Chikmagalur, KA Processing Pineapple Fermentation Elevation 4500 ft",https://caffinary.com/products/tropical-aka-pineapple-ferment,https://cdn.shopify.com/s/files/1/0617/6273/2232/files/TP-Tsp-Card.png?v=1773593940,Coffee
The Tropical - Roasted on 18/06,Caffinary,450.0,100g,,,Baarbara Estate,ing Pineapple Fermentation,"A fruit basket, which consistently amazes you with the bright beauty that it is. This coffee is sure to bring out the emotions buried deep inside our souls, because we guarantee you will love it so much that you wouldn't wanna share it with anyone! This cup of bliss has been curated by certified professionals. So relish your cup, and you can thank us later. We'll wait. Taste Profile Fruit Basket Origin Baarbara Estate, Chikmagalur, KA Processing Pineapple Fermentation Elevation 4500 ft",https://caffinary.com/products/tropical-aka-pineapple-ferment,https://cdn.shopify.com/s/files/1/0617/6273/2232/files/TP-Tsp-Card.png?v=1773593940,Coffee
The Tropical - Roasted on 18/06,Caffinary,450.0,100g,,,Baarbara Estate,ing Pineapple Fermentation,"A fruit basket, which consistently amazes you with the bright beauty that it is. This coffee is sure to bring out the emotions buried deep inside our souls, because we guarantee you will love it so much that you wouldn't wanna share it with anyone! This cup of bliss has been curated by certified professionals. So relish your cup, and you can thank us later. We'll wait. Taste Profile Fruit Basket Origin Baarbara Estate, Chikmagalur, KA Processing Pineapple Fermentation Elevation 4500 ft",https://caffinary.com/products/tropical-aka-pineapple-ferment,https://cdn.shopify.com/s/files/1/0617/6273/2232/files/TP-Tsp-Card.png?v=1773593940,Coffee
The Tropical - Roasted on 18/06,Caffinary,450.0,100g,,,Baarbara Estate,ing Pineapple Fermentation,"A fruit basket, which consistently amazes you with the bright beauty that it is. This coffee is sure to bring out the emotions buried deep inside our souls, because we guarantee you will love it so much that you wouldn't wanna share it with anyone! This cup of bliss has been curated by certified professionals. So relish your cup, and you can thank us later. We'll wait. Taste Profile Fruit Basket Origin Baarbara Estate, Chikmagalur, KA Processing Pineapple Fermentation Elevation 4500 ft",https://caffinary.com/products/tropical-aka-pineapple-ferment,https://cdn.shopify.com/s/files/1/0617/6273/2232/files/TP-Tsp-Card.png?v=1773593940,Coffee
The Tropical - Roasted on 18/06,Caffinary,450.0,100g,,,Baarbara Estate,ing Pineapple Fermentation,"A fruit basket, which consistently amazes you with the bright beauty that it is. This coffee is sure to bring out the emotions buried deep inside our souls, because we guarantee you will love it so much that you wouldn't wanna share it with anyone! This cup of bliss has been curated by certified professionals. So relish your cup, and you can thank us later. We'll wait. Taste Profile Fruit Basket Origin Baarbara Estate, Chikmagalur, KA Processing Pineapple Fermentation Elevation 4500 ft",https://caffinary.com/products/tropical-aka-pineapple-ferment,https://cdn.shopify.com/s/files/1/0617/6273/2232/files/TP-Tsp-Card.png?v=1773593940,Coffee
The Tropical - Roasted on 18/06,Caffinary,450.0,100g,,,Baarbara Estate,ing Pineapple Fermentation,"A fruit basket, which consistently amazes you with the bright beauty that it is. This coffee is sure to bring out the emotions buried deep inside our souls, because we guarantee you will love it so much that you wouldn't wanna share it with anyone! This cup of bliss has been curated by certified professionals. So relish your cup, and you can thank us later. We'll wait. Taste Profile Fruit Basket Origin Baarbara Estate, Chikmagalur, KA Processing Pineapple Fermentation Elevation 4500 ft",https://caffinary.com/products/tropical-aka-pineapple-ferment,https://cdn.shopify.com/s/files/1/0617/6273/2232/files/TP-Tsp-Card.png?v=1773593940,Coffee
The Tropical - Roasted on 18/06,Caffinary,450.0,100g,,,Baarbara Estate,ing Pineapple Fermentation,"A fruit basket, which consistently amazes you with the bright beauty that it is. This coffee is sure to bring out the emotions buried deep inside our souls, because we guarantee you will love it so much that you wouldn't wanna share it with anyone! This cup of bliss has been curated by certified professionals. So relish your cup, and you can thank us later. We'll wait. Taste Profile Fruit Basket Origin Baarbara Estate, Chikmagalur, KA Processing Pineapple Fermentation Elevation 4500 ft",https://caffinary.com/products/tropical-aka-pineapple-ferment,https://cdn.shopify.com/s/files/1/0617/6273/2232/files/TP-Tsp-Card.png?v=1773593940,Coffee
The Tropical - Roasted on 18/06,Caffinary,450.0,100g,,,Baarbara Estate,ing Pineapple Fermentation,"A fruit basket, which consistently amazes you with the bright beauty that it is. This coffee is sure to bring out the emotions buried deep inside our souls, because we guarantee you will love it so much that you wouldn't wanna share it with anyone! This cup of bliss has been curated by certified professionals. So relish your cup, and you can thank us later. We'll wait. Taste Profile Fruit Basket Origin Baarbara Estate, Chikmagalur, KA Processing Pineapple Fermentation Elevation 4500 ft",https://caffinary.com/products/tropical-aka-pineapple-ferment,https://cdn.shopify.com/s/files/1/0617/6273/2232/files/TP-Tsp-Card.png?v=1773593940,Coffee
The Tropical - Roasted on 18/06,Caffinary,450.0,100g,,,Baarbara Estate,ing Pineapple Fermentation,"A fruit basket, which consistently amazes you with the bright beauty that it is. This coffee is sure to bring out the emotions buried deep inside our souls, because we guarantee you will love it so much that you wouldn't wanna share it with anyone! This cup of bliss has been curated by certified professionals. So relish your cup, and you can thank us later. We'll wait. Taste Profile Fruit Basket Origin Baarbara Estate, Chikmagalur, KA Processing Pineapple Fermentation Elevation 4500 ft",https://caffinary.com/products/tropical-aka-pineapple-ferment,https://cdn.shopify.com/s/files/1/0617/6273/2232/files/TP-Tsp-Card.png?v=1773593940,Coffee
The Tropical - Roasted on 18/06,Caffinary,450.0,100g,,,Baarbara Estate,ing Pineapple Fermentation,"A fruit basket, which consistently amazes you with the bright beauty that it is. This coffee is sure to bring out the emotions buried deep inside our souls, because we guarantee you will love it so much that you wouldn't wanna share it with anyone! This cup of bliss has been curated by certified professionals. So relish your cup, and you can thank us later. We'll wait. Taste Profile Fruit Basket Origin Baarbara Estate, Chikmagalur, KA Processing Pineapple Fermentation Elevation 4500 ft",https://caffinary.com/products/tropical-aka-pineapple-ferment,https://cdn.shopify.com/s/files/1/0617/6273/2232/files/TP-Tsp-Card.png?v=1773593940,Coffee
The Tropical - Roasted on 18/06,Caffinary,585.0,150g,,,Baarbara Estate,ing Pineapple Fermentation,"A fruit basket, which consistently amazes you with the bright beauty that it is. This coffee is sure to bring out the emotions buried deep inside our souls, because we guarantee you will love it so much that you wouldn't wanna share it with anyone! This cup of bliss has been curated by certified professionals. So relish your cup, and you can thank us later. We'll wait. Taste Profile Fruit Basket Origin Baarbara Estate, Chikmagalur, KA Processing Pineapple Fermentation Elevation 4500 ft",https://caffinary.com/products/tropical-aka-pineapple-ferment,https://cdn.shopify.com/s/files/1/0617/6273/2232/files/TP-Tsp-Card.png?v=1773593940,Coffee
The Tropical - Roasted on 18/06,Caffinary,585.0,150g,,,Baarbara Estate,ing Pineapple Fermentation,"A fruit basket, which consistently amazes you with the bright beauty that it is. This coffee is sure to bring out the emotions buried deep inside our souls, because we guarantee you will love it so much that you wouldn't wanna share it with anyone! This cup of bliss has been curated by certified professionals. So relish your cup, and you can thank us later. We'll wait. Taste Profile Fruit Basket Origin Baarbara Estate, Chikmagalur, KA Processing Pineapple Fermentation Elevation 4500 ft",https://caffinary.com/products/tropical-aka-pineapple-ferment,https://cdn.shopify.com/s/files/1/0617/6273/2232/files/TP-Tsp-Card.png?v=1773593940,Coffee
The Tropical - Roasted on 18/06,Caffinary,585.0,150g,,,Baarbara Estate,ing Pineapple Fermentation,"A fruit basket, which consistently amazes you with the bright beauty that it is. This coffee is sure to bring out the emotions buried deep inside our souls, because we guarantee you will love it so much that you wouldn't wanna share it with anyone! This cup of bliss has been curated by certified professionals. So relish your cup, and you can thank us later. We'll wait. Taste Profile Fruit Basket Origin Baarbara Estate, Chikmagalur, KA Processing Pineapple Fermentation Elevation 4500 ft",https://caffinary.com/products/tropical-aka-pineapple-ferment,https://cdn.shopify.com/s/files/1/0617/6273/2232/files/TP-Tsp-Card.png?v=1773593940,Coffee
The Tropical - Roasted on 18/06,Caffinary,585.0,150g,,,Baarbara Estate,ing Pineapple Fermentation,"A fruit basket, which consistently amazes you with the bright beauty that it is. This coffee is sure to bring out the emotions buried deep inside our souls, because we guarantee you will love it so much that you wouldn't wanna share it with anyone! This cup of bliss has been curated by certified professionals. So relish your cup, and you can thank us later. We'll wait. Taste Profile Fruit Basket Origin Baarbara Estate, Chikmagalur, KA Processing Pineapple Fermentation Elevation 4500 ft",https://caffinary.com/products/tropical-aka-pineapple-ferment,https://cdn.shopify.com/s/files/1/0617/6273/2232/files/TP-Tsp-Card.png?v=1773593940,Coffee
The Tropical - Roasted on 18/06,Caffinary,585.0,150g,,,Baarbara Estate,ing Pineapple Fermentation,"A fruit basket, which consistently amazes you with the bright beauty that it is. This coffee is sure to bring out the emotions buried deep inside our souls, because we guarantee you will love it so much that you wouldn't wanna share it with anyone! This cup of bliss has been curated by certified professionals. So relish your cup, and you can thank us later. We'll wait. Taste Profile Fruit Basket Origin Baarbara Estate, Chikmagalur, KA Processing Pineapple Fermentation Elevation 4500 ft",https://caffinary.com/products/tropical-aka-pineapple-ferment,https://cdn.shopify.com/s/files/1/0617/6273/2232/files/TP-Tsp-Card.png?v=1773593940,Coffee
The Tropical - Roasted on 18/06,Caffinary,585.0,150g,,,Baarbara Estate,ing Pineapple Fermentation,"A fruit basket, which consistently amazes you with the bright beauty that it is. This coffee is sure to bring out the emotions buried deep inside our souls, because we guarantee you will love it so much that you wouldn't wanna share it with anyone! This cup of bliss has been curated by certified professionals. So relish your cup, and you can thank us later. We'll wait. Taste Profile Fruit Basket Origin Baarbara Estate, Chikmagalur, KA Processing Pineapple Fermentation Elevation 4500 ft",https://caffinary.com/products/tropical-aka-pineapple-ferment,https://cdn.shopify.com/s/files/1/0617/6273/2232/files/TP-Tsp-Card.png?v=1773593940,Coffee
The Tropical - Roasted on 18/06,Caffinary,585.0,150g,,,Baarbara Estate,ing Pineapple Fermentation,"A fruit basket, which consistently amazes you with the bright beauty that it is. This coffee is sure to bring out the emotions buried deep inside our souls, because we guarantee you will love it so much that you wouldn't wanna share it with anyone! This cup of bliss has been curated by certified professionals. So relish your cup, and you can thank us later. We'll wait. Taste Profile Fruit Basket Origin Baarbara Estate, Chikmagalur, KA Processing Pineapple Fermentation Elevation 4500 ft",https://caffinary.com/products/tropical-aka-pineapple-ferment,https://cdn.shopify.com/s/files/1/0617/6273/2232/files/TP-Tsp-Card.png?v=1773593940,Coffee
The Tropical - Roasted on 18/06,Caffinary,585.0,150g,,,Baarbara Estate,ing Pineapple Fermentation,"A fruit basket, which consistently amazes you with the bright beauty that it is. This coffee is sure to bring out the emotions buried deep inside our souls, because we guarantee you will love it so much that you wouldn't wanna share it with anyone! This cup of bliss has been curated by certified professionals. So relish your cup, and you can thank us later. We'll wait. Taste Profile Fruit Basket Origin Baarbara Estate, Chikmagalur, KA Processing Pineapple Fermentation Elevation 4500 ft",https://caffinary.com/products/tropical-aka-pineapple-ferment,https://cdn.shopify.com/s/files/1/0617/6273/2232/files/TP-Tsp-Card.png?v=1773593940,Coffee
The Tropical - Roasted on 18/06,Caffinary,585.0,150g,,,Baarbara Estate,ing Pineapple Fermentation,"A fruit basket, which consistently amazes you with the bright beauty that it is. This coffee is sure to bring out the emotions buried deep inside our souls, because we guarantee you will love it so much that you wouldn't wanna share it with anyone! This cup of bliss has been curated by certified professionals. So relish your cup, and you can thank us later. We'll wait. Taste Profile Fruit Basket Origin Baarbara Estate, Chikmagalur, KA Processing Pineapple Fermentation Elevation 4500 ft",https://caffinary.com/products/tropical-aka-pineapple-ferment,https://cdn.shopify.com/s/files/1/0617/6273/2232/files/TP-Tsp-Card.png?v=1773593940,Coffee
The Tropical - Roasted on 18/06,Caffinary,720.0,200g,,,Baarbara Estate,ing Pineapple Fermentation,"A fruit basket, which consistently amazes you with the bright beauty that it is. This coffee is sure to bring out the emotions buried deep inside our souls, because we guarantee you will love it so much that you wouldn't wanna share it with anyone! This cup of bliss has been curated by certified professionals. So relish your cup, and you can thank us later. We'll wait. Taste Profile Fruit Basket Origin Baarbara Estate, Chikmagalur, KA Processing Pineapple Fermentation Elevation 4500 ft",https://caffinary.com/products/tropical-aka-pineapple-ferment,https://cdn.shopify.com/s/files/1/0617/6273/2232/files/TP-Tsp-Card.png?v=1773593940,Coffee
The Tropical - Roasted on 18/06,Caffinary,720.0,200g,,,Baarbara Estate,ing Pineapple Fermentation,"A fruit basket, which consistently amazes you with the bright beauty that it is. This coffee is sure to bring out the emotions buried deep inside our souls, because we guarantee you will love it so much that you wouldn't wanna share it with anyone! This cup of bliss has been curated by certified professionals. So relish your cup, and you can thank us later. We'll wait. Taste Profile Fruit Basket Origin Baarbara Estate, Chikmagalur, KA Processing Pineapple Fermentation Elevation 4500 ft",https://caffinary.com/products/tropical-aka-pineapple-ferment,https://cdn.shopify.com/s/files/1/0617/6273/2232/files/TP-Tsp-Card.png?v=1773593940,Coffee
The Tropical - Roasted on 18/06,Caffinary,720.0,200g,,,Baarbara Estate,ing Pineapple Fermentation,"A fruit basket, which consistently amazes you with the bright beauty that it is. This coffee is sure to bring out the emotions buried deep inside our souls, because we guarantee you will love it so much that you wouldn't wanna share it with anyone! This cup of bliss has been curated by certified professionals. So relish your cup, and you can thank us later. We'll wait. Taste Profile Fruit Basket Origin Baarbara Estate, Chikmagalur, KA Processing Pineapple Fermentation Elevation 4500 ft",https://caffinary.com/products/tropical-aka-pineapple-ferment,https://cdn.shopify.com/s/files/1/0617/6273/2232/files/TP-Tsp-Card.png?v=1773593940,Coffee
The Tropical - Roasted on 18/06,Caffinary,720.0,200g,,,Baarbara Estate,ing Pineapple Fermentation,"A fruit basket, which consistently amazes you with the bright beauty that it is. This coffee is sure to bring out the emotions buried deep inside our souls, because we guarantee you will love it so much that you wouldn't wanna share it with anyone! This cup of bliss has been curated by certified professionals. So relish your cup, and you can thank us later. We'll wait. Taste Profile Fruit Basket Origin Baarbara Estate, Chikmagalur, KA Processing Pineapple Fermentation Elevation 4500 ft",https://caffinary.com/products/tropical-aka-pineapple-ferment,https://cdn.shopify.com/s/files/1/0617/6273/2232/files/TP-Tsp-Card.png?v=1773593940,Coffee
The Tropical - Roasted on 18/06,Caffinary,720.0,200g,,,Baarbara Estate,ing Pineapple Fermentation,"A fruit basket, which consistently amazes you with the bright beauty that it is. This coffee is sure to bring out the emotions buried deep inside our souls, because we guarantee you will love it so much that you wouldn't wanna share it with anyone! This cup of bliss has been curated by certified professionals. So relish your cup, and you can thank us later. We'll wait. Taste Profile Fruit Basket Origin Baarbara Estate, Chikmagalur, KA Processing Pineapple Fermentation Elevation 4500 ft",https://caffinary.com/products/tropical-aka-pineapple-ferment,https://cdn.shopify.com/s/files/1/0617/6273/2232/files/TP-Tsp-Card.png?v=1773593940,Coffee
The Tropical - Roasted on 18/06,Caffinary,720.0,200g,,,Baarbara Estate,ing Pineapple Fermentation,"A fruit basket, which consistently amazes you with the bright beauty that it is. This coffee is sure to bring out the emotions buried deep inside our souls, because we guarantee you will love it so much that you wouldn't wanna share it with anyone! This cup of bliss has been curated by certified professionals. So relish your cup, and you can thank us later. We'll wait. Taste Profile Fruit Basket Origin Baarbara Estate, Chikmagalur, KA Processing Pineapple Fermentation Elevation 4500 ft",https://caffinary.com/products/tropical-aka-pineapple-ferment,https://cdn.shopify.com/s/files/1/0617/6273/2232/files/TP-Tsp-Card.png?v=1773593940,Coffee
The Tropical - Roasted on 18/06,Caffinary,720.0,200g,,,Baarbara Estate,ing Pineapple Fermentation,"A fruit basket, which consistently amazes you with the bright beauty that it is. This coffee is sure to bring out the emotions buried deep inside our souls, because we guarantee you will love it so much that you wouldn't wanna share it with anyone! This cup of bliss has been curated by certified professionals. So relish your cup, and you can thank us later. We'll wait. Taste Profile Fruit Basket Origin Baarbara Estate, Chikmagalur, KA Processing Pineapple Fermentation Elevation 4500 ft",https://caffinary.com/products/tropical-aka-pineapple-ferment,https://cdn.shopify.com/s/files/1/0617/6273/2232/files/TP-Tsp-Card.png?v=1773593940,Coffee
The Tropical - Roasted on 18/06,Caffinary,720.0,200g,,,Baarbara Estate,ing Pineapple Fermentation,"A fruit basket, which consistently amazes you with the bright beauty that it is. This coffee is sure to bring out the emotions buried deep inside our souls, because we guarantee you will love it so much that you wouldn't wanna share it with anyone! This cup of bliss has been curated by certified professionals. So relish your cup, and you can thank us later. We'll wait. Taste Profile Fruit Basket Origin Baarbara Estate, Chikmagalur, KA Processing Pineapple Fermentation Elevation 4500 ft",https://caffinary.com/products/tropical-aka-pineapple-ferment,https://cdn.shopify.com/s/files/1/0617/6273/2232/files/TP-Tsp-Card.png?v=1773593940,Coffee
The Tropical - Roasted on 18/06,Caffinary,720.0,200g,,,Baarbara Estate,ing Pineapple Fermentation,"A fruit basket, which consistently amazes you with the bright beauty that it is. This coffee is sure to bring out the emotions buried deep inside our souls, because we guarantee you will love it so much that you wouldn't wanna share it with anyone! This cup of bliss has been curated by certified professionals. So relish your cup, and you can thank us later. We'll wait. Taste Profile Fruit Basket Origin Baarbara Estate, Chikmagalur, KA Processing Pineapple Fermentation Elevation 4500 ft",https://caffinary.com/products/tropical-aka-pineapple-ferment,https://cdn.shopify.com/s/files/1/0617/6273/2232/files/TP-Tsp-Card.png?v=1773593940,Coffee
The Tropical - Roasted on 18/06,Caffinary,860.0,250g,,,Baarbara Estate,ing Pineapple Fermentation,"A fruit basket, which consistently amazes you with the bright beauty that it is. This coffee is sure to bring out the emotions buried deep inside our souls, because we guarantee you will love it so much that you wouldn't wanna share it with anyone! This cup of bliss has been curated by certified professionals. So relish your cup, and you can thank us later. We'll wait. Taste Profile Fruit Basket Origin Baarbara Estate, Chikmagalur, KA Processing Pineapple Fermentation Elevation 4500 ft",https://caffinary.com/products/tropical-aka-pineapple-ferment,https://cdn.shopify.com/s/files/1/0617/6273/2232/files/TP-Tsp-Card.png?v=1773593940,Coffee
The Tropical - Roasted on 18/06,Caffinary,860.0,250g,,,Baarbara Estate,ing Pineapple Fermentation,"A fruit basket, which consistently amazes you with the bright beauty that it is. This coffee is sure to bring out the emotions buried deep inside our souls, because we guarantee you will love it so much that you wouldn't wanna share it with anyone! This cup of bliss has been curated by certified professionals. So relish your cup, and you can thank us later. We'll wait. Taste Profile Fruit Basket Origin Baarbara Estate, Chikmagalur, KA Processing Pineapple Fermentation Elevation 4500 ft",https://caffinary.com/products/tropical-aka-pineapple-ferment,https://cdn.shopify.com/s/files/1/0617/6273/2232/files/TP-Tsp-Card.png?v=1773593940,Coffee
The Tropical - Roasted on 18/06,Caffinary,860.0,250g,,,Baarbara Estate,ing Pineapple Fermentation,"A fruit basket, which consistently amazes you with the bright beauty that it is. This coffee is sure to bring out the emotions buried deep inside our souls, because we guarantee you will love it so much that you wouldn't wanna share it with anyone! This cup of bliss has been curated by certified professionals. So relish your cup, and you can thank us later. We'll wait. Taste Profile Fruit Basket Origin Baarbara Estate, Chikmagalur, KA Processing Pineapple Fermentation Elevation 4500 ft",https://caffinary.com/products/tropical-aka-pineapple-ferment,https://cdn.shopify.com/s/files/1/0617/6273/2232/files/TP-Tsp-Card.png?v=1773593940,Coffee
The Tropical - Roasted on 18/06,Caffinary,860.0,250g,,,Baarbara Estate,ing Pineapple Fermentation,"A fruit basket, which consistently amazes you with the bright beauty that it is. This coffee is sure to bring out the emotions buried deep inside our souls, because we guarantee you will love it so much that you wouldn't wanna share it with anyone! This cup of bliss has been curated by certified professionals. So relish your cup, and you can thank us later. We'll wait. Taste Profile Fruit Basket Origin Baarbara Estate, Chikmagalur, KA Processing Pineapple Fermentation Elevation 4500 ft",https://caffinary.com/products/tropical-aka-pineapple-ferment,https://cdn.shopify.com/s/files/1/0617/6273/2232/files/TP-Tsp-Card.png?v=1773593940,Coffee
The Tropical - Roasted on 18/06,Caffinary,860.0,250g,,,Baarbara Estate,ing Pineapple Fermentation,"A fruit basket, which consistently amazes you with the bright beauty that it is. This coffee is sure to bring out the emotions buried deep inside our souls, because we guarantee you will love it so much that you wouldn't wanna share it with anyone! This cup of bliss has been curated by certified professionals. So relish your cup, and you can thank us later. We'll wait. Taste Profile Fruit Basket Origin Baarbara Estate, Chikmagalur, KA Processing Pineapple Fermentation Elevation 4500 ft",https://caffinary.com/products/tropical-aka-pineapple-ferment,https://cdn.shopify.com/s/files/1/0617/6273/2232/files/TP-Tsp-Card.png?v=1773593940,Coffee
The Tropical - Roasted on 18/06,Caffinary,860.0,250g,,,Baarbara Estate,ing Pineapple Fermentation,"A fruit basket, which consistently amazes you with the bright beauty that it is. This coffee is sure to bring out the emotions buried deep inside our souls, because we guarantee you will love it so much that you wouldn't wanna share it with anyone! This cup of bliss has been curated by certified professionals. So relish your cup, and you can thank us later. We'll wait. Taste Profile Fruit Basket Origin Baarbara Estate, Chikmagalur, KA Processing Pineapple Fermentation Elevation 4500 ft",https://caffinary.com/products/tropical-aka-pineapple-ferment,https://cdn.shopify.com/s/files/1/0617/6273/2232/files/TP-Tsp-Card.png?v=1773593940,Coffee
The Tropical - Roasted on 18/06,Caffinary,860.0,250g,,,Baarbara Estate,ing Pineapple Fermentation,"A fruit basket, which consistently amazes you with the bright beauty that it is. This coffee is sure to bring out the emotions buried deep inside our souls, because we guarantee you will love it so much that you wouldn't wanna share it with anyone! This cup of bliss has been curated by certified professionals. So relish your cup, and you can thank us later. We'll wait. Taste Profile Fruit Basket Origin Baarbara Estate, Chikmagalur, KA Processing Pineapple Fermentation Elevation 4500 ft",https://caffinary.com/products/tropical-aka-pineapple-ferment,https://cdn.shopify.com/s/files/1/0617/6273/2232/files/TP-Tsp-Card.png?v=1773593940,Coffee
The Tropical - Roasted on 18/06,Caffinary,860.0,250g,,,Baarbara Estate,ing Pineapple Fermentation,"A fruit basket, which consistently amazes you with the bright beauty that it is. This coffee is sure to bring out the emotions buried deep inside our souls, because we guarantee you will love it so much that you wouldn't wanna share it with anyone! This cup of bliss has been curated by certified professionals. So relish your cup, and you can thank us later. We'll wait. Taste Profile Fruit Basket Origin Baarbara Estate, Chikmagalur, KA Processing Pineapple Fermentation Elevation 4500 ft",https://caffinary.com/products/tropical-aka-pineapple-ferment,https://cdn.shopify.com/s/files/1/0617/6273/2232/files/TP-Tsp-Card.png?v=1773593940,Coffee
The Tropical - Roasted on 18/06,Caffinary,860.0,250g,,,Baarbara Estate,ing Pineapple Fermentation,"A fruit basket, which consistently amazes you with the bright beauty that it is. This coffee is sure to bring out the emotions buried deep inside our souls, because we guarantee you will love it so much that you wouldn't wanna share it with anyone! This cup of bliss has been curated by certified professionals. So relish your cup, and you can thank us later. We'll wait. Taste Profile Fruit Basket Origin Baarbara Estate, Chikmagalur, KA Processing Pineapple Fermentation Elevation 4500 ft",https://caffinary.com/products/tropical-aka-pineapple-ferment,https://cdn.shopify.com/s/files/1/0617/6273/2232/files/TP-Tsp-Card.png?v=1773593940,Coffee
The Tropical - Roasted on 18/06,Caffinary,1710.0,500g,,,Baarbara Estate,ing Pineapple Fermentation,"A fruit basket, which consistently amazes you with the bright beauty that it is. This coffee is sure to bring out the emotions buried deep inside our souls, because we guarantee you will love it so much that you wouldn't wanna share it with anyone! This cup of bliss has been curated by certified professionals. So relish your cup, and you can thank us later. We'll wait. Taste Profile Fruit Basket Origin Baarbara Estate, Chikmagalur, KA Processing Pineapple Fermentation Elevation 4500 ft",https://caffinary.com/products/tropical-aka-pineapple-ferment,https://cdn.shopify.com/s/files/1/0617/6273/2232/files/TP-Tsp-Card.png?v=1773593940,Coffee
The Tropical - Roasted on 18/06,Caffinary,1710.0,500g,,,Baarbara Estate,ing Pineapple Fermentation,"A fruit basket, which consistently amazes you with the bright beauty that it is. This coffee is sure to bring out the emotions buried deep inside our souls, because we guarantee you will love it so much that you wouldn't wanna share it with anyone! This cup of bliss has been curated by certified professionals. So relish your cup, and you can thank us later. We'll wait. Taste Profile Fruit Basket Origin Baarbara Estate, Chikmagalur, KA Processing Pineapple Fermentation Elevation 4500 ft",https://caffinary.com/products/tropical-aka-pineapple-ferment,https://cdn.shopify.com/s/files/1/0617/6273/2232/files/TP-Tsp-Card.png?v=1773593940,Coffee
The Tropical - Roasted on 18/06,Caffinary,1710.0,500g,,,Baarbara Estate,ing Pineapple Fermentation,"A fruit basket, which consistently amazes you with the bright beauty that it is. This coffee is sure to bring out the emotions buried deep inside our souls, because we guarantee you will love it so much that you wouldn't wanna share it with anyone! This cup of bliss has been curated by certified professionals. So relish your cup, and you can thank us later. We'll wait. Taste Profile Fruit Basket Origin Baarbara Estate, Chikmagalur, KA Processing Pineapple Fermentation Elevation 4500 ft",https://caffinary.com/products/tropical-aka-pineapple-ferment,https://cdn.shopify.com/s/files/1/0617/6273/2232/files/TP-Tsp-Card.png?v=1773593940,Coffee
The Tropical - Roasted on 18/06,Caffinary,1710.0,500g,,,Baarbara Estate,ing Pineapple Fermentation,"A fruit basket, which consistently amazes you with the bright beauty that it is. This coffee is sure to bring out the emotions buried deep inside our souls, because we guarantee you will love it so much that you wouldn't wanna share it with anyone! This cup of bliss has been curated by certified professionals. So relish your cup, and you can thank us later. We'll wait. Taste Profile Fruit Basket Origin Baarbara Estate, Chikmagalur, KA Processing Pineapple Fermentation Elevation 4500 ft",https://caffinary.com/products/tropical-aka-pineapple-ferment,https://cdn.shopify.com/s/files/1/0617/6273/2232/files/TP-Tsp-Card.png?v=1773593940,Coffee
The Tropical - Roasted on 18/06,Caffinary,1710.0,500g,,,Baarbara Estate,ing Pineapple Fermentation,"A fruit basket, which consistently amazes you with the bright beauty that it is. This coffee is sure to bring out the emotions buried deep inside our souls, because we guarantee you will love it so much that you wouldn't wanna share it with anyone! This cup of bliss has been curated by certified professionals. So relish your cup, and you can thank us later. We'll wait. Taste Profile Fruit Basket Origin Baarbara Estate, Chikmagalur, KA Processing Pineapple Fermentation Elevation 4500 ft",https://caffinary.com/products/tropical-aka-pineapple-ferment,https://cdn.shopify.com/s/files/1/0617/6273/2232/files/TP-Tsp-Card.png?v=1773593940,Coffee
The Tropical - Roasted on 18/06,Caffinary,1710.0,500g,,,Baarbara Estate,ing Pineapple Fermentation,"A fruit basket, which consistently amazes you with the bright beauty that it is. This coffee is sure to bring out the emotions buried deep inside our souls, because we guarantee you will love it so much that you wouldn't wanna share it with anyone! This cup of bliss has been curated by certified professionals. So relish your cup, and you can thank us later. We'll wait. Taste Profile Fruit Basket Origin Baarbara Estate, Chikmagalur, KA Processing Pineapple Fermentation Elevation 4500 ft",https://caffinary.com/products/tropical-aka-pineapple-ferment,https://cdn.shopify.com/s/files/1/0617/6273/2232/files/TP-Tsp-Card.png?v=1773593940,Coffee
The Tropical - Roasted on 18/06,Caffinary,1710.0,500g,,,Baarbara Estate,ing Pineapple Fermentation,"A fruit basket, which consistently amazes you with the bright beauty that it is. This coffee is sure to bring out the emotions buried deep inside our souls, because we guarantee you will love it so much that you wouldn't wanna share it with anyone! This cup of bliss has been curated by certified professionals. So relish your cup, and you can thank us later. We'll wait. Taste Profile Fruit Basket Origin Baarbara Estate, Chikmagalur, KA Processing Pineapple Fermentation Elevation 4500 ft",https://caffinary.com/products/tropical-aka-pineapple-ferment,https://cdn.shopify.com/s/files/1/0617/6273/2232/files/TP-Tsp-Card.png?v=1773593940,Coffee
The Tropical - Roasted on 18/06,Caffinary,1710.0,500g,,,Baarbara Estate,ing Pineapple Fermentation,"A fruit basket, which consistently amazes you with the bright beauty that it is. This coffee is sure to bring out the emotions buried deep inside our souls, because we guarantee you will love it so much that you wouldn't wanna share it with anyone! This cup of bliss has been curated by certified professionals. So relish your cup, and you can thank us later. We'll wait. Taste Profile Fruit Basket Origin Baarbara Estate, Chikmagalur, KA Processing Pineapple Fermentation Elevation 4500 ft",https://caffinary.com/products/tropical-aka-pineapple-ferment,https://cdn.shopify.com/s/files/1/0617/6273/2232/files/TP-Tsp-Card.png?v=1773593940,Coffee
The Tropical - Roasted on 18/06,Caffinary,1710.0,500g,,,Baarbara Estate,ing Pineapple Fermentation,"A fruit basket, which consistently amazes you with the bright beauty that it is. This coffee is sure to bring out the emotions buried deep inside our souls, because we guarantee you will love it so much that you wouldn't wanna share it with anyone! This cup of bliss has been curated by certified professionals. So relish your cup, and you can thank us later. We'll wait. Taste Profile Fruit Basket Origin Baarbara Estate, Chikmagalur, KA Processing Pineapple Fermentation Elevation 4500 ft",https://caffinary.com/products/tropical-aka-pineapple-ferment,https://cdn.shopify.com/s/files/1/0617/6273/2232/files/TP-Tsp-Card.png?v=1773593940,Coffee
Espresso Yourself - Roasted on 25/06,Caffinary,170.0,50g,,,Chikmagalur,ing Washed,"Founders' Favourite. Espresso 101. If you are having espresso or espresso-based drinks for the first time, this is it! The ideal introduction to the world of espresso, this coffee is caramel -like mouthfeel, with a mellow fruitiness and subtle complexities . Recommended for a smooth and sweet experience. The beans for this coffee come from Baarbara Estates of the Bababudangiri region of the Chikmagalur district in Karnataka. Taste Profile Caramel, Mellow fruity Origin Baarbara Estate, Baba Budangiri, Chikmagalur, KA Processing Washed Elevation 4500 ft",https://caffinary.com/products/espresso-yourself,https://cdn.shopify.com/s/files/1/0617/6273/2232/files/EY-Tsp-Card.png?v=1773593857,Coffee
Espresso Yourself - Roasted on 25/06,Caffinary,170.0,50g,,,Chikmagalur,ing Washed,"Founders' Favourite. Espresso 101. If you are having espresso or espresso-based drinks for the first time, this is it! The ideal introduction to the world of espresso, this coffee is caramel -like mouthfeel, with a mellow fruitiness and subtle complexities . Recommended for a smooth and sweet experience. The beans for this coffee come from Baarbara Estates of the Bababudangiri region of the Chikmagalur district in Karnataka. Taste Profile Caramel, Mellow fruity Origin Baarbara Estate, Baba Budangiri, Chikmagalur, KA Processing Washed Elevation 4500 ft",https://caffinary.com/products/espresso-yourself,https://cdn.shopify.com/s/files/1/0617/6273/2232/files/EY-Tsp-Card.png?v=1773593857,Coffee
Espresso Yourself - Roasted on 25/06,Caffinary,170.0,50g,,,Chikmagalur,ing Washed,"Founders' Favourite. Espresso 101. If you are having espresso or espresso-based drinks for the first time, this is it! The ideal introduction to the world of espresso, this coffee is caramel -like mouthfeel, with a mellow fruitiness and subtle complexities . Recommended for a smooth and sweet experience. The beans for this coffee come from Baarbara Estates of the Bababudangiri region of the Chikmagalur district in Karnataka. Taste Profile Caramel, Mellow fruity Origin Baarbara Estate, Baba Budangiri, Chikmagalur, KA Processing Washed Elevation 4500 ft",https://caffinary.com/products/espresso-yourself,https://cdn.shopify.com/s/files/1/0617/6273/2232/files/EY-Tsp-Card.png?v=1773593857,Coffee
Espresso Yourself - Roasted on 25/06,Caffinary,170.0,50g,,,Chikmagalur,ing Washed,"Founders' Favourite. Espresso 101. If you are having espresso or espresso-based drinks for the first time, this is it! The ideal introduction to the world of espresso, this coffee is caramel -like mouthfeel, with a mellow fruitiness and subtle complexities . Recommended for a smooth and sweet experience. The beans for this coffee come from Baarbara Estates of the Bababudangiri region of the Chikmagalur district in Karnataka. Taste Profile Caramel, Mellow fruity Origin Baarbara Estate, Baba Budangiri, Chikmagalur, KA Processing Washed Elevation 4500 ft",https://caffinary.com/products/espresso-yourself,https://cdn.shopify.com/s/files/1/0617/6273/2232/files/EY-Tsp-Card.png?v=1773593857,Coffee
Espresso Yourself - Roasted on 25/06,Caffinary,170.0,50g,,,Chikmagalur,ing Washed,"Founders' Favourite. Espresso 101. If you are having espresso or espresso-based drinks for the first time, this is it! The ideal introduction to the world of espresso, this coffee is caramel -like mouthfeel, with a mellow fruitiness and subtle complexities . Recommended for a smooth and sweet experience. The beans for this coffee come from Baarbara Estates of the Bababudangiri region of the Chikmagalur district in Karnataka. Taste Profile Caramel, Mellow fruity Origin Baarbara Estate, Baba Budangiri, Chikmagalur, KA Processing Washed Elevation 4500 ft",https://caffinary.com/products/espresso-yourself,https://cdn.shopify.com/s/files/1/0617/6273/2232/files/EY-Tsp-Card.png?v=1773593857,Coffee
Espresso Yourself - Roasted on 25/06,Caffinary,170.0,50g,,,Chikmagalur,ing Washed,"Founders' Favourite. Espresso 101. If you are having espresso or espresso-based drinks for the first time, this is it! The ideal introduction to the world of espresso, this coffee is caramel -like mouthfeel, with a mellow fruitiness and subtle complexities . Recommended for a smooth and sweet experience. The beans for this coffee come from Baarbara Estates of the Bababudangiri region of the Chikmagalur district in Karnataka. Taste Profile Caramel, Mellow fruity Origin Baarbara Estate, Baba Budangiri, Chikmagalur, KA Processing Washed Elevation 4500 ft",https://caffinary.com/products/espresso-yourself,https://cdn.shopify.com/s/files/1/0617/6273/2232/files/EY-Tsp-Card.png?v=1773593857,Coffee
Espresso Yourself - Roasted on 25/06,Caffinary,170.0,50g,,,Chikmagalur,ing Washed,"Founders' Favourite. Espresso 101. If you are having espresso or espresso-based drinks for the first time, this is it! The ideal introduction to the world of espresso, this coffee is caramel -like mouthfeel, with a mellow fruitiness and subtle complexities . Recommended for a smooth and sweet experience. The beans for this coffee come from Baarbara Estates of the Bababudangiri region of the Chikmagalur district in Karnataka. Taste Profile Caramel, Mellow fruity Origin Baarbara Estate, Baba Budangiri, Chikmagalur, KA Processing Washed Elevation 4500 ft",https://caffinary.com/products/espresso-yourself,https://cdn.shopify.com/s/files/1/0617/6273/2232/files/EY-Tsp-Card.png?v=1773593857,Coffee
Espresso Yourself - Roasted on 25/06,Caffinary,170.0,50g,,,Chikmagalur,ing Washed,"Founders' Favourite. Espresso 101. If you are having espresso or espresso-based drinks for the first time, this is it! The ideal introduction to the world of espresso, this coffee is caramel -like mouthfeel, with a mellow fruitiness and subtle complexities . Recommended for a smooth and sweet experience. The beans for this coffee come from Baarbara Estates of the Bababudangiri region of the Chikmagalur district in Karnataka. Taste Profile Caramel, Mellow fruity Origin Baarbara Estate, Baba Budangiri, Chikmagalur, KA Processing Washed Elevation 4500 ft",https://caffinary.com/products/espresso-yourself,https://cdn.shopify.com/s/files/1/0617/6273/2232/files/EY-Tsp-Card.png?v=1773593857,Coffee
Espresso Yourself - Roasted on 25/06,Caffinary,170.0,50g,,,Chikmagalur,ing Washed,"Founders' Favourite. Espresso 101. If you are having espresso or espresso-based drinks for the first time, this is it! The ideal introduction to the world of espresso, this coffee is caramel -like mouthfeel, with a mellow fruitiness and subtle complexities . Recommended for a smooth and sweet experience. The beans for this coffee come from Baarbara Estates of the Bababudangiri region of the Chikmagalur district in Karnataka. Taste Profile Caramel, Mellow fruity Origin Baarbara Estate, Baba Budangiri, Chikmagalur, KA Processing Washed Elevation 4500 ft",https://caffinary.com/products/espresso-yourself,https://cdn.shopify.com/s/files/1/0617/6273/2232/files/EY-Tsp-Card.png?v=1773593857,Coffee
Espresso Yourself - Roasted on 25/06,Caffinary,320.0,100g,,,Chikmagalur,ing Washed,"Founders' Favourite. Espresso 101. If you are having espresso or espresso-based drinks for the first time, this is it! The ideal introduction to the world of espresso, this coffee is caramel -like mouthfeel, with a mellow fruitiness and subtle complexities . Recommended for a smooth and sweet experience. The beans for this coffee come from Baarbara Estates of the Bababudangiri region of the Chikmagalur district in Karnataka. Taste Profile Caramel, Mellow fruity Origin Baarbara Estate, Baba Budangiri, Chikmagalur, KA Processing Washed Elevation 4500 ft",https://caffinary.com/products/espresso-yourself,https://cdn.shopify.com/s/files/1/0617/6273/2232/files/EY-Tsp-Card.png?v=1773593857,Coffee
Espresso Yourself - Roasted on 25/06,Caffinary,320.0,100g,,,Chikmagalur,ing Washed,"Founders' Favourite. Espresso 101. If you are having espresso or espresso-based drinks for the first time, this is it! The ideal introduction to the world of espresso, this coffee is caramel -like mouthfeel, with a mellow fruitiness and subtle complexities . Recommended for a smooth and sweet experience. The beans for this coffee come from Baarbara Estates of the Bababudangiri region of the Chikmagalur district in Karnataka. Taste Profile Caramel, Mellow fruity Origin Baarbara Estate, Baba Budangiri, Chikmagalur, KA Processing Washed Elevation 4500 ft",https://caffinary.com/products/espresso-yourself,https://cdn.shopify.com/s/files/1/0617/6273/2232/files/EY-Tsp-Card.png?v=1773593857,Coffee
Espresso Yourself - Roasted on 25/06,Caffinary,320.0,100g,,,Chikmagalur,ing Washed,"Founders' Favourite. Espresso 101. If you are having espresso or espresso-based drinks for the first time, this is it! The ideal introduction to the world of espresso, this coffee is caramel -like mouthfeel, with a mellow fruitiness and subtle complexities . Recommended for a smooth and sweet experience. The beans for this coffee come from Baarbara Estates of the Bababudangiri region of the Chikmagalur district in Karnataka. Taste Profile Caramel, Mellow fruity Origin Baarbara Estate, Baba Budangiri, Chikmagalur, KA Processing Washed Elevation 4500 ft",https://caffinary.com/products/espresso-yourself,https://cdn.shopify.com/s/files/1/0617/6273/2232/files/EY-Tsp-Card.png?v=1773593857,Coffee
Espresso Yourself - Roasted on 25/06,Caffinary,320.0,100g,,,Chikmagalur,ing Washed,"Founders' Favourite. Espresso 101. If you are having espresso or espresso-based drinks for the first time, this is it! The ideal introduction to the world of espresso, this coffee is caramel -like mouthfeel, with a mellow fruitiness and subtle complexities . Recommended for a smooth and sweet experience. The beans for this coffee come from Baarbara Estates of the Bababudangiri region of the Chikmagalur district in Karnataka. Taste Profile Caramel, Mellow fruity Origin Baarbara Estate, Baba Budangiri, Chikmagalur, KA Processing Washed Elevation 4500 ft",https://caffinary.com/products/espresso-yourself,https://cdn.shopify.com/s/files/1/0617/6273/2232/files/EY-Tsp-Card.png?v=1773593857,Coffee
Espresso Yourself - Roasted on 25/06,Caffinary,320.0,100g,,,Chikmagalur,ing Washed,"Founders' Favourite. Espresso 101. If you are having espresso or espresso-based drinks for the first time, this is it! The ideal introduction to the world of espresso, this coffee is caramel -like mouthfeel, with a mellow fruitiness and subtle complexities . Recommended for a smooth and sweet experience. The beans for this coffee come from Baarbara Estates of the Bababudangiri region of the Chikmagalur district in Karnataka. Taste Profile Caramel, Mellow fruity Origin Baarbara Estate, Baba Budangiri, Chikmagalur, KA Processing Washed Elevation 4500 ft",https://caffinary.com/products/espresso-yourself,https://cdn.shopify.com/s/files/1/0617/6273/2232/files/EY-Tsp-Card.png?v=1773593857,Coffee
Espresso Yourself - Roasted on 25/06,Caffinary,320.0,100g,,,Chikmagalur,ing Washed,"Founders' Favourite. Espresso 101. If you are having espresso or espresso-based drinks for the first time, this is it! The ideal introduction to the world of espresso, this coffee is caramel -like mouthfeel, with a mellow fruitiness and subtle complexities . Recommended for a smooth and sweet experience. The beans for this coffee come from Baarbara Estates of the Bababudangiri region of the Chikmagalur district in Karnataka. Taste Profile Caramel, Mellow fruity Origin Baarbara Estate, Baba Budangiri, Chikmagalur, KA Processing Washed Elevation 4500 ft",https://caffinary.com/products/espresso-yourself,https://cdn.shopify.com/s/files/1/0617/6273/2232/files/EY-Tsp-Card.png?v=1773593857,Coffee
Espresso Yourself - Roasted on 25/06,Caffinary,320.0,100g,,,Chikmagalur,ing Washed,"Founders' Favourite. Espresso 101. If you are having espresso or espresso-based drinks for the first time, this is it! The ideal introduction to the world of espresso, this coffee is caramel -like mouthfeel, with a mellow fruitiness and subtle complexities . Recommended for a smooth and sweet experience. The beans for this coffee come from Baarbara Estates of the Bababudangiri region of the Chikmagalur district in Karnataka. Taste Profile Caramel, Mellow fruity Origin Baarbara Estate, Baba Budangiri, Chikmagalur, KA Processing Washed Elevation 4500 ft",https://caffinary.com/products/espresso-yourself,https://cdn.shopify.com/s/files/1/0617/6273/2232/files/EY-Tsp-Card.png?v=1773593857,Coffee
Espresso Yourself - Roasted on 25/06,Caffinary,320.0,100g,,,Chikmagalur,ing Washed,"Founders' Favourite. Espresso 101. If you are having espresso or espresso-based drinks for the first time, this is it! The ideal introduction to the world of espresso, this coffee is caramel -like mouthfeel, with a mellow fruitiness and subtle complexities . Recommended for a smooth and sweet experience. The beans for this coffee come from Baarbara Estates of the Bababudangiri region of the Chikmagalur district in Karnataka. Taste Profile Caramel, Mellow fruity Origin Baarbara Estate, Baba Budangiri, Chikmagalur, KA Processing Washed Elevation 4500 ft",https://caffinary.com/products/espresso-yourself,https://cdn.shopify.com/s/files/1/0617/6273/2232/files/EY-Tsp-Card.png?v=1773593857,Coffee
Espresso Yourself - Roasted on 25/06,Caffinary,320.0,100g,,,Chikmagalur,ing Washed,"Founders' Favourite. Espresso 101. If you are having espresso or espresso-based drinks for the first time, this is it! The ideal introduction to the world of espresso, this coffee is caramel -like mouthfeel, with a mellow fruitiness and subtle complexities . Recommended for a smooth and sweet experience. The beans for this coffee come from Baarbara Estates of the Bababudangiri region of the Chikmagalur district in Karnataka. Taste Profile Caramel, Mellow fruity Origin Baarbara Estate, Baba Budangiri, Chikmagalur, KA Processing Washed Elevation 4500 ft",https://caffinary.com/products/espresso-yourself,https://cdn.shopify.com/s/files/1/0617/6273/2232/files/EY-Tsp-Card.png?v=1773593857,Coffee
Espresso Yourself - Roasted on 25/06,Caffinary,510.0,150g,,,Chikmagalur,ing Washed,"Founders' Favourite. Espresso 101. If you are having espresso or espresso-based drinks for the first time, this is it! The ideal introduction to the world of espresso, this coffee is caramel -like mouthfeel, with a mellow fruitiness and subtle complexities . Recommended for a smooth and sweet experience. The beans for this coffee come from Baarbara Estates of the Bababudangiri region of the Chikmagalur district in Karnataka. Taste Profile Caramel, Mellow fruity Origin Baarbara Estate, Baba Budangiri, Chikmagalur, KA Processing Washed Elevation 4500 ft",https://caffinary.com/products/espresso-yourself,https://cdn.shopify.com/s/files/1/0617/6273/2232/files/EY-Tsp-Card.png?v=1773593857,Coffee
Espresso Yourself - Roasted on 25/06,Caffinary,510.0,150g,,,Chikmagalur,ing Washed,"Founders' Favourite. Espresso 101. If you are having espresso or espresso-based drinks for the first time, this is it! The ideal introduction to the world of espresso, this coffee is caramel -like mouthfeel, with a mellow fruitiness and subtle complexities . Recommended for a smooth and sweet experience. The beans for this coffee come from Baarbara Estates of the Bababudangiri region of the Chikmagalur district in Karnataka. Taste Profile Caramel, Mellow fruity Origin Baarbara Estate, Baba Budangiri, Chikmagalur, KA Processing Washed Elevation 4500 ft",https://caffinary.com/products/espresso-yourself,https://cdn.shopify.com/s/files/1/0617/6273/2232/files/EY-Tsp-Card.png?v=1773593857,Coffee
Espresso Yourself - Roasted on 25/06,Caffinary,510.0,150g,,,Chikmagalur,ing Washed,"Founders' Favourite. Espresso 101. If you are having espresso or espresso-based drinks for the first time, this is it! The ideal introduction to the world of espresso, this coffee is caramel -like mouthfeel, with a mellow fruitiness and subtle complexities . Recommended for a smooth and sweet experience. The beans for this coffee come from Baarbara Estates of the Bababudangiri region of the Chikmagalur district in Karnataka. Taste Profile Caramel, Mellow fruity Origin Baarbara Estate, Baba Budangiri, Chikmagalur, KA Processing Washed Elevation 4500 ft",https://caffinary.com/products/espresso-yourself,https://cdn.shopify.com/s/files/1/0617/6273/2232/files/EY-Tsp-Card.png?v=1773593857,Coffee
Espresso Yourself - Roasted on 25/06,Caffinary,510.0,150g,,,Chikmagalur,ing Washed,"Founders' Favourite. Espresso 101. If you are having espresso or espresso-based drinks for the first time, this is it! The ideal introduction to the world of espresso, this coffee is caramel -like mouthfeel, with a mellow fruitiness and subtle complexities . Recommended for a smooth and sweet experience. The beans for this coffee come from Baarbara Estates of the Bababudangiri region of the Chikmagalur district in Karnataka. Taste Profile Caramel, Mellow fruity Origin Baarbara Estate, Baba Budangiri, Chikmagalur, KA Processing Washed Elevation 4500 ft",https://caffinary.com/products/espresso-yourself,https://cdn.shopify.com/s/files/1/0617/6273/2232/files/EY-Tsp-Card.png?v=1773593857,Coffee
Espresso Yourself - Roasted on 25/06,Caffinary,510.0,150g,,,Chikmagalur,ing Washed,"Founders' Favourite. Espresso 101. If you are having espresso or espresso-based drinks for the first time, this is it! The ideal introduction to the world of espresso, this coffee is caramel -like mouthfeel, with a mellow fruitiness and subtle complexities . Recommended for a smooth and sweet experience. The beans for this coffee come from Baarbara Estates of the Bababudangiri region of the Chikmagalur district in Karnataka. Taste Profile Caramel, Mellow fruity Origin Baarbara Estate, Baba Budangiri, Chikmagalur, KA Processing Washed Elevation 4500 ft",https://caffinary.com/products/espresso-yourself,https://cdn.shopify.com/s/files/1/0617/6273/2232/files/EY-Tsp-Card.png?v=1773593857,Coffee
Espresso Yourself - Roasted on 25/06,Caffinary,510.0,150g,,,Chikmagalur,ing Washed,"Founders' Favourite. Espresso 101. If you are having espresso or espresso-based drinks for the first time, this is it! The ideal introduction to the world of espresso, this coffee is caramel -like mouthfeel, with a mellow fruitiness and subtle complexities . Recommended for a smooth and sweet experience. The beans for this coffee come from Baarbara Estates of the Bababudangiri region of the Chikmagalur district in Karnataka. Taste Profile Caramel, Mellow fruity Origin Baarbara Estate, Baba Budangiri, Chikmagalur, KA Processing Washed Elevation 4500 ft",https://caffinary.com/products/espresso-yourself,https://cdn.shopify.com/s/files/1/0617/6273/2232/files/EY-Tsp-Card.png?v=1773593857,Coffee
Espresso Yourself - Roasted on 25/06,Caffinary,510.0,150g,,,Chikmagalur,ing Washed,"Founders' Favourite. Espresso 101. If you are having espresso or espresso-based drinks for the first time, this is it! The ideal introduction to the world of espresso, this coffee is caramel -like mouthfeel, with a mellow fruitiness and subtle complexities . Recommended for a smooth and sweet experience. The beans for this coffee come from Baarbara Estates of the Bababudangiri region of the Chikmagalur district in Karnataka. Taste Profile Caramel, Mellow fruity Origin Baarbara Estate, Baba Budangiri, Chikmagalur, KA Processing Washed Elevation 4500 ft",https://caffinary.com/products/espresso-yourself,https://cdn.shopify.com/s/files/1/0617/6273/2232/files/EY-Tsp-Card.png?v=1773593857,Coffee
Espresso Yourself - Roasted on 25/06,Caffinary,510.0,150g,,,Chikmagalur,ing Washed,"Founders' Favourite. Espresso 101. If you are having espresso or espresso-based drinks for the first time, this is it! The ideal introduction to the world of espresso, this coffee is caramel -like mouthfeel, with a mellow fruitiness and subtle complexities . Recommended for a smooth and sweet experience. The beans for this coffee come from Baarbara Estates of the Bababudangiri region of the Chikmagalur district in Karnataka. Taste Profile Caramel, Mellow fruity Origin Baarbara Estate, Baba Budangiri, Chikmagalur, KA Processing Washed Elevation 4500 ft",https://caffinary.com/products/espresso-yourself,https://cdn.shopify.com/s/files/1/0617/6273/2232/files/EY-Tsp-Card.png?v=1773593857,Coffee
Espresso Yourself - Roasted on 25/06,Caffinary,510.0,150g,,,Chikmagalur,ing Washed,"Founders' Favourite. Espresso 101. If you are having espresso or espresso-based drinks for the first time, this is it! The ideal introduction to the world of espresso, this coffee is caramel -like mouthfeel, with a mellow fruitiness and subtle complexities . Recommended for a smooth and sweet experience. The beans for this coffee come from Baarbara Estates of the Bababudangiri region of the Chikmagalur district in Karnataka. Taste Profile Caramel, Mellow fruity Origin Baarbara Estate, Baba Budangiri, Chikmagalur, KA Processing Washed Elevation 4500 ft",https://caffinary.com/products/espresso-yourself,https://cdn.shopify.com/s/files/1/0617/6273/2232/files/EY-Tsp-Card.png?v=1773593857,Coffee
Espresso Yourself - Roasted on 25/06,Caffinary,630.0,200g,,,Chikmagalur,ing Washed,"Founders' Favourite. Espresso 101. If you are having espresso or espresso-based drinks for the first time, this is it! The ideal introduction to the world of espresso, this coffee is caramel -like mouthfeel, with a mellow fruitiness and subtle complexities . Recommended for a smooth and sweet experience. The beans for this coffee come from Baarbara Estates of the Bababudangiri region of the Chikmagalur district in Karnataka. Taste Profile Caramel, Mellow fruity Origin Baarbara Estate, Baba Budangiri, Chikmagalur, KA Processing Washed Elevation 4500 ft",https://caffinary.com/products/espresso-yourself,https://cdn.shopify.com/s/files/1/0617/6273/2232/files/EY-Tsp-Card.png?v=1773593857,Coffee
Espresso Yourself - Roasted on 25/06,Caffinary,630.0,200g,,,Chikmagalur,ing Washed,"Founders' Favourite. Espresso 101. If you are having espresso or espresso-based drinks for the first time, this is it! The ideal introduction to the world of espresso, this coffee is caramel -like mouthfeel, with a mellow fruitiness and subtle complexities . Recommended for a smooth and sweet experience. The beans for this coffee come from Baarbara Estates of the Bababudangiri region of the Chikmagalur district in Karnataka. Taste Profile Caramel, Mellow fruity Origin Baarbara Estate, Baba Budangiri, Chikmagalur, KA Processing Washed Elevation 4500 ft",https://caffinary.com/products/espresso-yourself,https://cdn.shopify.com/s/files/1/0617/6273/2232/files/EY-Tsp-Card.png?v=1773593857,Coffee
Espresso Yourself - Roasted on 25/06,Caffinary,630.0,200g,,,Chikmagalur,ing Washed,"Founders' Favourite. Espresso 101. If you are having espresso or espresso-based drinks for the first time, this is it! The ideal introduction to the world of espresso, this coffee is caramel -like mouthfeel, with a mellow fruitiness and subtle complexities . Recommended for a smooth and sweet experience. The beans for this coffee come from Baarbara Estates of the Bababudangiri region of the Chikmagalur district in Karnataka. Taste Profile Caramel, Mellow fruity Origin Baarbara Estate, Baba Budangiri, Chikmagalur, KA Processing Washed Elevation 4500 ft",https://caffinary.com/products/espresso-yourself,https://cdn.shopify.com/s/files/1/0617/6273/2232/files/EY-Tsp-Card.png?v=1773593857,Coffee
Espresso Yourself - Roasted on 25/06,Caffinary,630.0,200g,,,Chikmagalur,ing Washed,"Founders' Favourite. Espresso 101. If you are having espresso or espresso-based drinks for the first time, this is it! The ideal introduction to the world of espresso, this coffee is caramel -like mouthfeel, with a mellow fruitiness and subtle complexities . Recommended for a smooth and sweet experience. The beans for this coffee come from Baarbara Estates of the Bababudangiri region of the Chikmagalur district in Karnataka. Taste Profile Caramel, Mellow fruity Origin Baarbara Estate, Baba Budangiri, Chikmagalur, KA Processing Washed Elevation 4500 ft",https://caffinary.com/products/espresso-yourself,https://cdn.shopify.com/s/files/1/0617/6273/2232/files/EY-Tsp-Card.png?v=1773593857,Coffee
Espresso Yourself - Roasted on 25/06,Caffinary,630.0,200g,,,Chikmagalur,ing Washed,"Founders' Favourite. Espresso 101. If you are having espresso or espresso-based drinks for the first time, this is it! The ideal introduction to the world of espresso, this coffee is caramel -like mouthfeel, with a mellow fruitiness and subtle complexities . Recommended for a smooth and sweet experience. The beans for this coffee come from Baarbara Estates of the Bababudangiri region of the Chikmagalur district in Karnataka. Taste Profile Caramel, Mellow fruity Origin Baarbara Estate, Baba Budangiri, Chikmagalur, KA Processing Washed Elevation 4500 ft",https://caffinary.com/products/espresso-yourself,https://cdn.shopify.com/s/files/1/0617/6273/2232/files/EY-Tsp-Card.png?v=1773593857,Coffee
Espresso Yourself - Roasted on 25/06,Caffinary,630.0,200g,,,Chikmagalur,ing Washed,"Founders' Favourite. Espresso 101. If you are having espresso or espresso-based drinks for the first time, this is it! The ideal introduction to the world of espresso, this coffee is caramel -like mouthfeel, with a mellow fruitiness and subtle complexities . Recommended for a smooth and sweet experience. The beans for this coffee come from Baarbara Estates of the Bababudangiri region of the Chikmagalur district in Karnataka. Taste Profile Caramel, Mellow fruity Origin Baarbara Estate, Baba Budangiri, Chikmagalur, KA Processing Washed Elevation 4500 ft",https://caffinary.com/products/espresso-yourself,https://cdn.shopify.com/s/files/1/0617/6273/2232/files/EY-Tsp-Card.png?v=1773593857,Coffee
Espresso Yourself - Roasted on 25/06,Caffinary,630.0,200g,,,Chikmagalur,ing Washed,"Founders' Favourite. Espresso 101. If you are having espresso or espresso-based drinks for the first time, this is it! The ideal introduction to the world of espresso, this coffee is caramel -like mouthfeel, with a mellow fruitiness and subtle complexities . Recommended for a smooth and sweet experience. The beans for this coffee come from Baarbara Estates of the Bababudangiri region of the Chikmagalur district in Karnataka. Taste Profile Caramel, Mellow fruity Origin Baarbara Estate, Baba Budangiri, Chikmagalur, KA Processing Washed Elevation 4500 ft",https://caffinary.com/products/espresso-yourself,https://cdn.shopify.com/s/files/1/0617/6273/2232/files/EY-Tsp-Card.png?v=1773593857,Coffee
Espresso Yourself - Roasted on 25/06,Caffinary,630.0,200g,,,Chikmagalur,ing Washed,"Founders' Favourite. Espresso 101. If you are having espresso or espresso-based drinks for the first time, this is it! The ideal introduction to the world of espresso, this coffee is caramel -like mouthfeel, with a mellow fruitiness and subtle complexities . Recommended for a smooth and sweet experience. The beans for this coffee come from Baarbara Estates of the Bababudangiri region of the Chikmagalur district in Karnataka. Taste Profile Caramel, Mellow fruity Origin Baarbara Estate, Baba Budangiri, Chikmagalur, KA Processing Washed Elevation 4500 ft",https://caffinary.com/products/espresso-yourself,https://cdn.shopify.com/s/files/1/0617/6273/2232/files/EY-Tsp-Card.png?v=1773593857,Coffee
Espresso Yourself - Roasted on 25/06,Caffinary,630.0,200g,,,Chikmagalur,ing Washed,"Founders' Favourite. Espresso 101. If you are having espresso or espresso-based drinks for the first time, this is it! The ideal introduction to the world of espresso, this coffee is caramel -like mouthfeel, with a mellow fruitiness and subtle complexities . Recommended for a smooth and sweet experience. The beans for this coffee come from Baarbara Estates of the Bababudangiri region of the Chikmagalur district in Karnataka. Taste Profile Caramel, Mellow fruity Origin Baarbara Estate, Baba Budangiri, Chikmagalur, KA Processing Washed Elevation 4500 ft",https://caffinary.com/products/espresso-yourself,https://cdn.shopify.com/s/files/1/0617/6273/2232/files/EY-Tsp-Card.png?v=1773593857,Coffee
Espresso Yourself - Roasted on 25/06,Caffinary,800.0,250g,,,Chikmagalur,ing Washed,"Founders' Favourite. Espresso 101. If you are having espresso or espresso-based drinks for the first time, this is it! The ideal introduction to the world of espresso, this coffee is caramel -like mouthfeel, with a mellow fruitiness and subtle complexities . Recommended for a smooth and sweet experience. The beans for this coffee come from Baarbara Estates of the Bababudangiri region of the Chikmagalur district in Karnataka. Taste Profile Caramel, Mellow fruity Origin Baarbara Estate, Baba Budangiri, Chikmagalur, KA Processing Washed Elevation 4500 ft",https://caffinary.com/products/espresso-yourself,https://cdn.shopify.com/s/files/1/0617/6273/2232/files/EY-Tsp-Card.png?v=1773593857,Coffee
Espresso Yourself - Roasted on 25/06,Caffinary,800.0,250g,,,Chikmagalur,ing Washed,"Founders' Favourite. Espresso 101. If you are having espresso or espresso-based drinks for the first time, this is it! The ideal introduction to the world of espresso, this coffee is caramel -like mouthfeel, with a mellow fruitiness and subtle complexities . Recommended for a smooth and sweet experience. The beans for this coffee come from Baarbara Estates of the Bababudangiri region of the Chikmagalur district in Karnataka. Taste Profile Caramel, Mellow fruity Origin Baarbara Estate, Baba Budangiri, Chikmagalur, KA Processing Washed Elevation 4500 ft",https://caffinary.com/products/espresso-yourself,https://cdn.shopify.com/s/files/1/0617/6273/2232/files/EY-Tsp-Card.png?v=1773593857,Coffee
Espresso Yourself - Roasted on 25/06,Caffinary,800.0,250g,,,Chikmagalur,ing Washed,"Founders' Favourite. Espresso 101. If you are having espresso or espresso-based drinks for the first time, this is it! The ideal introduction to the world of espresso, this coffee is caramel -like mouthfeel, with a mellow fruitiness and subtle complexities . Recommended for a smooth and sweet experience. The beans for this coffee come from Baarbara Estates of the Bababudangiri region of the Chikmagalur district in Karnataka. Taste Profile Caramel, Mellow fruity Origin Baarbara Estate, Baba Budangiri, Chikmagalur, KA Processing Washed Elevation 4500 ft",https://caffinary.com/products/espresso-yourself,https://cdn.shopify.com/s/files/1/0617/6273/2232/files/EY-Tsp-Card.png?v=1773593857,Coffee
Espresso Yourself - Roasted on 25/06,Caffinary,800.0,250g,,,Chikmagalur,ing Washed,"Founders' Favourite. Espresso 101. If you are having espresso or espresso-based drinks for the first time, this is it! The ideal introduction to the world of espresso, this coffee is caramel -like mouthfeel, with a mellow fruitiness and subtle complexities . Recommended for a smooth and sweet experience. The beans for this coffee come from Baarbara Estates of the Bababudangiri region of the Chikmagalur district in Karnataka. Taste Profile Caramel, Mellow fruity Origin Baarbara Estate, Baba Budangiri, Chikmagalur, KA Processing Washed Elevation 4500 ft",https://caffinary.com/products/espresso-yourself,https://cdn.shopify.com/s/files/1/0617/6273/2232/files/EY-Tsp-Card.png?v=1773593857,Coffee
Espresso Yourself - Roasted on 25/06,Caffinary,800.0,250g,,,Chikmagalur,ing Washed,"Founders' Favourite. Espresso 101. If you are having espresso or espresso-based drinks for the first time, this is it! The ideal introduction to the world of espresso, this coffee is caramel -like mouthfeel, with a mellow fruitiness and subtle complexities . Recommended for a smooth and sweet experience. The beans for this coffee come from Baarbara Estates of the Bababudangiri region of the Chikmagalur district in Karnataka. Taste Profile Caramel, Mellow fruity Origin Baarbara Estate, Baba Budangiri, Chikmagalur, KA Processing Washed Elevation 4500 ft",https://caffinary.com/products/espresso-yourself,https://cdn.shopify.com/s/files/1/0617/6273/2232/files/EY-Tsp-Card.png?v=1773593857,Coffee
Espresso Yourself - Roasted on 25/06,Caffinary,800.0,250g,,,Chikmagalur,ing Washed,"Founders' Favourite. Espresso 101. If you are having espresso or espresso-based drinks for the first time, this is it! The ideal introduction to the world of espresso, this coffee is caramel -like mouthfeel, with a mellow fruitiness and subtle complexities . Recommended for a smooth and sweet experience. The beans for this coffee come from Baarbara Estates of the Bababudangiri region of the Chikmagalur district in Karnataka. Taste Profile Caramel, Mellow fruity Origin Baarbara Estate, Baba Budangiri, Chikmagalur, KA Processing Washed Elevation 4500 ft",https://caffinary.com/products/espresso-yourself,https://cdn.shopify.com/s/files/1/0617/6273/2232/files/EY-Tsp-Card.png?v=1773593857,Coffee
Espresso Yourself - Roasted on 25/06,Caffinary,800.0,250g,,,Chikmagalur,ing Washed,"Founders' Favourite. Espresso 101. If you are having espresso or espresso-based drinks for the first time, this is it! The ideal introduction to the world of espresso, this coffee is caramel -like mouthfeel, with a mellow fruitiness and subtle complexities . Recommended for a smooth and sweet experience. The beans for this coffee come from Baarbara Estates of the Bababudangiri region of the Chikmagalur district in Karnataka. Taste Profile Caramel, Mellow fruity Origin Baarbara Estate, Baba Budangiri, Chikmagalur, KA Processing Washed Elevation 4500 ft",https://caffinary.com/products/espresso-yourself,https://cdn.shopify.com/s/files/1/0617/6273/2232/files/EY-Tsp-Card.png?v=1773593857,Coffee
Espresso Yourself - Roasted on 25/06,Caffinary,800.0,250g,,,Chikmagalur,ing Washed,"Founders' Favourite. Espresso 101. If you are having espresso or espresso-based drinks for the first time, this is it! The ideal introduction to the world of espresso, this coffee is caramel -like mouthfeel, with a mellow fruitiness and subtle complexities . Recommended for a smooth and sweet experience. The beans for this coffee come from Baarbara Estates of the Bababudangiri region of the Chikmagalur district in Karnataka. Taste Profile Caramel, Mellow fruity Origin Baarbara Estate, Baba Budangiri, Chikmagalur, KA Processing Washed Elevation 4500 ft",https://caffinary.com/products/espresso-yourself,https://cdn.shopify.com/s/files/1/0617/6273/2232/files/EY-Tsp-Card.png?v=1773593857,Coffee
Espresso Yourself - Roasted on 25/06,Caffinary,800.0,250g,,,Chikmagalur,ing Washed,"Founders' Favourite. Espresso 101. If you are having espresso or espresso-based drinks for the first time, this is it! The ideal introduction to the world of espresso, this coffee is caramel -like mouthfeel, with a mellow fruitiness and subtle complexities . Recommended for a smooth and sweet experience. The beans for this coffee come from Baarbara Estates of the Bababudangiri region of the Chikmagalur district in Karnataka. Taste Profile Caramel, Mellow fruity Origin Baarbara Estate, Baba Budangiri, Chikmagalur, KA Processing Washed Elevation 4500 ft",https://caffinary.com/products/espresso-yourself,https://cdn.shopify.com/s/files/1/0617/6273/2232/files/EY-Tsp-Card.png?v=1773593857,Coffee
Espresso Yourself - Roasted on 25/06,Caffinary,1550.0,500g,,,Chikmagalur,ing Washed,"Founders' Favourite. Espresso 101. If you are having espresso or espresso-based drinks for the first time, this is it! The ideal introduction to the world of espresso, this coffee is caramel -like mouthfeel, with a mellow fruitiness and subtle complexities . Recommended for a smooth and sweet experience. The beans for this coffee come from Baarbara Estates of the Bababudangiri region of the Chikmagalur district in Karnataka. Taste Profile Caramel, Mellow fruity Origin Baarbara Estate, Baba Budangiri, Chikmagalur, KA Processing Washed Elevation 4500 ft",https://caffinary.com/products/espresso-yourself,https://cdn.shopify.com/s/files/1/0617/6273/2232/files/EY-Tsp-Card.png?v=1773593857,Coffee
Espresso Yourself - Roasted on 25/06,Caffinary,1550.0,500g,,,Chikmagalur,ing Washed,"Founders' Favourite. Espresso 101. If you are having espresso or espresso-based drinks for the first time, this is it! The ideal introduction to the world of espresso, this coffee is caramel -like mouthfeel, with a mellow fruitiness and subtle complexities . Recommended for a smooth and sweet experience. The beans for this coffee come from Baarbara Estates of the Bababudangiri region of the Chikmagalur district in Karnataka. Taste Profile Caramel, Mellow fruity Origin Baarbara Estate, Baba Budangiri, Chikmagalur, KA Processing Washed Elevation 4500 ft",https://caffinary.com/products/espresso-yourself,https://cdn.shopify.com/s/files/1/0617/6273/2232/files/EY-Tsp-Card.png?v=1773593857,Coffee
Espresso Yourself - Roasted on 25/06,Caffinary,1550.0,500g,,,Chikmagalur,ing Washed,"Founders' Favourite. Espresso 101. If you are having espresso or espresso-based drinks for the first time, this is it! The ideal introduction to the world of espresso, this coffee is caramel -like mouthfeel, with a mellow fruitiness and subtle complexities . Recommended for a smooth and sweet experience. The beans for this coffee come from Baarbara Estates of the Bababudangiri region of the Chikmagalur district in Karnataka. Taste Profile Caramel, Mellow fruity Origin Baarbara Estate, Baba Budangiri, Chikmagalur, KA Processing Washed Elevation 4500 ft",https://caffinary.com/products/espresso-yourself,https://cdn.shopify.com/s/files/1/0617/6273/2232/files/EY-Tsp-Card.png?v=1773593857,Coffee
Espresso Yourself - Roasted on 25/06,Caffinary,1550.0,500g,,,Chikmagalur,ing Washed,"Founders' Favourite. Espresso 101. If you are having espresso or espresso-based drinks for the first time, this is it! The ideal introduction to the world of espresso, this coffee is caramel -like mouthfeel, with a mellow fruitiness and subtle complexities . Recommended for a smooth and sweet experience. The beans for this coffee come from Baarbara Estates of the Bababudangiri region of the Chikmagalur district in Karnataka. Taste Profile Caramel, Mellow fruity Origin Baarbara Estate, Baba Budangiri, Chikmagalur, KA Processing Washed Elevation 4500 ft",https://caffinary.com/products/espresso-yourself,https://cdn.shopify.com/s/files/1/0617/6273/2232/files/EY-Tsp-Card.png?v=1773593857,Coffee
Espresso Yourself - Roasted on 25/06,Caffinary,1550.0,500g,,,Chikmagalur,ing Washed,"Founders' Favourite. Espresso 101. If you are having espresso or espresso-based drinks for the first time, this is it! The ideal introduction to the world of espresso, this coffee is caramel -like mouthfeel, with a mellow fruitiness and subtle complexities . Recommended for a smooth and sweet experience. The beans for this coffee come from Baarbara Estates of the Bababudangiri region of the Chikmagalur district in Karnataka. Taste Profile Caramel, Mellow fruity Origin Baarbara Estate, Baba Budangiri, Chikmagalur, KA Processing Washed Elevation 4500 ft",https://caffinary.com/products/espresso-yourself,https://cdn.shopify.com/s/files/1/0617/6273/2232/files/EY-Tsp-Card.png?v=1773593857,Coffee
Espresso Yourself - Roasted on 25/06,Caffinary,1550.0,500g,,,Chikmagalur,ing Washed,"Founders' Favourite. Espresso 101. If you are having espresso or espresso-based drinks for the first time, this is it! The ideal introduction to the world of espresso, this coffee is caramel -like mouthfeel, with a mellow fruitiness and subtle complexities . Recommended for a smooth and sweet experience. The beans for this coffee come from Baarbara Estates of the Bababudangiri region of the Chikmagalur district in Karnataka. Taste Profile Caramel, Mellow fruity Origin Baarbara Estate, Baba Budangiri, Chikmagalur, KA Processing Washed Elevation 4500 ft",https://caffinary.com/products/espresso-yourself,https://cdn.shopify.com/s/files/1/0617/6273/2232/files/EY-Tsp-Card.png?v=1773593857,Coffee
Espresso Yourself - Roasted on 25/06,Caffinary,1550.0,500g,,,Chikmagalur,ing Washed,"Founders' Favourite. Espresso 101. If you are having espresso or espresso-based drinks for the first time, this is it! The ideal introduction to the world of espresso, this coffee is caramel -like mouthfeel, with a mellow fruitiness and subtle complexities . Recommended for a smooth and sweet experience. The beans for this coffee come from Baarbara Estates of the Bababudangiri region of the Chikmagalur district in Karnataka. Taste Profile Caramel, Mellow fruity Origin Baarbara Estate, Baba Budangiri, Chikmagalur, KA Processing Washed Elevation 4500 ft",https://caffinary.com/products/espresso-yourself,https://cdn.shopify.com/s/files/1/0617/6273/2232/files/EY-Tsp-Card.png?v=1773593857,Coffee
Espresso Yourself - Roasted on 25/06,Caffinary,1550.0,500g,,,Chikmagalur,ing Washed,"Founders' Favourite. Espresso 101. If you are having espresso or espresso-based drinks for the first time, this is it! The ideal introduction to the world of espresso, this coffee is caramel -like mouthfeel, with a mellow fruitiness and subtle complexities . Recommended for a smooth and sweet experience. The beans for this coffee come from Baarbara Estates of the Bababudangiri region of the Chikmagalur district in Karnataka. Taste Profile Caramel, Mellow fruity Origin Baarbara Estate, Baba Budangiri, Chikmagalur, KA Processing Washed Elevation 4500 ft",https://caffinary.com/products/espresso-yourself,https://cdn.shopify.com/s/files/1/0617/6273/2232/files/EY-Tsp-Card.png?v=1773593857,Coffee
Espresso Yourself - Roasted on 25/06,Caffinary,1550.0,500g,,,Chikmagalur,ing Washed,"Founders' Favourite. Espresso 101. If you are having espresso or espresso-based drinks for the first time, this is it! The ideal introduction to the world of espresso, this coffee is caramel -like mouthfeel, with a mellow fruitiness and subtle complexities . Recommended for a smooth and sweet experience. The beans for this coffee come from Baarbara Estates of the Bababudangiri region of the Chikmagalur district in Karnataka. Taste Profile Caramel, Mellow fruity Origin Baarbara Estate, Baba Budangiri, Chikmagalur, KA Processing Washed Elevation 4500 ft",https://caffinary.com/products/espresso-yourself,https://cdn.shopify.com/s/files/1/0617/6273/2232/files/EY-Tsp-Card.png?v=1773593857,Coffee
Midnight Fuel - Roasted on 17/06,Caffinary,510.0,250g,,"Made using the Washed Arabicas from SM Plantation from Koraput, Odisha for its chocolatey notes",Koraput,Washed,"The incredibly competitive world we live in often mandates some extra effort, which usually means burning the midnight oil to stay ahead of the curve. We heard you loud and clear, and invented the Midnight Fuel blend to accompany you on the long, lonely nights. Made using the Washed Arabicas from SM Plantation from Koraput, Odisha for its chocolatey notes, and washed Robusta from Rosegarden Farming Group for a very citrusy and fruity note, this 30% Arabica and 70% Robusta blend is perfect to keep you company while you hustle. So, get a cup and hustle on!",https://caffinary.com/products/midnight-fuel-blend,https://cdn.shopify.com/s/files/1/0617/6273/2232/files/MF-Tsp-Card.png?v=1773593986,Coffee
Midnight Fuel - Roasted on 17/06,Caffinary,510.0,250g,,"Made using the Washed Arabicas from SM Plantation from Koraput, Odisha for its chocolatey notes",Koraput,Washed,"The incredibly competitive world we live in often mandates some extra effort, which usually means burning the midnight oil to stay ahead of the curve. We heard you loud and clear, and invented the Midnight Fuel blend to accompany you on the long, lonely nights. Made using the Washed Arabicas from SM Plantation from Koraput, Odisha for its chocolatey notes, and washed Robusta from Rosegarden Farming Group for a very citrusy and fruity note, this 30% Arabica and 70% Robusta blend is perfect to keep you company while you hustle. So, get a cup and hustle on!",https://caffinary.com/products/midnight-fuel-blend,https://cdn.shopify.com/s/files/1/0617/6273/2232/files/MF-Tsp-Card.png?v=1773593986,Coffee
Midnight Fuel - Roasted on 17/06,Caffinary,510.0,250g,,"Made using the Washed Arabicas from SM Plantation from Koraput, Odisha for its chocolatey notes",Koraput,Washed,"The incredibly competitive world we live in often mandates some extra effort, which usually means burning the midnight oil to stay ahead of the curve. We heard you loud and clear, and invented the Midnight Fuel blend to accompany you on the long, lonely nights. Made using the Washed Arabicas from SM Plantation from Koraput, Odisha for its chocolatey notes, and washed Robusta from Rosegarden Farming Group for a very citrusy and fruity note, this 30% Arabica and 70% Robusta blend is perfect to keep you company while you hustle. So, get a cup and hustle on!",https://caffinary.com/products/midnight-fuel-blend,https://cdn.shopify.com/s/files/1/0617/6273/2232/files/MF-Tsp-Card.png?v=1773593986,Coffee
Midnight Fuel - Roasted on 17/06,Caffinary,510.0,250g,,"Made using the Washed Arabicas from SM Plantation from Koraput, Odisha for its chocolatey notes",Koraput,Washed,"The incredibly competitive world we live in often mandates some extra effort, which usually means burning the midnight oil to stay ahead of the curve. We heard you loud and clear, and invented the Midnight Fuel blend to accompany you on the long, lonely nights. Made using the Washed Arabicas from SM Plantation from Koraput, Odisha for its chocolatey notes, and washed Robusta from Rosegarden Farming Group for a very citrusy and fruity note, this 30% Arabica and 70% Robusta blend is perfect to keep you company while you hustle. So, get a cup and hustle on!",https://caffinary.com/products/midnight-fuel-blend,https://cdn.shopify.com/s/files/1/0617/6273/2232/files/MF-Tsp-Card.png?v=1773593986,Coffee
Midnight Fuel - Roasted on 17/06,Caffinary,510.0,250g,,"Made using the Washed Arabicas from SM Plantation from Koraput, Odisha for its chocolatey notes",Koraput,Washed,"The incredibly competitive world we live in often mandates some extra effort, which usually means burning the midnight oil to stay ahead of the curve. We heard you loud and clear, and invented the Midnight Fuel blend to accompany you on the long, lonely nights. Made using the Washed Arabicas from SM Plantation from Koraput, Odisha for its chocolatey notes, and washed Robusta from Rosegarden Farming Group for a very citrusy and fruity note, this 30% Arabica and 70% Robusta blend is perfect to keep you company while you hustle. So, get a cup and hustle on!",https://caffinary.com/products/midnight-fuel-blend,https://cdn.shopify.com/s/files/1/0617/6273/2232/files/MF-Tsp-Card.png?v=1773593986,Coffee
Midnight Fuel - Roasted on 17/06,Caffinary,510.0,250g,,"Made using the Washed Arabicas from SM Plantation from Koraput, Odisha for its chocolatey notes",Koraput,Washed,"The incredibly competitive world we live in often mandates some extra effort, which usually means burning the midnight oil to stay ahead of the curve. We heard you loud and clear, and invented the Midnight Fuel blend to accompany you on the long, lonely nights. Made using the Washed Arabicas from SM Plantation from Koraput, Odisha for its chocolatey notes, and washed Robusta from Rosegarden Farming Group for a very citrusy and fruity note, this 30% Arabica and 70% Robusta blend is perfect to keep you company while you hustle. So, get a cup and hustle on!",https://caffinary.com/products/midnight-fuel-blend,https://cdn.shopify.com/s/files/1/0617/6273/2232/files/MF-Tsp-Card.png?v=1773593986,Coffee
Midnight Fuel - Roasted on 17/06,Caffinary,510.0,250g,,"Made using the Washed Arabicas from SM Plantation from Koraput, Odisha for its chocolatey notes",Koraput,Washed,"The incredibly competitive world we live in often mandates some extra effort, which usually means burning the midnight oil to stay ahead of the curve. We heard you loud and clear, and invented the Midnight Fuel blend to accompany you on the long, lonely nights. Made using the Washed Arabicas from SM Plantation from Koraput, Odisha for its chocolatey notes, and washed Robusta from Rosegarden Farming Group for a very citrusy and fruity note, this 30% Arabica and 70% Robusta blend is perfect to keep you company while you hustle. So, get a cup and hustle on!",https://caffinary.com/products/midnight-fuel-blend,https://cdn.shopify.com/s/files/1/0617/6273/2232/files/MF-Tsp-Card.png?v=1773593986,Coffee
Midnight Fuel - Roasted on 17/06,Caffinary,510.0,250g,,"Made using the Washed Arabicas from SM Plantation from Koraput, Odisha for its chocolatey notes",Koraput,Washed,"The incredibly competitive world we live in often mandates some extra effort, which usually means burning the midnight oil to stay ahead of the curve. We heard you loud and clear, and invented the Midnight Fuel blend to accompany you on the long, lonely nights. Made using the Washed Arabicas from SM Plantation from Koraput, Odisha for its chocolatey notes, and washed Robusta from Rosegarden Farming Group for a very citrusy and fruity note, this 30% Arabica and 70% Robusta blend is perfect to keep you company while you hustle. So, get a cup and hustle on!",https://caffinary.com/products/midnight-fuel-blend,https://cdn.shopify.com/s/files/1/0617/6273/2232/files/MF-Tsp-Card.png?v=1773593986,Coffee
Midnight Fuel - Roasted on 17/06,Caffinary,510.0,250g,,"Made using the Washed Arabicas from SM Plantation from Koraput, Odisha for its chocolatey notes",Koraput,Washed,"The incredibly competitive world we live in often mandates some extra effort, which usually means burning the midnight oil to stay ahead of the curve. We heard you loud and clear, and invented the Midnight Fuel blend to accompany you on the long, lonely nights. Made using the Washed Arabicas from SM Plantation from Koraput, Odisha for its chocolatey notes, and washed Robusta from Rosegarden Farming Group for a very citrusy and fruity note, this 30% Arabica and 70% Robusta blend is perfect to keep you company while you hustle. So, get a cup and hustle on!",https://caffinary.com/products/midnight-fuel-blend,https://cdn.shopify.com/s/files/1/0617/6273/2232/files/MF-Tsp-Card.png?v=1773593986,Coffee
Midnight Fuel - Roasted on 17/06,Caffinary,980.0,500g,,"Made using the Washed Arabicas from SM Plantation from Koraput, Odisha for its chocolatey notes",Koraput,Washed,"The incredibly competitive world we live in often mandates some extra effort, which usually means burning the midnight oil to stay ahead of the curve. We heard you loud and clear, and invented the Midnight Fuel blend to accompany you on the long, lonely nights. Made using the Washed Arabicas from SM Plantation from Koraput, Odisha for its chocolatey notes, and washed Robusta from Rosegarden Farming Group for a very citrusy and fruity note, this 30% Arabica and 70% Robusta blend is perfect to keep you company while you hustle. So, get a cup and hustle on!",https://caffinary.com/products/midnight-fuel-blend,https://cdn.shopify.com/s/files/1/0617/6273/2232/files/MF-Tsp-Card.png?v=1773593986,Coffee
Midnight Fuel - Roasted on 17/06,Caffinary,980.0,500g,,"Made using the Washed Arabicas from SM Plantation from Koraput, Odisha for its chocolatey notes",Koraput,Washed,"The incredibly competitive world we live in often mandates some extra effort, which usually means burning the midnight oil to stay ahead of the curve. We heard you loud and clear, and invented the Midnight Fuel blend to accompany you on the long, lonely nights. Made using the Washed Arabicas from SM Plantation from Koraput, Odisha for its chocolatey notes, and washed Robusta from Rosegarden Farming Group for a very citrusy and fruity note, this 30% Arabica and 70% Robusta blend is perfect to keep you company while you hustle. So, get a cup and hustle on!",https://caffinary.com/products/midnight-fuel-blend,https://cdn.shopify.com/s/files/1/0617/6273/2232/files/MF-Tsp-Card.png?v=1773593986,Coffee
Midnight Fuel - Roasted on 17/06,Caffinary,980.0,500g,,"Made using the Washed Arabicas from SM Plantation from Koraput, Odisha for its chocolatey notes",Koraput,Washed,"The incredibly competitive world we live in often mandates some extra effort, which usually means burning the midnight oil to stay ahead of the curve. We heard you loud and clear, and invented the Midnight Fuel blend to accompany you on the long, lonely nights. Made using the Washed Arabicas from SM Plantation from Koraput, Odisha for its chocolatey notes, and washed Robusta from Rosegarden Farming Group for a very citrusy and fruity note, this 30% Arabica and 70% Robusta blend is perfect to keep you company while you hustle. So, get a cup and hustle on!",https://caffinary.com/products/midnight-fuel-blend,https://cdn.shopify.com/s/files/1/0617/6273/2232/files/MF-Tsp-Card.png?v=1773593986,Coffee
Midnight Fuel - Roasted on 17/06,Caffinary,980.0,500g,,"Made using the Washed Arabicas from SM Plantation from Koraput, Odisha for its chocolatey notes",Koraput,Washed,"The incredibly competitive world we live in often mandates some extra effort, which usually means burning the midnight oil to stay ahead of the curve. We heard you loud and clear, and invented the Midnight Fuel blend to accompany you on the long, lonely nights. Made using the Washed Arabicas from SM Plantation from Koraput, Odisha for its chocolatey notes, and washed Robusta from Rosegarden Farming Group for a very citrusy and fruity note, this 30% Arabica and 70% Robusta blend is perfect to keep you company while you hustle. So, get a cup and hustle on!",https://caffinary.com/products/midnight-fuel-blend,https://cdn.shopify.com/s/files/1/0617/6273/2232/files/MF-Tsp-Card.png?v=1773593986,Coffee
Midnight Fuel - Roasted on 17/06,Caffinary,980.0,500g,,"Made using the Washed Arabicas from SM Plantation from Koraput, Odisha for its chocolatey notes",Koraput,Washed,"The incredibly competitive world we live in often mandates some extra effort, which usually means burning the midnight oil to stay ahead of the curve. We heard you loud and clear, and invented the Midnight Fuel blend to accompany you on the long, lonely nights. Made using the Washed Arabicas from SM Plantation from Koraput, Odisha for its chocolatey notes, and washed Robusta from Rosegarden Farming Group for a very citrusy and fruity note, this 30% Arabica and 70% Robusta blend is perfect to keep you company while you hustle. So, get a cup and hustle on!",https://caffinary.com/products/midnight-fuel-blend,https://cdn.shopify.com/s/files/1/0617/6273/2232/files/MF-Tsp-Card.png?v=1773593986,Coffee
Midnight Fuel - Roasted on 17/06,Caffinary,980.0,500g,,"Made using the Washed Arabicas from SM Plantation from Koraput, Odisha for its chocolatey notes",Koraput,Washed,"The incredibly competitive world we live in often mandates some extra effort, which usually means burning the midnight oil to stay ahead of the curve. We heard you loud and clear, and invented the Midnight Fuel blend to accompany you on the long, lonely nights. Made using the Washed Arabicas from SM Plantation from Koraput, Odisha for its chocolatey notes, and washed Robusta from Rosegarden Farming Group for a very citrusy and fruity note, this 30% Arabica and 70% Robusta blend is perfect to keep you company while you hustle. So, get a cup and hustle on!",https://caffinary.com/products/midnight-fuel-blend,https://cdn.shopify.com/s/files/1/0617/6273/2232/files/MF-Tsp-Card.png?v=1773593986,Coffee
Midnight Fuel - Roasted on 17/06,Caffinary,980.0,500g,,"Made using the Washed Arabicas from SM Plantation from Koraput, Odisha for its chocolatey notes",Koraput,Washed,"The incredibly competitive world we live in often mandates some extra effort, which usually means burning the midnight oil to stay ahead of the curve. We heard you loud and clear, and invented the Midnight Fuel blend to accompany you on the long, lonely nights. Made using the Washed Arabicas from SM Plantation from Koraput, Odisha for its chocolatey notes, and washed Robusta from Rosegarden Farming Group for a very citrusy and fruity note, this 30% Arabica and 70% Robusta blend is perfect to keep you company while you hustle. So, get a cup and hustle on!",https://caffinary.com/products/midnight-fuel-blend,https://cdn.shopify.com/s/files/1/0617/6273/2232/files/MF-Tsp-Card.png?v=1773593986,Coffee
Midnight Fuel - Roasted on 17/06,Caffinary,980.0,500g,,"Made using the Washed Arabicas from SM Plantation from Koraput, Odisha for its chocolatey notes",Koraput,Washed,"The incredibly competitive world we live in often mandates some extra effort, which usually means burning the midnight oil to stay ahead of the curve. We heard you loud and clear, and invented the Midnight Fuel blend to accompany you on the long, lonely nights. Made using the Washed Arabicas from SM Plantation from Koraput, Odisha for its chocolatey notes, and washed Robusta from Rosegarden Farming Group for a very citrusy and fruity note, this 30% Arabica and 70% Robusta blend is perfect to keep you company while you hustle. So, get a cup and hustle on!",https://caffinary.com/products/midnight-fuel-blend,https://cdn.shopify.com/s/files/1/0617/6273/2232/files/MF-Tsp-Card.png?v=1773593986,Coffee
Midnight Fuel - Roasted on 17/06,Caffinary,980.0,500g,,"Made using the Washed Arabicas from SM Plantation from Koraput, Odisha for its chocolatey notes",Koraput,Washed,"The incredibly competitive world we live in often mandates some extra effort, which usually means burning the midnight oil to stay ahead of the curve. We heard you loud and clear, and invented the Midnight Fuel blend to accompany you on the long, lonely nights. Made using the Washed Arabicas from SM Plantation from Koraput, Odisha for its chocolatey notes, and washed Robusta from Rosegarden Farming Group for a very citrusy and fruity note, this 30% Arabica and 70% Robusta blend is perfect to keep you company while you hustle. So, get a cup and hustle on!",https://caffinary.com/products/midnight-fuel-blend,https://cdn.shopify.com/s/files/1/0617/6273/2232/files/MF-Tsp-Card.png?v=1773593986,Coffee
Good Afternoon - Roasted on 17/06,Caffinary,585.0,250g,,"Made using hand-picked Washed Arabica from the SM Plantations, Koraput, Odisha for that chocolatey almond note with a",Koraput,Washed,"After battling the morning hustle at the office, your nerves are rightly calling out for a cuppa. Replenish your diminishing energy (and patience, if we may add!) levels with a cup of our Afternoon blend, enough energy to wake you up, but not enough to disrupt your sleep at night. Did you say amazing? Yes, we know! Made using hand-picked Washed Arabica from the SM Plantations, Koraput, Odisha for that chocolatey almond note with a caramel finish, and blended with the washed Robustas of the Rosegarden Farming Group for a mild bitter kick, this 70% Arabica and 30% Robusta blend is designed to help you sail gracefully through the rest of your day. So get this blend, and get ready for productive afternoons that will leave your coworkers awestruck!",https://caffinary.com/products/afternoon-blend,https://cdn.shopify.com/s/files/1/0617/6273/2232/files/GA-Tsp-Card.png?v=1773594032,Coffee
Good Afternoon - Roasted on 17/06,Caffinary,585.0,250g,,"Made using hand-picked Washed Arabica from the SM Plantations, Koraput, Odisha for that chocolatey almond note with a",Koraput,Washed,"After battling the morning hustle at the office, your nerves are rightly calling out for a cuppa. Replenish your diminishing energy (and patience, if we may add!) levels with a cup of our Afternoon blend, enough energy to wake you up, but not enough to disrupt your sleep at night. Did you say amazing? Yes, we know! Made using hand-picked Washed Arabica from the SM Plantations, Koraput, Odisha for that chocolatey almond note with a caramel finish, and blended with the washed Robustas of the Rosegarden Farming Group for a mild bitter kick, this 70% Arabica and 30% Robusta blend is designed to help you sail gracefully through the rest of your day. So get this blend, and get ready for productive afternoons that will leave your coworkers awestruck!",https://caffinary.com/products/afternoon-blend,https://cdn.shopify.com/s/files/1/0617/6273/2232/files/GA-Tsp-Card.png?v=1773594032,Coffee
Good Afternoon - Roasted on 17/06,Caffinary,585.0,250g,,"Made using hand-picked Washed Arabica from the SM Plantations, Koraput, Odisha for that chocolatey almond note with a",Koraput,Washed,"After battling the morning hustle at the office, your nerves are rightly calling out for a cuppa. Replenish your diminishing energy (and patience, if we may add!) levels with a cup of our Afternoon blend, enough energy to wake you up, but not enough to disrupt your sleep at night. Did you say amazing? Yes, we know! Made using hand-picked Washed Arabica from the SM Plantations, Koraput, Odisha for that chocolatey almond note with a caramel finish, and blended with the washed Robustas of the Rosegarden Farming Group for a mild bitter kick, this 70% Arabica and 30% Robusta blend is designed to help you sail gracefully through the rest of your day. So get this blend, and get ready for productive afternoons that will leave your coworkers awestruck!",https://caffinary.com/products/afternoon-blend,https://cdn.shopify.com/s/files/1/0617/6273/2232/files/GA-Tsp-Card.png?v=1773594032,Coffee
Good Afternoon - Roasted on 17/06,Caffinary,585.0,250g,,"Made using hand-picked Washed Arabica from the SM Plantations, Koraput, Odisha for that chocolatey almond note with a",Koraput,Washed,"After battling the morning hustle at the office, your nerves are rightly calling out for a cuppa. Replenish your diminishing energy (and patience, if we may add!) levels with a cup of our Afternoon blend, enough energy to wake you up, but not enough to disrupt your sleep at night. Did you say amazing? Yes, we know! Made using hand-picked Washed Arabica from the SM Plantations, Koraput, Odisha for that chocolatey almond note with a caramel finish, and blended with the washed Robustas of the Rosegarden Farming Group for a mild bitter kick, this 70% Arabica and 30% Robusta blend is designed to help you sail gracefully through the rest of your day. So get this blend, and get ready for productive afternoons that will leave your coworkers awestruck!",https://caffinary.com/products/afternoon-blend,https://cdn.shopify.com/s/files/1/0617/6273/2232/files/GA-Tsp-Card.png?v=1773594032,Coffee
Good Afternoon - Roasted on 17/06,Caffinary,585.0,250g,,"Made using hand-picked Washed Arabica from the SM Plantations, Koraput, Odisha for that chocolatey almond note with a",Koraput,Washed,"After battling the morning hustle at the office, your nerves are rightly calling out for a cuppa. Replenish your diminishing energy (and patience, if we may add!) levels with a cup of our Afternoon blend, enough energy to wake you up, but not enough to disrupt your sleep at night. Did you say amazing? Yes, we know! Made using hand-picked Washed Arabica from the SM Plantations, Koraput, Odisha for that chocolatey almond note with a caramel finish, and blended with the washed Robustas of the Rosegarden Farming Group for a mild bitter kick, this 70% Arabica and 30% Robusta blend is designed to help you sail gracefully through the rest of your day. So get this blend, and get ready for productive afternoons that will leave your coworkers awestruck!",https://caffinary.com/products/afternoon-blend,https://cdn.shopify.com/s/files/1/0617/6273/2232/files/GA-Tsp-Card.png?v=1773594032,Coffee
Good Afternoon - Roasted on 17/06,Caffinary,585.0,250g,,"Made using hand-picked Washed Arabica from the SM Plantations, Koraput, Odisha for that chocolatey almond note with a",Koraput,Washed,"After battling the morning hustle at the office, your nerves are rightly calling out for a cuppa. Replenish your diminishing energy (and patience, if we may add!) levels with a cup of our Afternoon blend, enough energy to wake you up, but not enough to disrupt your sleep at night. Did you say amazing? Yes, we know! Made using hand-picked Washed Arabica from the SM Plantations, Koraput, Odisha for that chocolatey almond note with a caramel finish, and blended with the washed Robustas of the Rosegarden Farming Group for a mild bitter kick, this 70% Arabica and 30% Robusta blend is designed to help you sail gracefully through the rest of your day. So get this blend, and get ready for productive afternoons that will leave your coworkers awestruck!",https://caffinary.com/products/afternoon-blend,https://cdn.shopify.com/s/files/1/0617/6273/2232/files/GA-Tsp-Card.png?v=1773594032,Coffee
Good Afternoon - Roasted on 17/06,Caffinary,585.0,250g,,"Made using hand-picked Washed Arabica from the SM Plantations, Koraput, Odisha for that chocolatey almond note with a",Koraput,Washed,"After battling the morning hustle at the office, your nerves are rightly calling out for a cuppa. Replenish your diminishing energy (and patience, if we may add!) levels with a cup of our Afternoon blend, enough energy to wake you up, but not enough to disrupt your sleep at night. Did you say amazing? Yes, we know! Made using hand-picked Washed Arabica from the SM Plantations, Koraput, Odisha for that chocolatey almond note with a caramel finish, and blended with the washed Robustas of the Rosegarden Farming Group for a mild bitter kick, this 70% Arabica and 30% Robusta blend is designed to help you sail gracefully through the rest of your day. So get this blend, and get ready for productive afternoons that will leave your coworkers awestruck!",https://caffinary.com/products/afternoon-blend,https://cdn.shopify.com/s/files/1/0617/6273/2232/files/GA-Tsp-Card.png?v=1773594032,Coffee
Good Afternoon - Roasted on 17/06,Caffinary,585.0,250g,,"Made using hand-picked Washed Arabica from the SM Plantations, Koraput, Odisha for that chocolatey almond note with a",Koraput,Washed,"After battling the morning hustle at the office, your nerves are rightly calling out for a cuppa. Replenish your diminishing energy (and patience, if we may add!) levels with a cup of our Afternoon blend, enough energy to wake you up, but not enough to disrupt your sleep at night. Did you say amazing? Yes, we know! Made using hand-picked Washed Arabica from the SM Plantations, Koraput, Odisha for that chocolatey almond note with a caramel finish, and blended with the washed Robustas of the Rosegarden Farming Group for a mild bitter kick, this 70% Arabica and 30% Robusta blend is designed to help you sail gracefully through the rest of your day. So get this blend, and get ready for productive afternoons that will leave your coworkers awestruck!",https://caffinary.com/products/afternoon-blend,https://cdn.shopify.com/s/files/1/0617/6273/2232/files/GA-Tsp-Card.png?v=1773594032,Coffee
Good Afternoon - Roasted on 17/06,Caffinary,585.0,250g,,"Made using hand-picked Washed Arabica from the SM Plantations, Koraput, Odisha for that chocolatey almond note with a",Koraput,Washed,"After battling the morning hustle at the office, your nerves are rightly calling out for a cuppa. Replenish your diminishing energy (and patience, if we may add!) levels with a cup of our Afternoon blend, enough energy to wake you up, but not enough to disrupt your sleep at night. Did you say amazing? Yes, we know! Made using hand-picked Washed Arabica from the SM Plantations, Koraput, Odisha for that chocolatey almond note with a caramel finish, and blended with the washed Robustas of the Rosegarden Farming Group for a mild bitter kick, this 70% Arabica and 30% Robusta blend is designed to help you sail gracefully through the rest of your day. So get this blend, and get ready for productive afternoons that will leave your coworkers awestruck!",https://caffinary.com/products/afternoon-blend,https://cdn.shopify.com/s/files/1/0617/6273/2232/files/GA-Tsp-Card.png?v=1773594032,Coffee
Good Afternoon - Roasted on 17/06,Caffinary,1125.0,500g,,"Made using hand-picked Washed Arabica from the SM Plantations, Koraput, Odisha for that chocolatey almond note with a",Koraput,Washed,"After battling the morning hustle at the office, your nerves are rightly calling out for a cuppa. Replenish your diminishing energy (and patience, if we may add!) levels with a cup of our Afternoon blend, enough energy to wake you up, but not enough to disrupt your sleep at night. Did you say amazing? Yes, we know! Made using hand-picked Washed Arabica from the SM Plantations, Koraput, Odisha for that chocolatey almond note with a caramel finish, and blended with the washed Robustas of the Rosegarden Farming Group for a mild bitter kick, this 70% Arabica and 30% Robusta blend is designed to help you sail gracefully through the rest of your day. So get this blend, and get ready for productive afternoons that will leave your coworkers awestruck!",https://caffinary.com/products/afternoon-blend,https://cdn.shopify.com/s/files/1/0617/6273/2232/files/GA-Tsp-Card.png?v=1773594032,Coffee
Good Afternoon - Roasted on 17/06,Caffinary,1125.0,500g,,"Made using hand-picked Washed Arabica from the SM Plantations, Koraput, Odisha for that chocolatey almond note with a",Koraput,Washed,"After battling the morning hustle at the office, your nerves are rightly calling out for a cuppa. Replenish your diminishing energy (and patience, if we may add!) levels with a cup of our Afternoon blend, enough energy to wake you up, but not enough to disrupt your sleep at night. Did you say amazing? Yes, we know! Made using hand-picked Washed Arabica from the SM Plantations, Koraput, Odisha for that chocolatey almond note with a caramel finish, and blended with the washed Robustas of the Rosegarden Farming Group for a mild bitter kick, this 70% Arabica and 30% Robusta blend is designed to help you sail gracefully through the rest of your day. So get this blend, and get ready for productive afternoons that will leave your coworkers awestruck!",https://caffinary.com/products/afternoon-blend,https://cdn.shopify.com/s/files/1/0617/6273/2232/files/GA-Tsp-Card.png?v=1773594032,Coffee
Good Afternoon - Roasted on 17/06,Caffinary,1125.0,500g,,"Made using hand-picked Washed Arabica from the SM Plantations, Koraput, Odisha for that chocolatey almond note with a",Koraput,Washed,"After battling the morning hustle at the office, your nerves are rightly calling out for a cuppa. Replenish your diminishing energy (and patience, if we may add!) levels with a cup of our Afternoon blend, enough energy to wake you up, but not enough to disrupt your sleep at night. Did you say amazing? Yes, we know! Made using hand-picked Washed Arabica from the SM Plantations, Koraput, Odisha for that chocolatey almond note with a caramel finish, and blended with the washed Robustas of the Rosegarden Farming Group for a mild bitter kick, this 70% Arabica and 30% Robusta blend is designed to help you sail gracefully through the rest of your day. So get this blend, and get ready for productive afternoons that will leave your coworkers awestruck!",https://caffinary.com/products/afternoon-blend,https://cdn.shopify.com/s/files/1/0617/6273/2232/files/GA-Tsp-Card.png?v=1773594032,Coffee
Good Afternoon - Roasted on 17/06,Caffinary,1125.0,500g,,"Made using hand-picked Washed Arabica from the SM Plantations, Koraput, Odisha for that chocolatey almond note with a",Koraput,Washed,"After battling the morning hustle at the office, your nerves are rightly calling out for a cuppa. Replenish your diminishing energy (and patience, if we may add!) levels with a cup of our Afternoon blend, enough energy to wake you up, but not enough to disrupt your sleep at night. Did you say amazing? Yes, we know! Made using hand-picked Washed Arabica from the SM Plantations, Koraput, Odisha for that chocolatey almond note with a caramel finish, and blended with the washed Robustas of the Rosegarden Farming Group for a mild bitter kick, this 70% Arabica and 30% Robusta blend is designed to help you sail gracefully through the rest of your day. So get this blend, and get ready for productive afternoons that will leave your coworkers awestruck!",https://caffinary.com/products/afternoon-blend,https://cdn.shopify.com/s/files/1/0617/6273/2232/files/GA-Tsp-Card.png?v=1773594032,Coffee
Good Afternoon - Roasted on 17/06,Caffinary,1125.0,500g,,"Made using hand-picked Washed Arabica from the SM Plantations, Koraput, Odisha for that chocolatey almond note with a",Koraput,Washed,"After battling the morning hustle at the office, your nerves are rightly calling out for a cuppa. Replenish your diminishing energy (and patience, if we may add!) levels with a cup of our Afternoon blend, enough energy to wake you up, but not enough to disrupt your sleep at night. Did you say amazing? Yes, we know! Made using hand-picked Washed Arabica from the SM Plantations, Koraput, Odisha for that chocolatey almond note with a caramel finish, and blended with the washed Robustas of the Rosegarden Farming Group for a mild bitter kick, this 70% Arabica and 30% Robusta blend is designed to help you sail gracefully through the rest of your day. So get this blend, and get ready for productive afternoons that will leave your coworkers awestruck!",https://caffinary.com/products/afternoon-blend,https://cdn.shopify.com/s/files/1/0617/6273/2232/files/GA-Tsp-Card.png?v=1773594032,Coffee
Good Afternoon - Roasted on 17/06,Caffinary,1125.0,500g,,"Made using hand-picked Washed Arabica from the SM Plantations, Koraput, Odisha for that chocolatey almond note with a",Koraput,Washed,"After battling the morning hustle at the office, your nerves are rightly calling out for a cuppa. Replenish your diminishing energy (and patience, if we may add!) levels with a cup of our Afternoon blend, enough energy to wake you up, but not enough to disrupt your sleep at night. Did you say amazing? Yes, we know! Made using hand-picked Washed Arabica from the SM Plantations, Koraput, Odisha for that chocolatey almond note with a caramel finish, and blended with the washed Robustas of the Rosegarden Farming Group for a mild bitter kick, this 70% Arabica and 30% Robusta blend is designed to help you sail gracefully through the rest of your day. So get this blend, and get ready for productive afternoons that will leave your coworkers awestruck!",https://caffinary.com/products/afternoon-blend,https://cdn.shopify.com/s/files/1/0617/6273/2232/files/GA-Tsp-Card.png?v=1773594032,Coffee
Good Afternoon - Roasted on 17/06,Caffinary,1125.0,500g,,"Made using hand-picked Washed Arabica from the SM Plantations, Koraput, Odisha for that chocolatey almond note with a",Koraput,Washed,"After battling the morning hustle at the office, your nerves are rightly calling out for a cuppa. Replenish your diminishing energy (and patience, if we may add!) levels with a cup of our Afternoon blend, enough energy to wake you up, but not enough to disrupt your sleep at night. Did you say amazing? Yes, we know! Made using hand-picked Washed Arabica from the SM Plantations, Koraput, Odisha for that chocolatey almond note with a caramel finish, and blended with the washed Robustas of the Rosegarden Farming Group for a mild bitter kick, this 70% Arabica and 30% Robusta blend is designed to help you sail gracefully through the rest of your day. So get this blend, and get ready for productive afternoons that will leave your coworkers awestruck!",https://caffinary.com/products/afternoon-blend,https://cdn.shopify.com/s/files/1/0617/6273/2232/files/GA-Tsp-Card.png?v=1773594032,Coffee
Good Afternoon - Roasted on 17/06,Caffinary,1125.0,500g,,"Made using hand-picked Washed Arabica from the SM Plantations, Koraput, Odisha for that chocolatey almond note with a",Koraput,Washed,"After battling the morning hustle at the office, your nerves are rightly calling out for a cuppa. Replenish your diminishing energy (and patience, if we may add!) levels with a cup of our Afternoon blend, enough energy to wake you up, but not enough to disrupt your sleep at night. Did you say amazing? Yes, we know! Made using hand-picked Washed Arabica from the SM Plantations, Koraput, Odisha for that chocolatey almond note with a caramel finish, and blended with the washed Robustas of the Rosegarden Farming Group for a mild bitter kick, this 70% Arabica and 30% Robusta blend is designed to help you sail gracefully through the rest of your day. So get this blend, and get ready for productive afternoons that will leave your coworkers awestruck!",https://caffinary.com/products/afternoon-blend,https://cdn.shopify.com/s/files/1/0617/6273/2232/files/GA-Tsp-Card.png?v=1773594032,Coffee
Good Afternoon - Roasted on 17/06,Caffinary,1125.0,500g,,"Made using hand-picked Washed Arabica from the SM Plantations, Koraput, Odisha for that chocolatey almond note with a",Koraput,Washed,"After battling the morning hustle at the office, your nerves are rightly calling out for a cuppa. Replenish your diminishing energy (and patience, if we may add!) levels with a cup of our Afternoon blend, enough energy to wake you up, but not enough to disrupt your sleep at night. Did you say amazing? Yes, we know! Made using hand-picked Washed Arabica from the SM Plantations, Koraput, Odisha for that chocolatey almond note with a caramel finish, and blended with the washed Robustas of the Rosegarden Farming Group for a mild bitter kick, this 70% Arabica and 30% Robusta blend is designed to help you sail gracefully through the rest of your day. So get this blend, and get ready for productive afternoons that will leave your coworkers awestruck!",https://caffinary.com/products/afternoon-blend,https://cdn.shopify.com/s/files/1/0617/6273/2232/files/GA-Tsp-Card.png?v=1773594032,Coffee
Good Evening - Roasted on 17/06,Caffinary,635.0,250g,Medium-Dark Roast,Product has changed - Please read through carefully. We all need a single,Koraput,ing Washed,"Product has changed - Please read through carefully. We all need a single estate specialty coffee, everyday. This one's that classic. It'll stand by you in all the experiments you can imagine, or you could just lay back and sip your espresso or long black made with this one. Made using the finest washed Arabicas from the Koraput A1 Coffee Estate. Very slightly acidic, this medium dark roast is a really smooth and chocolatey coffee, with balanced sweetness, body, and nuttiness. It's best in an espresso, but feel free to enjoy it in other brewing methods as well. For espresso dial-ins - grind coarser, as the beans are quite dense. Robusta: Arabica - 0-100 Taste Profile Nutty, Caramel, Chocolate, Almond Origin Koraput A-1 Coffee Estate, Koraput, Odisha Processing Washed Elevation 3000+ feet",https://caffinary.com/products/evening-blend,https://cdn.shopify.com/s/files/1/0617/6273/2232/files/GE-Tsp-Card.png?v=1773594094,Coffee
Good Evening - Roasted on 17/06,Caffinary,635.0,250g,Medium-Dark Roast,Product has changed - Please read through carefully. We all need a single,Koraput,ing Washed,"Product has changed - Please read through carefully. We all need a single estate specialty coffee, everyday. This one's that classic. It'll stand by you in all the experiments you can imagine, or you could just lay back and sip your espresso or long black made with this one. Made using the finest washed Arabicas from the Koraput A1 Coffee Estate. Very slightly acidic, this medium dark roast is a really smooth and chocolatey coffee, with balanced sweetness, body, and nuttiness. It's best in an espresso, but feel free to enjoy it in other brewing methods as well. For espresso dial-ins - grind coarser, as the beans are quite dense. Robusta: Arabica - 0-100 Taste Profile Nutty, Caramel, Chocolate, Almond Origin Koraput A-1 Coffee Estate, Koraput, Odisha Processing Washed Elevation 3000+ feet",https://caffinary.com/products/evening-blend,https://cdn.shopify.com/s/files/1/0617/6273/2232/files/GE-Tsp-Card.png?v=1773594094,Coffee
Good Evening - Roasted on 17/06,Caffinary,635.0,250g,Medium-Dark Roast,Product has changed - Please read through carefully. We all need a single,Koraput,ing Washed,"Product has changed - Please read through carefully. We all need a single estate specialty coffee, everyday. This one's that classic. It'll stand by you in all the experiments you can imagine, or you could just lay back and sip your espresso or long black made with this one. Made using the finest washed Arabicas from the Koraput A1 Coffee Estate. Very slightly acidic, this medium dark roast is a really smooth and chocolatey coffee, with balanced sweetness, body, and nuttiness. It's best in an espresso, but feel free to enjoy it in other brewing methods as well. For espresso dial-ins - grind coarser, as the beans are quite dense. Robusta: Arabica - 0-100 Taste Profile Nutty, Caramel, Chocolate, Almond Origin Koraput A-1 Coffee Estate, Koraput, Odisha Processing Washed Elevation 3000+ feet",https://caffinary.com/products/evening-blend,https://cdn.shopify.com/s/files/1/0617/6273/2232/files/GE-Tsp-Card.png?v=1773594094,Coffee
Good Evening - Roasted on 17/06,Caffinary,635.0,250g,Medium-Dark Roast,Product has changed - Please read through carefully. We all need a single,Koraput,ing Washed,"Product has changed - Please read through carefully. We all need a single estate specialty coffee, everyday. This one's that classic. It'll stand by you in all the experiments you can imagine, or you could just lay back and sip your espresso or long black made with this one. Made using the finest washed Arabicas from the Koraput A1 Coffee Estate. Very slightly acidic, this medium dark roast is a really smooth and chocolatey coffee, with balanced sweetness, body, and nuttiness. It's best in an espresso, but feel free to enjoy it in other brewing methods as well. For espresso dial-ins - grind coarser, as the beans are quite dense. Robusta: Arabica - 0-100 Taste Profile Nutty, Caramel, Chocolate, Almond Origin Koraput A-1 Coffee Estate, Koraput, Odisha Processing Washed Elevation 3000+ feet",https://caffinary.com/products/evening-blend,https://cdn.shopify.com/s/files/1/0617/6273/2232/files/GE-Tsp-Card.png?v=1773594094,Coffee
Good Evening - Roasted on 17/06,Caffinary,635.0,250g,Medium-Dark Roast,Product has changed - Please read through carefully. We all need a single,Koraput,ing Washed,"Product has changed - Please read through carefully. We all need a single estate specialty coffee, everyday. This one's that classic. It'll stand by you in all the experiments you can imagine, or you could just lay back and sip your espresso or long black made with this one. Made using the finest washed Arabicas from the Koraput A1 Coffee Estate. Very slightly acidic, this medium dark roast is a really smooth and chocolatey coffee, with balanced sweetness, body, and nuttiness. It's best in an espresso, but feel free to enjoy it in other brewing methods as well. For espresso dial-ins - grind coarser, as the beans are quite dense. Robusta: Arabica - 0-100 Taste Profile Nutty, Caramel, Chocolate, Almond Origin Koraput A-1 Coffee Estate, Koraput, Odisha Processing Washed Elevation 3000+ feet",https://caffinary.com/products/evening-blend,https://cdn.shopify.com/s/files/1/0617/6273/2232/files/GE-Tsp-Card.png?v=1773594094,Coffee
Good Evening - Roasted on 17/06,Caffinary,635.0,250g,Medium-Dark Roast,Product has changed - Please read through carefully. We all need a single,Koraput,ing Washed,"Product has changed - Please read through carefully. We all need a single estate specialty coffee, everyday. This one's that classic. It'll stand by you in all the experiments you can imagine, or you could just lay back and sip your espresso or long black made with this one. Made using the finest washed Arabicas from the Koraput A1 Coffee Estate. Very slightly acidic, this medium dark roast is a really smooth and chocolatey coffee, with balanced sweetness, body, and nuttiness. It's best in an espresso, but feel free to enjoy it in other brewing methods as well. For espresso dial-ins - grind coarser, as the beans are quite dense. Robusta: Arabica - 0-100 Taste Profile Nutty, Caramel, Chocolate, Almond Origin Koraput A-1 Coffee Estate, Koraput, Odisha Processing Washed Elevation 3000+ feet",https://caffinary.com/products/evening-blend,https://cdn.shopify.com/s/files/1/0617/6273/2232/files/GE-Tsp-Card.png?v=1773594094,Coffee
Good Evening - Roasted on 17/06,Caffinary,635.0,250g,Medium-Dark Roast,Product has changed - Please read through carefully. We all need a single,Koraput,ing Washed,"Product has changed - Please read through carefully. We all need a single estate specialty coffee, everyday. This one's that classic. It'll stand by you in all the experiments you can imagine, or you could just lay back and sip your espresso or long black made with this one. Made using the finest washed Arabicas from the Koraput A1 Coffee Estate. Very slightly acidic, this medium dark roast is a really smooth and chocolatey coffee, with balanced sweetness, body, and nuttiness. It's best in an espresso, but feel free to enjoy it in other brewing methods as well. For espresso dial-ins - grind coarser, as the beans are quite dense. Robusta: Arabica - 0-100 Taste Profile Nutty, Caramel, Chocolate, Almond Origin Koraput A-1 Coffee Estate, Koraput, Odisha Processing Washed Elevation 3000+ feet",https://caffinary.com/products/evening-blend,https://cdn.shopify.com/s/files/1/0617/6273/2232/files/GE-Tsp-Card.png?v=1773594094,Coffee
Good Evening - Roasted on 17/06,Caffinary,635.0,250g,Medium-Dark Roast,Product has changed - Please read through carefully. We all need a single,Koraput,ing Washed,"Product has changed - Please read through carefully. We all need a single estate specialty coffee, everyday. This one's that classic. It'll stand by you in all the experiments you can imagine, or you could just lay back and sip your espresso or long black made with this one. Made using the finest washed Arabicas from the Koraput A1 Coffee Estate. Very slightly acidic, this medium dark roast is a really smooth and chocolatey coffee, with balanced sweetness, body, and nuttiness. It's best in an espresso, but feel free to enjoy it in other brewing methods as well. For espresso dial-ins - grind coarser, as the beans are quite dense. Robusta: Arabica - 0-100 Taste Profile Nutty, Caramel, Chocolate, Almond Origin Koraput A-1 Coffee Estate, Koraput, Odisha Processing Washed Elevation 3000+ feet",https://caffinary.com/products/evening-blend,https://cdn.shopify.com/s/files/1/0617/6273/2232/files/GE-Tsp-Card.png?v=1773594094,Coffee
Good Evening - Roasted on 17/06,Caffinary,635.0,250g,Medium-Dark Roast,Product has changed - Please read through carefully. We all need a single,Koraput,ing Washed,"Product has changed - Please read through carefully. We all need a single estate specialty coffee, everyday. This one's that classic. It'll stand by you in all the experiments you can imagine, or you could just lay back and sip your espresso or long black made with this one. Made using the finest washed Arabicas from the Koraput A1 Coffee Estate. Very slightly acidic, this medium dark roast is a really smooth and chocolatey coffee, with balanced sweetness, body, and nuttiness. It's best in an espresso, but feel free to enjoy it in other brewing methods as well. For espresso dial-ins - grind coarser, as the beans are quite dense. Robusta: Arabica - 0-100 Taste Profile Nutty, Caramel, Chocolate, Almond Origin Koraput A-1 Coffee Estate, Koraput, Odisha Processing Washed Elevation 3000+ feet",https://caffinary.com/products/evening-blend,https://cdn.shopify.com/s/files/1/0617/6273/2232/files/GE-Tsp-Card.png?v=1773594094,Coffee
Good Evening - Roasted on 17/06,Caffinary,1230.0,500g,Medium-Dark Roast,Product has changed - Please read through carefully. We all need a single,Koraput,ing Washed,"Product has changed - Please read through carefully. We all need a single estate specialty coffee, everyday. This one's that classic. It'll stand by you in all the experiments you can imagine, or you could just lay back and sip your espresso or long black made with this one. Made using the finest washed Arabicas from the Koraput A1 Coffee Estate. Very slightly acidic, this medium dark roast is a really smooth and chocolatey coffee, with balanced sweetness, body, and nuttiness. It's best in an espresso, but feel free to enjoy it in other brewing methods as well. For espresso dial-ins - grind coarser, as the beans are quite dense. Robusta: Arabica - 0-100 Taste Profile Nutty, Caramel, Chocolate, Almond Origin Koraput A-1 Coffee Estate, Koraput, Odisha Processing Washed Elevation 3000+ feet",https://caffinary.com/products/evening-blend,https://cdn.shopify.com/s/files/1/0617/6273/2232/files/GE-Tsp-Card.png?v=1773594094,Coffee
Good Evening - Roasted on 17/06,Caffinary,1230.0,500g,Medium-Dark Roast,Product has changed - Please read through carefully. We all need a single,Koraput,ing Washed,"Product has changed - Please read through carefully. We all need a single estate specialty coffee, everyday. This one's that classic. It'll stand by you in all the experiments you can imagine, or you could just lay back and sip your espresso or long black made with this one. Made using the finest washed Arabicas from the Koraput A1 Coffee Estate. Very slightly acidic, this medium dark roast is a really smooth and chocolatey coffee, with balanced sweetness, body, and nuttiness. It's best in an espresso, but feel free to enjoy it in other brewing methods as well. For espresso dial-ins - grind coarser, as the beans are quite dense. Robusta: Arabica - 0-100 Taste Profile Nutty, Caramel, Chocolate, Almond Origin Koraput A-1 Coffee Estate, Koraput, Odisha Processing Washed Elevation 3000+ feet",https://caffinary.com/products/evening-blend,https://cdn.shopify.com/s/files/1/0617/6273/2232/files/GE-Tsp-Card.png?v=1773594094,Coffee
Good Evening - Roasted on 17/06,Caffinary,1230.0,500g,Medium-Dark Roast,Product has changed - Please read through carefully. We all need a single,Koraput,ing Washed,"Product has changed - Please read through carefully. We all need a single estate specialty coffee, everyday. This one's that classic. It'll stand by you in all the experiments you can imagine, or you could just lay back and sip your espresso or long black made with this one. Made using the finest washed Arabicas from the Koraput A1 Coffee Estate. Very slightly acidic, this medium dark roast is a really smooth and chocolatey coffee, with balanced sweetness, body, and nuttiness. It's best in an espresso, but feel free to enjoy it in other brewing methods as well. For espresso dial-ins - grind coarser, as the beans are quite dense. Robusta: Arabica - 0-100 Taste Profile Nutty, Caramel, Chocolate, Almond Origin Koraput A-1 Coffee Estate, Koraput, Odisha Processing Washed Elevation 3000+ feet",https://caffinary.com/products/evening-blend,https://cdn.shopify.com/s/files/1/0617/6273/2232/files/GE-Tsp-Card.png?v=1773594094,Coffee
Good Evening - Roasted on 17/06,Caffinary,1230.0,500g,Medium-Dark Roast,Product has changed - Please read through carefully. We all need a single,Koraput,ing Washed,"Product has changed - Please read through carefully. We all need a single estate specialty coffee, everyday. This one's that classic. It'll stand by you in all the experiments you can imagine, or you could just lay back and sip your espresso or long black made with this one. Made using the finest washed Arabicas from the Koraput A1 Coffee Estate. Very slightly acidic, this medium dark roast is a really smooth and chocolatey coffee, with balanced sweetness, body, and nuttiness. It's best in an espresso, but feel free to enjoy it in other brewing methods as well. For espresso dial-ins - grind coarser, as the beans are quite dense. Robusta: Arabica - 0-100 Taste Profile Nutty, Caramel, Chocolate, Almond Origin Koraput A-1 Coffee Estate, Koraput, Odisha Processing Washed Elevation 3000+ feet",https://caffinary.com/products/evening-blend,https://cdn.shopify.com/s/files/1/0617/6273/2232/files/GE-Tsp-Card.png?v=1773594094,Coffee
Good Evening - Roasted on 17/06,Caffinary,1230.0,500g,Medium-Dark Roast,Product has changed - Please read through carefully. We all need a single,Koraput,ing Washed,"Product has changed - Please read through carefully. We all need a single estate specialty coffee, everyday. This one's that classic. It'll stand by you in all the experiments you can imagine, or you could just lay back and sip your espresso or long black made with this one. Made using the finest washed Arabicas from the Koraput A1 Coffee Estate. Very slightly acidic, this medium dark roast is a really smooth and chocolatey coffee, with balanced sweetness, body, and nuttiness. It's best in an espresso, but feel free to enjoy it in other brewing methods as well. For espresso dial-ins - grind coarser, as the beans are quite dense. Robusta: Arabica - 0-100 Taste Profile Nutty, Caramel, Chocolate, Almond Origin Koraput A-1 Coffee Estate, Koraput, Odisha Processing Washed Elevation 3000+ feet",https://caffinary.com/products/evening-blend,https://cdn.shopify.com/s/files/1/0617/6273/2232/files/GE-Tsp-Card.png?v=1773594094,Coffee
Good Evening - Roasted on 17/06,Caffinary,1230.0,500g,Medium-Dark Roast,Product has changed - Please read through carefully. We all need a single,Koraput,ing Washed,"Product has changed - Please read through carefully. We all need a single estate specialty coffee, everyday. This one's that classic. It'll stand by you in all the experiments you can imagine, or you could just lay back and sip your espresso or long black made with this one. Made using the finest washed Arabicas from the Koraput A1 Coffee Estate. Very slightly acidic, this medium dark roast is a really smooth and chocolatey coffee, with balanced sweetness, body, and nuttiness. It's best in an espresso, but feel free to enjoy it in other brewing methods as well. For espresso dial-ins - grind coarser, as the beans are quite dense. Robusta: Arabica - 0-100 Taste Profile Nutty, Caramel, Chocolate, Almond Origin Koraput A-1 Coffee Estate, Koraput, Odisha Processing Washed Elevation 3000+ feet",https://caffinary.com/products/evening-blend,https://cdn.shopify.com/s/files/1/0617/6273/2232/files/GE-Tsp-Card.png?v=1773594094,Coffee
Good Evening - Roasted on 17/06,Caffinary,1230.0,500g,Medium-Dark Roast,Product has changed - Please read through carefully. We all need a single,Koraput,ing Washed,"Product has changed - Please read through carefully. We all need a single estate specialty coffee, everyday. This one's that classic. It'll stand by you in all the experiments you can imagine, or you could just lay back and sip your espresso or long black made with this one. Made using the finest washed Arabicas from the Koraput A1 Coffee Estate. Very slightly acidic, this medium dark roast is a really smooth and chocolatey coffee, with balanced sweetness, body, and nuttiness. It's best in an espresso, but feel free to enjoy it in other brewing methods as well. For espresso dial-ins - grind coarser, as the beans are quite dense. Robusta: Arabica - 0-100 Taste Profile Nutty, Caramel, Chocolate, Almond Origin Koraput A-1 Coffee Estate, Koraput, Odisha Processing Washed Elevation 3000+ feet",https://caffinary.com/products/evening-blend,https://cdn.shopify.com/s/files/1/0617/6273/2232/files/GE-Tsp-Card.png?v=1773594094,Coffee
Good Evening - Roasted on 17/06,Caffinary,1230.0,500g,Medium-Dark Roast,Product has changed - Please read through carefully. We all need a single,Koraput,ing Washed,"Product has changed - Please read through carefully. We all need a single estate specialty coffee, everyday. This one's that classic. It'll stand by you in all the experiments you can imagine, or you could just lay back and sip your espresso or long black made with this one. Made using the finest washed Arabicas from the Koraput A1 Coffee Estate. Very slightly acidic, this medium dark roast is a really smooth and chocolatey coffee, with balanced sweetness, body, and nuttiness. It's best in an espresso, but feel free to enjoy it in other brewing methods as well. For espresso dial-ins - grind coarser, as the beans are quite dense. Robusta: Arabica - 0-100 Taste Profile Nutty, Caramel, Chocolate, Almond Origin Koraput A-1 Coffee Estate, Koraput, Odisha Processing Washed Elevation 3000+ feet",https://caffinary.com/products/evening-blend,https://cdn.shopify.com/s/files/1/0617/6273/2232/files/GE-Tsp-Card.png?v=1773594094,Coffee
Good Evening - Roasted on 17/06,Caffinary,1230.0,500g,Medium-Dark Roast,Product has changed - Please read through carefully. We all need a single,Koraput,ing Washed,"Product has changed - Please read through carefully. We all need a single estate specialty coffee, everyday. This one's that classic. It'll stand by you in all the experiments you can imagine, or you could just lay back and sip your espresso or long black made with this one. Made using the finest washed Arabicas from the Koraput A1 Coffee Estate. Very slightly acidic, this medium dark roast is a really smooth and chocolatey coffee, with balanced sweetness, body, and nuttiness. It's best in an espresso, but feel free to enjoy it in other brewing methods as well. For espresso dial-ins - grind coarser, as the beans are quite dense. Robusta: Arabica - 0-100 Taste Profile Nutty, Caramel, Chocolate, Almond Origin Koraput A-1 Coffee Estate, Koraput, Odisha Processing Washed Elevation 3000+ feet",https://caffinary.com/products/evening-blend,https://cdn.shopify.com/s/files/1/0617/6273/2232/files/GE-Tsp-Card.png?v=1773594094,Coffee
Good Morning - Roasted on 17/06,Caffinary,545.0,250g,,"We use Koraput's Washed Arabica, sourced from the SM Plantation which has chocolatey notes",Koraput,Washed,"Labouring to open your eyes in the morning? Kick up your morning routine with our special coffee, designed to give your morning that extra dose of energy. We use Koraput's Washed Arabica, sourced from the SM Plantation which has chocolatey notes, and washed Robustas from Rosegarden Farming Group, which add a smooth, caffeine punch to our coffees. The 50-50 blend of these carefully selected coffee beans will give you the perfect wake-up call, and get you ready for a fruitful day ahead of you! So what are you waiting for? Get ready for the most energetic mornings ever! Robusta: Arabica % - 50-50",https://caffinary.com/products/morning-blend,https://cdn.shopify.com/s/files/1/0617/6273/2232/files/GM-Tsp-Card.png?v=1773594135,Coffee
Good Morning - Roasted on 17/06,Caffinary,545.0,250g,,"We use Koraput's Washed Arabica, sourced from the SM Plantation which has chocolatey notes",Koraput,Washed,"Labouring to open your eyes in the morning? Kick up your morning routine with our special coffee, designed to give your morning that extra dose of energy. We use Koraput's Washed Arabica, sourced from the SM Plantation which has chocolatey notes, and washed Robustas from Rosegarden Farming Group, which add a smooth, caffeine punch to our coffees. The 50-50 blend of these carefully selected coffee beans will give you the perfect wake-up call, and get you ready for a fruitful day ahead of you! So what are you waiting for? Get ready for the most energetic mornings ever! Robusta: Arabica % - 50-50",https://caffinary.com/products/morning-blend,https://cdn.shopify.com/s/files/1/0617/6273/2232/files/GM-Tsp-Card.png?v=1773594135,Coffee
Good Morning - Roasted on 17/06,Caffinary,545.0,250g,,"We use Koraput's Washed Arabica, sourced from the SM Plantation which has chocolatey notes",Koraput,Washed,"Labouring to open your eyes in the morning? Kick up your morning routine with our special coffee, designed to give your morning that extra dose of energy. We use Koraput's Washed Arabica, sourced from the SM Plantation which has chocolatey notes, and washed Robustas from Rosegarden Farming Group, which add a smooth, caffeine punch to our coffees. The 50-50 blend of these carefully selected coffee beans will give you the perfect wake-up call, and get you ready for a fruitful day ahead of you! So what are you waiting for? Get ready for the most energetic mornings ever! Robusta: Arabica % - 50-50",https://caffinary.com/products/morning-blend,https://cdn.shopify.com/s/files/1/0617/6273/2232/files/GM-Tsp-Card.png?v=1773594135,Coffee
Good Morning - Roasted on 17/06,Caffinary,545.0,250g,,"We use Koraput's Washed Arabica, sourced from the SM Plantation which has chocolatey notes",Koraput,Washed,"Labouring to open your eyes in the morning? Kick up your morning routine with our special coffee, designed to give your morning that extra dose of energy. We use Koraput's Washed Arabica, sourced from the SM Plantation which has chocolatey notes, and washed Robustas from Rosegarden Farming Group, which add a smooth, caffeine punch to our coffees. The 50-50 blend of these carefully selected coffee beans will give you the perfect wake-up call, and get you ready for a fruitful day ahead of you! So what are you waiting for? Get ready for the most energetic mornings ever! Robusta: Arabica % - 50-50",https://caffinary.com/products/morning-blend,https://cdn.shopify.com/s/files/1/0617/6273/2232/files/GM-Tsp-Card.png?v=1773594135,Coffee
Good Morning - Roasted on 17/06,Caffinary,545.0,250g,,"We use Koraput's Washed Arabica, sourced from the SM Plantation which has chocolatey notes",Koraput,Washed,"Labouring to open your eyes in the morning? Kick up your morning routine with our special coffee, designed to give your morning that extra dose of energy. We use Koraput's Washed Arabica, sourced from the SM Plantation which has chocolatey notes, and washed Robustas from Rosegarden Farming Group, which add a smooth, caffeine punch to our coffees. The 50-50 blend of these carefully selected coffee beans will give you the perfect wake-up call, and get you ready for a fruitful day ahead of you! So what are you waiting for? Get ready for the most energetic mornings ever! Robusta: Arabica % - 50-50",https://caffinary.com/products/morning-blend,https://cdn.shopify.com/s/files/1/0617/6273/2232/files/GM-Tsp-Card.png?v=1773594135,Coffee
Good Morning - Roasted on 17/06,Caffinary,545.0,250g,,"We use Koraput's Washed Arabica, sourced from the SM Plantation which has chocolatey notes",Koraput,Washed,"Labouring to open your eyes in the morning? Kick up your morning routine with our special coffee, designed to give your morning that extra dose of energy. We use Koraput's Washed Arabica, sourced from the SM Plantation which has chocolatey notes, and washed Robustas from Rosegarden Farming Group, which add a smooth, caffeine punch to our coffees. The 50-50 blend of these carefully selected coffee beans will give you the perfect wake-up call, and get you ready for a fruitful day ahead of you! So what are you waiting for? Get ready for the most energetic mornings ever! Robusta: Arabica % - 50-50",https://caffinary.com/products/morning-blend,https://cdn.shopify.com/s/files/1/0617/6273/2232/files/GM-Tsp-Card.png?v=1773594135,Coffee
Good Morning - Roasted on 17/06,Caffinary,545.0,250g,,"We use Koraput's Washed Arabica, sourced from the SM Plantation which has chocolatey notes",Koraput,Washed,"Labouring to open your eyes in the morning? Kick up your morning routine with our special coffee, designed to give your morning that extra dose of energy. We use Koraput's Washed Arabica, sourced from the SM Plantation which has chocolatey notes, and washed Robustas from Rosegarden Farming Group, which add a smooth, caffeine punch to our coffees. The 50-50 blend of these carefully selected coffee beans will give you the perfect wake-up call, and get you ready for a fruitful day ahead of you! So what are you waiting for? Get ready for the most energetic mornings ever! Robusta: Arabica % - 50-50",https://caffinary.com/products/morning-blend,https://cdn.shopify.com/s/files/1/0617/6273/2232/files/GM-Tsp-Card.png?v=1773594135,Coffee
Good Morning - Roasted on 17/06,Caffinary,545.0,250g,,"We use Koraput's Washed Arabica, sourced from the SM Plantation which has chocolatey notes",Koraput,Washed,"Labouring to open your eyes in the morning? Kick up your morning routine with our special coffee, designed to give your morning that extra dose of energy. We use Koraput's Washed Arabica, sourced from the SM Plantation which has chocolatey notes, and washed Robustas from Rosegarden Farming Group, which add a smooth, caffeine punch to our coffees. The 50-50 blend of these carefully selected coffee beans will give you the perfect wake-up call, and get you ready for a fruitful day ahead of you! So what are you waiting for? Get ready for the most energetic mornings ever! Robusta: Arabica % - 50-50",https://caffinary.com/products/morning-blend,https://cdn.shopify.com/s/files/1/0617/6273/2232/files/GM-Tsp-Card.png?v=1773594135,Coffee
Good Morning - Roasted on 17/06,Caffinary,545.0,250g,,"We use Koraput's Washed Arabica, sourced from the SM Plantation which has chocolatey notes",Koraput,Washed,"Labouring to open your eyes in the morning? Kick up your morning routine with our special coffee, designed to give your morning that extra dose of energy. We use Koraput's Washed Arabica, sourced from the SM Plantation which has chocolatey notes, and washed Robustas from Rosegarden Farming Group, which add a smooth, caffeine punch to our coffees. The 50-50 blend of these carefully selected coffee beans will give you the perfect wake-up call, and get you ready for a fruitful day ahead of you! So what are you waiting for? Get ready for the most energetic mornings ever! Robusta: Arabica % - 50-50",https://caffinary.com/products/morning-blend,https://cdn.shopify.com/s/files/1/0617/6273/2232/files/GM-Tsp-Card.png?v=1773594135,Coffee
Good Morning - Roasted on 17/06,Caffinary,1055.0,500g,,"We use Koraput's Washed Arabica, sourced from the SM Plantation which has chocolatey notes",Koraput,Washed,"Labouring to open your eyes in the morning? Kick up your morning routine with our special coffee, designed to give your morning that extra dose of energy. We use Koraput's Washed Arabica, sourced from the SM Plantation which has chocolatey notes, and washed Robustas from Rosegarden Farming Group, which add a smooth, caffeine punch to our coffees. The 50-50 blend of these carefully selected coffee beans will give you the perfect wake-up call, and get you ready for a fruitful day ahead of you! So what are you waiting for? Get ready for the most energetic mornings ever! Robusta: Arabica % - 50-50",https://caffinary.com/products/morning-blend,https://cdn.shopify.com/s/files/1/0617/6273/2232/files/GM-Tsp-Card.png?v=1773594135,Coffee
Good Morning - Roasted on 17/06,Caffinary,1055.0,500g,,"We use Koraput's Washed Arabica, sourced from the SM Plantation which has chocolatey notes",Koraput,Washed,"Labouring to open your eyes in the morning? Kick up your morning routine with our special coffee, designed to give your morning that extra dose of energy. We use Koraput's Washed Arabica, sourced from the SM Plantation which has chocolatey notes, and washed Robustas from Rosegarden Farming Group, which add a smooth, caffeine punch to our coffees. The 50-50 blend of these carefully selected coffee beans will give you the perfect wake-up call, and get you ready for a fruitful day ahead of you! So what are you waiting for? Get ready for the most energetic mornings ever! Robusta: Arabica % - 50-50",https://caffinary.com/products/morning-blend,https://cdn.shopify.com/s/files/1/0617/6273/2232/files/GM-Tsp-Card.png?v=1773594135,Coffee
Good Morning - Roasted on 17/06,Caffinary,1055.0,500g,,"We use Koraput's Washed Arabica, sourced from the SM Plantation which has chocolatey notes",Koraput,Washed,"Labouring to open your eyes in the morning? Kick up your morning routine with our special coffee, designed to give your morning that extra dose of energy. We use Koraput's Washed Arabica, sourced from the SM Plantation which has chocolatey notes, and washed Robustas from Rosegarden Farming Group, which add a smooth, caffeine punch to our coffees. The 50-50 blend of these carefully selected coffee beans will give you the perfect wake-up call, and get you ready for a fruitful day ahead of you! So what are you waiting for? Get ready for the most energetic mornings ever! Robusta: Arabica % - 50-50",https://caffinary.com/products/morning-blend,https://cdn.shopify.com/s/files/1/0617/6273/2232/files/GM-Tsp-Card.png?v=1773594135,Coffee
Good Morning - Roasted on 17/06,Caffinary,1055.0,500g,,"We use Koraput's Washed Arabica, sourced from the SM Plantation which has chocolatey notes",Koraput,Washed,"Labouring to open your eyes in the morning? Kick up your morning routine with our special coffee, designed to give your morning that extra dose of energy. We use Koraput's Washed Arabica, sourced from the SM Plantation which has chocolatey notes, and washed Robustas from Rosegarden Farming Group, which add a smooth, caffeine punch to our coffees. The 50-50 blend of these carefully selected coffee beans will give you the perfect wake-up call, and get you ready for a fruitful day ahead of you! So what are you waiting for? Get ready for the most energetic mornings ever! Robusta: Arabica % - 50-50",https://caffinary.com/products/morning-blend,https://cdn.shopify.com/s/files/1/0617/6273/2232/files/GM-Tsp-Card.png?v=1773594135,Coffee
Good Morning - Roasted on 17/06,Caffinary,1055.0,500g,,"We use Koraput's Washed Arabica, sourced from the SM Plantation which has chocolatey notes",Koraput,Washed,"Labouring to open your eyes in the morning? Kick up your morning routine with our special coffee, designed to give your morning that extra dose of energy. We use Koraput's Washed Arabica, sourced from the SM Plantation which has chocolatey notes, and washed Robustas from Rosegarden Farming Group, which add a smooth, caffeine punch to our coffees. The 50-50 blend of these carefully selected coffee beans will give you the perfect wake-up call, and get you ready for a fruitful day ahead of you! So what are you waiting for? Get ready for the most energetic mornings ever! Robusta: Arabica % - 50-50",https://caffinary.com/products/morning-blend,https://cdn.shopify.com/s/files/1/0617/6273/2232/files/GM-Tsp-Card.png?v=1773594135,Coffee
Good Morning - Roasted on 17/06,Caffinary,1055.0,500g,,"We use Koraput's Washed Arabica, sourced from the SM Plantation which has chocolatey notes",Koraput,Washed,"Labouring to open your eyes in the morning? Kick up your morning routine with our special coffee, designed to give your morning that extra dose of energy. We use Koraput's Washed Arabica, sourced from the SM Plantation which has chocolatey notes, and washed Robustas from Rosegarden Farming Group, which add a smooth, caffeine punch to our coffees. The 50-50 blend of these carefully selected coffee beans will give you the perfect wake-up call, and get you ready for a fruitful day ahead of you! So what are you waiting for? Get ready for the most energetic mornings ever! Robusta: Arabica % - 50-50",https://caffinary.com/products/morning-blend,https://cdn.shopify.com/s/files/1/0617/6273/2232/files/GM-Tsp-Card.png?v=1773594135,Coffee
Good Morning - Roasted on 17/06,Caffinary,1055.0,500g,,"We use Koraput's Washed Arabica, sourced from the SM Plantation which has chocolatey notes",Koraput,Washed,"Labouring to open your eyes in the morning? Kick up your morning routine with our special coffee, designed to give your morning that extra dose of energy. We use Koraput's Washed Arabica, sourced from the SM Plantation which has chocolatey notes, and washed Robustas from Rosegarden Farming Group, which add a smooth, caffeine punch to our coffees. The 50-50 blend of these carefully selected coffee beans will give you the perfect wake-up call, and get you ready for a fruitful day ahead of you! So what are you waiting for? Get ready for the most energetic mornings ever! Robusta: Arabica % - 50-50",https://caffinary.com/products/morning-blend,https://cdn.shopify.com/s/files/1/0617/6273/2232/files/GM-Tsp-Card.png?v=1773594135,Coffee
Good Morning - Roasted on 17/06,Caffinary,1055.0,500g,,"We use Koraput's Washed Arabica, sourced from the SM Plantation which has chocolatey notes",Koraput,Washed,"Labouring to open your eyes in the morning? Kick up your morning routine with our special coffee, designed to give your morning that extra dose of energy. We use Koraput's Washed Arabica, sourced from the SM Plantation which has chocolatey notes, and washed Robustas from Rosegarden Farming Group, which add a smooth, caffeine punch to our coffees. The 50-50 blend of these carefully selected coffee beans will give you the perfect wake-up call, and get you ready for a fruitful day ahead of you! So what are you waiting for? Get ready for the most energetic mornings ever! Robusta: Arabica % - 50-50",https://caffinary.com/products/morning-blend,https://cdn.shopify.com/s/files/1/0617/6273/2232/files/GM-Tsp-Card.png?v=1773594135,Coffee
Good Morning - Roasted on 17/06,Caffinary,1055.0,500g,,"We use Koraput's Washed Arabica, sourced from the SM Plantation which has chocolatey notes",Koraput,Washed,"Labouring to open your eyes in the morning? Kick up your morning routine with our special coffee, designed to give your morning that extra dose of energy. We use Koraput's Washed Arabica, sourced from the SM Plantation which has chocolatey notes, and washed Robustas from Rosegarden Farming Group, which add a smooth, caffeine punch to our coffees. The 50-50 blend of these carefully selected coffee beans will give you the perfect wake-up call, and get you ready for a fruitful day ahead of you! So what are you waiting for? Get ready for the most energetic mornings ever! Robusta: Arabica % - 50-50",https://caffinary.com/products/morning-blend,https://cdn.shopify.com/s/files/1/0617/6273/2232/files/GM-Tsp-Card.png?v=1773594135,Coffee
Pre-Workout - Roasted on 17/06,Caffinary,490.0,250g,,,Wayanad,ing Washed,"Robustas are an important part of our day - and using them as a pre-workout has been a constant for us. To do this the Award Winning Way, we have partnered with Roesgarden Farming Group - an award winning estate - with a variety so unique, it looks like an Arabica. Made using superior TR9 varietal, this estate based in Wayanad, Kerala, is a model farm for educational institutes, with good intercropping practices, irrigation, model soil health and plant nutrition. We've chosen the washed coffee from this estate for its clean flavour - the cup shall give you an adrenaline boost, without compromising on taste. 100% Robusta This coffee is also used in our Daily Drivers Blends - Good Morning, Good Afternoon & Midnight Fuel Taste Profile Whiskey, Tobacco, Grapes, Plum, Berry Hints Origin Rosegarden Farming Group, Wayanad, KL Processing Washed Elevation 3000 ft",https://caffinary.com/products/pre-workout,https://cdn.shopify.com/s/files/1/0617/6273/2232/files/PW-Tsp-Card_84a3ef09-eb01-4a53-b417-80c85c3e086b.png?v=1780429597,Coffee
Pre-Workout - Roasted on 17/06,Caffinary,490.0,250g,,,Wayanad,ing Washed,"Robustas are an important part of our day - and using them as a pre-workout has been a constant for us. To do this the Award Winning Way, we have partnered with Roesgarden Farming Group - an award winning estate - with a variety so unique, it looks like an Arabica. Made using superior TR9 varietal, this estate based in Wayanad, Kerala, is a model farm for educational institutes, with good intercropping practices, irrigation, model soil health and plant nutrition. We've chosen the washed coffee from this estate for its clean flavour - the cup shall give you an adrenaline boost, without compromising on taste. 100% Robusta This coffee is also used in our Daily Drivers Blends - Good Morning, Good Afternoon & Midnight Fuel Taste Profile Whiskey, Tobacco, Grapes, Plum, Berry Hints Origin Rosegarden Farming Group, Wayanad, KL Processing Washed Elevation 3000 ft",https://caffinary.com/products/pre-workout,https://cdn.shopify.com/s/files/1/0617/6273/2232/files/PW-Tsp-Card_84a3ef09-eb01-4a53-b417-80c85c3e086b.png?v=1780429597,Coffee
Pre-Workout - Roasted on 17/06,Caffinary,490.0,250g,,,Wayanad,ing Washed,"Robustas are an important part of our day - and using them as a pre-workout has been a constant for us. To do this the Award Winning Way, we have partnered with Roesgarden Farming Group - an award winning estate - with a variety so unique, it looks like an Arabica. Made using superior TR9 varietal, this estate based in Wayanad, Kerala, is a model farm for educational institutes, with good intercropping practices, irrigation, model soil health and plant nutrition. We've chosen the washed coffee from this estate for its clean flavour - the cup shall give you an adrenaline boost, without compromising on taste. 100% Robusta This coffee is also used in our Daily Drivers Blends - Good Morning, Good Afternoon & Midnight Fuel Taste Profile Whiskey, Tobacco, Grapes, Plum, Berry Hints Origin Rosegarden Farming Group, Wayanad, KL Processing Washed Elevation 3000 ft",https://caffinary.com/products/pre-workout,https://cdn.shopify.com/s/files/1/0617/6273/2232/files/PW-Tsp-Card_84a3ef09-eb01-4a53-b417-80c85c3e086b.png?v=1780429597,Coffee
Pre-Workout - Roasted on 17/06,Caffinary,490.0,250g,,,Wayanad,ing Washed,"Robustas are an important part of our day - and using them as a pre-workout has been a constant for us. To do this the Award Winning Way, we have partnered with Roesgarden Farming Group - an award winning estate - with a variety so unique, it looks like an Arabica. Made using superior TR9 varietal, this estate based in Wayanad, Kerala, is a model farm for educational institutes, with good intercropping practices, irrigation, model soil health and plant nutrition. We've chosen the washed coffee from this estate for its clean flavour - the cup shall give you an adrenaline boost, without compromising on taste. 100% Robusta This coffee is also used in our Daily Drivers Blends - Good Morning, Good Afternoon & Midnight Fuel Taste Profile Whiskey, Tobacco, Grapes, Plum, Berry Hints Origin Rosegarden Farming Group, Wayanad, KL Processing Washed Elevation 3000 ft",https://caffinary.com/products/pre-workout,https://cdn.shopify.com/s/files/1/0617/6273/2232/files/PW-Tsp-Card_84a3ef09-eb01-4a53-b417-80c85c3e086b.png?v=1780429597,Coffee
Pre-Workout - Roasted on 17/06,Caffinary,490.0,250g,,,Wayanad,ing Washed,"Robustas are an important part of our day - and using them as a pre-workout has been a constant for us. To do this the Award Winning Way, we have partnered with Roesgarden Farming Group - an award winning estate - with a variety so unique, it looks like an Arabica. Made using superior TR9 varietal, this estate based in Wayanad, Kerala, is a model farm for educational institutes, with good intercropping practices, irrigation, model soil health and plant nutrition. We've chosen the washed coffee from this estate for its clean flavour - the cup shall give you an adrenaline boost, without compromising on taste. 100% Robusta This coffee is also used in our Daily Drivers Blends - Good Morning, Good Afternoon & Midnight Fuel Taste Profile Whiskey, Tobacco, Grapes, Plum, Berry Hints Origin Rosegarden Farming Group, Wayanad, KL Processing Washed Elevation 3000 ft",https://caffinary.com/products/pre-workout,https://cdn.shopify.com/s/files/1/0617/6273/2232/files/PW-Tsp-Card_84a3ef09-eb01-4a53-b417-80c85c3e086b.png?v=1780429597,Coffee
Pre-Workout - Roasted on 17/06,Caffinary,490.0,250g,,,Wayanad,ing Washed,"Robustas are an important part of our day - and using them as a pre-workout has been a constant for us. To do this the Award Winning Way, we have partnered with Roesgarden Farming Group - an award winning estate - with a variety so unique, it looks like an Arabica. Made using superior TR9 varietal, this estate based in Wayanad, Kerala, is a model farm for educational institutes, with good intercropping practices, irrigation, model soil health and plant nutrition. We've chosen the washed coffee from this estate for its clean flavour - the cup shall give you an adrenaline boost, without compromising on taste. 100% Robusta This coffee is also used in our Daily Drivers Blends - Good Morning, Good Afternoon & Midnight Fuel Taste Profile Whiskey, Tobacco, Grapes, Plum, Berry Hints Origin Rosegarden Farming Group, Wayanad, KL Processing Washed Elevation 3000 ft",https://caffinary.com/products/pre-workout,https://cdn.shopify.com/s/files/1/0617/6273/2232/files/PW-Tsp-Card_84a3ef09-eb01-4a53-b417-80c85c3e086b.png?v=1780429597,Coffee
Pre-Workout - Roasted on 17/06,Caffinary,490.0,250g,,,Wayanad,ing Washed,"Robustas are an important part of our day - and using them as a pre-workout has been a constant for us. To do this the Award Winning Way, we have partnered with Roesgarden Farming Group - an award winning estate - with a variety so unique, it looks like an Arabica. Made using superior TR9 varietal, this estate based in Wayanad, Kerala, is a model farm for educational institutes, with good intercropping practices, irrigation, model soil health and plant nutrition. We've chosen the washed coffee from this estate for its clean flavour - the cup shall give you an adrenaline boost, without compromising on taste. 100% Robusta This coffee is also used in our Daily Drivers Blends - Good Morning, Good Afternoon & Midnight Fuel Taste Profile Whiskey, Tobacco, Grapes, Plum, Berry Hints Origin Rosegarden Farming Group, Wayanad, KL Processing Washed Elevation 3000 ft",https://caffinary.com/products/pre-workout,https://cdn.shopify.com/s/files/1/0617/6273/2232/files/PW-Tsp-Card_84a3ef09-eb01-4a53-b417-80c85c3e086b.png?v=1780429597,Coffee
Pre-Workout - Roasted on 17/06,Caffinary,490.0,250g,,,Wayanad,ing Washed,"Robustas are an important part of our day - and using them as a pre-workout has been a constant for us. To do this the Award Winning Way, we have partnered with Roesgarden Farming Group - an award winning estate - with a variety so unique, it looks like an Arabica. Made using superior TR9 varietal, this estate based in Wayanad, Kerala, is a model farm for educational institutes, with good intercropping practices, irrigation, model soil health and plant nutrition. We've chosen the washed coffee from this estate for its clean flavour - the cup shall give you an adrenaline boost, without compromising on taste. 100% Robusta This coffee is also used in our Daily Drivers Blends - Good Morning, Good Afternoon & Midnight Fuel Taste Profile Whiskey, Tobacco, Grapes, Plum, Berry Hints Origin Rosegarden Farming Group, Wayanad, KL Processing Washed Elevation 3000 ft",https://caffinary.com/products/pre-workout,https://cdn.shopify.com/s/files/1/0617/6273/2232/files/PW-Tsp-Card_84a3ef09-eb01-4a53-b417-80c85c3e086b.png?v=1780429597,Coffee
Pre-Workout - Roasted on 17/06,Caffinary,490.0,250g,,,Wayanad,ing Washed,"Robustas are an important part of our day - and using them as a pre-workout has been a constant for us. To do this the Award Winning Way, we have partnered with Roesgarden Farming Group - an award winning estate - with a variety so unique, it looks like an Arabica. Made using superior TR9 varietal, this estate based in Wayanad, Kerala, is a model farm for educational institutes, with good intercropping practices, irrigation, model soil health and plant nutrition. We've chosen the washed coffee from this estate for its clean flavour - the cup shall give you an adrenaline boost, without compromising on taste. 100% Robusta This coffee is also used in our Daily Drivers Blends - Good Morning, Good Afternoon & Midnight Fuel Taste Profile Whiskey, Tobacco, Grapes, Plum, Berry Hints Origin Rosegarden Farming Group, Wayanad, KL Processing Washed Elevation 3000 ft",https://caffinary.com/products/pre-workout,https://cdn.shopify.com/s/files/1/0617/6273/2232/files/PW-Tsp-Card_84a3ef09-eb01-4a53-b417-80c85c3e086b.png?v=1780429597,Coffee
Pre-Workout - Roasted on 17/06,Caffinary,895.0,500g,,,Wayanad,ing Washed,"Robustas are an important part of our day - and using them as a pre-workout has been a constant for us. To do this the Award Winning Way, we have partnered with Roesgarden Farming Group - an award winning estate - with a variety so unique, it looks like an Arabica. Made using superior TR9 varietal, this estate based in Wayanad, Kerala, is a model farm for educational institutes, with good intercropping practices, irrigation, model soil health and plant nutrition. We've chosen the washed coffee from this estate for its clean flavour - the cup shall give you an adrenaline boost, without compromising on taste. 100% Robusta This coffee is also used in our Daily Drivers Blends - Good Morning, Good Afternoon & Midnight Fuel Taste Profile Whiskey, Tobacco, Grapes, Plum, Berry Hints Origin Rosegarden Farming Group, Wayanad, KL Processing Washed Elevation 3000 ft",https://caffinary.com/products/pre-workout,https://cdn.shopify.com/s/files/1/0617/6273/2232/files/PW-Tsp-Card_84a3ef09-eb01-4a53-b417-80c85c3e086b.png?v=1780429597,Coffee
Pre-Workout - Roasted on 17/06,Caffinary,895.0,500g,,,Wayanad,ing Washed,"Robustas are an important part of our day - and using them as a pre-workout has been a constant for us. To do this the Award Winning Way, we have partnered with Roesgarden Farming Group - an award winning estate - with a variety so unique, it looks like an Arabica. Made using superior TR9 varietal, this estate based in Wayanad, Kerala, is a model farm for educational institutes, with good intercropping practices, irrigation, model soil health and plant nutrition. We've chosen the washed coffee from this estate for its clean flavour - the cup shall give you an adrenaline boost, without compromising on taste. 100% Robusta This coffee is also used in our Daily Drivers Blends - Good Morning, Good Afternoon & Midnight Fuel Taste Profile Whiskey, Tobacco, Grapes, Plum, Berry Hints Origin Rosegarden Farming Group, Wayanad, KL Processing Washed Elevation 3000 ft",https://caffinary.com/products/pre-workout,https://cdn.shopify.com/s/files/1/0617/6273/2232/files/PW-Tsp-Card_84a3ef09-eb01-4a53-b417-80c85c3e086b.png?v=1780429597,Coffee
Pre-Workout - Roasted on 17/06,Caffinary,895.0,500g,,,Wayanad,ing Washed,"Robustas are an important part of our day - and using them as a pre-workout has been a constant for us. To do this the Award Winning Way, we have partnered with Roesgarden Farming Group - an award winning estate - with a variety so unique, it looks like an Arabica. Made using superior TR9 varietal, this estate based in Wayanad, Kerala, is a model farm for educational institutes, with good intercropping practices, irrigation, model soil health and plant nutrition. We've chosen the washed coffee from this estate for its clean flavour - the cup shall give you an adrenaline boost, without compromising on taste. 100% Robusta This coffee is also used in our Daily Drivers Blends - Good Morning, Good Afternoon & Midnight Fuel Taste Profile Whiskey, Tobacco, Grapes, Plum, Berry Hints Origin Rosegarden Farming Group, Wayanad, KL Processing Washed Elevation 3000 ft",https://caffinary.com/products/pre-workout,https://cdn.shopify.com/s/files/1/0617/6273/2232/files/PW-Tsp-Card_84a3ef09-eb01-4a53-b417-80c85c3e086b.png?v=1780429597,Coffee
Pre-Workout - Roasted on 17/06,Caffinary,895.0,500g,,,Wayanad,ing Washed,"Robustas are an important part of our day - and using them as a pre-workout has been a constant for us. To do this the Award Winning Way, we have partnered with Roesgarden Farming Group - an award winning estate - with a variety so unique, it looks like an Arabica. Made using superior TR9 varietal, this estate based in Wayanad, Kerala, is a model farm for educational institutes, with good intercropping practices, irrigation, model soil health and plant nutrition. We've chosen the washed coffee from this estate for its clean flavour - the cup shall give you an adrenaline boost, without compromising on taste. 100% Robusta This coffee is also used in our Daily Drivers Blends - Good Morning, Good Afternoon & Midnight Fuel Taste Profile Whiskey, Tobacco, Grapes, Plum, Berry Hints Origin Rosegarden Farming Group, Wayanad, KL Processing Washed Elevation 3000 ft",https://caffinary.com/products/pre-workout,https://cdn.shopify.com/s/files/1/0617/6273/2232/files/PW-Tsp-Card_84a3ef09-eb01-4a53-b417-80c85c3e086b.png?v=1780429597,Coffee
Pre-Workout - Roasted on 17/06,Caffinary,895.0,500g,,,Wayanad,ing Washed,"Robustas are an important part of our day - and using them as a pre-workout has been a constant for us. To do this the Award Winning Way, we have partnered with Roesgarden Farming Group - an award winning estate - with a variety so unique, it looks like an Arabica. Made using superior TR9 varietal, this estate based in Wayanad, Kerala, is a model farm for educational institutes, with good intercropping practices, irrigation, model soil health and plant nutrition. We've chosen the washed coffee from this estate for its clean flavour - the cup shall give you an adrenaline boost, without compromising on taste. 100% Robusta This coffee is also used in our Daily Drivers Blends - Good Morning, Good Afternoon & Midnight Fuel Taste Profile Whiskey, Tobacco, Grapes, Plum, Berry Hints Origin Rosegarden Farming Group, Wayanad, KL Processing Washed Elevation 3000 ft",https://caffinary.com/products/pre-workout,https://cdn.shopify.com/s/files/1/0617/6273/2232/files/PW-Tsp-Card_84a3ef09-eb01-4a53-b417-80c85c3e086b.png?v=1780429597,Coffee
Pre-Workout - Roasted on 17/06,Caffinary,895.0,500g,,,Wayanad,ing Washed,"Robustas are an important part of our day - and using them as a pre-workout has been a constant for us. To do this the Award Winning Way, we have partnered with Roesgarden Farming Group - an award winning estate - with a variety so unique, it looks like an Arabica. Made using superior TR9 varietal, this estate based in Wayanad, Kerala, is a model farm for educational institutes, with good intercropping practices, irrigation, model soil health and plant nutrition. We've chosen the washed coffee from this estate for its clean flavour - the cup shall give you an adrenaline boost, without compromising on taste. 100% Robusta This coffee is also used in our Daily Drivers Blends - Good Morning, Good Afternoon & Midnight Fuel Taste Profile Whiskey, Tobacco, Grapes, Plum, Berry Hints Origin Rosegarden Farming Group, Wayanad, KL Processing Washed Elevation 3000 ft",https://caffinary.com/products/pre-workout,https://cdn.shopify.com/s/files/1/0617/6273/2232/files/PW-Tsp-Card_84a3ef09-eb01-4a53-b417-80c85c3e086b.png?v=1780429597,Coffee
Pre-Workout - Roasted on 17/06,Caffinary,895.0,500g,,,Wayanad,ing Washed,"Robustas are an important part of our day - and using them as a pre-workout has been a constant for us. To do this the Award Winning Way, we have partnered with Roesgarden Farming Group - an award winning estate - with a variety so unique, it looks like an Arabica. Made using superior TR9 varietal, this estate based in Wayanad, Kerala, is a model farm for educational institutes, with good intercropping practices, irrigation, model soil health and plant nutrition. We've chosen the washed coffee from this estate for its clean flavour - the cup shall give you an adrenaline boost, without compromising on taste. 100% Robusta This coffee is also used in our Daily Drivers Blends - Good Morning, Good Afternoon & Midnight Fuel Taste Profile Whiskey, Tobacco, Grapes, Plum, Berry Hints Origin Rosegarden Farming Group, Wayanad, KL Processing Washed Elevation 3000 ft",https://caffinary.com/products/pre-workout,https://cdn.shopify.com/s/files/1/0617/6273/2232/files/PW-Tsp-Card_84a3ef09-eb01-4a53-b417-80c85c3e086b.png?v=1780429597,Coffee
Pre-Workout - Roasted on 17/06,Caffinary,895.0,500g,,,Wayanad,ing Washed,"Robustas are an important part of our day - and using them as a pre-workout has been a constant for us. To do this the Award Winning Way, we have partnered with Roesgarden Farming Group - an award winning estate - with a variety so unique, it looks like an Arabica. Made using superior TR9 varietal, this estate based in Wayanad, Kerala, is a model farm for educational institutes, with good intercropping practices, irrigation, model soil health and plant nutrition. We've chosen the washed coffee from this estate for its clean flavour - the cup shall give you an adrenaline boost, without compromising on taste. 100% Robusta This coffee is also used in our Daily Drivers Blends - Good Morning, Good Afternoon & Midnight Fuel Taste Profile Whiskey, Tobacco, Grapes, Plum, Berry Hints Origin Rosegarden Farming Group, Wayanad, KL Processing Washed Elevation 3000 ft",https://caffinary.com/products/pre-workout,https://cdn.shopify.com/s/files/1/0617/6273/2232/files/PW-Tsp-Card_84a3ef09-eb01-4a53-b417-80c85c3e086b.png?v=1780429597,Coffee
Pre-Workout - Roasted on 17/06,Caffinary,895.0,500g,,,Wayanad,ing Washed,"Robustas are an important part of our day - and using them as a pre-workout has been a constant for us. To do this the Award Winning Way, we have partnered with Roesgarden Farming Group - an award winning estate - with a variety so unique, it looks like an Arabica. Made using superior TR9 varietal, this estate based in Wayanad, Kerala, is a model farm for educational institutes, with good intercropping practices, irrigation, model soil health and plant nutrition. We've chosen the washed coffee from this estate for its clean flavour - the cup shall give you an adrenaline boost, without compromising on taste. 100% Robusta This coffee is also used in our Daily Drivers Blends - Good Morning, Good Afternoon & Midnight Fuel Taste Profile Whiskey, Tobacco, Grapes, Plum, Berry Hints Origin Rosegarden Farming Group, Wayanad, KL Processing Washed Elevation 3000 ft",https://caffinary.com/products/pre-workout,https://cdn.shopify.com/s/files/1/0617/6273/2232/files/PW-Tsp-Card_84a3ef09-eb01-4a53-b417-80c85c3e086b.png?v=1780429597,Coffee
