Name,Roaster,Price,Quantity,Roast_Level,Tasting_Notes,Origin,Process,Desc,URL,Image_URL,Category
"Ballerina - Royal Jasmine, Juniper Spice, Blossom Honey",Coffee Circus,400.0,,Light Roast,"Royal Jasmine, Juniper, Blossom Honey, Pears Intensity Soft Balanced Strong Intensity Level:(4/5) Terroir &",Ratnagiri Estate,Naturals Arabica - Experimental Process,"Product Ballerina Roast Profile Light Roast Tasting Notes Royal Jasmine, Juniper, Blossom Honey, Pears Intensity Soft Balanced Strong Intensity Level:(4/5) Terroir & Process Naturals Arabica - Experimental Process Varietal -  Selection 9 Elevation - 1100 m.a.s.l Origin Ratnagiri Coffee Estate QGrader's Impression ""Royal Jasmine on the nose, Blossom honey like sweetness on the palate. Reminds of Vanilla Bean sweetness, a lingering juniper spice makes the coffee feel like elegance in a cup. Very clean mouthfeel, delicate citrus, short aftertaste""",https://www.thecoffeecircus.com/products/ballerina-jasmine-blossom-honey-juniper-berry-delicate-citrus,https://cdn.shopify.com/s/files/1/0574/8270/7031/files/Drip_Coffee_bag_2.jpg?v=1764241215,Coffee
"Ballerina - Royal Jasmine, Juniper Spice, Blossom Honey",Coffee Circus,80.0,30g,Light Roast,"Royal Jasmine, Juniper, Blossom Honey, Pears Intensity Soft Balanced Strong Intensity Level:(4/5) Terroir &",Ratnagiri Estate,Naturals Arabica - Experimental Process,"Product Ballerina Roast Profile Light Roast Tasting Notes Royal Jasmine, Juniper, Blossom Honey, Pears Intensity Soft Balanced Strong Intensity Level:(4/5) Terroir & Process Naturals Arabica - Experimental Process Varietal -  Selection 9 Elevation - 1100 m.a.s.l Origin Ratnagiri Coffee Estate QGrader's Impression ""Royal Jasmine on the nose, Blossom honey like sweetness on the palate. Reminds of Vanilla Bean sweetness, a lingering juniper spice makes the coffee feel like elegance in a cup. Very clean mouthfeel, delicate citrus, short aftertaste""",https://www.thecoffeecircus.com/products/ballerina-jasmine-blossom-honey-juniper-berry-delicate-citrus,https://cdn.shopify.com/s/files/1/0574/8270/7031/files/Drip_Coffee_bag_2.jpg?v=1764241215,Coffee
"Ballerina - Royal Jasmine, Juniper Spice, Blossom Honey",Coffee Circus,80.0,30g,Light Roast,"Royal Jasmine, Juniper, Blossom Honey, Pears Intensity Soft Balanced Strong Intensity Level:(4/5) Terroir &",Ratnagiri Estate,Naturals Arabica - Experimental Process,"Product Ballerina Roast Profile Light Roast Tasting Notes Royal Jasmine, Juniper, Blossom Honey, Pears Intensity Soft Balanced Strong Intensity Level:(4/5) Terroir & Process Naturals Arabica - Experimental Process Varietal -  Selection 9 Elevation - 1100 m.a.s.l Origin Ratnagiri Coffee Estate QGrader's Impression ""Royal Jasmine on the nose, Blossom honey like sweetness on the palate. Reminds of Vanilla Bean sweetness, a lingering juniper spice makes the coffee feel like elegance in a cup. Very clean mouthfeel, delicate citrus, short aftertaste""",https://www.thecoffeecircus.com/products/ballerina-jasmine-blossom-honey-juniper-berry-delicate-citrus,https://cdn.shopify.com/s/files/1/0574/8270/7031/files/Drip_Coffee_bag_2.jpg?v=1764241215,Coffee
"Ballerina - Royal Jasmine, Juniper Spice, Blossom Honey",Coffee Circus,80.0,30g,Light Roast,"Royal Jasmine, Juniper, Blossom Honey, Pears Intensity Soft Balanced Strong Intensity Level:(4/5) Terroir &",Ratnagiri Estate,Naturals Arabica - Experimental Process,"Product Ballerina Roast Profile Light Roast Tasting Notes Royal Jasmine, Juniper, Blossom Honey, Pears Intensity Soft Balanced Strong Intensity Level:(4/5) Terroir & Process Naturals Arabica - Experimental Process Varietal -  Selection 9 Elevation - 1100 m.a.s.l Origin Ratnagiri Coffee Estate QGrader's Impression ""Royal Jasmine on the nose, Blossom honey like sweetness on the palate. Reminds of Vanilla Bean sweetness, a lingering juniper spice makes the coffee feel like elegance in a cup. Very clean mouthfeel, delicate citrus, short aftertaste""",https://www.thecoffeecircus.com/products/ballerina-jasmine-blossom-honey-juniper-berry-delicate-citrus,https://cdn.shopify.com/s/files/1/0574/8270/7031/files/Drip_Coffee_bag_2.jpg?v=1764241215,Coffee
"Ballerina - Royal Jasmine, Juniper Spice, Blossom Honey",Coffee Circus,80.0,30g,Light Roast,"Royal Jasmine, Juniper, Blossom Honey, Pears Intensity Soft Balanced Strong Intensity Level:(4/5) Terroir &",Ratnagiri Estate,Naturals Arabica - Experimental Process,"Product Ballerina Roast Profile Light Roast Tasting Notes Royal Jasmine, Juniper, Blossom Honey, Pears Intensity Soft Balanced Strong Intensity Level:(4/5) Terroir & Process Naturals Arabica - Experimental Process Varietal -  Selection 9 Elevation - 1100 m.a.s.l Origin Ratnagiri Coffee Estate QGrader's Impression ""Royal Jasmine on the nose, Blossom honey like sweetness on the palate. Reminds of Vanilla Bean sweetness, a lingering juniper spice makes the coffee feel like elegance in a cup. Very clean mouthfeel, delicate citrus, short aftertaste""",https://www.thecoffeecircus.com/products/ballerina-jasmine-blossom-honey-juniper-berry-delicate-citrus,https://cdn.shopify.com/s/files/1/0574/8270/7031/files/Drip_Coffee_bag_2.jpg?v=1764241215,Coffee
"Ballerina - Royal Jasmine, Juniper Spice, Blossom Honey",Coffee Circus,850.0,250g,Light Roast,"Royal Jasmine, Juniper, Blossom Honey, Pears Intensity Soft Balanced Strong Intensity Level:(4/5) Terroir &",Ratnagiri Estate,Naturals Arabica - Experimental Process,"Product Ballerina Roast Profile Light Roast Tasting Notes Royal Jasmine, Juniper, Blossom Honey, Pears Intensity Soft Balanced Strong Intensity Level:(4/5) Terroir & Process Naturals Arabica - Experimental Process Varietal -  Selection 9 Elevation - 1100 m.a.s.l Origin Ratnagiri Coffee Estate QGrader's Impression ""Royal Jasmine on the nose, Blossom honey like sweetness on the palate. Reminds of Vanilla Bean sweetness, a lingering juniper spice makes the coffee feel like elegance in a cup. Very clean mouthfeel, delicate citrus, short aftertaste""",https://www.thecoffeecircus.com/products/ballerina-jasmine-blossom-honey-juniper-berry-delicate-citrus,https://cdn.shopify.com/s/files/1/0574/8270/7031/files/Drip_Coffee_bag_2.jpg?v=1764241215,Coffee
"Ballerina - Royal Jasmine, Juniper Spice, Blossom Honey",Coffee Circus,850.0,250g,Light Roast,"Royal Jasmine, Juniper, Blossom Honey, Pears Intensity Soft Balanced Strong Intensity Level:(4/5) Terroir &",Ratnagiri Estate,Naturals Arabica - Experimental Process,"Product Ballerina Roast Profile Light Roast Tasting Notes Royal Jasmine, Juniper, Blossom Honey, Pears Intensity Soft Balanced Strong Intensity Level:(4/5) Terroir & Process Naturals Arabica - Experimental Process Varietal -  Selection 9 Elevation - 1100 m.a.s.l Origin Ratnagiri Coffee Estate QGrader's Impression ""Royal Jasmine on the nose, Blossom honey like sweetness on the palate. Reminds of Vanilla Bean sweetness, a lingering juniper spice makes the coffee feel like elegance in a cup. Very clean mouthfeel, delicate citrus, short aftertaste""",https://www.thecoffeecircus.com/products/ballerina-jasmine-blossom-honey-juniper-berry-delicate-citrus,https://cdn.shopify.com/s/files/1/0574/8270/7031/files/Drip_Coffee_bag_2.jpg?v=1764241215,Coffee
"Ballerina - Royal Jasmine, Juniper Spice, Blossom Honey",Coffee Circus,850.0,250g,Light Roast,"Royal Jasmine, Juniper, Blossom Honey, Pears Intensity Soft Balanced Strong Intensity Level:(4/5) Terroir &",Ratnagiri Estate,Naturals Arabica - Experimental Process,"Product Ballerina Roast Profile Light Roast Tasting Notes Royal Jasmine, Juniper, Blossom Honey, Pears Intensity Soft Balanced Strong Intensity Level:(4/5) Terroir & Process Naturals Arabica - Experimental Process Varietal -  Selection 9 Elevation - 1100 m.a.s.l Origin Ratnagiri Coffee Estate QGrader's Impression ""Royal Jasmine on the nose, Blossom honey like sweetness on the palate. Reminds of Vanilla Bean sweetness, a lingering juniper spice makes the coffee feel like elegance in a cup. Very clean mouthfeel, delicate citrus, short aftertaste""",https://www.thecoffeecircus.com/products/ballerina-jasmine-blossom-honey-juniper-berry-delicate-citrus,https://cdn.shopify.com/s/files/1/0574/8270/7031/files/Drip_Coffee_bag_2.jpg?v=1764241215,Coffee
"Ballerina - Royal Jasmine, Juniper Spice, Blossom Honey",Coffee Circus,850.0,250g,Light Roast,"Royal Jasmine, Juniper, Blossom Honey, Pears Intensity Soft Balanced Strong Intensity Level:(4/5) Terroir &",Ratnagiri Estate,Naturals Arabica - Experimental Process,"Product Ballerina Roast Profile Light Roast Tasting Notes Royal Jasmine, Juniper, Blossom Honey, Pears Intensity Soft Balanced Strong Intensity Level:(4/5) Terroir & Process Naturals Arabica - Experimental Process Varietal -  Selection 9 Elevation - 1100 m.a.s.l Origin Ratnagiri Coffee Estate QGrader's Impression ""Royal Jasmine on the nose, Blossom honey like sweetness on the palate. Reminds of Vanilla Bean sweetness, a lingering juniper spice makes the coffee feel like elegance in a cup. Very clean mouthfeel, delicate citrus, short aftertaste""",https://www.thecoffeecircus.com/products/ballerina-jasmine-blossom-honey-juniper-berry-delicate-citrus,https://cdn.shopify.com/s/files/1/0574/8270/7031/files/Drip_Coffee_bag_2.jpg?v=1764241215,Coffee
"Hopscotch - Vanilla, Persimmons, Pink Rose Apple",Coffee Circus,400.0,,Light Roast,"Vanilla bean, White Rose, Jasmine, Persimmons, Rose-apple Sweetness Intensity Soft Balanced Strong Intensity",Ratnagiri Estate,Naturals Arabica - Experimental Process,"Product Hopscotch Roast Profile Light Roast Tasting Notes Vanilla bean, White Rose, Jasmine, Persimmons, Rose-apple Sweetness Intensity Soft Balanced Strong Intensity Level:(4/5) Terroir & Process Naturals Arabica - Experimental Process Varietal -  Selection 795 Elevation - 1100 m.a.s.l Origin Ratnagiri Coffee Estate Q Grader's Impression ""A very bold fragrant coffee. Its tough to get floral notes in roasted coffee, However this coffee has captured true floral character in the cup. Aroma is soothing Jasmine, chamomile, Sweet Rose-Apples. Nuanced tealike brightness, sweet persimmon fruit flavours, Crisp rose apple like mouthfeel and medium to long aftertaste. All the characters to say its not coffee. Its a beautifully processed luxury tea like fragrant coffee""",https://www.thecoffeecircus.com/products/hopscotch,https://cdn.shopify.com/s/files/1/0574/8270/7031/files/Drip_Coffee_bag_2.jpg?v=1764241215,Coffee
"Hopscotch - Vanilla, Persimmons, Pink Rose Apple",Coffee Circus,80.0,30g,Light Roast,"Vanilla bean, White Rose, Jasmine, Persimmons, Rose-apple Sweetness Intensity Soft Balanced Strong Intensity",Ratnagiri Estate,Naturals Arabica - Experimental Process,"Product Hopscotch Roast Profile Light Roast Tasting Notes Vanilla bean, White Rose, Jasmine, Persimmons, Rose-apple Sweetness Intensity Soft Balanced Strong Intensity Level:(4/5) Terroir & Process Naturals Arabica - Experimental Process Varietal -  Selection 795 Elevation - 1100 m.a.s.l Origin Ratnagiri Coffee Estate Q Grader's Impression ""A very bold fragrant coffee. Its tough to get floral notes in roasted coffee, However this coffee has captured true floral character in the cup. Aroma is soothing Jasmine, chamomile, Sweet Rose-Apples. Nuanced tealike brightness, sweet persimmon fruit flavours, Crisp rose apple like mouthfeel and medium to long aftertaste. All the characters to say its not coffee. Its a beautifully processed luxury tea like fragrant coffee""",https://www.thecoffeecircus.com/products/hopscotch,https://cdn.shopify.com/s/files/1/0574/8270/7031/files/Drip_Coffee_bag_2.jpg?v=1764241215,Coffee
"Hopscotch - Vanilla, Persimmons, Pink Rose Apple",Coffee Circus,80.0,30g,Light Roast,"Vanilla bean, White Rose, Jasmine, Persimmons, Rose-apple Sweetness Intensity Soft Balanced Strong Intensity",Ratnagiri Estate,Naturals Arabica - Experimental Process,"Product Hopscotch Roast Profile Light Roast Tasting Notes Vanilla bean, White Rose, Jasmine, Persimmons, Rose-apple Sweetness Intensity Soft Balanced Strong Intensity Level:(4/5) Terroir & Process Naturals Arabica - Experimental Process Varietal -  Selection 795 Elevation - 1100 m.a.s.l Origin Ratnagiri Coffee Estate Q Grader's Impression ""A very bold fragrant coffee. Its tough to get floral notes in roasted coffee, However this coffee has captured true floral character in the cup. Aroma is soothing Jasmine, chamomile, Sweet Rose-Apples. Nuanced tealike brightness, sweet persimmon fruit flavours, Crisp rose apple like mouthfeel and medium to long aftertaste. All the characters to say its not coffee. Its a beautifully processed luxury tea like fragrant coffee""",https://www.thecoffeecircus.com/products/hopscotch,https://cdn.shopify.com/s/files/1/0574/8270/7031/files/Drip_Coffee_bag_2.jpg?v=1764241215,Coffee
"Hopscotch - Vanilla, Persimmons, Pink Rose Apple",Coffee Circus,80.0,30g,Light Roast,"Vanilla bean, White Rose, Jasmine, Persimmons, Rose-apple Sweetness Intensity Soft Balanced Strong Intensity",Ratnagiri Estate,Naturals Arabica - Experimental Process,"Product Hopscotch Roast Profile Light Roast Tasting Notes Vanilla bean, White Rose, Jasmine, Persimmons, Rose-apple Sweetness Intensity Soft Balanced Strong Intensity Level:(4/5) Terroir & Process Naturals Arabica - Experimental Process Varietal -  Selection 795 Elevation - 1100 m.a.s.l Origin Ratnagiri Coffee Estate Q Grader's Impression ""A very bold fragrant coffee. Its tough to get floral notes in roasted coffee, However this coffee has captured true floral character in the cup. Aroma is soothing Jasmine, chamomile, Sweet Rose-Apples. Nuanced tealike brightness, sweet persimmon fruit flavours, Crisp rose apple like mouthfeel and medium to long aftertaste. All the characters to say its not coffee. Its a beautifully processed luxury tea like fragrant coffee""",https://www.thecoffeecircus.com/products/hopscotch,https://cdn.shopify.com/s/files/1/0574/8270/7031/files/Drip_Coffee_bag_2.jpg?v=1764241215,Coffee
"Hopscotch - Vanilla, Persimmons, Pink Rose Apple",Coffee Circus,80.0,30g,Light Roast,"Vanilla bean, White Rose, Jasmine, Persimmons, Rose-apple Sweetness Intensity Soft Balanced Strong Intensity",Ratnagiri Estate,Naturals Arabica - Experimental Process,"Product Hopscotch Roast Profile Light Roast Tasting Notes Vanilla bean, White Rose, Jasmine, Persimmons, Rose-apple Sweetness Intensity Soft Balanced Strong Intensity Level:(4/5) Terroir & Process Naturals Arabica - Experimental Process Varietal -  Selection 795 Elevation - 1100 m.a.s.l Origin Ratnagiri Coffee Estate Q Grader's Impression ""A very bold fragrant coffee. Its tough to get floral notes in roasted coffee, However this coffee has captured true floral character in the cup. Aroma is soothing Jasmine, chamomile, Sweet Rose-Apples. Nuanced tealike brightness, sweet persimmon fruit flavours, Crisp rose apple like mouthfeel and medium to long aftertaste. All the characters to say its not coffee. Its a beautifully processed luxury tea like fragrant coffee""",https://www.thecoffeecircus.com/products/hopscotch,https://cdn.shopify.com/s/files/1/0574/8270/7031/files/Drip_Coffee_bag_2.jpg?v=1764241215,Coffee
"Hopscotch - Vanilla, Persimmons, Pink Rose Apple",Coffee Circus,850.0,250g,Light Roast,"Vanilla bean, White Rose, Jasmine, Persimmons, Rose-apple Sweetness Intensity Soft Balanced Strong Intensity",Ratnagiri Estate,Naturals Arabica - Experimental Process,"Product Hopscotch Roast Profile Light Roast Tasting Notes Vanilla bean, White Rose, Jasmine, Persimmons, Rose-apple Sweetness Intensity Soft Balanced Strong Intensity Level:(4/5) Terroir & Process Naturals Arabica - Experimental Process Varietal -  Selection 795 Elevation - 1100 m.a.s.l Origin Ratnagiri Coffee Estate Q Grader's Impression ""A very bold fragrant coffee. Its tough to get floral notes in roasted coffee, However this coffee has captured true floral character in the cup. Aroma is soothing Jasmine, chamomile, Sweet Rose-Apples. Nuanced tealike brightness, sweet persimmon fruit flavours, Crisp rose apple like mouthfeel and medium to long aftertaste. All the characters to say its not coffee. Its a beautifully processed luxury tea like fragrant coffee""",https://www.thecoffeecircus.com/products/hopscotch,https://cdn.shopify.com/s/files/1/0574/8270/7031/files/Drip_Coffee_bag_2.jpg?v=1764241215,Coffee
"Hopscotch - Vanilla, Persimmons, Pink Rose Apple",Coffee Circus,850.0,250g,Light Roast,"Vanilla bean, White Rose, Jasmine, Persimmons, Rose-apple Sweetness Intensity Soft Balanced Strong Intensity",Ratnagiri Estate,Naturals Arabica - Experimental Process,"Product Hopscotch Roast Profile Light Roast Tasting Notes Vanilla bean, White Rose, Jasmine, Persimmons, Rose-apple Sweetness Intensity Soft Balanced Strong Intensity Level:(4/5) Terroir & Process Naturals Arabica - Experimental Process Varietal -  Selection 795 Elevation - 1100 m.a.s.l Origin Ratnagiri Coffee Estate Q Grader's Impression ""A very bold fragrant coffee. Its tough to get floral notes in roasted coffee, However this coffee has captured true floral character in the cup. Aroma is soothing Jasmine, chamomile, Sweet Rose-Apples. Nuanced tealike brightness, sweet persimmon fruit flavours, Crisp rose apple like mouthfeel and medium to long aftertaste. All the characters to say its not coffee. Its a beautifully processed luxury tea like fragrant coffee""",https://www.thecoffeecircus.com/products/hopscotch,https://cdn.shopify.com/s/files/1/0574/8270/7031/files/Drip_Coffee_bag_2.jpg?v=1764241215,Coffee
"Hopscotch - Vanilla, Persimmons, Pink Rose Apple",Coffee Circus,850.0,250g,Light Roast,"Vanilla bean, White Rose, Jasmine, Persimmons, Rose-apple Sweetness Intensity Soft Balanced Strong Intensity",Ratnagiri Estate,Naturals Arabica - Experimental Process,"Product Hopscotch Roast Profile Light Roast Tasting Notes Vanilla bean, White Rose, Jasmine, Persimmons, Rose-apple Sweetness Intensity Soft Balanced Strong Intensity Level:(4/5) Terroir & Process Naturals Arabica - Experimental Process Varietal -  Selection 795 Elevation - 1100 m.a.s.l Origin Ratnagiri Coffee Estate Q Grader's Impression ""A very bold fragrant coffee. Its tough to get floral notes in roasted coffee, However this coffee has captured true floral character in the cup. Aroma is soothing Jasmine, chamomile, Sweet Rose-Apples. Nuanced tealike brightness, sweet persimmon fruit flavours, Crisp rose apple like mouthfeel and medium to long aftertaste. All the characters to say its not coffee. Its a beautifully processed luxury tea like fragrant coffee""",https://www.thecoffeecircus.com/products/hopscotch,https://cdn.shopify.com/s/files/1/0574/8270/7031/files/Drip_Coffee_bag_2.jpg?v=1764241215,Coffee
"Hopscotch - Vanilla, Persimmons, Pink Rose Apple",Coffee Circus,850.0,250g,Light Roast,"Vanilla bean, White Rose, Jasmine, Persimmons, Rose-apple Sweetness Intensity Soft Balanced Strong Intensity",Ratnagiri Estate,Naturals Arabica - Experimental Process,"Product Hopscotch Roast Profile Light Roast Tasting Notes Vanilla bean, White Rose, Jasmine, Persimmons, Rose-apple Sweetness Intensity Soft Balanced Strong Intensity Level:(4/5) Terroir & Process Naturals Arabica - Experimental Process Varietal -  Selection 795 Elevation - 1100 m.a.s.l Origin Ratnagiri Coffee Estate Q Grader's Impression ""A very bold fragrant coffee. Its tough to get floral notes in roasted coffee, However this coffee has captured true floral character in the cup. Aroma is soothing Jasmine, chamomile, Sweet Rose-Apples. Nuanced tealike brightness, sweet persimmon fruit flavours, Crisp rose apple like mouthfeel and medium to long aftertaste. All the characters to say its not coffee. Its a beautifully processed luxury tea like fragrant coffee""",https://www.thecoffeecircus.com/products/hopscotch,https://cdn.shopify.com/s/files/1/0574/8270/7031/files/Drip_Coffee_bag_2.jpg?v=1764241215,Coffee
"Strawberry - Strawberry Jam, Cheesecake, Marshmello",Coffee Circus,400.0,,,"Strawberry Compote, Stewed Strawberry and Blueberry, Cheesecake, Marshmello Intensity Soft Balanced Strong Intensity",Ratnagiri Estate,Naturals Arabica - Experimental Process,"Product Strawberry Roast Profile Light Roast Tasting Notes Strawberry Compote, Stewed Strawberry and Blueberry, Cheesecake, Marshmello Intensity Soft Balanced Strong Intensity Level:(4/5) Terroir & Process Naturals Arabica - Experimental Process Varietal -  Selection 795 Elevation - 1100 m.a.s.l Origin Ratnagiri Coffee Estate Q Grader's Impression ""Coffee that feels like eating a dessert truly, a strawberry cheesecake with drenched in strawberry compote/jam. Strawberry on the fragrance, sweet strawberry jam on the flavour. creme cheese like tang brightness. short and clean aftertaste. Also reminds of strawberry gum, cotton candy, marshmallows.""",https://www.thecoffeecircus.com/products/strawberry,https://cdn.shopify.com/s/files/1/0574/8270/7031/files/Drip_Coffee_bag_2.jpg?v=1764241215,Coffee
"Strawberry - Strawberry Jam, Cheesecake, Marshmello",Coffee Circus,80.0,30g,,"Strawberry Compote, Stewed Strawberry and Blueberry, Cheesecake, Marshmello Intensity Soft Balanced Strong Intensity",Ratnagiri Estate,Naturals Arabica - Experimental Process,"Product Strawberry Roast Profile Light Roast Tasting Notes Strawberry Compote, Stewed Strawberry and Blueberry, Cheesecake, Marshmello Intensity Soft Balanced Strong Intensity Level:(4/5) Terroir & Process Naturals Arabica - Experimental Process Varietal -  Selection 795 Elevation - 1100 m.a.s.l Origin Ratnagiri Coffee Estate Q Grader's Impression ""Coffee that feels like eating a dessert truly, a strawberry cheesecake with drenched in strawberry compote/jam. Strawberry on the fragrance, sweet strawberry jam on the flavour. creme cheese like tang brightness. short and clean aftertaste. Also reminds of strawberry gum, cotton candy, marshmallows.""",https://www.thecoffeecircus.com/products/strawberry,https://cdn.shopify.com/s/files/1/0574/8270/7031/files/Drip_Coffee_bag_2.jpg?v=1764241215,Coffee
"Strawberry - Strawberry Jam, Cheesecake, Marshmello",Coffee Circus,80.0,30g,,"Strawberry Compote, Stewed Strawberry and Blueberry, Cheesecake, Marshmello Intensity Soft Balanced Strong Intensity",Ratnagiri Estate,Naturals Arabica - Experimental Process,"Product Strawberry Roast Profile Light Roast Tasting Notes Strawberry Compote, Stewed Strawberry and Blueberry, Cheesecake, Marshmello Intensity Soft Balanced Strong Intensity Level:(4/5) Terroir & Process Naturals Arabica - Experimental Process Varietal -  Selection 795 Elevation - 1100 m.a.s.l Origin Ratnagiri Coffee Estate Q Grader's Impression ""Coffee that feels like eating a dessert truly, a strawberry cheesecake with drenched in strawberry compote/jam. Strawberry on the fragrance, sweet strawberry jam on the flavour. creme cheese like tang brightness. short and clean aftertaste. Also reminds of strawberry gum, cotton candy, marshmallows.""",https://www.thecoffeecircus.com/products/strawberry,https://cdn.shopify.com/s/files/1/0574/8270/7031/files/Drip_Coffee_bag_2.jpg?v=1764241215,Coffee
"Strawberry - Strawberry Jam, Cheesecake, Marshmello",Coffee Circus,80.0,30g,,"Strawberry Compote, Stewed Strawberry and Blueberry, Cheesecake, Marshmello Intensity Soft Balanced Strong Intensity",Ratnagiri Estate,Naturals Arabica - Experimental Process,"Product Strawberry Roast Profile Light Roast Tasting Notes Strawberry Compote, Stewed Strawberry and Blueberry, Cheesecake, Marshmello Intensity Soft Balanced Strong Intensity Level:(4/5) Terroir & Process Naturals Arabica - Experimental Process Varietal -  Selection 795 Elevation - 1100 m.a.s.l Origin Ratnagiri Coffee Estate Q Grader's Impression ""Coffee that feels like eating a dessert truly, a strawberry cheesecake with drenched in strawberry compote/jam. Strawberry on the fragrance, sweet strawberry jam on the flavour. creme cheese like tang brightness. short and clean aftertaste. Also reminds of strawberry gum, cotton candy, marshmallows.""",https://www.thecoffeecircus.com/products/strawberry,https://cdn.shopify.com/s/files/1/0574/8270/7031/files/Drip_Coffee_bag_2.jpg?v=1764241215,Coffee
"Strawberry - Strawberry Jam, Cheesecake, Marshmello",Coffee Circus,80.0,30g,,"Strawberry Compote, Stewed Strawberry and Blueberry, Cheesecake, Marshmello Intensity Soft Balanced Strong Intensity",Ratnagiri Estate,Naturals Arabica - Experimental Process,"Product Strawberry Roast Profile Light Roast Tasting Notes Strawberry Compote, Stewed Strawberry and Blueberry, Cheesecake, Marshmello Intensity Soft Balanced Strong Intensity Level:(4/5) Terroir & Process Naturals Arabica - Experimental Process Varietal -  Selection 795 Elevation - 1100 m.a.s.l Origin Ratnagiri Coffee Estate Q Grader's Impression ""Coffee that feels like eating a dessert truly, a strawberry cheesecake with drenched in strawberry compote/jam. Strawberry on the fragrance, sweet strawberry jam on the flavour. creme cheese like tang brightness. short and clean aftertaste. Also reminds of strawberry gum, cotton candy, marshmallows.""",https://www.thecoffeecircus.com/products/strawberry,https://cdn.shopify.com/s/files/1/0574/8270/7031/files/Drip_Coffee_bag_2.jpg?v=1764241215,Coffee
"Strawberry - Strawberry Jam, Cheesecake, Marshmello",Coffee Circus,850.0,250g,,"Strawberry Compote, Stewed Strawberry and Blueberry, Cheesecake, Marshmello Intensity Soft Balanced Strong Intensity",Ratnagiri Estate,Naturals Arabica - Experimental Process,"Product Strawberry Roast Profile Light Roast Tasting Notes Strawberry Compote, Stewed Strawberry and Blueberry, Cheesecake, Marshmello Intensity Soft Balanced Strong Intensity Level:(4/5) Terroir & Process Naturals Arabica - Experimental Process Varietal -  Selection 795 Elevation - 1100 m.a.s.l Origin Ratnagiri Coffee Estate Q Grader's Impression ""Coffee that feels like eating a dessert truly, a strawberry cheesecake with drenched in strawberry compote/jam. Strawberry on the fragrance, sweet strawberry jam on the flavour. creme cheese like tang brightness. short and clean aftertaste. Also reminds of strawberry gum, cotton candy, marshmallows.""",https://www.thecoffeecircus.com/products/strawberry,https://cdn.shopify.com/s/files/1/0574/8270/7031/files/Drip_Coffee_bag_2.jpg?v=1764241215,Coffee
"Strawberry - Strawberry Jam, Cheesecake, Marshmello",Coffee Circus,850.0,250g,,"Strawberry Compote, Stewed Strawberry and Blueberry, Cheesecake, Marshmello Intensity Soft Balanced Strong Intensity",Ratnagiri Estate,Naturals Arabica - Experimental Process,"Product Strawberry Roast Profile Light Roast Tasting Notes Strawberry Compote, Stewed Strawberry and Blueberry, Cheesecake, Marshmello Intensity Soft Balanced Strong Intensity Level:(4/5) Terroir & Process Naturals Arabica - Experimental Process Varietal -  Selection 795 Elevation - 1100 m.a.s.l Origin Ratnagiri Coffee Estate Q Grader's Impression ""Coffee that feels like eating a dessert truly, a strawberry cheesecake with drenched in strawberry compote/jam. Strawberry on the fragrance, sweet strawberry jam on the flavour. creme cheese like tang brightness. short and clean aftertaste. Also reminds of strawberry gum, cotton candy, marshmallows.""",https://www.thecoffeecircus.com/products/strawberry,https://cdn.shopify.com/s/files/1/0574/8270/7031/files/Drip_Coffee_bag_2.jpg?v=1764241215,Coffee
"Strawberry - Strawberry Jam, Cheesecake, Marshmello",Coffee Circus,850.0,250g,,"Strawberry Compote, Stewed Strawberry and Blueberry, Cheesecake, Marshmello Intensity Soft Balanced Strong Intensity",Ratnagiri Estate,Naturals Arabica - Experimental Process,"Product Strawberry Roast Profile Light Roast Tasting Notes Strawberry Compote, Stewed Strawberry and Blueberry, Cheesecake, Marshmello Intensity Soft Balanced Strong Intensity Level:(4/5) Terroir & Process Naturals Arabica - Experimental Process Varietal -  Selection 795 Elevation - 1100 m.a.s.l Origin Ratnagiri Coffee Estate Q Grader's Impression ""Coffee that feels like eating a dessert truly, a strawberry cheesecake with drenched in strawberry compote/jam. Strawberry on the fragrance, sweet strawberry jam on the flavour. creme cheese like tang brightness. short and clean aftertaste. Also reminds of strawberry gum, cotton candy, marshmallows.""",https://www.thecoffeecircus.com/products/strawberry,https://cdn.shopify.com/s/files/1/0574/8270/7031/files/Drip_Coffee_bag_2.jpg?v=1764241215,Coffee
"Strawberry - Strawberry Jam, Cheesecake, Marshmello",Coffee Circus,850.0,250g,,"Strawberry Compote, Stewed Strawberry and Blueberry, Cheesecake, Marshmello Intensity Soft Balanced Strong Intensity",Ratnagiri Estate,Naturals Arabica - Experimental Process,"Product Strawberry Roast Profile Light Roast Tasting Notes Strawberry Compote, Stewed Strawberry and Blueberry, Cheesecake, Marshmello Intensity Soft Balanced Strong Intensity Level:(4/5) Terroir & Process Naturals Arabica - Experimental Process Varietal -  Selection 795 Elevation - 1100 m.a.s.l Origin Ratnagiri Coffee Estate Q Grader's Impression ""Coffee that feels like eating a dessert truly, a strawberry cheesecake with drenched in strawberry compote/jam. Strawberry on the fragrance, sweet strawberry jam on the flavour. creme cheese like tang brightness. short and clean aftertaste. Also reminds of strawberry gum, cotton candy, marshmallows.""",https://www.thecoffeecircus.com/products/strawberry,https://cdn.shopify.com/s/files/1/0574/8270/7031/files/Drip_Coffee_bag_2.jpg?v=1764241215,Coffee
"Melon Mayhem - Watermelon Gummies, Cantaloupe & Wild Honey",Coffee Circus,400.0,,Light Roast,"Watermelon Gummies, Cantaloupe, Pear, Wild Honey, Cocoa Intensity Soft Balanced Strong Intensity Level:(4/5) Terroir &",Ratnagiri Estate,Naturals Arabica - Experimental Process,"Product Melon Mayhem Roast Profile Light Roast Tasting Notes Watermelon Gummies, Cantaloupe, Pear, Wild Honey, Cocoa Intensity Soft Balanced Strong Intensity Level:(4/5) Terroir & Process Naturals Arabica - Experimental Process Varietal -  Selection 795 Elevation - 1100 m.a.s.l Origin Ratnagiri Coffee Estate QGrader's Impression ""Aromatic coffee thats reminds strongly of ripe juicy sweet red watermelons. As you sip into the coffee it has familiar musk melon sweetness with crisp pear like mouthfeel and wild honey aftertaste. A very unique character to drink in a mug of coffee. Feels child like nostalgia of watermelon gum or gummies that puts a smile on the face while drinking this coffee """,https://www.thecoffeecircus.com/products/melon-mayhem,https://cdn.shopify.com/s/files/1/0574/8270/7031/files/Drip_Coffee_bag_2.jpg?v=1764241215,Coffee
"Melon Mayhem - Watermelon Gummies, Cantaloupe & Wild Honey",Coffee Circus,80.0,30g,Light Roast,"Watermelon Gummies, Cantaloupe, Pear, Wild Honey, Cocoa Intensity Soft Balanced Strong Intensity Level:(4/5) Terroir &",Ratnagiri Estate,Naturals Arabica - Experimental Process,"Product Melon Mayhem Roast Profile Light Roast Tasting Notes Watermelon Gummies, Cantaloupe, Pear, Wild Honey, Cocoa Intensity Soft Balanced Strong Intensity Level:(4/5) Terroir & Process Naturals Arabica - Experimental Process Varietal -  Selection 795 Elevation - 1100 m.a.s.l Origin Ratnagiri Coffee Estate QGrader's Impression ""Aromatic coffee thats reminds strongly of ripe juicy sweet red watermelons. As you sip into the coffee it has familiar musk melon sweetness with crisp pear like mouthfeel and wild honey aftertaste. A very unique character to drink in a mug of coffee. Feels child like nostalgia of watermelon gum or gummies that puts a smile on the face while drinking this coffee """,https://www.thecoffeecircus.com/products/melon-mayhem,https://cdn.shopify.com/s/files/1/0574/8270/7031/files/Drip_Coffee_bag_2.jpg?v=1764241215,Coffee
"Melon Mayhem - Watermelon Gummies, Cantaloupe & Wild Honey",Coffee Circus,80.0,30g,Light Roast,"Watermelon Gummies, Cantaloupe, Pear, Wild Honey, Cocoa Intensity Soft Balanced Strong Intensity Level:(4/5) Terroir &",Ratnagiri Estate,Naturals Arabica - Experimental Process,"Product Melon Mayhem Roast Profile Light Roast Tasting Notes Watermelon Gummies, Cantaloupe, Pear, Wild Honey, Cocoa Intensity Soft Balanced Strong Intensity Level:(4/5) Terroir & Process Naturals Arabica - Experimental Process Varietal -  Selection 795 Elevation - 1100 m.a.s.l Origin Ratnagiri Coffee Estate QGrader's Impression ""Aromatic coffee thats reminds strongly of ripe juicy sweet red watermelons. As you sip into the coffee it has familiar musk melon sweetness with crisp pear like mouthfeel and wild honey aftertaste. A very unique character to drink in a mug of coffee. Feels child like nostalgia of watermelon gum or gummies that puts a smile on the face while drinking this coffee """,https://www.thecoffeecircus.com/products/melon-mayhem,https://cdn.shopify.com/s/files/1/0574/8270/7031/files/Drip_Coffee_bag_2.jpg?v=1764241215,Coffee
"Melon Mayhem - Watermelon Gummies, Cantaloupe & Wild Honey",Coffee Circus,80.0,30g,Light Roast,"Watermelon Gummies, Cantaloupe, Pear, Wild Honey, Cocoa Intensity Soft Balanced Strong Intensity Level:(4/5) Terroir &",Ratnagiri Estate,Naturals Arabica - Experimental Process,"Product Melon Mayhem Roast Profile Light Roast Tasting Notes Watermelon Gummies, Cantaloupe, Pear, Wild Honey, Cocoa Intensity Soft Balanced Strong Intensity Level:(4/5) Terroir & Process Naturals Arabica - Experimental Process Varietal -  Selection 795 Elevation - 1100 m.a.s.l Origin Ratnagiri Coffee Estate QGrader's Impression ""Aromatic coffee thats reminds strongly of ripe juicy sweet red watermelons. As you sip into the coffee it has familiar musk melon sweetness with crisp pear like mouthfeel and wild honey aftertaste. A very unique character to drink in a mug of coffee. Feels child like nostalgia of watermelon gum or gummies that puts a smile on the face while drinking this coffee """,https://www.thecoffeecircus.com/products/melon-mayhem,https://cdn.shopify.com/s/files/1/0574/8270/7031/files/Drip_Coffee_bag_2.jpg?v=1764241215,Coffee
"Melon Mayhem - Watermelon Gummies, Cantaloupe & Wild Honey",Coffee Circus,80.0,30g,Light Roast,"Watermelon Gummies, Cantaloupe, Pear, Wild Honey, Cocoa Intensity Soft Balanced Strong Intensity Level:(4/5) Terroir &",Ratnagiri Estate,Naturals Arabica - Experimental Process,"Product Melon Mayhem Roast Profile Light Roast Tasting Notes Watermelon Gummies, Cantaloupe, Pear, Wild Honey, Cocoa Intensity Soft Balanced Strong Intensity Level:(4/5) Terroir & Process Naturals Arabica - Experimental Process Varietal -  Selection 795 Elevation - 1100 m.a.s.l Origin Ratnagiri Coffee Estate QGrader's Impression ""Aromatic coffee thats reminds strongly of ripe juicy sweet red watermelons. As you sip into the coffee it has familiar musk melon sweetness with crisp pear like mouthfeel and wild honey aftertaste. A very unique character to drink in a mug of coffee. Feels child like nostalgia of watermelon gum or gummies that puts a smile on the face while drinking this coffee """,https://www.thecoffeecircus.com/products/melon-mayhem,https://cdn.shopify.com/s/files/1/0574/8270/7031/files/Drip_Coffee_bag_2.jpg?v=1764241215,Coffee
"Melon Mayhem - Watermelon Gummies, Cantaloupe & Wild Honey",Coffee Circus,850.0,250g,Light Roast,"Watermelon Gummies, Cantaloupe, Pear, Wild Honey, Cocoa Intensity Soft Balanced Strong Intensity Level:(4/5) Terroir &",Ratnagiri Estate,Naturals Arabica - Experimental Process,"Product Melon Mayhem Roast Profile Light Roast Tasting Notes Watermelon Gummies, Cantaloupe, Pear, Wild Honey, Cocoa Intensity Soft Balanced Strong Intensity Level:(4/5) Terroir & Process Naturals Arabica - Experimental Process Varietal -  Selection 795 Elevation - 1100 m.a.s.l Origin Ratnagiri Coffee Estate QGrader's Impression ""Aromatic coffee thats reminds strongly of ripe juicy sweet red watermelons. As you sip into the coffee it has familiar musk melon sweetness with crisp pear like mouthfeel and wild honey aftertaste. A very unique character to drink in a mug of coffee. Feels child like nostalgia of watermelon gum or gummies that puts a smile on the face while drinking this coffee """,https://www.thecoffeecircus.com/products/melon-mayhem,https://cdn.shopify.com/s/files/1/0574/8270/7031/files/Drip_Coffee_bag_2.jpg?v=1764241215,Coffee
"Melon Mayhem - Watermelon Gummies, Cantaloupe & Wild Honey",Coffee Circus,850.0,250g,Light Roast,"Watermelon Gummies, Cantaloupe, Pear, Wild Honey, Cocoa Intensity Soft Balanced Strong Intensity Level:(4/5) Terroir &",Ratnagiri Estate,Naturals Arabica - Experimental Process,"Product Melon Mayhem Roast Profile Light Roast Tasting Notes Watermelon Gummies, Cantaloupe, Pear, Wild Honey, Cocoa Intensity Soft Balanced Strong Intensity Level:(4/5) Terroir & Process Naturals Arabica - Experimental Process Varietal -  Selection 795 Elevation - 1100 m.a.s.l Origin Ratnagiri Coffee Estate QGrader's Impression ""Aromatic coffee thats reminds strongly of ripe juicy sweet red watermelons. As you sip into the coffee it has familiar musk melon sweetness with crisp pear like mouthfeel and wild honey aftertaste. A very unique character to drink in a mug of coffee. Feels child like nostalgia of watermelon gum or gummies that puts a smile on the face while drinking this coffee """,https://www.thecoffeecircus.com/products/melon-mayhem,https://cdn.shopify.com/s/files/1/0574/8270/7031/files/Drip_Coffee_bag_2.jpg?v=1764241215,Coffee
"Melon Mayhem - Watermelon Gummies, Cantaloupe & Wild Honey",Coffee Circus,850.0,250g,Light Roast,"Watermelon Gummies, Cantaloupe, Pear, Wild Honey, Cocoa Intensity Soft Balanced Strong Intensity Level:(4/5) Terroir &",Ratnagiri Estate,Naturals Arabica - Experimental Process,"Product Melon Mayhem Roast Profile Light Roast Tasting Notes Watermelon Gummies, Cantaloupe, Pear, Wild Honey, Cocoa Intensity Soft Balanced Strong Intensity Level:(4/5) Terroir & Process Naturals Arabica - Experimental Process Varietal -  Selection 795 Elevation - 1100 m.a.s.l Origin Ratnagiri Coffee Estate QGrader's Impression ""Aromatic coffee thats reminds strongly of ripe juicy sweet red watermelons. As you sip into the coffee it has familiar musk melon sweetness with crisp pear like mouthfeel and wild honey aftertaste. A very unique character to drink in a mug of coffee. Feels child like nostalgia of watermelon gum or gummies that puts a smile on the face while drinking this coffee """,https://www.thecoffeecircus.com/products/melon-mayhem,https://cdn.shopify.com/s/files/1/0574/8270/7031/files/Drip_Coffee_bag_2.jpg?v=1764241215,Coffee
"Melon Mayhem - Watermelon Gummies, Cantaloupe & Wild Honey",Coffee Circus,850.0,250g,Light Roast,"Watermelon Gummies, Cantaloupe, Pear, Wild Honey, Cocoa Intensity Soft Balanced Strong Intensity Level:(4/5) Terroir &",Ratnagiri Estate,Naturals Arabica - Experimental Process,"Product Melon Mayhem Roast Profile Light Roast Tasting Notes Watermelon Gummies, Cantaloupe, Pear, Wild Honey, Cocoa Intensity Soft Balanced Strong Intensity Level:(4/5) Terroir & Process Naturals Arabica - Experimental Process Varietal -  Selection 795 Elevation - 1100 m.a.s.l Origin Ratnagiri Coffee Estate QGrader's Impression ""Aromatic coffee thats reminds strongly of ripe juicy sweet red watermelons. As you sip into the coffee it has familiar musk melon sweetness with crisp pear like mouthfeel and wild honey aftertaste. A very unique character to drink in a mug of coffee. Feels child like nostalgia of watermelon gum or gummies that puts a smile on the face while drinking this coffee """,https://www.thecoffeecircus.com/products/melon-mayhem,https://cdn.shopify.com/s/files/1/0574/8270/7031/files/Drip_Coffee_bag_2.jpg?v=1764241215,Coffee
"Frutti Nutti - Plumcake, Smoked raisins, Pecan, Cocoa Nibs",Coffee Circus,400.0,,,"Smoked Raisins, Pecan, Cocoa nibs, Rich Plum Cake Intensity Soft Balanced Strong Intensity Level:(4/5) Terroir &",Ratnagiri Estate,Naturals Arabica - Experimental Process,"Product Frutti Nutti Roast Profile Light Roast Tasting Notes Smoked Raisins, Pecan, Cocoa nibs, Rich Plum Cake Intensity Soft Balanced Strong Intensity Level:(4/5) Terroir & Process Naturals Arabica - Experimental Process Varietal -  Selection 795 Elevation - 1100 m.a.s.l Origin Ratnagiri Coffee Estate QGrader's Impression ""Reminds of Rich Plumcake, Topped with smoked raisins. This unique coffee tastes like dark chocolate, with reminiscent of rich syrupy stewed fruits like grapes, plums, walnuts and pecan. Roasted light the coffee is sweet, nuanced brightness has a syrupy clean mouthfeel, with a long aftertaste. """,https://www.thecoffeecircus.com/products/frutti-nutti,https://cdn.shopify.com/s/files/1/0574/8270/7031/files/coffee_circus_Frutti.png?v=1782308937,Coffee
"Frutti Nutti - Plumcake, Smoked raisins, Pecan, Cocoa Nibs",Coffee Circus,80.0,30g,,"Smoked Raisins, Pecan, Cocoa nibs, Rich Plum Cake Intensity Soft Balanced Strong Intensity Level:(4/5) Terroir &",Ratnagiri Estate,Naturals Arabica - Experimental Process,"Product Frutti Nutti Roast Profile Light Roast Tasting Notes Smoked Raisins, Pecan, Cocoa nibs, Rich Plum Cake Intensity Soft Balanced Strong Intensity Level:(4/5) Terroir & Process Naturals Arabica - Experimental Process Varietal -  Selection 795 Elevation - 1100 m.a.s.l Origin Ratnagiri Coffee Estate QGrader's Impression ""Reminds of Rich Plumcake, Topped with smoked raisins. This unique coffee tastes like dark chocolate, with reminiscent of rich syrupy stewed fruits like grapes, plums, walnuts and pecan. Roasted light the coffee is sweet, nuanced brightness has a syrupy clean mouthfeel, with a long aftertaste. """,https://www.thecoffeecircus.com/products/frutti-nutti,https://cdn.shopify.com/s/files/1/0574/8270/7031/files/coffee_circus_Frutti.png?v=1782308937,Coffee
"Frutti Nutti - Plumcake, Smoked raisins, Pecan, Cocoa Nibs",Coffee Circus,80.0,30g,,"Smoked Raisins, Pecan, Cocoa nibs, Rich Plum Cake Intensity Soft Balanced Strong Intensity Level:(4/5) Terroir &",Ratnagiri Estate,Naturals Arabica - Experimental Process,"Product Frutti Nutti Roast Profile Light Roast Tasting Notes Smoked Raisins, Pecan, Cocoa nibs, Rich Plum Cake Intensity Soft Balanced Strong Intensity Level:(4/5) Terroir & Process Naturals Arabica - Experimental Process Varietal -  Selection 795 Elevation - 1100 m.a.s.l Origin Ratnagiri Coffee Estate QGrader's Impression ""Reminds of Rich Plumcake, Topped with smoked raisins. This unique coffee tastes like dark chocolate, with reminiscent of rich syrupy stewed fruits like grapes, plums, walnuts and pecan. Roasted light the coffee is sweet, nuanced brightness has a syrupy clean mouthfeel, with a long aftertaste. """,https://www.thecoffeecircus.com/products/frutti-nutti,https://cdn.shopify.com/s/files/1/0574/8270/7031/files/coffee_circus_Frutti.png?v=1782308937,Coffee
"Frutti Nutti - Plumcake, Smoked raisins, Pecan, Cocoa Nibs",Coffee Circus,80.0,30g,,"Smoked Raisins, Pecan, Cocoa nibs, Rich Plum Cake Intensity Soft Balanced Strong Intensity Level:(4/5) Terroir &",Ratnagiri Estate,Naturals Arabica - Experimental Process,"Product Frutti Nutti Roast Profile Light Roast Tasting Notes Smoked Raisins, Pecan, Cocoa nibs, Rich Plum Cake Intensity Soft Balanced Strong Intensity Level:(4/5) Terroir & Process Naturals Arabica - Experimental Process Varietal -  Selection 795 Elevation - 1100 m.a.s.l Origin Ratnagiri Coffee Estate QGrader's Impression ""Reminds of Rich Plumcake, Topped with smoked raisins. This unique coffee tastes like dark chocolate, with reminiscent of rich syrupy stewed fruits like grapes, plums, walnuts and pecan. Roasted light the coffee is sweet, nuanced brightness has a syrupy clean mouthfeel, with a long aftertaste. """,https://www.thecoffeecircus.com/products/frutti-nutti,https://cdn.shopify.com/s/files/1/0574/8270/7031/files/coffee_circus_Frutti.png?v=1782308937,Coffee
"Frutti Nutti - Plumcake, Smoked raisins, Pecan, Cocoa Nibs",Coffee Circus,80.0,30g,,"Smoked Raisins, Pecan, Cocoa nibs, Rich Plum Cake Intensity Soft Balanced Strong Intensity Level:(4/5) Terroir &",Ratnagiri Estate,Naturals Arabica - Experimental Process,"Product Frutti Nutti Roast Profile Light Roast Tasting Notes Smoked Raisins, Pecan, Cocoa nibs, Rich Plum Cake Intensity Soft Balanced Strong Intensity Level:(4/5) Terroir & Process Naturals Arabica - Experimental Process Varietal -  Selection 795 Elevation - 1100 m.a.s.l Origin Ratnagiri Coffee Estate QGrader's Impression ""Reminds of Rich Plumcake, Topped with smoked raisins. This unique coffee tastes like dark chocolate, with reminiscent of rich syrupy stewed fruits like grapes, plums, walnuts and pecan. Roasted light the coffee is sweet, nuanced brightness has a syrupy clean mouthfeel, with a long aftertaste. """,https://www.thecoffeecircus.com/products/frutti-nutti,https://cdn.shopify.com/s/files/1/0574/8270/7031/files/coffee_circus_Frutti.png?v=1782308937,Coffee
"Frutti Nutti - Plumcake, Smoked raisins, Pecan, Cocoa Nibs",Coffee Circus,850.0,250g,,"Smoked Raisins, Pecan, Cocoa nibs, Rich Plum Cake Intensity Soft Balanced Strong Intensity Level:(4/5) Terroir &",Ratnagiri Estate,Naturals Arabica - Experimental Process,"Product Frutti Nutti Roast Profile Light Roast Tasting Notes Smoked Raisins, Pecan, Cocoa nibs, Rich Plum Cake Intensity Soft Balanced Strong Intensity Level:(4/5) Terroir & Process Naturals Arabica - Experimental Process Varietal -  Selection 795 Elevation - 1100 m.a.s.l Origin Ratnagiri Coffee Estate QGrader's Impression ""Reminds of Rich Plumcake, Topped with smoked raisins. This unique coffee tastes like dark chocolate, with reminiscent of rich syrupy stewed fruits like grapes, plums, walnuts and pecan. Roasted light the coffee is sweet, nuanced brightness has a syrupy clean mouthfeel, with a long aftertaste. """,https://www.thecoffeecircus.com/products/frutti-nutti,https://cdn.shopify.com/s/files/1/0574/8270/7031/files/coffee_circus_Frutti.png?v=1782308937,Coffee
"Frutti Nutti - Plumcake, Smoked raisins, Pecan, Cocoa Nibs",Coffee Circus,850.0,250g,,"Smoked Raisins, Pecan, Cocoa nibs, Rich Plum Cake Intensity Soft Balanced Strong Intensity Level:(4/5) Terroir &",Ratnagiri Estate,Naturals Arabica - Experimental Process,"Product Frutti Nutti Roast Profile Light Roast Tasting Notes Smoked Raisins, Pecan, Cocoa nibs, Rich Plum Cake Intensity Soft Balanced Strong Intensity Level:(4/5) Terroir & Process Naturals Arabica - Experimental Process Varietal -  Selection 795 Elevation - 1100 m.a.s.l Origin Ratnagiri Coffee Estate QGrader's Impression ""Reminds of Rich Plumcake, Topped with smoked raisins. This unique coffee tastes like dark chocolate, with reminiscent of rich syrupy stewed fruits like grapes, plums, walnuts and pecan. Roasted light the coffee is sweet, nuanced brightness has a syrupy clean mouthfeel, with a long aftertaste. """,https://www.thecoffeecircus.com/products/frutti-nutti,https://cdn.shopify.com/s/files/1/0574/8270/7031/files/coffee_circus_Frutti.png?v=1782308937,Coffee
"Frutti Nutti - Plumcake, Smoked raisins, Pecan, Cocoa Nibs",Coffee Circus,850.0,250g,,"Smoked Raisins, Pecan, Cocoa nibs, Rich Plum Cake Intensity Soft Balanced Strong Intensity Level:(4/5) Terroir &",Ratnagiri Estate,Naturals Arabica - Experimental Process,"Product Frutti Nutti Roast Profile Light Roast Tasting Notes Smoked Raisins, Pecan, Cocoa nibs, Rich Plum Cake Intensity Soft Balanced Strong Intensity Level:(4/5) Terroir & Process Naturals Arabica - Experimental Process Varietal -  Selection 795 Elevation - 1100 m.a.s.l Origin Ratnagiri Coffee Estate QGrader's Impression ""Reminds of Rich Plumcake, Topped with smoked raisins. This unique coffee tastes like dark chocolate, with reminiscent of rich syrupy stewed fruits like grapes, plums, walnuts and pecan. Roasted light the coffee is sweet, nuanced brightness has a syrupy clean mouthfeel, with a long aftertaste. """,https://www.thecoffeecircus.com/products/frutti-nutti,https://cdn.shopify.com/s/files/1/0574/8270/7031/files/coffee_circus_Frutti.png?v=1782308937,Coffee
"Frutti Nutti - Plumcake, Smoked raisins, Pecan, Cocoa Nibs",Coffee Circus,850.0,250g,,"Smoked Raisins, Pecan, Cocoa nibs, Rich Plum Cake Intensity Soft Balanced Strong Intensity Level:(4/5) Terroir &",Ratnagiri Estate,Naturals Arabica - Experimental Process,"Product Frutti Nutti Roast Profile Light Roast Tasting Notes Smoked Raisins, Pecan, Cocoa nibs, Rich Plum Cake Intensity Soft Balanced Strong Intensity Level:(4/5) Terroir & Process Naturals Arabica - Experimental Process Varietal -  Selection 795 Elevation - 1100 m.a.s.l Origin Ratnagiri Coffee Estate QGrader's Impression ""Reminds of Rich Plumcake, Topped with smoked raisins. This unique coffee tastes like dark chocolate, with reminiscent of rich syrupy stewed fruits like grapes, plums, walnuts and pecan. Roasted light the coffee is sweet, nuanced brightness has a syrupy clean mouthfeel, with a long aftertaste. """,https://www.thecoffeecircus.com/products/frutti-nutti,https://cdn.shopify.com/s/files/1/0574/8270/7031/files/coffee_circus_Frutti.png?v=1782308937,Coffee
Discovery Coffee bags (Assorted 250g x 5 Nos),Coffee Circus,2500.0,250g,,,,,"Cafe Discovery Box is your easiest way to stock a café (or serious home setup) with variety—without overcommitting to one flavour profile. Inside, you’ll get 5 assorted coffees, 250g each , so you can rotate brews, build a tasting flight, or figure out what your customers come back for. Expect a spread across the Coffee Circus taste spectrum—from nutty and comforting to bright and citrusy to exotic and fruity. It’s designed for menu testing, seasonal rotation, and crowd-pleasing variety, with the flexibility to brew across espresso and filter. What’s inside 5 x 250g bags (assorted coffees) A mix across C1 / C2 / C3 (C1 - Nutty & Chocolaty / C2 - Bright & Citrusy / C3 - Exotic & Fruity) Why you’ll love it Test what sells before ordering bigger volumes Offer variety without adding complexity Great for cupping sessions, staff training, and customer tastings Perfect for brew bar rotation (espresso + filter) Best for Café menus and rotating “guest coffee” slots Office pantries and hospitality counters Home brewers who want a week-by-week flavour journey",https://www.thecoffeecircus.com/products/cafe-taster-box-5-assorted-beans-250g-each,https://cdn.shopify.com/s/files/1/0574/8270/7031/files/Hoola_Hoop_250g.png?v=1756812039,Coffee
Discovery Coffee bags (Assorted 250g x 5 Nos),Coffee Circus,2500.0,250g,,,,,"Cafe Discovery Box is your easiest way to stock a café (or serious home setup) with variety—without overcommitting to one flavour profile. Inside, you’ll get 5 assorted coffees, 250g each , so you can rotate brews, build a tasting flight, or figure out what your customers come back for. Expect a spread across the Coffee Circus taste spectrum—from nutty and comforting to bright and citrusy to exotic and fruity. It’s designed for menu testing, seasonal rotation, and crowd-pleasing variety, with the flexibility to brew across espresso and filter. What’s inside 5 x 250g bags (assorted coffees) A mix across C1 / C2 / C3 (C1 - Nutty & Chocolaty / C2 - Bright & Citrusy / C3 - Exotic & Fruity) Why you’ll love it Test what sells before ordering bigger volumes Offer variety without adding complexity Great for cupping sessions, staff training, and customer tastings Perfect for brew bar rotation (espresso + filter) Best for Café menus and rotating “guest coffee” slots Office pantries and hospitality counters Home brewers who want a week-by-week flavour journey",https://www.thecoffeecircus.com/products/cafe-taster-box-5-assorted-beans-250g-each,https://cdn.shopify.com/s/files/1/0574/8270/7031/files/Hoola_Hoop_250g.png?v=1756812039,Coffee
Discovery Coffee bags (Assorted 250g x 5 Nos),Coffee Circus,2500.0,250g,,,,,"Cafe Discovery Box is your easiest way to stock a café (or serious home setup) with variety—without overcommitting to one flavour profile. Inside, you’ll get 5 assorted coffees, 250g each , so you can rotate brews, build a tasting flight, or figure out what your customers come back for. Expect a spread across the Coffee Circus taste spectrum—from nutty and comforting to bright and citrusy to exotic and fruity. It’s designed for menu testing, seasonal rotation, and crowd-pleasing variety, with the flexibility to brew across espresso and filter. What’s inside 5 x 250g bags (assorted coffees) A mix across C1 / C2 / C3 (C1 - Nutty & Chocolaty / C2 - Bright & Citrusy / C3 - Exotic & Fruity) Why you’ll love it Test what sells before ordering bigger volumes Offer variety without adding complexity Great for cupping sessions, staff training, and customer tastings Perfect for brew bar rotation (espresso + filter) Best for Café menus and rotating “guest coffee” slots Office pantries and hospitality counters Home brewers who want a week-by-week flavour journey",https://www.thecoffeecircus.com/products/cafe-taster-box-5-assorted-beans-250g-each,https://cdn.shopify.com/s/files/1/0574/8270/7031/files/Hoola_Hoop_250g.png?v=1756812039,Coffee
Discovery Beans/Powder (Assorted 30g x 5 Nos),Coffee Circus,400.0,30g,,"Inside, you’ll get 5 assorted 30g packs featuring Cannon Ball, Easy Breezy, Hoola Hoop, Carnival",,,"Curious about specialty coffee and not sure where to begin? This Coffee Beans Discovery Pack is an easy way to explore five different coffees before committing to a bigger bag. Inside, you’ll get 5 assorted 30g packs featuring Cannon Ball, Easy Breezy, Hoola Hoop, Carnival, and Barrel Roll — a simple way to taste across our flavour categories, from nutty and chocolaty to bright, citrusy, and exotic fruity. Choose whole beans or a grind size that suits your brewing method, and brew them at home just the way you like. It’s perfect for first-time specialty coffee drinkers, curious home brewers, gifting, or finding your favourite Coffee Circus coffee. What’s inside 1 x Cannon Ball (C1 - Nutty & Chocolaty) 1 x Easy Breezy (C2 - Bright & Citrusy) 1 x Hoola Hoop (C3 - Exotic & Fruity) 1 x Carnival (C3 - Exotic & Fruity) 1 x Barrel Roll (C3 - Exotic & Fruity) Why you’ll love it A simple way to explore the Coffee Circus range Great for first-time specialty coffee drinkers Choose whole beans or your preferred grind size Perfect for home brewing Ideal for gifting or finding your favourite coffee",https://www.thecoffeecircus.com/products/coffee-beans-discovery-pack,https://cdn.shopify.com/s/files/1/0574/8270/7031/files/Cannon_Ball_250g.png?v=1775465316,Coffee
Discovery Beans/Powder (Assorted 30g x 5 Nos),Coffee Circus,400.0,30g,,"Inside, you’ll get 5 assorted 30g packs featuring Cannon Ball, Easy Breezy, Hoola Hoop, Carnival",,,"Curious about specialty coffee and not sure where to begin? This Coffee Beans Discovery Pack is an easy way to explore five different coffees before committing to a bigger bag. Inside, you’ll get 5 assorted 30g packs featuring Cannon Ball, Easy Breezy, Hoola Hoop, Carnival, and Barrel Roll — a simple way to taste across our flavour categories, from nutty and chocolaty to bright, citrusy, and exotic fruity. Choose whole beans or a grind size that suits your brewing method, and brew them at home just the way you like. It’s perfect for first-time specialty coffee drinkers, curious home brewers, gifting, or finding your favourite Coffee Circus coffee. What’s inside 1 x Cannon Ball (C1 - Nutty & Chocolaty) 1 x Easy Breezy (C2 - Bright & Citrusy) 1 x Hoola Hoop (C3 - Exotic & Fruity) 1 x Carnival (C3 - Exotic & Fruity) 1 x Barrel Roll (C3 - Exotic & Fruity) Why you’ll love it A simple way to explore the Coffee Circus range Great for first-time specialty coffee drinkers Choose whole beans or your preferred grind size Perfect for home brewing Ideal for gifting or finding your favourite coffee",https://www.thecoffeecircus.com/products/coffee-beans-discovery-pack,https://cdn.shopify.com/s/files/1/0574/8270/7031/files/Cannon_Ball_250g.png?v=1775465316,Coffee
Discovery Beans/Powder (Assorted 30g x 5 Nos),Coffee Circus,400.0,30g,,"Inside, you’ll get 5 assorted 30g packs featuring Cannon Ball, Easy Breezy, Hoola Hoop, Carnival",,,"Curious about specialty coffee and not sure where to begin? This Coffee Beans Discovery Pack is an easy way to explore five different coffees before committing to a bigger bag. Inside, you’ll get 5 assorted 30g packs featuring Cannon Ball, Easy Breezy, Hoola Hoop, Carnival, and Barrel Roll — a simple way to taste across our flavour categories, from nutty and chocolaty to bright, citrusy, and exotic fruity. Choose whole beans or a grind size that suits your brewing method, and brew them at home just the way you like. It’s perfect for first-time specialty coffee drinkers, curious home brewers, gifting, or finding your favourite Coffee Circus coffee. What’s inside 1 x Cannon Ball (C1 - Nutty & Chocolaty) 1 x Easy Breezy (C2 - Bright & Citrusy) 1 x Hoola Hoop (C3 - Exotic & Fruity) 1 x Carnival (C3 - Exotic & Fruity) 1 x Barrel Roll (C3 - Exotic & Fruity) Why you’ll love it A simple way to explore the Coffee Circus range Great for first-time specialty coffee drinkers Choose whole beans or your preferred grind size Perfect for home brewing Ideal for gifting or finding your favourite coffee",https://www.thecoffeecircus.com/products/coffee-beans-discovery-pack,https://cdn.shopify.com/s/files/1/0574/8270/7031/files/Cannon_Ball_250g.png?v=1775465316,Coffee
Discovery Beans/Powder (Assorted 30g x 5 Nos),Coffee Circus,400.0,30g,,"Inside, you’ll get 5 assorted 30g packs featuring Cannon Ball, Easy Breezy, Hoola Hoop, Carnival",,,"Curious about specialty coffee and not sure where to begin? This Coffee Beans Discovery Pack is an easy way to explore five different coffees before committing to a bigger bag. Inside, you’ll get 5 assorted 30g packs featuring Cannon Ball, Easy Breezy, Hoola Hoop, Carnival, and Barrel Roll — a simple way to taste across our flavour categories, from nutty and chocolaty to bright, citrusy, and exotic fruity. Choose whole beans or a grind size that suits your brewing method, and brew them at home just the way you like. It’s perfect for first-time specialty coffee drinkers, curious home brewers, gifting, or finding your favourite Coffee Circus coffee. What’s inside 1 x Cannon Ball (C1 - Nutty & Chocolaty) 1 x Easy Breezy (C2 - Bright & Citrusy) 1 x Hoola Hoop (C3 - Exotic & Fruity) 1 x Carnival (C3 - Exotic & Fruity) 1 x Barrel Roll (C3 - Exotic & Fruity) Why you’ll love it A simple way to explore the Coffee Circus range Great for first-time specialty coffee drinkers Choose whole beans or your preferred grind size Perfect for home brewing Ideal for gifting or finding your favourite coffee",https://www.thecoffeecircus.com/products/coffee-beans-discovery-pack,https://cdn.shopify.com/s/files/1/0574/8270/7031/files/Cannon_Ball_250g.png?v=1775465316,Coffee
Hario V60-01 Plastic Coffee Dripper (White),Coffee Circus,600.0,,,,,,"Hario V60-01 Plastic Coffee Dripper Widely recognized around the world, the V60 pour over. Why the cone shape? The cone shaped paper filter adds depth to the coffee layer, so that the water flows to the center, extending the amount of time it is in contact with the ground coffee. COLOR: White • SIZE(mm): 115W x 100D x 82H • CAPACITY: 1-2 cups • MATERIAL: Polypropylene",https://www.thecoffeecircus.com/products/hario-v60-01-plastic-coffee-dripper-white,https://cdn.shopify.com/s/files/1/0574/8270/7031/files/hario_v60_white.png?v=1759141754,Accessories
Hario V60-01 Plastic Coffee Dripper (Red),Coffee Circus,600.0,,,,,,"Hario V60-01 Plastic Coffee Dripper Widely recognized around the world, the V60 pour over. Why the cone shape? The cone shaped paper filter adds depth to the coffee layer, so that the water flows to the center, extending the amount of time it is in contact with the ground coffee. COLOR: Red • SIZE(mm): 115W x 100D x 82H • CAPACITY: 1-2 cups • MATERIAL: Polypropylene",https://www.thecoffeecircus.com/products/hario-v60-01-plastic-dripper-red,https://cdn.shopify.com/s/files/1/0574/8270/7031/files/hario_V60.png?v=1759140967,Accessories
Discovery Drip Coffee (Assorted 5 Nos),Coffee Circus,400.0,,Dark Roast,"Intensity Cannon Ball C1 — Nutty & Chocolaty Sweet almonds, dark chocolate",,,"Curious about specialty coffee but not sure where to start? This assorted drip coffee box is the easiest way to explore The Coffee Circus range. Inside, you'll get 5 single-serve drip coffee bags — 1 each of Cannon Ball, Easy Breezy, Hoola Hoop, Carnival, and Barrel Roll. From nutty and comforting to bright and fruity, this box lets you taste across different coffee characters without needing any brewing equipment. Just open, hang the drip bag over your cup, pour hot water, and enjoy. Perfect for first-time specialty coffee drinkers, easy office brewing, travel, gifting, or simply finding your favourite Coffee Circus cup. What's inside Coffee Flavour Character Tasting Notes Intensity Cannon Ball C1 — Nutty & Chocolaty Sweet almonds, dark chocolate, hazelnut ★★★☆☆ Easy Breezy C2 — Bright & Citrusy Orange, soft citrus, clean & refreshing ★★☆☆☆ Hoola Hoop C3 — Exotic & Fruity Berries, currants, tropical sweetness ★★★☆☆ Carnival C3 — Exotic & Fruity Winy, complex, sweet syrupy body ★★★★☆ Barrel Roll C3 — Exotic Cedar, dark grapes, rich honey, warming spice ★★★☆☆ How to brew Boil water and let it cool for 30 seconds (ideal: 90–94°C) Open the drip bag and unfold the side tabs Hang the bag over your cup Pour 25ml of hot water first and wait 30 seconds — this blooms the coffee Slowly pour the remaining ~150ml in gentle circles Remove the bag and enjoy Why you'll love it Easy single-serve brewing — no equipment needed Taste all three flavour characters in one box Great for beginners and seasoned drinkers alike Perfect for home, work, or travel",https://www.thecoffeecircus.com/products/drip-coffee-discovery-set,https://cdn.shopify.com/s/files/1/0574/8270/7031/files/Drip_Coffee_Bag.jpg?v=1764240914,Coffee
Easy Breezy Drip Coffee Bags | C2 Bright & Citrusy,Coffee Circus,400.0,5 x single-serve brew bags,Medium Roast,"Peach, Blood Orange, Sweet Lime Intensity Soft Balanced Strong Intensity Level:(3/5) Terroir &",Hulihundloo Estate,Honey Sun Dried Arabica,"Product Easy Breezy - Drip Coffee Roast Profile Medium Roast Tasting Notes Peach, Blood Orange, Sweet Lime Intensity Soft Balanced Strong Intensity Level:(3/5) Terroir & Process Honey Sun Dried Arabica Varietal -  Selection 9 Elevation - 1050 m.a.s.l Origin Hulihundloo Coffee Estate, Chikmagalur, KA, India QGrader's Impression ""Basket of Complex Citrus, Bright Coffee with hint of ripe peaches, Well rounded juicy flavour of sweet Blood Oranges, Medium to long sweet lime aftertase. The subtle nuanced hint of sweet lime bitters make the coffee a memorable cup. Bright, Complex, (Clean - Not Tangy)""",https://www.thecoffeecircus.com/products/easy-breezy-drip-coffee-easy-brew-specialty-coffee,https://cdn.shopify.com/s/files/1/0574/8270/7031/files/Drip_Coffee_Easy_Breezy.png?v=1764241215,Coffee
Barrel Roll Drip Coffee Bags | C3 Exotic & Fruity,Coffee Circus,300.0,5 x single-serve brew bags,Medium Roast,"Cedar, Dark Grapes, Rich Honey & Warming Spice Intensity Soft Balanced Strong Intensity Level:(3/5) Terroir &",Bababudan Giri,Wooden Cask Aged Arabica Coffee,"Product Barrel Roll | C3 | Drip Coffee Roast Profile Medium Roast Tasting Notes Cedar, Dark Grapes, Rich Honey & Warming Spice Intensity Soft Balanced Strong Intensity Level:(3/5) Terroir & Process Process : Wooden Cask Aged Arabica Coffee Varietal -  S795 & Sarchimor Elevation - 1000 - 1200 m.a.s.l Origin Bababudan Giri, Ka, India QGrader's Impression "" Complex coffee process resulting in a very complex Malty, fruity coffee. Pleasant cedar on the nose. Hot brewed coffee is a decadent dark grapes, black berries and chocolate tasting notes. luxurious silky blossom honey mouthfeel. Sweet smoked warming spice aftertaste. As the coffee cools, it has a nuanced dry fruits and cinnamon taste.""",https://www.thecoffeecircus.com/products/barrel-roll-drip-coffee-easy-brew-specialty-coffee,https://cdn.shopify.com/s/files/1/0574/8270/7031/files/Drip_Coffee_Barrel_Roll.png?v=1764241215,Coffee
Carnival Drip Coffee Bags | C3 Exotic & Fruity,Coffee Circus,400.0,5 x single-serve brew bags,Medium Roast,"Mixed Fruits of Mulberry, Black Current, Blueberry Intensity Soft Balanced Strong Intensity Level:(3/5) Terroir &",,Naturals Arabica - Bruised Anaerobic Process,"Product Carnival | C3 | Drip Coffee Roast Profile Medium Roast Tasting Notes Mixed Fruits of Mulberry, Black Current, Blueberry Intensity Soft Balanced Strong Intensity Level:(3/5) Terroir & Process Naturals Arabica - Bruised Anaerobic Process Varietal -  Sarchimor Elevation - 1100 m.a.s.l Origin Boothangudi Coffee Estate QGrader's Impression "" Very Complex fruity coffee. Flavor basket of purple berries of black current, mulberry and blueberry. Syrupy, smooth mouthfeel, crisp berry acidity with medium to long aftertaste. Imparts a juicy mouthfeel when brewed hot, as the coffee cools, becomes more mellow sweet syrupy coffee.""",https://www.thecoffeecircus.com/products/carnival-drip-coffee-bags-c3-exotic-fruity,https://cdn.shopify.com/s/files/1/0574/8270/7031/files/Drip_Coffee_Carnival.png?v=1764241215,Coffee
Hoola Hoop Drip Coffee Bags | C3 Exotic & Fruity,Coffee Circus,400.0,5 x single-serve brew bags,Medium Roast,"Pineapple, Mangosteen, Tropical Fruits Intensity Soft Balanced Strong Intensity Level:(3/5) Terroir &",,Anaerobic Process Arabica,"Product Hoola Hoop | C3 | Drip Coffee Roast Profile Medium Roast Tasting Notes Pineapple, Mangosteen, Tropical Fruits Intensity Soft Balanced Strong Intensity Level:(3/5) Terroir & Process Anaerobic Process Arabica Varietal -  Sarchimor Elevation - 950 m.a.s.l Origin Sangameshwar Coffee Estate QGrader's Impression "" This coffee is syrupy sweet, bursting with tropical fruit notes. Complex fruit acidity, well rounded juicy mouthfeel. Flavours of ripe pineapple, stone fruits, mangosteen aftertaste. when hot it reflect a fruity brightness, as it cools, the coffee tastes like stewed fruits with a clean medium to long aftertaste.""",https://www.thecoffeecircus.com/products/hoola-hoop-drip-coffee,https://cdn.shopify.com/s/files/1/0574/8270/7031/files/Drip_Coffee_Hoola_Hoop.png?v=1764241215,Coffee
"Barrel Roll - Cedar, Dark Grapes, Rich Honey & Warming Spice",Coffee Circus,400.0,,Medium Roast,"Cedar, Dark Grapes, Rich Honey & Warming Spice Intensity Soft Balanced Strong Intensity Level:(3/5) Terroir &",Bababudan Giri,Wooden Cask Aged Arabica Coffee,"Product Barrel Roll | C3 | Coffee Bag Roast Profile Medium Roast Tasting Notes Cedar, Dark Grapes, Rich Honey & Warming Spice Intensity Soft Balanced Strong Intensity Level:(3/5) Terroir & Process Process : Wooden Cask Aged Arabica Coffee Varietal -  S795 & Sarchimor Elevation - 1000 - 1200 m.a.s.l Origin Bababudan Giri, Ka, India QGrader's Impression "" Complex coffee process resulting in a very complex Malty, fruity coffee. Pleasant cedar on the nose. Hot brewed coffee is a decadent dark grapes, black berries and chocolate tasting notes. luxurious silky blossom honey mouthfeel. Sweet smoked warming spice aftertaste. As the coffee cools, it has a nuanced dry fruits and cinnamon taste.""",https://www.thecoffeecircus.com/products/barrel-roll,https://cdn.shopify.com/s/files/1/0574/8270/7031/files/Barrel_Roll_250g.png?v=1756811935,Coffee
"Barrel Roll - Cedar, Dark Grapes, Rich Honey & Warming Spice",Coffee Circus,80.0,30g,Medium Roast,"Cedar, Dark Grapes, Rich Honey & Warming Spice Intensity Soft Balanced Strong Intensity Level:(3/5) Terroir &",Bababudan Giri,Wooden Cask Aged Arabica Coffee,"Product Barrel Roll | C3 | Coffee Bag Roast Profile Medium Roast Tasting Notes Cedar, Dark Grapes, Rich Honey & Warming Spice Intensity Soft Balanced Strong Intensity Level:(3/5) Terroir & Process Process : Wooden Cask Aged Arabica Coffee Varietal -  S795 & Sarchimor Elevation - 1000 - 1200 m.a.s.l Origin Bababudan Giri, Ka, India QGrader's Impression "" Complex coffee process resulting in a very complex Malty, fruity coffee. Pleasant cedar on the nose. Hot brewed coffee is a decadent dark grapes, black berries and chocolate tasting notes. luxurious silky blossom honey mouthfeel. Sweet smoked warming spice aftertaste. As the coffee cools, it has a nuanced dry fruits and cinnamon taste.""",https://www.thecoffeecircus.com/products/barrel-roll,https://cdn.shopify.com/s/files/1/0574/8270/7031/files/Barrel_Roll_250g.png?v=1756811935,Coffee
"Barrel Roll - Cedar, Dark Grapes, Rich Honey & Warming Spice",Coffee Circus,80.0,30g,Medium Roast,"Cedar, Dark Grapes, Rich Honey & Warming Spice Intensity Soft Balanced Strong Intensity Level:(3/5) Terroir &",Bababudan Giri,Wooden Cask Aged Arabica Coffee,"Product Barrel Roll | C3 | Coffee Bag Roast Profile Medium Roast Tasting Notes Cedar, Dark Grapes, Rich Honey & Warming Spice Intensity Soft Balanced Strong Intensity Level:(3/5) Terroir & Process Process : Wooden Cask Aged Arabica Coffee Varietal -  S795 & Sarchimor Elevation - 1000 - 1200 m.a.s.l Origin Bababudan Giri, Ka, India QGrader's Impression "" Complex coffee process resulting in a very complex Malty, fruity coffee. Pleasant cedar on the nose. Hot brewed coffee is a decadent dark grapes, black berries and chocolate tasting notes. luxurious silky blossom honey mouthfeel. Sweet smoked warming spice aftertaste. As the coffee cools, it has a nuanced dry fruits and cinnamon taste.""",https://www.thecoffeecircus.com/products/barrel-roll,https://cdn.shopify.com/s/files/1/0574/8270/7031/files/Barrel_Roll_250g.png?v=1756811935,Coffee
"Barrel Roll - Cedar, Dark Grapes, Rich Honey & Warming Spice",Coffee Circus,80.0,30g,Medium Roast,"Cedar, Dark Grapes, Rich Honey & Warming Spice Intensity Soft Balanced Strong Intensity Level:(3/5) Terroir &",Bababudan Giri,Wooden Cask Aged Arabica Coffee,"Product Barrel Roll | C3 | Coffee Bag Roast Profile Medium Roast Tasting Notes Cedar, Dark Grapes, Rich Honey & Warming Spice Intensity Soft Balanced Strong Intensity Level:(3/5) Terroir & Process Process : Wooden Cask Aged Arabica Coffee Varietal -  S795 & Sarchimor Elevation - 1000 - 1200 m.a.s.l Origin Bababudan Giri, Ka, India QGrader's Impression "" Complex coffee process resulting in a very complex Malty, fruity coffee. Pleasant cedar on the nose. Hot brewed coffee is a decadent dark grapes, black berries and chocolate tasting notes. luxurious silky blossom honey mouthfeel. Sweet smoked warming spice aftertaste. As the coffee cools, it has a nuanced dry fruits and cinnamon taste.""",https://www.thecoffeecircus.com/products/barrel-roll,https://cdn.shopify.com/s/files/1/0574/8270/7031/files/Barrel_Roll_250g.png?v=1756811935,Coffee
"Barrel Roll - Cedar, Dark Grapes, Rich Honey & Warming Spice",Coffee Circus,80.0,30g,Medium Roast,"Cedar, Dark Grapes, Rich Honey & Warming Spice Intensity Soft Balanced Strong Intensity Level:(3/5) Terroir &",Bababudan Giri,Wooden Cask Aged Arabica Coffee,"Product Barrel Roll | C3 | Coffee Bag Roast Profile Medium Roast Tasting Notes Cedar, Dark Grapes, Rich Honey & Warming Spice Intensity Soft Balanced Strong Intensity Level:(3/5) Terroir & Process Process : Wooden Cask Aged Arabica Coffee Varietal -  S795 & Sarchimor Elevation - 1000 - 1200 m.a.s.l Origin Bababudan Giri, Ka, India QGrader's Impression "" Complex coffee process resulting in a very complex Malty, fruity coffee. Pleasant cedar on the nose. Hot brewed coffee is a decadent dark grapes, black berries and chocolate tasting notes. luxurious silky blossom honey mouthfeel. Sweet smoked warming spice aftertaste. As the coffee cools, it has a nuanced dry fruits and cinnamon taste.""",https://www.thecoffeecircus.com/products/barrel-roll,https://cdn.shopify.com/s/files/1/0574/8270/7031/files/Barrel_Roll_250g.png?v=1756811935,Coffee
"Barrel Roll - Cedar, Dark Grapes, Rich Honey & Warming Spice",Coffee Circus,850.0,250g,Medium Roast,"Cedar, Dark Grapes, Rich Honey & Warming Spice Intensity Soft Balanced Strong Intensity Level:(3/5) Terroir &",Bababudan Giri,Wooden Cask Aged Arabica Coffee,"Product Barrel Roll | C3 | Coffee Bag Roast Profile Medium Roast Tasting Notes Cedar, Dark Grapes, Rich Honey & Warming Spice Intensity Soft Balanced Strong Intensity Level:(3/5) Terroir & Process Process : Wooden Cask Aged Arabica Coffee Varietal -  S795 & Sarchimor Elevation - 1000 - 1200 m.a.s.l Origin Bababudan Giri, Ka, India QGrader's Impression "" Complex coffee process resulting in a very complex Malty, fruity coffee. Pleasant cedar on the nose. Hot brewed coffee is a decadent dark grapes, black berries and chocolate tasting notes. luxurious silky blossom honey mouthfeel. Sweet smoked warming spice aftertaste. As the coffee cools, it has a nuanced dry fruits and cinnamon taste.""",https://www.thecoffeecircus.com/products/barrel-roll,https://cdn.shopify.com/s/files/1/0574/8270/7031/files/Barrel_Roll_250g.png?v=1756811935,Coffee
"Barrel Roll - Cedar, Dark Grapes, Rich Honey & Warming Spice",Coffee Circus,850.0,250g,Medium Roast,"Cedar, Dark Grapes, Rich Honey & Warming Spice Intensity Soft Balanced Strong Intensity Level:(3/5) Terroir &",Bababudan Giri,Wooden Cask Aged Arabica Coffee,"Product Barrel Roll | C3 | Coffee Bag Roast Profile Medium Roast Tasting Notes Cedar, Dark Grapes, Rich Honey & Warming Spice Intensity Soft Balanced Strong Intensity Level:(3/5) Terroir & Process Process : Wooden Cask Aged Arabica Coffee Varietal -  S795 & Sarchimor Elevation - 1000 - 1200 m.a.s.l Origin Bababudan Giri, Ka, India QGrader's Impression "" Complex coffee process resulting in a very complex Malty, fruity coffee. Pleasant cedar on the nose. Hot brewed coffee is a decadent dark grapes, black berries and chocolate tasting notes. luxurious silky blossom honey mouthfeel. Sweet smoked warming spice aftertaste. As the coffee cools, it has a nuanced dry fruits and cinnamon taste.""",https://www.thecoffeecircus.com/products/barrel-roll,https://cdn.shopify.com/s/files/1/0574/8270/7031/files/Barrel_Roll_250g.png?v=1756811935,Coffee
"Barrel Roll - Cedar, Dark Grapes, Rich Honey & Warming Spice",Coffee Circus,850.0,250g,Medium Roast,"Cedar, Dark Grapes, Rich Honey & Warming Spice Intensity Soft Balanced Strong Intensity Level:(3/5) Terroir &",Bababudan Giri,Wooden Cask Aged Arabica Coffee,"Product Barrel Roll | C3 | Coffee Bag Roast Profile Medium Roast Tasting Notes Cedar, Dark Grapes, Rich Honey & Warming Spice Intensity Soft Balanced Strong Intensity Level:(3/5) Terroir & Process Process : Wooden Cask Aged Arabica Coffee Varietal -  S795 & Sarchimor Elevation - 1000 - 1200 m.a.s.l Origin Bababudan Giri, Ka, India QGrader's Impression "" Complex coffee process resulting in a very complex Malty, fruity coffee. Pleasant cedar on the nose. Hot brewed coffee is a decadent dark grapes, black berries and chocolate tasting notes. luxurious silky blossom honey mouthfeel. Sweet smoked warming spice aftertaste. As the coffee cools, it has a nuanced dry fruits and cinnamon taste.""",https://www.thecoffeecircus.com/products/barrel-roll,https://cdn.shopify.com/s/files/1/0574/8270/7031/files/Barrel_Roll_250g.png?v=1756811935,Coffee
"Barrel Roll - Cedar, Dark Grapes, Rich Honey & Warming Spice",Coffee Circus,850.0,250g,Medium Roast,"Cedar, Dark Grapes, Rich Honey & Warming Spice Intensity Soft Balanced Strong Intensity Level:(3/5) Terroir &",Bababudan Giri,Wooden Cask Aged Arabica Coffee,"Product Barrel Roll | C3 | Coffee Bag Roast Profile Medium Roast Tasting Notes Cedar, Dark Grapes, Rich Honey & Warming Spice Intensity Soft Balanced Strong Intensity Level:(3/5) Terroir & Process Process : Wooden Cask Aged Arabica Coffee Varietal -  S795 & Sarchimor Elevation - 1000 - 1200 m.a.s.l Origin Bababudan Giri, Ka, India QGrader's Impression "" Complex coffee process resulting in a very complex Malty, fruity coffee. Pleasant cedar on the nose. Hot brewed coffee is a decadent dark grapes, black berries and chocolate tasting notes. luxurious silky blossom honey mouthfeel. Sweet smoked warming spice aftertaste. As the coffee cools, it has a nuanced dry fruits and cinnamon taste.""",https://www.thecoffeecircus.com/products/barrel-roll,https://cdn.shopify.com/s/files/1/0574/8270/7031/files/Barrel_Roll_250g.png?v=1756811935,Coffee
"Carnival Coffee - Black Current, Mulberry, Blueberry",Coffee Circus,400.0,,Medium Roast,"Mixed Fruits of Mulberry, Black Current, Blueberry Intensity Soft Balanced Strong Intensity Level:(3/5) Terroir &",,Naturals Arabica - Bruised Anaerobic Process,"Product Carnival | C3 | Coffee Bag Roast Profile Medium Roast Tasting Notes Mixed Fruits of Mulberry, Black Current, Blueberry Intensity Soft Balanced Strong Intensity Level:(3/5) Terroir & Process Naturals Arabica - Bruised Anaerobic Process Varietal -  Sarchimor Elevation - 1100 m.a.s.l Origin Boothangudi Coffee Estate QGrader's Impression "" Very Complex fruity coffee. Flavor basket of purple berries of black current, mulberry and blueberry. Syrupy, smooth mouthfeel, crisp berry acidity with medium to long aftertaste. Imparts a juicy mouthfeel when brewed hot, as the coffee cools, becomes more mellow sweet syrupy coffee.""",https://www.thecoffeecircus.com/products/carnival,https://cdn.shopify.com/s/files/1/0574/8270/7031/files/Carnival_250g.png?v=1756811978,Coffee
"Carnival Coffee - Black Current, Mulberry, Blueberry",Coffee Circus,80.0,30g,Medium Roast,"Mixed Fruits of Mulberry, Black Current, Blueberry Intensity Soft Balanced Strong Intensity Level:(3/5) Terroir &",,Naturals Arabica - Bruised Anaerobic Process,"Product Carnival | C3 | Coffee Bag Roast Profile Medium Roast Tasting Notes Mixed Fruits of Mulberry, Black Current, Blueberry Intensity Soft Balanced Strong Intensity Level:(3/5) Terroir & Process Naturals Arabica - Bruised Anaerobic Process Varietal -  Sarchimor Elevation - 1100 m.a.s.l Origin Boothangudi Coffee Estate QGrader's Impression "" Very Complex fruity coffee. Flavor basket of purple berries of black current, mulberry and blueberry. Syrupy, smooth mouthfeel, crisp berry acidity with medium to long aftertaste. Imparts a juicy mouthfeel when brewed hot, as the coffee cools, becomes more mellow sweet syrupy coffee.""",https://www.thecoffeecircus.com/products/carnival,https://cdn.shopify.com/s/files/1/0574/8270/7031/files/Carnival_250g.png?v=1756811978,Coffee
"Carnival Coffee - Black Current, Mulberry, Blueberry",Coffee Circus,80.0,30g,Medium Roast,"Mixed Fruits of Mulberry, Black Current, Blueberry Intensity Soft Balanced Strong Intensity Level:(3/5) Terroir &",,Naturals Arabica - Bruised Anaerobic Process,"Product Carnival | C3 | Coffee Bag Roast Profile Medium Roast Tasting Notes Mixed Fruits of Mulberry, Black Current, Blueberry Intensity Soft Balanced Strong Intensity Level:(3/5) Terroir & Process Naturals Arabica - Bruised Anaerobic Process Varietal -  Sarchimor Elevation - 1100 m.a.s.l Origin Boothangudi Coffee Estate QGrader's Impression "" Very Complex fruity coffee. Flavor basket of purple berries of black current, mulberry and blueberry. Syrupy, smooth mouthfeel, crisp berry acidity with medium to long aftertaste. Imparts a juicy mouthfeel when brewed hot, as the coffee cools, becomes more mellow sweet syrupy coffee.""",https://www.thecoffeecircus.com/products/carnival,https://cdn.shopify.com/s/files/1/0574/8270/7031/files/Carnival_250g.png?v=1756811978,Coffee
"Carnival Coffee - Black Current, Mulberry, Blueberry",Coffee Circus,80.0,30g,Medium Roast,"Mixed Fruits of Mulberry, Black Current, Blueberry Intensity Soft Balanced Strong Intensity Level:(3/5) Terroir &",,Naturals Arabica - Bruised Anaerobic Process,"Product Carnival | C3 | Coffee Bag Roast Profile Medium Roast Tasting Notes Mixed Fruits of Mulberry, Black Current, Blueberry Intensity Soft Balanced Strong Intensity Level:(3/5) Terroir & Process Naturals Arabica - Bruised Anaerobic Process Varietal -  Sarchimor Elevation - 1100 m.a.s.l Origin Boothangudi Coffee Estate QGrader's Impression "" Very Complex fruity coffee. Flavor basket of purple berries of black current, mulberry and blueberry. Syrupy, smooth mouthfeel, crisp berry acidity with medium to long aftertaste. Imparts a juicy mouthfeel when brewed hot, as the coffee cools, becomes more mellow sweet syrupy coffee.""",https://www.thecoffeecircus.com/products/carnival,https://cdn.shopify.com/s/files/1/0574/8270/7031/files/Carnival_250g.png?v=1756811978,Coffee
"Carnival Coffee - Black Current, Mulberry, Blueberry",Coffee Circus,80.0,30g,Medium Roast,"Mixed Fruits of Mulberry, Black Current, Blueberry Intensity Soft Balanced Strong Intensity Level:(3/5) Terroir &",,Naturals Arabica - Bruised Anaerobic Process,"Product Carnival | C3 | Coffee Bag Roast Profile Medium Roast Tasting Notes Mixed Fruits of Mulberry, Black Current, Blueberry Intensity Soft Balanced Strong Intensity Level:(3/5) Terroir & Process Naturals Arabica - Bruised Anaerobic Process Varietal -  Sarchimor Elevation - 1100 m.a.s.l Origin Boothangudi Coffee Estate QGrader's Impression "" Very Complex fruity coffee. Flavor basket of purple berries of black current, mulberry and blueberry. Syrupy, smooth mouthfeel, crisp berry acidity with medium to long aftertaste. Imparts a juicy mouthfeel when brewed hot, as the coffee cools, becomes more mellow sweet syrupy coffee.""",https://www.thecoffeecircus.com/products/carnival,https://cdn.shopify.com/s/files/1/0574/8270/7031/files/Carnival_250g.png?v=1756811978,Coffee
"Carnival Coffee - Black Current, Mulberry, Blueberry",Coffee Circus,850.0,250g,Medium Roast,"Mixed Fruits of Mulberry, Black Current, Blueberry Intensity Soft Balanced Strong Intensity Level:(3/5) Terroir &",,Naturals Arabica - Bruised Anaerobic Process,"Product Carnival | C3 | Coffee Bag Roast Profile Medium Roast Tasting Notes Mixed Fruits of Mulberry, Black Current, Blueberry Intensity Soft Balanced Strong Intensity Level:(3/5) Terroir & Process Naturals Arabica - Bruised Anaerobic Process Varietal -  Sarchimor Elevation - 1100 m.a.s.l Origin Boothangudi Coffee Estate QGrader's Impression "" Very Complex fruity coffee. Flavor basket of purple berries of black current, mulberry and blueberry. Syrupy, smooth mouthfeel, crisp berry acidity with medium to long aftertaste. Imparts a juicy mouthfeel when brewed hot, as the coffee cools, becomes more mellow sweet syrupy coffee.""",https://www.thecoffeecircus.com/products/carnival,https://cdn.shopify.com/s/files/1/0574/8270/7031/files/Carnival_250g.png?v=1756811978,Coffee
"Carnival Coffee - Black Current, Mulberry, Blueberry",Coffee Circus,850.0,250g,Medium Roast,"Mixed Fruits of Mulberry, Black Current, Blueberry Intensity Soft Balanced Strong Intensity Level:(3/5) Terroir &",,Naturals Arabica - Bruised Anaerobic Process,"Product Carnival | C3 | Coffee Bag Roast Profile Medium Roast Tasting Notes Mixed Fruits of Mulberry, Black Current, Blueberry Intensity Soft Balanced Strong Intensity Level:(3/5) Terroir & Process Naturals Arabica - Bruised Anaerobic Process Varietal -  Sarchimor Elevation - 1100 m.a.s.l Origin Boothangudi Coffee Estate QGrader's Impression "" Very Complex fruity coffee. Flavor basket of purple berries of black current, mulberry and blueberry. Syrupy, smooth mouthfeel, crisp berry acidity with medium to long aftertaste. Imparts a juicy mouthfeel when brewed hot, as the coffee cools, becomes more mellow sweet syrupy coffee.""",https://www.thecoffeecircus.com/products/carnival,https://cdn.shopify.com/s/files/1/0574/8270/7031/files/Carnival_250g.png?v=1756811978,Coffee
"Carnival Coffee - Black Current, Mulberry, Blueberry",Coffee Circus,850.0,250g,Medium Roast,"Mixed Fruits of Mulberry, Black Current, Blueberry Intensity Soft Balanced Strong Intensity Level:(3/5) Terroir &",,Naturals Arabica - Bruised Anaerobic Process,"Product Carnival | C3 | Coffee Bag Roast Profile Medium Roast Tasting Notes Mixed Fruits of Mulberry, Black Current, Blueberry Intensity Soft Balanced Strong Intensity Level:(3/5) Terroir & Process Naturals Arabica - Bruised Anaerobic Process Varietal -  Sarchimor Elevation - 1100 m.a.s.l Origin Boothangudi Coffee Estate QGrader's Impression "" Very Complex fruity coffee. Flavor basket of purple berries of black current, mulberry and blueberry. Syrupy, smooth mouthfeel, crisp berry acidity with medium to long aftertaste. Imparts a juicy mouthfeel when brewed hot, as the coffee cools, becomes more mellow sweet syrupy coffee.""",https://www.thecoffeecircus.com/products/carnival,https://cdn.shopify.com/s/files/1/0574/8270/7031/files/Carnival_250g.png?v=1756811978,Coffee
"Carnival Coffee - Black Current, Mulberry, Blueberry",Coffee Circus,850.0,250g,Medium Roast,"Mixed Fruits of Mulberry, Black Current, Blueberry Intensity Soft Balanced Strong Intensity Level:(3/5) Terroir &",,Naturals Arabica - Bruised Anaerobic Process,"Product Carnival | C3 | Coffee Bag Roast Profile Medium Roast Tasting Notes Mixed Fruits of Mulberry, Black Current, Blueberry Intensity Soft Balanced Strong Intensity Level:(3/5) Terroir & Process Naturals Arabica - Bruised Anaerobic Process Varietal -  Sarchimor Elevation - 1100 m.a.s.l Origin Boothangudi Coffee Estate QGrader's Impression "" Very Complex fruity coffee. Flavor basket of purple berries of black current, mulberry and blueberry. Syrupy, smooth mouthfeel, crisp berry acidity with medium to long aftertaste. Imparts a juicy mouthfeel when brewed hot, as the coffee cools, becomes more mellow sweet syrupy coffee.""",https://www.thecoffeecircus.com/products/carnival,https://cdn.shopify.com/s/files/1/0574/8270/7031/files/Carnival_250g.png?v=1756811978,Coffee
"Hoola Hoop - Tropical fruit, Pineapple & Mangosteen",Coffee Circus,400.0,,Medium Roast,"Pineapple, Mangosteen, Tropical Fruits Intensity Soft Balanced Strong Intensity Level:(3/5) Terroir &",,Anaerobic Process Arabica,"Product Hoola Hoop | C3 | Coffee Bag Roast Profile Medium Roast Tasting Notes Pineapple, Mangosteen, Tropical Fruits Intensity Soft Balanced Strong Intensity Level:(3/5) Terroir & Process Anaerobic Process Arabica Varietal -  Sarchimor Elevation - 950 m.a.s.l Origin Sangameshwar Coffee Estate QGrader's Impression "" This coffee is syrupy sweet, bursting with tropical fruit notes. Complex fruit acidity, well rounded juicy mouthfeel. Flavours of ripe pineapple, stone fruits, mangosteen aftertaste. when hot it reflect a fruity brightness, as it cools, the coffee tastes like stewed fruits with a clean medium to long aftertaste.""",https://www.thecoffeecircus.com/products/hoola-hoop,https://cdn.shopify.com/s/files/1/0574/8270/7031/files/Hoola_Hoop_250g.png?v=1756812039,Coffee
"Hoola Hoop - Tropical fruit, Pineapple & Mangosteen",Coffee Circus,80.0,30g,Medium Roast,"Pineapple, Mangosteen, Tropical Fruits Intensity Soft Balanced Strong Intensity Level:(3/5) Terroir &",,Anaerobic Process Arabica,"Product Hoola Hoop | C3 | Coffee Bag Roast Profile Medium Roast Tasting Notes Pineapple, Mangosteen, Tropical Fruits Intensity Soft Balanced Strong Intensity Level:(3/5) Terroir & Process Anaerobic Process Arabica Varietal -  Sarchimor Elevation - 950 m.a.s.l Origin Sangameshwar Coffee Estate QGrader's Impression "" This coffee is syrupy sweet, bursting with tropical fruit notes. Complex fruit acidity, well rounded juicy mouthfeel. Flavours of ripe pineapple, stone fruits, mangosteen aftertaste. when hot it reflect a fruity brightness, as it cools, the coffee tastes like stewed fruits with a clean medium to long aftertaste.""",https://www.thecoffeecircus.com/products/hoola-hoop,https://cdn.shopify.com/s/files/1/0574/8270/7031/files/Hoola_Hoop_250g.png?v=1756812039,Coffee
"Hoola Hoop - Tropical fruit, Pineapple & Mangosteen",Coffee Circus,80.0,30g,Medium Roast,"Pineapple, Mangosteen, Tropical Fruits Intensity Soft Balanced Strong Intensity Level:(3/5) Terroir &",,Anaerobic Process Arabica,"Product Hoola Hoop | C3 | Coffee Bag Roast Profile Medium Roast Tasting Notes Pineapple, Mangosteen, Tropical Fruits Intensity Soft Balanced Strong Intensity Level:(3/5) Terroir & Process Anaerobic Process Arabica Varietal -  Sarchimor Elevation - 950 m.a.s.l Origin Sangameshwar Coffee Estate QGrader's Impression "" This coffee is syrupy sweet, bursting with tropical fruit notes. Complex fruit acidity, well rounded juicy mouthfeel. Flavours of ripe pineapple, stone fruits, mangosteen aftertaste. when hot it reflect a fruity brightness, as it cools, the coffee tastes like stewed fruits with a clean medium to long aftertaste.""",https://www.thecoffeecircus.com/products/hoola-hoop,https://cdn.shopify.com/s/files/1/0574/8270/7031/files/Hoola_Hoop_250g.png?v=1756812039,Coffee
"Hoola Hoop - Tropical fruit, Pineapple & Mangosteen",Coffee Circus,80.0,30g,Medium Roast,"Pineapple, Mangosteen, Tropical Fruits Intensity Soft Balanced Strong Intensity Level:(3/5) Terroir &",,Anaerobic Process Arabica,"Product Hoola Hoop | C3 | Coffee Bag Roast Profile Medium Roast Tasting Notes Pineapple, Mangosteen, Tropical Fruits Intensity Soft Balanced Strong Intensity Level:(3/5) Terroir & Process Anaerobic Process Arabica Varietal -  Sarchimor Elevation - 950 m.a.s.l Origin Sangameshwar Coffee Estate QGrader's Impression "" This coffee is syrupy sweet, bursting with tropical fruit notes. Complex fruit acidity, well rounded juicy mouthfeel. Flavours of ripe pineapple, stone fruits, mangosteen aftertaste. when hot it reflect a fruity brightness, as it cools, the coffee tastes like stewed fruits with a clean medium to long aftertaste.""",https://www.thecoffeecircus.com/products/hoola-hoop,https://cdn.shopify.com/s/files/1/0574/8270/7031/files/Hoola_Hoop_250g.png?v=1756812039,Coffee
"Hoola Hoop - Tropical fruit, Pineapple & Mangosteen",Coffee Circus,80.0,30g,Medium Roast,"Pineapple, Mangosteen, Tropical Fruits Intensity Soft Balanced Strong Intensity Level:(3/5) Terroir &",,Anaerobic Process Arabica,"Product Hoola Hoop | C3 | Coffee Bag Roast Profile Medium Roast Tasting Notes Pineapple, Mangosteen, Tropical Fruits Intensity Soft Balanced Strong Intensity Level:(3/5) Terroir & Process Anaerobic Process Arabica Varietal -  Sarchimor Elevation - 950 m.a.s.l Origin Sangameshwar Coffee Estate QGrader's Impression "" This coffee is syrupy sweet, bursting with tropical fruit notes. Complex fruit acidity, well rounded juicy mouthfeel. Flavours of ripe pineapple, stone fruits, mangosteen aftertaste. when hot it reflect a fruity brightness, as it cools, the coffee tastes like stewed fruits with a clean medium to long aftertaste.""",https://www.thecoffeecircus.com/products/hoola-hoop,https://cdn.shopify.com/s/files/1/0574/8270/7031/files/Hoola_Hoop_250g.png?v=1756812039,Coffee
"Hoola Hoop - Tropical fruit, Pineapple & Mangosteen",Coffee Circus,850.0,250g,Medium Roast,"Pineapple, Mangosteen, Tropical Fruits Intensity Soft Balanced Strong Intensity Level:(3/5) Terroir &",,Anaerobic Process Arabica,"Product Hoola Hoop | C3 | Coffee Bag Roast Profile Medium Roast Tasting Notes Pineapple, Mangosteen, Tropical Fruits Intensity Soft Balanced Strong Intensity Level:(3/5) Terroir & Process Anaerobic Process Arabica Varietal -  Sarchimor Elevation - 950 m.a.s.l Origin Sangameshwar Coffee Estate QGrader's Impression "" This coffee is syrupy sweet, bursting with tropical fruit notes. Complex fruit acidity, well rounded juicy mouthfeel. Flavours of ripe pineapple, stone fruits, mangosteen aftertaste. when hot it reflect a fruity brightness, as it cools, the coffee tastes like stewed fruits with a clean medium to long aftertaste.""",https://www.thecoffeecircus.com/products/hoola-hoop,https://cdn.shopify.com/s/files/1/0574/8270/7031/files/Hoola_Hoop_250g.png?v=1756812039,Coffee
"Hoola Hoop - Tropical fruit, Pineapple & Mangosteen",Coffee Circus,850.0,250g,Medium Roast,"Pineapple, Mangosteen, Tropical Fruits Intensity Soft Balanced Strong Intensity Level:(3/5) Terroir &",,Anaerobic Process Arabica,"Product Hoola Hoop | C3 | Coffee Bag Roast Profile Medium Roast Tasting Notes Pineapple, Mangosteen, Tropical Fruits Intensity Soft Balanced Strong Intensity Level:(3/5) Terroir & Process Anaerobic Process Arabica Varietal -  Sarchimor Elevation - 950 m.a.s.l Origin Sangameshwar Coffee Estate QGrader's Impression "" This coffee is syrupy sweet, bursting with tropical fruit notes. Complex fruit acidity, well rounded juicy mouthfeel. Flavours of ripe pineapple, stone fruits, mangosteen aftertaste. when hot it reflect a fruity brightness, as it cools, the coffee tastes like stewed fruits with a clean medium to long aftertaste.""",https://www.thecoffeecircus.com/products/hoola-hoop,https://cdn.shopify.com/s/files/1/0574/8270/7031/files/Hoola_Hoop_250g.png?v=1756812039,Coffee
"Hoola Hoop - Tropical fruit, Pineapple & Mangosteen",Coffee Circus,850.0,250g,Medium Roast,"Pineapple, Mangosteen, Tropical Fruits Intensity Soft Balanced Strong Intensity Level:(3/5) Terroir &",,Anaerobic Process Arabica,"Product Hoola Hoop | C3 | Coffee Bag Roast Profile Medium Roast Tasting Notes Pineapple, Mangosteen, Tropical Fruits Intensity Soft Balanced Strong Intensity Level:(3/5) Terroir & Process Anaerobic Process Arabica Varietal -  Sarchimor Elevation - 950 m.a.s.l Origin Sangameshwar Coffee Estate QGrader's Impression "" This coffee is syrupy sweet, bursting with tropical fruit notes. Complex fruit acidity, well rounded juicy mouthfeel. Flavours of ripe pineapple, stone fruits, mangosteen aftertaste. when hot it reflect a fruity brightness, as it cools, the coffee tastes like stewed fruits with a clean medium to long aftertaste.""",https://www.thecoffeecircus.com/products/hoola-hoop,https://cdn.shopify.com/s/files/1/0574/8270/7031/files/Hoola_Hoop_250g.png?v=1756812039,Coffee
"Hoola Hoop - Tropical fruit, Pineapple & Mangosteen",Coffee Circus,850.0,250g,Medium Roast,"Pineapple, Mangosteen, Tropical Fruits Intensity Soft Balanced Strong Intensity Level:(3/5) Terroir &",,Anaerobic Process Arabica,"Product Hoola Hoop | C3 | Coffee Bag Roast Profile Medium Roast Tasting Notes Pineapple, Mangosteen, Tropical Fruits Intensity Soft Balanced Strong Intensity Level:(3/5) Terroir & Process Anaerobic Process Arabica Varietal -  Sarchimor Elevation - 950 m.a.s.l Origin Sangameshwar Coffee Estate QGrader's Impression "" This coffee is syrupy sweet, bursting with tropical fruit notes. Complex fruit acidity, well rounded juicy mouthfeel. Flavours of ripe pineapple, stone fruits, mangosteen aftertaste. when hot it reflect a fruity brightness, as it cools, the coffee tastes like stewed fruits with a clean medium to long aftertaste.""",https://www.thecoffeecircus.com/products/hoola-hoop,https://cdn.shopify.com/s/files/1/0574/8270/7031/files/Hoola_Hoop_250g.png?v=1756812039,Coffee
"Easy Breezy - Peach, Blood Orange, Sweet Lime",Coffee Circus,400.0,,Medium Roast,"Peach, Blood Orange, Sweet Lime Intensity Soft Balanced Strong Intensity Level:(3/5) Terroir &",Hulihundloo Estate,Honey Sun Dried Arabica,"Product Easy Breezy Roast Profile Medium Roast Tasting Notes Peach, Blood Orange, Sweet Lime Intensity Soft Balanced Strong Intensity Level:(3/5) Terroir & Process Honey Sun Dried Arabica Varietal -  Selection 9 Elevation - 1050 m.a.s.l Origin Hulihundloo Coffee Estate, Chikmagalur, KA, India QGrader's Impression ""Basket of Complex Citrus, Bright Coffee with hint of ripe peaches, Well rounded juicy flavour of sweet Blood Oranges, Medium to long sweet lime aftertase. The subtle nuanced hint of sweet lime bitters make the coffee a memorable cup. Bright, Complex, (Clean - Not Tangy)""",https://www.thecoffeecircus.com/products/easy-breezy,https://cdn.shopify.com/s/files/1/0574/8270/7031/files/Easy_Breezy_250g.png?v=1756812086,Coffee
"Easy Breezy - Peach, Blood Orange, Sweet Lime",Coffee Circus,80.0,30g,Medium Roast,"Peach, Blood Orange, Sweet Lime Intensity Soft Balanced Strong Intensity Level:(3/5) Terroir &",Hulihundloo Estate,Honey Sun Dried Arabica,"Product Easy Breezy Roast Profile Medium Roast Tasting Notes Peach, Blood Orange, Sweet Lime Intensity Soft Balanced Strong Intensity Level:(3/5) Terroir & Process Honey Sun Dried Arabica Varietal -  Selection 9 Elevation - 1050 m.a.s.l Origin Hulihundloo Coffee Estate, Chikmagalur, KA, India QGrader's Impression ""Basket of Complex Citrus, Bright Coffee with hint of ripe peaches, Well rounded juicy flavour of sweet Blood Oranges, Medium to long sweet lime aftertase. The subtle nuanced hint of sweet lime bitters make the coffee a memorable cup. Bright, Complex, (Clean - Not Tangy)""",https://www.thecoffeecircus.com/products/easy-breezy,https://cdn.shopify.com/s/files/1/0574/8270/7031/files/Easy_Breezy_250g.png?v=1756812086,Coffee
"Easy Breezy - Peach, Blood Orange, Sweet Lime",Coffee Circus,80.0,30g,Medium Roast,"Peach, Blood Orange, Sweet Lime Intensity Soft Balanced Strong Intensity Level:(3/5) Terroir &",Hulihundloo Estate,Honey Sun Dried Arabica,"Product Easy Breezy Roast Profile Medium Roast Tasting Notes Peach, Blood Orange, Sweet Lime Intensity Soft Balanced Strong Intensity Level:(3/5) Terroir & Process Honey Sun Dried Arabica Varietal -  Selection 9 Elevation - 1050 m.a.s.l Origin Hulihundloo Coffee Estate, Chikmagalur, KA, India QGrader's Impression ""Basket of Complex Citrus, Bright Coffee with hint of ripe peaches, Well rounded juicy flavour of sweet Blood Oranges, Medium to long sweet lime aftertase. The subtle nuanced hint of sweet lime bitters make the coffee a memorable cup. Bright, Complex, (Clean - Not Tangy)""",https://www.thecoffeecircus.com/products/easy-breezy,https://cdn.shopify.com/s/files/1/0574/8270/7031/files/Easy_Breezy_250g.png?v=1756812086,Coffee
"Easy Breezy - Peach, Blood Orange, Sweet Lime",Coffee Circus,80.0,30g,Medium Roast,"Peach, Blood Orange, Sweet Lime Intensity Soft Balanced Strong Intensity Level:(3/5) Terroir &",Hulihundloo Estate,Honey Sun Dried Arabica,"Product Easy Breezy Roast Profile Medium Roast Tasting Notes Peach, Blood Orange, Sweet Lime Intensity Soft Balanced Strong Intensity Level:(3/5) Terroir & Process Honey Sun Dried Arabica Varietal -  Selection 9 Elevation - 1050 m.a.s.l Origin Hulihundloo Coffee Estate, Chikmagalur, KA, India QGrader's Impression ""Basket of Complex Citrus, Bright Coffee with hint of ripe peaches, Well rounded juicy flavour of sweet Blood Oranges, Medium to long sweet lime aftertase. The subtle nuanced hint of sweet lime bitters make the coffee a memorable cup. Bright, Complex, (Clean - Not Tangy)""",https://www.thecoffeecircus.com/products/easy-breezy,https://cdn.shopify.com/s/files/1/0574/8270/7031/files/Easy_Breezy_250g.png?v=1756812086,Coffee
"Easy Breezy - Peach, Blood Orange, Sweet Lime",Coffee Circus,80.0,30g,Medium Roast,"Peach, Blood Orange, Sweet Lime Intensity Soft Balanced Strong Intensity Level:(3/5) Terroir &",Hulihundloo Estate,Honey Sun Dried Arabica,"Product Easy Breezy Roast Profile Medium Roast Tasting Notes Peach, Blood Orange, Sweet Lime Intensity Soft Balanced Strong Intensity Level:(3/5) Terroir & Process Honey Sun Dried Arabica Varietal -  Selection 9 Elevation - 1050 m.a.s.l Origin Hulihundloo Coffee Estate, Chikmagalur, KA, India QGrader's Impression ""Basket of Complex Citrus, Bright Coffee with hint of ripe peaches, Well rounded juicy flavour of sweet Blood Oranges, Medium to long sweet lime aftertase. The subtle nuanced hint of sweet lime bitters make the coffee a memorable cup. Bright, Complex, (Clean - Not Tangy)""",https://www.thecoffeecircus.com/products/easy-breezy,https://cdn.shopify.com/s/files/1/0574/8270/7031/files/Easy_Breezy_250g.png?v=1756812086,Coffee
"Easy Breezy - Peach, Blood Orange, Sweet Lime",Coffee Circus,850.0,250g,Medium Roast,"Peach, Blood Orange, Sweet Lime Intensity Soft Balanced Strong Intensity Level:(3/5) Terroir &",Hulihundloo Estate,Honey Sun Dried Arabica,"Product Easy Breezy Roast Profile Medium Roast Tasting Notes Peach, Blood Orange, Sweet Lime Intensity Soft Balanced Strong Intensity Level:(3/5) Terroir & Process Honey Sun Dried Arabica Varietal -  Selection 9 Elevation - 1050 m.a.s.l Origin Hulihundloo Coffee Estate, Chikmagalur, KA, India QGrader's Impression ""Basket of Complex Citrus, Bright Coffee with hint of ripe peaches, Well rounded juicy flavour of sweet Blood Oranges, Medium to long sweet lime aftertase. The subtle nuanced hint of sweet lime bitters make the coffee a memorable cup. Bright, Complex, (Clean - Not Tangy)""",https://www.thecoffeecircus.com/products/easy-breezy,https://cdn.shopify.com/s/files/1/0574/8270/7031/files/Easy_Breezy_250g.png?v=1756812086,Coffee
"Easy Breezy - Peach, Blood Orange, Sweet Lime",Coffee Circus,850.0,250g,Medium Roast,"Peach, Blood Orange, Sweet Lime Intensity Soft Balanced Strong Intensity Level:(3/5) Terroir &",Hulihundloo Estate,Honey Sun Dried Arabica,"Product Easy Breezy Roast Profile Medium Roast Tasting Notes Peach, Blood Orange, Sweet Lime Intensity Soft Balanced Strong Intensity Level:(3/5) Terroir & Process Honey Sun Dried Arabica Varietal -  Selection 9 Elevation - 1050 m.a.s.l Origin Hulihundloo Coffee Estate, Chikmagalur, KA, India QGrader's Impression ""Basket of Complex Citrus, Bright Coffee with hint of ripe peaches, Well rounded juicy flavour of sweet Blood Oranges, Medium to long sweet lime aftertase. The subtle nuanced hint of sweet lime bitters make the coffee a memorable cup. Bright, Complex, (Clean - Not Tangy)""",https://www.thecoffeecircus.com/products/easy-breezy,https://cdn.shopify.com/s/files/1/0574/8270/7031/files/Easy_Breezy_250g.png?v=1756812086,Coffee
"Easy Breezy - Peach, Blood Orange, Sweet Lime",Coffee Circus,850.0,250g,Medium Roast,"Peach, Blood Orange, Sweet Lime Intensity Soft Balanced Strong Intensity Level:(3/5) Terroir &",Hulihundloo Estate,Honey Sun Dried Arabica,"Product Easy Breezy Roast Profile Medium Roast Tasting Notes Peach, Blood Orange, Sweet Lime Intensity Soft Balanced Strong Intensity Level:(3/5) Terroir & Process Honey Sun Dried Arabica Varietal -  Selection 9 Elevation - 1050 m.a.s.l Origin Hulihundloo Coffee Estate, Chikmagalur, KA, India QGrader's Impression ""Basket of Complex Citrus, Bright Coffee with hint of ripe peaches, Well rounded juicy flavour of sweet Blood Oranges, Medium to long sweet lime aftertase. The subtle nuanced hint of sweet lime bitters make the coffee a memorable cup. Bright, Complex, (Clean - Not Tangy)""",https://www.thecoffeecircus.com/products/easy-breezy,https://cdn.shopify.com/s/files/1/0574/8270/7031/files/Easy_Breezy_250g.png?v=1756812086,Coffee
"Easy Breezy - Peach, Blood Orange, Sweet Lime",Coffee Circus,850.0,250g,Medium Roast,"Peach, Blood Orange, Sweet Lime Intensity Soft Balanced Strong Intensity Level:(3/5) Terroir &",Hulihundloo Estate,Honey Sun Dried Arabica,"Product Easy Breezy Roast Profile Medium Roast Tasting Notes Peach, Blood Orange, Sweet Lime Intensity Soft Balanced Strong Intensity Level:(3/5) Terroir & Process Honey Sun Dried Arabica Varietal -  Selection 9 Elevation - 1050 m.a.s.l Origin Hulihundloo Coffee Estate, Chikmagalur, KA, India QGrader's Impression ""Basket of Complex Citrus, Bright Coffee with hint of ripe peaches, Well rounded juicy flavour of sweet Blood Oranges, Medium to long sweet lime aftertase. The subtle nuanced hint of sweet lime bitters make the coffee a memorable cup. Bright, Complex, (Clean - Not Tangy)""",https://www.thecoffeecircus.com/products/easy-breezy,https://cdn.shopify.com/s/files/1/0574/8270/7031/files/Easy_Breezy_250g.png?v=1756812086,Coffee
"Cannon Ball - Almond Toffee, Milk Chocolate & Orange Zest",Coffee Circus,400.0,,Dark Roast,"Floral, Sweet Almonds Toffee, Milk Chocolate, Hints of Orange Intensity Soft Balanced Strong Intensity Level:(4/5)",Zoya Coffee Estate,Washed Arabica - Anoxic Processed,"Product Cannon Ball Roast Profile Medium - Dark Roast Tasting Notes Floral, Sweet Almonds Toffee, Milk Chocolate, Hints of Orange Intensity Soft Balanced Strong Intensity Level:(4/5) Terroir & Process Washed Arabica - Anoxic Processed Varietal -  Selection 795 Elevation - 1100 m.a.s.l Origin Zoya Coffee Estate Chikmagalur, KA, India QGrader's Impression ""Delicate Floral Fregrance, Bold tasting notes of Almonds, Milk Chocolate. Smooth Toffee Mouthfeel with a lingering Orange citrus acidity. Balanced mouthfeel, and medium to long clean aftertaste. Become more delicate with vibrant citrus acidity as it cools""",https://www.thecoffeecircus.com/products/cannon-ball,https://cdn.shopify.com/s/files/1/0574/8270/7031/files/Cannon_Ball_250g.png?v=1775465316,Coffee
"Cannon Ball - Almond Toffee, Milk Chocolate & Orange Zest",Coffee Circus,80.0,30g,Dark Roast,"Floral, Sweet Almonds Toffee, Milk Chocolate, Hints of Orange Intensity Soft Balanced Strong Intensity Level:(4/5)",Zoya Coffee Estate,Washed Arabica - Anoxic Processed,"Product Cannon Ball Roast Profile Medium - Dark Roast Tasting Notes Floral, Sweet Almonds Toffee, Milk Chocolate, Hints of Orange Intensity Soft Balanced Strong Intensity Level:(4/5) Terroir & Process Washed Arabica - Anoxic Processed Varietal -  Selection 795 Elevation - 1100 m.a.s.l Origin Zoya Coffee Estate Chikmagalur, KA, India QGrader's Impression ""Delicate Floral Fregrance, Bold tasting notes of Almonds, Milk Chocolate. Smooth Toffee Mouthfeel with a lingering Orange citrus acidity. Balanced mouthfeel, and medium to long clean aftertaste. Become more delicate with vibrant citrus acidity as it cools""",https://www.thecoffeecircus.com/products/cannon-ball,https://cdn.shopify.com/s/files/1/0574/8270/7031/files/Cannon_Ball_250g.png?v=1775465316,Coffee
"Cannon Ball - Almond Toffee, Milk Chocolate & Orange Zest",Coffee Circus,80.0,30g,Dark Roast,"Floral, Sweet Almonds Toffee, Milk Chocolate, Hints of Orange Intensity Soft Balanced Strong Intensity Level:(4/5)",Zoya Coffee Estate,Washed Arabica - Anoxic Processed,"Product Cannon Ball Roast Profile Medium - Dark Roast Tasting Notes Floral, Sweet Almonds Toffee, Milk Chocolate, Hints of Orange Intensity Soft Balanced Strong Intensity Level:(4/5) Terroir & Process Washed Arabica - Anoxic Processed Varietal -  Selection 795 Elevation - 1100 m.a.s.l Origin Zoya Coffee Estate Chikmagalur, KA, India QGrader's Impression ""Delicate Floral Fregrance, Bold tasting notes of Almonds, Milk Chocolate. Smooth Toffee Mouthfeel with a lingering Orange citrus acidity. Balanced mouthfeel, and medium to long clean aftertaste. Become more delicate with vibrant citrus acidity as it cools""",https://www.thecoffeecircus.com/products/cannon-ball,https://cdn.shopify.com/s/files/1/0574/8270/7031/files/Cannon_Ball_250g.png?v=1775465316,Coffee
"Cannon Ball - Almond Toffee, Milk Chocolate & Orange Zest",Coffee Circus,80.0,30g,Dark Roast,"Floral, Sweet Almonds Toffee, Milk Chocolate, Hints of Orange Intensity Soft Balanced Strong Intensity Level:(4/5)",Zoya Coffee Estate,Washed Arabica - Anoxic Processed,"Product Cannon Ball Roast Profile Medium - Dark Roast Tasting Notes Floral, Sweet Almonds Toffee, Milk Chocolate, Hints of Orange Intensity Soft Balanced Strong Intensity Level:(4/5) Terroir & Process Washed Arabica - Anoxic Processed Varietal -  Selection 795 Elevation - 1100 m.a.s.l Origin Zoya Coffee Estate Chikmagalur, KA, India QGrader's Impression ""Delicate Floral Fregrance, Bold tasting notes of Almonds, Milk Chocolate. Smooth Toffee Mouthfeel with a lingering Orange citrus acidity. Balanced mouthfeel, and medium to long clean aftertaste. Become more delicate with vibrant citrus acidity as it cools""",https://www.thecoffeecircus.com/products/cannon-ball,https://cdn.shopify.com/s/files/1/0574/8270/7031/files/Cannon_Ball_250g.png?v=1775465316,Coffee
"Cannon Ball - Almond Toffee, Milk Chocolate & Orange Zest",Coffee Circus,80.0,30g,Dark Roast,"Floral, Sweet Almonds Toffee, Milk Chocolate, Hints of Orange Intensity Soft Balanced Strong Intensity Level:(4/5)",Zoya Coffee Estate,Washed Arabica - Anoxic Processed,"Product Cannon Ball Roast Profile Medium - Dark Roast Tasting Notes Floral, Sweet Almonds Toffee, Milk Chocolate, Hints of Orange Intensity Soft Balanced Strong Intensity Level:(4/5) Terroir & Process Washed Arabica - Anoxic Processed Varietal -  Selection 795 Elevation - 1100 m.a.s.l Origin Zoya Coffee Estate Chikmagalur, KA, India QGrader's Impression ""Delicate Floral Fregrance, Bold tasting notes of Almonds, Milk Chocolate. Smooth Toffee Mouthfeel with a lingering Orange citrus acidity. Balanced mouthfeel, and medium to long clean aftertaste. Become more delicate with vibrant citrus acidity as it cools""",https://www.thecoffeecircus.com/products/cannon-ball,https://cdn.shopify.com/s/files/1/0574/8270/7031/files/Cannon_Ball_250g.png?v=1775465316,Coffee
"Cannon Ball - Almond Toffee, Milk Chocolate & Orange Zest",Coffee Circus,750.0,250g,Dark Roast,"Floral, Sweet Almonds Toffee, Milk Chocolate, Hints of Orange Intensity Soft Balanced Strong Intensity Level:(4/5)",Zoya Coffee Estate,Washed Arabica - Anoxic Processed,"Product Cannon Ball Roast Profile Medium - Dark Roast Tasting Notes Floral, Sweet Almonds Toffee, Milk Chocolate, Hints of Orange Intensity Soft Balanced Strong Intensity Level:(4/5) Terroir & Process Washed Arabica - Anoxic Processed Varietal -  Selection 795 Elevation - 1100 m.a.s.l Origin Zoya Coffee Estate Chikmagalur, KA, India QGrader's Impression ""Delicate Floral Fregrance, Bold tasting notes of Almonds, Milk Chocolate. Smooth Toffee Mouthfeel with a lingering Orange citrus acidity. Balanced mouthfeel, and medium to long clean aftertaste. Become more delicate with vibrant citrus acidity as it cools""",https://www.thecoffeecircus.com/products/cannon-ball,https://cdn.shopify.com/s/files/1/0574/8270/7031/files/Cannon_Ball_250g.png?v=1775465316,Coffee
"Cannon Ball - Almond Toffee, Milk Chocolate & Orange Zest",Coffee Circus,750.0,250g,Dark Roast,"Floral, Sweet Almonds Toffee, Milk Chocolate, Hints of Orange Intensity Soft Balanced Strong Intensity Level:(4/5)",Zoya Coffee Estate,Washed Arabica - Anoxic Processed,"Product Cannon Ball Roast Profile Medium - Dark Roast Tasting Notes Floral, Sweet Almonds Toffee, Milk Chocolate, Hints of Orange Intensity Soft Balanced Strong Intensity Level:(4/5) Terroir & Process Washed Arabica - Anoxic Processed Varietal -  Selection 795 Elevation - 1100 m.a.s.l Origin Zoya Coffee Estate Chikmagalur, KA, India QGrader's Impression ""Delicate Floral Fregrance, Bold tasting notes of Almonds, Milk Chocolate. Smooth Toffee Mouthfeel with a lingering Orange citrus acidity. Balanced mouthfeel, and medium to long clean aftertaste. Become more delicate with vibrant citrus acidity as it cools""",https://www.thecoffeecircus.com/products/cannon-ball,https://cdn.shopify.com/s/files/1/0574/8270/7031/files/Cannon_Ball_250g.png?v=1775465316,Coffee
"Cannon Ball - Almond Toffee, Milk Chocolate & Orange Zest",Coffee Circus,750.0,250g,Dark Roast,"Floral, Sweet Almonds Toffee, Milk Chocolate, Hints of Orange Intensity Soft Balanced Strong Intensity Level:(4/5)",Zoya Coffee Estate,Washed Arabica - Anoxic Processed,"Product Cannon Ball Roast Profile Medium - Dark Roast Tasting Notes Floral, Sweet Almonds Toffee, Milk Chocolate, Hints of Orange Intensity Soft Balanced Strong Intensity Level:(4/5) Terroir & Process Washed Arabica - Anoxic Processed Varietal -  Selection 795 Elevation - 1100 m.a.s.l Origin Zoya Coffee Estate Chikmagalur, KA, India QGrader's Impression ""Delicate Floral Fregrance, Bold tasting notes of Almonds, Milk Chocolate. Smooth Toffee Mouthfeel with a lingering Orange citrus acidity. Balanced mouthfeel, and medium to long clean aftertaste. Become more delicate with vibrant citrus acidity as it cools""",https://www.thecoffeecircus.com/products/cannon-ball,https://cdn.shopify.com/s/files/1/0574/8270/7031/files/Cannon_Ball_250g.png?v=1775465316,Coffee
"Cannon Ball - Almond Toffee, Milk Chocolate & Orange Zest",Coffee Circus,750.0,250g,Dark Roast,"Floral, Sweet Almonds Toffee, Milk Chocolate, Hints of Orange Intensity Soft Balanced Strong Intensity Level:(4/5)",Zoya Coffee Estate,Washed Arabica - Anoxic Processed,"Product Cannon Ball Roast Profile Medium - Dark Roast Tasting Notes Floral, Sweet Almonds Toffee, Milk Chocolate, Hints of Orange Intensity Soft Balanced Strong Intensity Level:(4/5) Terroir & Process Washed Arabica - Anoxic Processed Varietal -  Selection 795 Elevation - 1100 m.a.s.l Origin Zoya Coffee Estate Chikmagalur, KA, India QGrader's Impression ""Delicate Floral Fregrance, Bold tasting notes of Almonds, Milk Chocolate. Smooth Toffee Mouthfeel with a lingering Orange citrus acidity. Balanced mouthfeel, and medium to long clean aftertaste. Become more delicate with vibrant citrus acidity as it cools""",https://www.thecoffeecircus.com/products/cannon-ball,https://cdn.shopify.com/s/files/1/0574/8270/7031/files/Cannon_Ball_250g.png?v=1775465316,Coffee
