Name,Roaster,Price,Quantity,Roast_Level,Tasting_Notes,Desc,URL,Image_URL
APPLE TEA,Devans,225.0,100g,,"This tea is infused with apple flavour to give you a smooth, fruity and a refreshing cup of tea.","The combination of black tea and fruit flavors creates an invigorating and refreshing drink, and is a delicious alternative to plain black tea. Featuring a range of flavours, each blend is made with our finest Assam Black tea. 
 This tea is infused with apple flavour to give you a smooth, fruity and a refreshing cup of tea. Makes an intense, dark brew, can be had hot or cold with a little sweetener.",https://www.devans.in/products/apple-tea,https://cdn.shopify.com/s/files/1/0561/6071/4931/products/032.jpg?v=1622198119
APPLE TEA,Devans,560.0,250g,,"This tea is infused with apple flavour to give you a smooth, fruity and a refreshing cup of tea.","The combination of black tea and fruit flavors creates an invigorating and refreshing drink, and is a delicious alternative to plain black tea. Featuring a range of flavours, each blend is made with our finest Assam Black tea. 
 This tea is infused with apple flavour to give you a smooth, fruity and a refreshing cup of tea. Makes an intense, dark brew, can be had hot or cold with a little sweetener.",https://www.devans.in/products/apple-tea,https://cdn.shopify.com/s/files/1/0561/6071/4931/products/032.jpg?v=1622198119
ARABICA FRENCH ROAST COFFEE,Devans,525.0,250g,Dark Roast,French,"ANIMAL PRINTED PACK IS AVAILABLE in 500 g ONLY.  
  Grown on the lush green hills of Chikmagalur, in Karnataka, this Arabica Plantation AA coffee represents one of the best quality coffee of India.¬† 
  Arabica Plantation-AA is given a longer roast for a strong brew. After roasting, the beans appear dark and oily. This coffee is perfect for those who will not settle for anything but the strongest.   
 Tasting Notes    
  French Roast coffee has an overpowering body, dark colour and is completely void of acidity. The dark roast gives it a bold smoky flavor, yet sweet notes intermingling with that smokiness.",https://www.devans.in/products/arabica-coffee,https://cdn.shopify.com/s/files/1/0561/6071/4931/files/Arabica_20French_20Roast_5000x_32a41cef-c377-47ab-92f0-b25629d94230.webp?v=1748871494
ARABICA FRENCH ROAST COFFEE,Devans,1050.0,500g,Dark Roast,French,"ANIMAL PRINTED PACK IS AVAILABLE in 500 g ONLY.  
  Grown on the lush green hills of Chikmagalur, in Karnataka, this Arabica Plantation AA coffee represents one of the best quality coffee of India.¬† 
  Arabica Plantation-AA is given a longer roast for a strong brew. After roasting, the beans appear dark and oily. This coffee is perfect for those who will not settle for anything but the strongest.   
 Tasting Notes    
  French Roast coffee has an overpowering body, dark colour and is completely void of acidity. The dark roast gives it a bold smoky flavor, yet sweet notes intermingling with that smokiness.",https://www.devans.in/products/arabica-coffee,https://cdn.shopify.com/s/files/1/0561/6071/4931/files/Arabica_20French_20Roast_5000x_32a41cef-c377-47ab-92f0-b25629d94230.webp?v=1748871494
ARABICA FRENCH ROAST COFFEE (WHOLE SALE),Devans,17500.0,10kg,Dark Roast,French,"Stand up pouches with round bottom gusset. 1 kg Matt silver with zipper and with one way freshness valve. 
  Grown on the lush green hills of Chikmagalur, in Karnataka, this Arabica Plantation AA coffee represents one of the best quality coffee of India.¬† 
  Arabica Plantation-AA is given a longer roast for a strong brew. After roasting, the beans appear dark and oily. This coffee is perfect for those who will not settle for anything but the strongest.   
 Tasting Notes    
  French Roast coffee has an overpowering body, dark colour and is completely void of acidity. The dark roast gives it a bold smoky flavor, yet sweet notes intermingling with that smokiness.",https://www.devans.in/products/arabica-french-roast-coffee-wholesale,https://cdn.shopify.com/s/files/1/0561/6071/4931/files/Untitleddesign_45_ebb36956-0486-4f32-aafe-2ea9b50c74cd.png?v=1758721023
ARABICA PEABERRY COFFEE,Devans,500.0,250g,,"At Devans, Arabica Peaberry is","ANIMAL PRINTED PACKS AVAILABLE IN 500 g ONLY 
  Indian coffees are home to the best shade grown coffees in the world. It grows Arabica and Robusta coffees in the southern states where lush coffee plantations are heavily inter cropped with black pepper and ginger that bustle with honeybees and yield the finest coffee beans.  
  Peaberry coffees are rare, comprising only 3-7% of the total crop. These pea-shaped, natural formations of the coffee bean are thought to form when several pistils get knocked off the coffee flower, causing only one seed to form inside the coffee fruit rather than two.  
  Normally coffee beans grow two to a cherry, flat against each other but in about five percent of the worlds coffee a bean is found to be solo that's Peaberry.  
  Because there's no way to tell from looking at the cherry whether there's a single or double bean inside, as a result Peaberry beans are hand picked and processed to be enjoyed separately.  
 Tasting notes:    
  At Devans, Arabica Peaberry is roasted in a way to create a mild strength of coffee, that is soft, smooth, highly aromatic and flavorful . If you like milder coffees, go for this lighter bodied and a clean cup of coffee. It’s ideal when made in a French Press or a pour over.",https://www.devans.in/products/peaberry-coffee,https://cdn.shopify.com/s/files/1/0561/6071/4931/files/IMG20240410115129_1.jpg?v=1736165164
ARABICA PEABERRY COFFEE,Devans,1000.0,500g,,"At Devans, Arabica Peaberry is","ANIMAL PRINTED PACKS AVAILABLE IN 500 g ONLY 
  Indian coffees are home to the best shade grown coffees in the world. It grows Arabica and Robusta coffees in the southern states where lush coffee plantations are heavily inter cropped with black pepper and ginger that bustle with honeybees and yield the finest coffee beans.  
  Peaberry coffees are rare, comprising only 3-7% of the total crop. These pea-shaped, natural formations of the coffee bean are thought to form when several pistils get knocked off the coffee flower, causing only one seed to form inside the coffee fruit rather than two.  
  Normally coffee beans grow two to a cherry, flat against each other but in about five percent of the worlds coffee a bean is found to be solo that's Peaberry.  
  Because there's no way to tell from looking at the cherry whether there's a single or double bean inside, as a result Peaberry beans are hand picked and processed to be enjoyed separately.  
 Tasting notes:    
  At Devans, Arabica Peaberry is roasted in a way to create a mild strength of coffee, that is soft, smooth, highly aromatic and flavorful . If you like milder coffees, go for this lighter bodied and a clean cup of coffee. It’s ideal when made in a French Press or a pour over.",https://www.devans.in/products/peaberry-coffee,https://cdn.shopify.com/s/files/1/0561/6071/4931/files/IMG20240410115129_1.jpg?v=1736165164
ARABICA PEABERRY DARK ROAST COFFEE,Devans,525.0,250g,Dark Roast,"Floral aroma, bright medium to full bodied coffee, completely void of acidity, with a chocolaty finish and dark color in the cup","ANIMAL PRINTED PACKS AVAILABLE IN 500 g ONLY.  
   Baba Budangiri, is home to the finest coffee plantations of India. Indian Arabica Peaberry is a hand-selected, pulped, and fully washed coffee. Separating the peaberries from the rest of the coffee beans requires the use of special screens and adds time and effort to the grading process. The resulting peaberry coffee is very dense and uniform, resulting in a very focused and consistent flavor.   
  Expertly roasted in small batches for optimal taste and quality. Arabica Peaberry is given a longer roast for a strong brew. After roasting, the beans appear quite oily. This coffee is perfect for those who are looking to have that ""coffee-kick"" without the need to have an espresso.  
  Tasting Notes  
  Floral aroma, bright medium to full bodied coffee, completely void of acidity, with a chocolaty finish and dark color in the cup.",https://www.devans.in/products/arabica-peaberry-dark-roast-coffee,https://cdn.shopify.com/s/files/1/0561/6071/4931/files/IMG20240410115512_4.jpg?v=1736164648
ARABICA PEABERRY DARK ROAST COFFEE,Devans,1050.0,500g,Dark Roast,"Floral aroma, bright medium to full bodied coffee, completely void of acidity, with a chocolaty finish and dark color in the cup","ANIMAL PRINTED PACKS AVAILABLE IN 500 g ONLY.  
   Baba Budangiri, is home to the finest coffee plantations of India. Indian Arabica Peaberry is a hand-selected, pulped, and fully washed coffee. Separating the peaberries from the rest of the coffee beans requires the use of special screens and adds time and effort to the grading process. The resulting peaberry coffee is very dense and uniform, resulting in a very focused and consistent flavor.   
  Expertly roasted in small batches for optimal taste and quality. Arabica Peaberry is given a longer roast for a strong brew. After roasting, the beans appear quite oily. This coffee is perfect for those who are looking to have that ""coffee-kick"" without the need to have an espresso.  
  Tasting Notes  
  Floral aroma, bright medium to full bodied coffee, completely void of acidity, with a chocolaty finish and dark color in the cup.",https://www.devans.in/products/arabica-peaberry-dark-roast-coffee,https://cdn.shopify.com/s/files/1/0561/6071/4931/files/IMG20240410115512_4.jpg?v=1736164648
ARABICA PLANTATION - AA COFFEE,Devans,500.0,250g,Medium Roast,Medium,"Coffee plants come in two main varieties- Arabica, which grows well in higher elevations, and Robusta, which grows at lower levels.  
  Grown on the lush green hills of Chikmagalur, in Karnataka, this Arabica Plantation AA coffee represents one of the best quality coffee of India. The beans are large, uniform and have clean polished appearance. This Arabica coffee has a hint of Indian spice and some flowers which is exceptional in the cup.  
  Tasting Notes  
  Medium roast of Arabica Plantation ""AA"" brings out the full compliment of aromas and results in a coffee that has moderate acidity, tangy flavor with a combination of full body and good strength.",https://www.devans.in/products/arabica-plantation-coffee-1,https://cdn.shopify.com/s/files/1/0561/6071/4931/files/IMG20240410124737-01.jpg?v=1736165950
ARABICA PLANTATION - AA COFFEE,Devans,1000.0,500g,Medium Roast,Medium,"Coffee plants come in two main varieties- Arabica, which grows well in higher elevations, and Robusta, which grows at lower levels.  
  Grown on the lush green hills of Chikmagalur, in Karnataka, this Arabica Plantation AA coffee represents one of the best quality coffee of India. The beans are large, uniform and have clean polished appearance. This Arabica coffee has a hint of Indian spice and some flowers which is exceptional in the cup.  
  Tasting Notes  
  Medium roast of Arabica Plantation ""AA"" brings out the full compliment of aromas and results in a coffee that has moderate acidity, tangy flavor with a combination of full body and good strength.",https://www.devans.in/products/arabica-plantation-coffee-1,https://cdn.shopify.com/s/files/1/0561/6071/4931/files/IMG20240410124737-01.jpg?v=1736165950
ARABICA PLANTATION -AAA - Mysore Nuggets Extra Bold,Devans,550.0,250g,Medium Roast,The magical transformation of the green beans takes place when it’s,"ANIMAL PRINTED PACKS AVAILABLE IN 500 g ONLY. 
  Speciality coffee of India prepared from washed Arabicas, beans are very large, uniform bluish green, with a clean polished appearance.   
  This coffee is a product of the birthplace of coffee in India - Baba Budangiri hills, nurtured under shade at an elevation of 1750 metres. Ripening slowly in the mild climate these arabica beans are handpicked and processed, one of the finest coffees in our collection.  
  Tasting Notes:  
  The magical transformation of the green beans takes place when it’s roasted - the aroma and flavours get released and turn into a sensory delight. So is this medium roasted coffee which has malty overtones with buttery smoothness, full body, medium acidity, and a striking aroma with a note of chocolate in the cup.",https://www.devans.in/products/arabica-plantation-coffee,https://cdn.shopify.com/s/files/1/0561/6071/4931/files/IMG20240410120157_1.jpg?v=1736165243
ARABICA PLANTATION -AAA - Mysore Nuggets Extra Bold,Devans,1100.0,500g,Medium Roast,The magical transformation of the green beans takes place when it’s,"ANIMAL PRINTED PACKS AVAILABLE IN 500 g ONLY. 
  Speciality coffee of India prepared from washed Arabicas, beans are very large, uniform bluish green, with a clean polished appearance.   
  This coffee is a product of the birthplace of coffee in India - Baba Budangiri hills, nurtured under shade at an elevation of 1750 metres. Ripening slowly in the mild climate these arabica beans are handpicked and processed, one of the finest coffees in our collection.  
  Tasting Notes:  
  The magical transformation of the green beans takes place when it’s roasted - the aroma and flavours get released and turn into a sensory delight. So is this medium roasted coffee which has malty overtones with buttery smoothness, full body, medium acidity, and a striking aroma with a note of chocolate in the cup.",https://www.devans.in/products/arabica-plantation-coffee,https://cdn.shopify.com/s/files/1/0561/6071/4931/files/IMG20240410120157_1.jpg?v=1736165243
ARABICA PLANTATION -AAA COFFEE (Dark Roast),Devans,550.0,250g,Dark Roast,"Dark Malty notes with a buttery smoothness, exhibits slight nutty aroma, with a medium body and is mildly acidic","ANIMAL PRINTED PACKS AVAILABLE IN 500 g ONLY. 
 Arabica Plantation -AAA is given a longer roast for a strong brew. After roasting, the beans appear oily. This is a speciality Arabica Coffee from Bababudangiris in Chikkamagaluru. Fine bold beans of washed Arabica, screen 19 grading. 
 Tasting Notes: 
 Dark Malty notes with a buttery smoothness, exhibits slight nutty aroma, with a medium body and is mildly acidic.",https://www.devans.in/products/arabica-plantation-coffee-dark-roast,https://cdn.shopify.com/s/files/1/0561/6071/4931/files/IMG20240410120157_1.jpg?v=1736165243
ARABICA PLANTATION -AAA COFFEE (Dark Roast),Devans,1100.0,500g,Dark Roast,"Dark Malty notes with a buttery smoothness, exhibits slight nutty aroma, with a medium body and is mildly acidic","ANIMAL PRINTED PACKS AVAILABLE IN 500 g ONLY. 
 Arabica Plantation -AAA is given a longer roast for a strong brew. After roasting, the beans appear oily. This is a speciality Arabica Coffee from Bababudangiris in Chikkamagaluru. Fine bold beans of washed Arabica, screen 19 grading. 
 Tasting Notes: 
 Dark Malty notes with a buttery smoothness, exhibits slight nutty aroma, with a medium body and is mildly acidic.",https://www.devans.in/products/arabica-plantation-coffee-dark-roast,https://cdn.shopify.com/s/files/1/0561/6071/4931/files/IMG20240410120157_1.jpg?v=1736165243
ASSAM CLASSIC TEA (Granular),Devans,250.0,250g,,"This tea is CTC Assam, only for those who enjoy a rich, dark liquor and malty flavor.","Assam CTC Classic Tea   
 Black Tea Summer Harvest 2025.  
 The second flush Assam CTC is regarded as the best CTC tea in the world.    
  CTC means the tea has been processed in a "" Cut, Tear, and Curl"" machine. Tea leaves are shoved in the top, totally destroyed and then reformed into pellets. These pellets turn brown (oxidize ) very quickly. This makes for the super-brisk tea.  
 This tea is CTC Assam, only for those who enjoy a rich, dark liquor and malty flavor. It's best when boiled with milk.",https://www.devans.in/products/assam-classic-tea,https://cdn.shopify.com/s/files/1/0561/6071/4931/products/IMG_2546.jpg?v=1624261576
ASSAM CLASSIC TEA (Granular),Devans,500.0,500g,,"This tea is CTC Assam, only for those who enjoy a rich, dark liquor and malty flavor.","Assam CTC Classic Tea   
 Black Tea Summer Harvest 2025.  
 The second flush Assam CTC is regarded as the best CTC tea in the world.    
  CTC means the tea has been processed in a "" Cut, Tear, and Curl"" machine. Tea leaves are shoved in the top, totally destroyed and then reformed into pellets. These pellets turn brown (oxidize ) very quickly. This makes for the super-brisk tea.  
 This tea is CTC Assam, only for those who enjoy a rich, dark liquor and malty flavor. It's best when boiled with milk.",https://www.devans.in/products/assam-classic-tea,https://cdn.shopify.com/s/files/1/0561/6071/4931/products/IMG_2546.jpg?v=1624261576
ASSAM GREEN TEA (Whole Leaf Tea),Devans,200.0,100g,Light Roast,a classic vegetal green tea,"The only tea in the world to have Elephant friendly certification, the Assam Whole Leaf Green Tea spells flavors of a classic vegetal green tea. The liquor is full bodied, with notes of vegetal and wood from the very first sip.  
   Light, delicate and subtle, a cup of green tea is a very pleasant alternative to a regular black tea. This pale olive cup is light and layered, packed with antioxidants with fresh, floral, flavour making it a delicious and refreshing choice for a drink.",https://www.devans.in/products/green-assam-tea,https://cdn.shopify.com/s/files/1/0561/6071/4931/products/027.jpg?v=1622198393
ASSAM GREEN TEA (Whole Leaf Tea),Devans,500.0,250g,Light Roast,a classic vegetal green tea,"The only tea in the world to have Elephant friendly certification, the Assam Whole Leaf Green Tea spells flavors of a classic vegetal green tea. The liquor is full bodied, with notes of vegetal and wood from the very first sip.  
   Light, delicate and subtle, a cup of green tea is a very pleasant alternative to a regular black tea. This pale olive cup is light and layered, packed with antioxidants with fresh, floral, flavour making it a delicious and refreshing choice for a drink.",https://www.devans.in/products/green-assam-tea,https://cdn.shopify.com/s/files/1/0561/6071/4931/products/027.jpg?v=1622198393
ASSAM LEAF TEA ( Whole Leaf Tea FOP Grade),Devans,200.0,100g,,"This fresh summer tea has good body, briskness, malty flavour, and strong, bright colour in the cup.","The Bhramaputra valley in Assam in the northeastern region of India, is known for its tea gardens of the oldest varieties. Made from the delicate leaves of the Assam tea bush, also known as English breakfast tea, the leaves are tightly-rolled, with blackish brown hues, and a few olive green and brown flakes. This fresh summer tea has good body, briskness, malty flavour, and strong, bright colour in the cup. The liquor has a rich mouthfeel, smooth texture with a refreshing astringency.",https://www.devans.in/products/assam-leaf-tea,https://cdn.shopify.com/s/files/1/0561/6071/4931/products/022.jpg?v=1622198522
ASSAM LEAF TEA ( Whole Leaf Tea FOP Grade),Devans,500.0,250g,,"This fresh summer tea has good body, briskness, malty flavour, and strong, bright colour in the cup.","The Bhramaputra valley in Assam in the northeastern region of India, is known for its tea gardens of the oldest varieties. Made from the delicate leaves of the Assam tea bush, also known as English breakfast tea, the leaves are tightly-rolled, with blackish brown hues, and a few olive green and brown flakes. This fresh summer tea has good body, briskness, malty flavour, and strong, bright colour in the cup. The liquor has a rich mouthfeel, smooth texture with a refreshing astringency.",https://www.devans.in/products/assam-leaf-tea,https://cdn.shopify.com/s/files/1/0561/6071/4931/products/022.jpg?v=1622198522
Atlasware Steel Coffee Maker  (1 cup),Devans,1100.0,,,,"Brand: Atlasware , Capacity: 1 cup, colour: Steel  
  Moka Pot coffee maker is made of high quality stainless steel. It uses fine ground coffee powder and gives freshly brewed coffee in just 5-7 minutes. The aromatic coffee decoction can be enjoyed black or with milk.  
   Can be used on open flame / hot plate / induction stoves.   
   This coffee maker is good for 1 cup.",https://www.devans.in/products/atlasware-steel-coffee-maker,https://cdn.shopify.com/s/files/1/0561/6071/4931/products/img1-850x850.jpg?v=1619419079
Atlasware Steel Coffee Maker (2 cup),Devans,1200.0,,,,"Brand: Atlasware , Capacity: 2 cup, colour: Stainless Steel   
   Moka Pot coffee maker is made of high quality stainless steel. It uses fine ground coffee powder and gives freshly brewed coffee in just 5-7 minutes.  Can be used on open flame / hot plate / induction stoves.  The aromatic coffee decoction can be enjoyed black or with milk.   
  This coffee maker is good for 2 cups.",https://www.devans.in/products/atlasware-steel-coffee-maker-2-cup,https://cdn.shopify.com/s/files/1/0561/6071/4931/products/img1-850x850_f13f782f-c25c-46b0-86ff-18aa614ce556.jpg?v=1619419082
Atlasware Steel Coffee Maker (4 cups),Devans,1350.0,,,,"Brand : Atlasware, Colour : Steel Capacity: 4 cups  
  Moka Pot coffee maker is made of high quality stainless steel. It uses fine ground coffee powder and gives freshly brewed coffee in just 5-7 minutes. The aromatic coffee decoction can be enjoyed black or with milk.  This coffee maker is good for 4 cups.   Can be used on open flame / hot plate / induction stoves.",https://www.devans.in/products/atlasware-steel-coffee-maker-4-cups,https://cdn.shopify.com/s/files/1/0561/6071/4931/products/img1-850x850_57d60b3a-96b6-4b1d-b31d-32a90517ede1.jpg?v=1619419085
BLACK HONEY COFFEE,Devans,600.0,250g,Medium Roast,Medium,"The Black Honey process is a drying process where part of the cherry remains on the bean and is covered while drying. The term ‚Äòhoney‚Äô relates to the ‚Äòmucilage‚Äô (sticky substance) left on the coffee bean. Traditional fully-washed coffees have the skin and pulp removed by mechanical washing, but during the honey process the producer will use a hand-roller which gives them full control of the level of mucilage left on the beans.  
  Tasting Notes:  
  Medium roasted to bring out the sweet, fruity undertones,¬†and a balanced acidity.  
  Rich bodied, flavourful coffee unlike any other.",https://www.devans.in/products/black-honey-coffee-1,https://cdn.shopify.com/s/files/1/0561/6071/4931/files/IMG20240410124737-01.jpg?v=1736165950
BLACK HONEY COFFEE,Devans,1200.0,500g,Medium Roast,Medium,"The Black Honey process is a drying process where part of the cherry remains on the bean and is covered while drying. The term ‚Äòhoney‚Äô relates to the ‚Äòmucilage‚Äô (sticky substance) left on the coffee bean. Traditional fully-washed coffees have the skin and pulp removed by mechanical washing, but during the honey process the producer will use a hand-roller which gives them full control of the level of mucilage left on the beans.  
  Tasting Notes:  
  Medium roasted to bring out the sweet, fruity undertones,¬†and a balanced acidity.  
  Rich bodied, flavourful coffee unlike any other.",https://www.devans.in/products/black-honey-coffee-1,https://cdn.shopify.com/s/files/1/0561/6071/4931/files/IMG20240410124737-01.jpg?v=1736165950
BLOOMING / FLOWER TEA,Devans,1210.0,100g,,,"Blooming Teas are made from green tea, hand tied around beautiful, natural flowers. When steeped in hot water, these slowly blossom into a bouquet of breathtaking shapes and exquisite flavors.",https://www.devans.in/products/blooming-flower-tea,https://cdn.shopify.com/s/files/1/0561/6071/4931/products/023.jpg?v=1622198344
BLOOMING / FLOWER TEA,Devans,2750.0,250g,,,"Blooming Teas are made from green tea, hand tied around beautiful, natural flowers. When steeped in hot water, these slowly blossom into a bouquet of breathtaking shapes and exquisite flavors.",https://www.devans.in/products/blooming-flower-tea,https://cdn.shopify.com/s/files/1/0561/6071/4931/products/023.jpg?v=1622198344
Cappuccino Cup 180 ml (0.18 litre),Devans,550.0,,,,"Fine White porcelain cappuccino cups with saucer, can hold upto 180 ml of your favourite beverage. Dishwasher safe, microwave safe and makes a good gift too.  
   The cup has our Devan’s logo printed in black.  
  Measures 8.5 cm in top diameter and 7 cm in height, saucer is 13.5 cm.",https://www.devans.in/products/devans-cappuccino-cup,https://cdn.shopify.com/s/files/1/0561/6071/4931/products/IMG_2560.jpg?v=1624345264
CELEBRATION BLEND,Devans,1050.0,250g,Medium Roast,A triumph of aromas made with the most exclusive coffees in the world,"To Celebrate six decades of DEVAN’S we gathered unique coffees from different regions of the world and created a blend to make sure when you lift your cup of coffee to the lips and inhale its aroma and your palate experiences a unique flavour, it leads you to a memorable moment !  
  Single origin green beans have been sourced from different countries and India to make this exquisite blend. We have more than 60 years of experience in the coffee industry and want to share our knowledge and abilities to bring out new flavors of your favourite beverage.  
  Blend courtesy: Siddhant Keshav  
  Tasting Notes:  
  A triumph of aromas made with the most exclusive coffees in the world. Medium roasted to bring out the nice acidity of passion fruit with a smooth finish reminiscent of malt and much more for those who won’t settle for anything less than outstanding. An excellent and versatile blend that suits any extraction, revealing an intricate acidity evocative of nuts and hints of blood orange and cacao.",https://www.devans.in/products/celebration,https://cdn.shopify.com/s/files/1/0561/6071/4931/files/006_2.jpg?v=1746169931
CELEBRATION BLEND,Devans,2100.0,500g,Medium Roast,A triumph of aromas made with the most exclusive coffees in the world,"To Celebrate six decades of DEVAN’S we gathered unique coffees from different regions of the world and created a blend to make sure when you lift your cup of coffee to the lips and inhale its aroma and your palate experiences a unique flavour, it leads you to a memorable moment !  
  Single origin green beans have been sourced from different countries and India to make this exquisite blend. We have more than 60 years of experience in the coffee industry and want to share our knowledge and abilities to bring out new flavors of your favourite beverage.  
  Blend courtesy: Siddhant Keshav  
  Tasting Notes:  
  A triumph of aromas made with the most exclusive coffees in the world. Medium roasted to bring out the nice acidity of passion fruit with a smooth finish reminiscent of malt and much more for those who won’t settle for anything less than outstanding. An excellent and versatile blend that suits any extraction, revealing an intricate acidity evocative of nuts and hints of blood orange and cacao.",https://www.devans.in/products/celebration,https://cdn.shopify.com/s/files/1/0561/6071/4931/files/006_2.jpg?v=1746169931
CHICORY POWDER,Devans,70.0,,,,"100g / Rs 70   
  Chicory is a root of a plant that is roasted, ground and blended with coffee.   Chicory powder when blended with coffee powder adds more colour, body and thickness to the cup of coffee. South Indians traditionally add chicory to their coffee that is brewed in a special filter.",https://www.devans.in/products/chicory-coffee-powder,https://cdn.shopify.com/s/files/1/0561/6071/4931/files/IMG20240410124737-01.jpg?v=1736165950
COLD BREW COFFEE BAGS- ORIGINAL,Devans,600.0,200g,Medium Roast,,"This box contains 5 Coffee Bags. 
 Each Coffee bag makes upto 1 Litre of Brew. 
 Cold Brew Coffee is Smoother,more Chocolaty and Less Acidic than Coffee Brewed Hot. Coffee powder used in these bags are pure arabica single origin Indian coffee, medium roasted. 
 How to make Cold Brew Coffee 
 Place Coffee Bag in 1 litre of Bottle or Jar. Pour Normal Filter Water ( 1 litre or less for a strong Brew) and Cap or Cover. Let it Brew for 15-18 Hours or longer for a stronger Brew. Remove the Coffee Bag and Refrigerate. Enjoy with or without Milk and Sugar.  BEST ENJOYED WITH ICE.",https://www.devans.in/products/coffee-bags,https://cdn.shopify.com/s/files/1/0561/6071/4931/files/IMG20240410125056.jpg?v=1736165848
COLOMBIAN ARABICA COFFEE,Devans,700.0,100g,City Roast,mature citrus and passion fruit - in the prolonged aftertaste of honey and spice,"Freshly roasted in small batches.  
  Colombian Arabica   
  We roast our Arabica Columbian beans to a full city roast to produce an even fuller bodied cup. The extraction of this coffee has a long lasting golden crema in the cup, distinct fragrance is of rich cocoa, very nice mouthfeel with strong acidity, pleasantly balanced coffee, reveals notes of mature citrus and passion fruit - in the prolonged aftertaste of honey and spice.",https://www.devans.in/products/vietnamese-robusta-coffee,https://cdn.shopify.com/s/files/1/0561/6071/4931/files/IMG20240410124737-01.jpg?v=1736165950
COLOMBIAN ARABICA COFFEE,Devans,1750.0,250g,City Roast,mature citrus and passion fruit - in the prolonged aftertaste of honey and spice,"Freshly roasted in small batches.  
  Colombian Arabica   
  We roast our Arabica Columbian beans to a full city roast to produce an even fuller bodied cup. The extraction of this coffee has a long lasting golden crema in the cup, distinct fragrance is of rich cocoa, very nice mouthfeel with strong acidity, pleasantly balanced coffee, reveals notes of mature citrus and passion fruit - in the prolonged aftertaste of honey and spice.",https://www.devans.in/products/vietnamese-robusta-coffee,https://cdn.shopify.com/s/files/1/0561/6071/4931/files/IMG20240410124737-01.jpg?v=1736165950
COLOMBIAN ARABICA COFFEE,Devans,3500.0,500g,City Roast,mature citrus and passion fruit - in the prolonged aftertaste of honey and spice,"Freshly roasted in small batches.  
  Colombian Arabica   
  We roast our Arabica Columbian beans to a full city roast to produce an even fuller bodied cup. The extraction of this coffee has a long lasting golden crema in the cup, distinct fragrance is of rich cocoa, very nice mouthfeel with strong acidity, pleasantly balanced coffee, reveals notes of mature citrus and passion fruit - in the prolonged aftertaste of honey and spice.",https://www.devans.in/products/vietnamese-robusta-coffee,https://cdn.shopify.com/s/files/1/0561/6071/4931/files/IMG20240410124737-01.jpg?v=1736165950
DARJEELING FIRST FLUSH TEA (SFTGFOP1 CH ),Devans,330.0,100g,,citrus around the edges,"Darjeeling First Flush SFTGFOP1 CH  
  Super fine tippy golden flowery orange pekoe 1 - Clonal Delight Grade   
  Black Tea Spring Harvest- March-April 2025  
  Darjeeling First Flush tea especially roasted for DEVANS from Giddapahar tea estate.  
  Fresh Harvest - April    2025  
  Giddapahar tea garden is located on the Kurseong valley in Darjeeling. The tea bushes grow at an elevation from 4500 to 5200 feet from the sea level. This tea estate is known for its exquisite and characteristic Darjeeling teas grown from century old China bushes. Especially roasted for Devan’s - this is the First Pick of the year 2025.  
   Directly sourced from the Tea Garden in Darjeeling. Small lot, unique, especially roasted for Devans. 
  First Flush is defined as the very first picking of a tea plant’s harvest season. The new leaves plucked during First Flush are the youngest and most tender part of the tea plant and are said to yield the purest and freshest cup of tea. Each additional Flush produces a different flavour and aroma as the growing season for that tea plant progresses.  
  This first flush is of a superior grade and has undergone minimal oxidation which ensures the natural sweetness, freshness and flavours are retained, while giving the tea a mellow and smooth cup. There is a hint of floral fruitiness that reveals itself, with subtle notes of citrus around the edges. The lingering sweetness towards the end stays with you for quite some time.",https://www.devans.in/products/darjeeling-first-flush-tea,https://cdn.shopify.com/s/files/1/0561/6071/4931/products/021.jpg?v=1622198625
DARJEELING FIRST FLUSH TEA (SFTGFOP1 CH ),Devans,825.0,250g,,citrus around the edges,"Darjeeling First Flush SFTGFOP1 CH  
  Super fine tippy golden flowery orange pekoe 1 - Clonal Delight Grade   
  Black Tea Spring Harvest- March-April 2025  
  Darjeeling First Flush tea especially roasted for DEVANS from Giddapahar tea estate.  
  Fresh Harvest - April    2025  
  Giddapahar tea garden is located on the Kurseong valley in Darjeeling. The tea bushes grow at an elevation from 4500 to 5200 feet from the sea level. This tea estate is known for its exquisite and characteristic Darjeeling teas grown from century old China bushes. Especially roasted for Devan’s - this is the First Pick of the year 2025.  
   Directly sourced from the Tea Garden in Darjeeling. Small lot, unique, especially roasted for Devans. 
  First Flush is defined as the very first picking of a tea plant’s harvest season. The new leaves plucked during First Flush are the youngest and most tender part of the tea plant and are said to yield the purest and freshest cup of tea. Each additional Flush produces a different flavour and aroma as the growing season for that tea plant progresses.  
  This first flush is of a superior grade and has undergone minimal oxidation which ensures the natural sweetness, freshness and flavours are retained, while giving the tea a mellow and smooth cup. There is a hint of floral fruitiness that reveals itself, with subtle notes of citrus around the edges. The lingering sweetness towards the end stays with you for quite some time.",https://www.devans.in/products/darjeeling-first-flush-tea,https://cdn.shopify.com/s/files/1/0561/6071/4931/products/021.jpg?v=1622198625
DARJEELING MIST QUEEN (Second Flush Tea TGFOP Grade),Devans,280.0,100g,,It leaves a floral and fresh aftertaste.,"Darjeeling Second Flush tea especially roasted for DEVANS from Giddapahar tea estate. 
 Black Tea Summer Harvest - June 2025 
 Giddapahar tea garden is located on the Kurseong valley in Darjeeling. The tea bushes grow at an elevation from 4500 to 5200 feet from the sea level. This tea estate is known for its exquisite and characteristic Darjeeling teas grown from century old China bushes. Especially roasted for Devan’s this is the second flush tea from their garden. Muscatel, slightly astringent, flavourful, and mellow to taste. It leaves a floral and fresh aftertaste. Straight from their tea estate, this tea is of high grade whole leaf.",https://www.devans.in/products/devans-darjeeling-mist-queen-second-flush-tea-gop-grade,https://cdn.shopify.com/s/files/1/0561/6071/4931/products/Untitleddesign_158994ef-cb46-4974-9d87-874691f9d995.png?v=1624263669
DARJEELING MIST QUEEN (Second Flush Tea TGFOP Grade),Devans,700.0,250g,,It leaves a floral and fresh aftertaste.,"Darjeeling Second Flush tea especially roasted for DEVANS from Giddapahar tea estate. 
 Black Tea Summer Harvest - June 2025 
 Giddapahar tea garden is located on the Kurseong valley in Darjeeling. The tea bushes grow at an elevation from 4500 to 5200 feet from the sea level. This tea estate is known for its exquisite and characteristic Darjeeling teas grown from century old China bushes. Especially roasted for Devan’s this is the second flush tea from their garden. Muscatel, slightly astringent, flavourful, and mellow to taste. It leaves a floral and fresh aftertaste. Straight from their tea estate, this tea is of high grade whole leaf.",https://www.devans.in/products/devans-darjeeling-mist-queen-second-flush-tea-gop-grade,https://cdn.shopify.com/s/files/1/0561/6071/4931/products/Untitleddesign_158994ef-cb46-4974-9d87-874691f9d995.png?v=1624263669
DARJEELING ORGANIC TEA,Devans,330.0,100g,,"This black tea is the second flush of this year’s season 2025, leaves have a subtle floral fragrance, makes a light bodied brew and has a balance of sweetness and astringency that’s smooth for the taste buds.","Organic, sustainable farming has minimal impact on the environment. This Darjeeling Tea is sourced from the finest eco friendly tea gardens of India using ethical standards. This black tea is the second flush of this year’s season 2025, leaves have a subtle floral fragrance, makes a light bodied brew and has a balance of sweetness and astringency that’s smooth for the taste buds. It’s a complete delight in the cup.",https://www.devans.in/products/darjeeling-organic-tea,https://cdn.shopify.com/s/files/1/0561/6071/4931/products/035.jpg?v=1622198565
DARJEELING ORGANIC TEA,Devans,825.0,250g,,"This black tea is the second flush of this year’s season 2025, leaves have a subtle floral fragrance, makes a light bodied brew and has a balance of sweetness and astringency that’s smooth for the taste buds.","Organic, sustainable farming has minimal impact on the environment. This Darjeeling Tea is sourced from the finest eco friendly tea gardens of India using ethical standards. This black tea is the second flush of this year’s season 2025, leaves have a subtle floral fragrance, makes a light bodied brew and has a balance of sweetness and astringency that’s smooth for the taste buds. It’s a complete delight in the cup.",https://www.devans.in/products/darjeeling-organic-tea,https://cdn.shopify.com/s/files/1/0561/6071/4931/products/035.jpg?v=1622198565
DARJEELING WHITE TEA,Devans,1200.0,100g,Dark Roast,"tropical fruits, toasted nuts with hint of woody spice","Darjeeling White tea is packed with antioxidants, which makes it an incredibly healthy    tea. The tea has long, rolled dark olive green leaves with pale green buds, resembling white flowers. Aroma has sweet notes of tropical fruits, toasted nuts with hint of woody spice. Tastes crisp and bright in the cup.",https://www.devans.in/products/darjeeling-white-tea,https://cdn.shopify.com/s/files/1/0561/6071/4931/files/IMG_2165.jpg?v=1689921155
DARJEELING WHITE TEA,Devans,3000.0,250g,Dark Roast,"tropical fruits, toasted nuts with hint of woody spice","Darjeeling White tea is packed with antioxidants, which makes it an incredibly healthy    tea. The tea has long, rolled dark olive green leaves with pale green buds, resembling white flowers. Aroma has sweet notes of tropical fruits, toasted nuts with hint of woody spice. Tastes crisp and bright in the cup.",https://www.devans.in/products/darjeeling-white-tea,https://cdn.shopify.com/s/files/1/0561/6071/4931/files/IMG_2165.jpg?v=1689921155
Devans Gift card,Devans,500.0,500,,,"Shopping for someone else but not sure what to give?Give them the gift of choice with a gift card.Gift cards are delivered by email and contain redemption instructions.
 
Key Features:
Flexibility: Redeemable on all products at Devans, including freshly roasted coffee beans, brewing equipment, and more. 
Customizable Amounts: Available in various denominations to suit your gifting needs. Hassle-Free: Delivered instantly via email, ready to use at checkout.",https://www.devans.in/products/gift-card,https://cdn.shopify.com/s/files/1/0561/6071/4931/files/1758366066Front_0bb353d3-ab7c-4fa6-8f81-248076306955.png?v=1758381254
Devans Gift card,Devans,1000.0,"1,000",,,"Shopping for someone else but not sure what to give?Give them the gift of choice with a gift card.Gift cards are delivered by email and contain redemption instructions.
 
Key Features:
Flexibility: Redeemable on all products at Devans, including freshly roasted coffee beans, brewing equipment, and more. 
Customizable Amounts: Available in various denominations to suit your gifting needs. Hassle-Free: Delivered instantly via email, ready to use at checkout.",https://www.devans.in/products/gift-card,https://cdn.shopify.com/s/files/1/0561/6071/4931/files/1758366066Front_0bb353d3-ab7c-4fa6-8f81-248076306955.png?v=1758381254
Devans Gift card,Devans,1500.0,1500,,,"Shopping for someone else but not sure what to give?Give them the gift of choice with a gift card.Gift cards are delivered by email and contain redemption instructions.
 
Key Features:
Flexibility: Redeemable on all products at Devans, including freshly roasted coffee beans, brewing equipment, and more. 
Customizable Amounts: Available in various denominations to suit your gifting needs. Hassle-Free: Delivered instantly via email, ready to use at checkout.",https://www.devans.in/products/gift-card,https://cdn.shopify.com/s/files/1/0561/6071/4931/files/1758366066Front_0bb353d3-ab7c-4fa6-8f81-248076306955.png?v=1758381254
Devans Gift card,Devans,2000.0,"2,000",,,"Shopping for someone else but not sure what to give?Give them the gift of choice with a gift card.Gift cards are delivered by email and contain redemption instructions.
 
Key Features:
Flexibility: Redeemable on all products at Devans, including freshly roasted coffee beans, brewing equipment, and more. 
Customizable Amounts: Available in various denominations to suit your gifting needs. Hassle-Free: Delivered instantly via email, ready to use at checkout.",https://www.devans.in/products/gift-card,https://cdn.shopify.com/s/files/1/0561/6071/4931/files/1758366066Front_0bb353d3-ab7c-4fa6-8f81-248076306955.png?v=1758381254
Devans Gift card,Devans,2500.0,"2,500",,,"Shopping for someone else but not sure what to give?Give them the gift of choice with a gift card.Gift cards are delivered by email and contain redemption instructions.
 
Key Features:
Flexibility: Redeemable on all products at Devans, including freshly roasted coffee beans, brewing equipment, and more. 
Customizable Amounts: Available in various denominations to suit your gifting needs. Hassle-Free: Delivered instantly via email, ready to use at checkout.",https://www.devans.in/products/gift-card,https://cdn.shopify.com/s/files/1/0561/6071/4931/files/1758366066Front_0bb353d3-ab7c-4fa6-8f81-248076306955.png?v=1758381254
Devans Gift card,Devans,3000.0,"3,000",,,"Shopping for someone else but not sure what to give?Give them the gift of choice with a gift card.Gift cards are delivered by email and contain redemption instructions.
 
Key Features:
Flexibility: Redeemable on all products at Devans, including freshly roasted coffee beans, brewing equipment, and more. 
Customizable Amounts: Available in various denominations to suit your gifting needs. Hassle-Free: Delivered instantly via email, ready to use at checkout.",https://www.devans.in/products/gift-card,https://cdn.shopify.com/s/files/1/0561/6071/4931/files/1758366066Front_0bb353d3-ab7c-4fa6-8f81-248076306955.png?v=1758381254
Devans Gift card,Devans,3500.0,"3,500",,,"Shopping for someone else but not sure what to give?Give them the gift of choice with a gift card.Gift cards are delivered by email and contain redemption instructions.
 
Key Features:
Flexibility: Redeemable on all products at Devans, including freshly roasted coffee beans, brewing equipment, and more. 
Customizable Amounts: Available in various denominations to suit your gifting needs. Hassle-Free: Delivered instantly via email, ready to use at checkout.",https://www.devans.in/products/gift-card,https://cdn.shopify.com/s/files/1/0561/6071/4931/files/1758366066Front_0bb353d3-ab7c-4fa6-8f81-248076306955.png?v=1758381254
Devans Gift card,Devans,4000.0,"4,000",,,"Shopping for someone else but not sure what to give?Give them the gift of choice with a gift card.Gift cards are delivered by email and contain redemption instructions.
 
Key Features:
Flexibility: Redeemable on all products at Devans, including freshly roasted coffee beans, brewing equipment, and more. 
Customizable Amounts: Available in various denominations to suit your gifting needs. Hassle-Free: Delivered instantly via email, ready to use at checkout.",https://www.devans.in/products/gift-card,https://cdn.shopify.com/s/files/1/0561/6071/4931/files/1758366066Front_0bb353d3-ab7c-4fa6-8f81-248076306955.png?v=1758381254
DEVANS NATRAJ COFFEE ( 70% coffee + 30% chicory),Devans,250.0,250g,,Devans Natraj blend has 70% coffee and 30% chicory,"Our Natraj coffee is a blend of coffee and chicory. Chicory plant has a single, long and thick root which is dried, roasted, ground and blended with coffee. It gives a more ""roasted"" flavor and thickness to the coffee. 
 
  Tasting Notes 
 
  Devans Natraj blend has 70% coffee and 30% chicory. This coffee is ideally made in traditional South Indian drip filters. Strong, bittersweet cup of coffee enjoyed by our South Indian traditionalists.",https://www.devans.in/products/devans-natraj-coffee,https://cdn.shopify.com/s/files/1/0561/6071/4931/files/001.jpg?v=1712579422
DEVANS NATRAJ COFFEE ( 70% coffee + 30% chicory),Devans,500.0,500g,,Devans Natraj blend has 70% coffee and 30% chicory,"Our Natraj coffee is a blend of coffee and chicory. Chicory plant has a single, long and thick root which is dried, roasted, ground and blended with coffee. It gives a more ""roasted"" flavor and thickness to the coffee. 
 
  Tasting Notes 
 
  Devans Natraj blend has 70% coffee and 30% chicory. This coffee is ideally made in traditional South Indian drip filters. Strong, bittersweet cup of coffee enjoyed by our South Indian traditionalists.",https://www.devans.in/products/devans-natraj-coffee,https://cdn.shopify.com/s/files/1/0561/6071/4931/files/001.jpg?v=1712579422
DEVANS PREMIUM BLEND,Devans,425.0,250g,,Premium blend has achieved a fine balance by combining the delicate smoothness of Arabica with the heartiness of Robusta,"Indian Robusta beans are characterized by its woody and earthy flavors. It has lower acidity and heavier mouthfeel. It is traditionally blended with Arabica to achieve an excellent body. We at Devans have achieved the art of roasting and blending Arabica and Robusta coffee beans to create this sensational Premium blend. 
 
  Tasting Notes 
 
  Premium blend has achieved a fine balance by combining the delicate smoothness of Arabica with the heartiness of Robusta. Sublime and compact, this blend has a dash of acidity.",https://www.devans.in/products/devans-premium-blend-coffee,https://cdn.shopify.com/s/files/1/0561/6071/4931/files/006_3.jpg?v=1712579469
DEVANS PREMIUM BLEND,Devans,850.0,500g,,Premium blend has achieved a fine balance by combining the delicate smoothness of Arabica with the heartiness of Robusta,"Indian Robusta beans are characterized by its woody and earthy flavors. It has lower acidity and heavier mouthfeel. It is traditionally blended with Arabica to achieve an excellent body. We at Devans have achieved the art of roasting and blending Arabica and Robusta coffee beans to create this sensational Premium blend. 
 
  Tasting Notes 
 
  Premium blend has achieved a fine balance by combining the delicate smoothness of Arabica with the heartiness of Robusta. Sublime and compact, this blend has a dash of acidity.",https://www.devans.in/products/devans-premium-blend-coffee,https://cdn.shopify.com/s/files/1/0561/6071/4931/files/006_3.jpg?v=1712579469
DEVANS PREMIUM BLEND (WHOLE SALE),Devans,15500.0,10kg,,Premium blend has achieved a fine balance by combining the delicate smoothness of Arabica with the heartiness of Robusta,"Stand up pouches with round bottom gusset. 1 kg Matt silver with zipper and with one way freshness valve. 
   
 Indian Robusta beans are characterized by its woody and earthy flavors. It has lower acidity and heavier mouthfeel. It is traditionally blended with Arabica to achieve an excellent body. We at Devans have achieved the art of roasting and blending Arabica and Robusta coffee beans to create this sensational Premium blend. 
 Tasting Notes 
 Premium blend has achieved a fine balance by combining the delicate smoothness of Arabica with the heartiness of Robusta. Sublime and compact, this blend has a dash of acidity.",https://www.devans.in/products/devans-premium-blend-whole-sale,https://cdn.shopify.com/s/files/1/0561/6071/4931/files/Untitleddesign_45.png?v=1758720907
Dip n Sip Coffee Bags -  (LODHI BLEND),Devans,600.0,,Medium Roast,"Medium body, aromatic, citrusy acidity &amp; earthy undertones.","No machine or equipment required. 
 Box contains 10 coffee bags of our Lodhi Blend. 
 Place the brew bag in a cup and pour 200 ml of hot water. Brew for 3-4 minutes, remove the bag, add milk or sugar to taste or drink it black ! 
 Blend of Indian Arabica coffees, created to give a medium to strong cup of coffee. Medium body, aromatic, citrusy acidity &amp; earthy undertones.",https://www.devans.in/products/coffee-dip-sip-bags,https://cdn.shopify.com/s/files/1/0561/6071/4931/files/DSC03276.jpg?v=1736230133
Dip n Sip Coffee Bags - VIENNESE BLEND,Devans,600.0,,Medium Roast,"Medium body, aromatic, citrusy acidity &amp; earthy undertones.","No machine or equipment required. 
 Box contains 10 coffee bags of our VIENNESE Blend. 
 Place the brew bag in a cup and pour 200 ml of hot water. Brew for 3-4 minutes, remove the bag, add milk or sugar to taste or drink it black ! 
 Blend of Indian Arabica coffees, created to give a medium to strong cup of coffee. Medium body, aromatic, citrusy acidity &amp; earthy undertones.",https://www.devans.in/products/viennese-blend-1,https://cdn.shopify.com/s/files/1/0561/6071/4931/files/DSC03278.jpg?v=1736230160
Drip Bags for Coffee,Devans,150.0,,,,"Pack of five disposable drip coffee filter bags 
 You can enjoy a good cup of coffee without using any machine.  Bags come with paper hangers on both sides that fit most cups n mugs. These are empty bags, fill it with fresh ground coffee of your choice.  Each bag makes 1 cup of coffee. 
 Once you finish making coffee simply dispose off the filter bags.",https://www.devans.in/products/drip-bag,https://cdn.shopify.com/s/files/1/0561/6071/4931/products/dipper-850x850.jpg?v=1619419087
EARL GREY TEA,Devans,225.0,100g,,"This tea is infused with bergamot flavour to give you a smooth, caramel, malty and a refreshing cup of tea.","The combination of black tea with bergamot creates an invigorating and refreshing drink, and a delicious alternative to a plain black tea.   
  This tea is infused with bergamot flavour to give you a smooth, caramel, malty and a refreshing cup of tea. Makes an intense, dark brew, can be had hot or cold with a little sweetener.",https://www.devans.in/products/earl-grey-tea,https://cdn.shopify.com/s/files/1/0561/6071/4931/products/025.jpg?v=1622197987
EARL GREY TEA,Devans,560.0,250g,,"This tea is infused with bergamot flavour to give you a smooth, caramel, malty and a refreshing cup of tea.","The combination of black tea with bergamot creates an invigorating and refreshing drink, and a delicious alternative to a plain black tea.   
  This tea is infused with bergamot flavour to give you a smooth, caramel, malty and a refreshing cup of tea. Makes an intense, dark brew, can be had hot or cold with a little sweetener.",https://www.devans.in/products/earl-grey-tea,https://cdn.shopify.com/s/files/1/0561/6071/4931/products/025.jpg?v=1622197987
Espresso Cup 100 ml (0.1 litre),Devans,450.0,,,,"Fine White porcelain espresso cups with saucer can hold upto 100 ml of your favourite beverage. Dishwasher safe, microwave safe and makes a good gift too.  The cup has our logo of Devan’s printed on it in black.  
  Measures : 6 cm in top diameter and 7 cm in height,   saucer diameter is 12 cm.",https://www.devans.in/products/devans-espresso-cup,https://cdn.shopify.com/s/files/1/0561/6071/4931/products/IMG_2551.jpg?v=1624343503
ETHIOPIAN DJIMMAH JASMINE COFFEE,Devans,700.0,100g,Light Roast,fruit and cocoa,"Good body and pleasant aroma with notes of fruit and cocoa. The aftertaste is reminiscent of cereals, and has and the slight astringency that characterizes this quality  
     
  Djimmah is grown in the Illubabor and Kaffa regions of Ethiopia at elevations from 4,400 to 6,000 feet above sea level within the biggest catchment area in Ethiopia, an area that produces and exports about 60,000 tons of coffee each year. Djimmah is also called Jimma Coffee. A unique coffee thought to be the variety closest in flavour to the original wild plant. This is an ideal climate and the plants are well protected by the larger forest trees which provide shade from the midday sun and preserve the moisture in the soil.   
  Coffee from Ethiopia is known for its bright fruited and floral flavours. These coffees typically have a higher acidity, light to medium body and complex flavour notes.",https://www.devans.in/products/euthopian,https://cdn.shopify.com/s/files/1/0561/6071/4931/files/IMG20240410124737-01.jpg?v=1736165950
ETHIOPIAN DJIMMAH JASMINE COFFEE,Devans,1750.0,250g,Light Roast,fruit and cocoa,"Good body and pleasant aroma with notes of fruit and cocoa. The aftertaste is reminiscent of cereals, and has and the slight astringency that characterizes this quality  
     
  Djimmah is grown in the Illubabor and Kaffa regions of Ethiopia at elevations from 4,400 to 6,000 feet above sea level within the biggest catchment area in Ethiopia, an area that produces and exports about 60,000 tons of coffee each year. Djimmah is also called Jimma Coffee. A unique coffee thought to be the variety closest in flavour to the original wild plant. This is an ideal climate and the plants are well protected by the larger forest trees which provide shade from the midday sun and preserve the moisture in the soil.   
  Coffee from Ethiopia is known for its bright fruited and floral flavours. These coffees typically have a higher acidity, light to medium body and complex flavour notes.",https://www.devans.in/products/euthopian,https://cdn.shopify.com/s/files/1/0561/6071/4931/files/IMG20240410124737-01.jpg?v=1736165950
Gift Box - Barrel 100 g,Devans,500.0,,,,"Empty wooden barrel shape wooden gift box for 100 g coffee. 
 Dimension: 12 cm in height , 10 cm width  
 storage capacity- 100 g",https://www.devans.in/products/gift-box-barrel-100-g,https://cdn.shopify.com/s/files/1/0561/6071/4931/files/W-3512.jpg?v=1746424024
Gift Box Wooden 250 g,Devans,1100.0,,,,"Empty wooden Box  
 This wooden box is made for 250 g of coffee beans / powder. Brass inlay work on both sides - front and back - with Devan’s written on one side and Coffee on the other. 
 Dimensions of the box :  
 Length - 13 cm , Width - 9 cm , Height - 15 cm",https://www.devans.in/products/gift-box-wooden-250-g,https://cdn.shopify.com/s/files/1/0561/6071/4931/files/013.jpg?v=1746173407
Gift Box Wooden 500 g,Devans,1400.0,,,,"Empty wooden Box  
 This wooden box is made for 500 g of coffee beans / powder. Brass inlay work on both sides - front and back - with Devan’s written on one side and Coffee on the other. 
 Dimensions of the box :  
 Length - 13 cm , Width - 9 cm , Height - 23 cm",https://www.devans.in/products/gift-box-wooden-500-g,https://cdn.shopify.com/s/files/1/0561/6071/4931/files/013.jpg?v=1746173407
GREEN TEA WITH MIXED FRUIT FLAVOUR,Devans,225.0,100g,,"Normally flavored teas have black tea as it's base, we chose Green tea leaves to infuse with mixed fruit flavor for a delicious and refreshing cup of tea.","Normally flavored teas have black tea as it's base, we chose Green tea leaves to infuse with mixed fruit flavor for a delicious and refreshing cup of tea. Assam green tea leaves are tightly-rolled, with blackish brown hues, and a few olive green and brown flakes. The smooth yet brisk liquor has a rich mouthfeel and a smooth texture.  
  Makes a lively fruity iced tea or a warm soothing tea to be had without milk.",https://www.devans.in/products/green-tea-with-mixed-fruit-flavour,https://cdn.shopify.com/s/files/1/0561/6071/4931/products/036.jpg?v=1622198299
GREEN TEA WITH MIXED FRUIT FLAVOUR,Devans,560.0,250g,,"Normally flavored teas have black tea as it's base, we chose Green tea leaves to infuse with mixed fruit flavor for a delicious and refreshing cup of tea.","Normally flavored teas have black tea as it's base, we chose Green tea leaves to infuse with mixed fruit flavor for a delicious and refreshing cup of tea. Assam green tea leaves are tightly-rolled, with blackish brown hues, and a few olive green and brown flakes. The smooth yet brisk liquor has a rich mouthfeel and a smooth texture.  
  Makes a lively fruity iced tea or a warm soothing tea to be had without milk.",https://www.devans.in/products/green-tea-with-mixed-fruit-flavour,https://cdn.shopify.com/s/files/1/0561/6071/4931/products/036.jpg?v=1622198299
"Hario V60 Paper Coffee Filters, Size 02, 100 Count, Natural",Devans,560.0,,,,"Capacity is one to three cups   
    Easy To Use   
   Color : Natural   
   Dimensions (L X W X H) : 53.3Cm X 35.6Cm X 61Cm   
 
 
 
 Material: Paper, Brand: Hario, Shape: Cone, Quantity: 100, Net quantity: 100.00 count, manufacturer: Hario 
   
 These are one time use filter bags. Contains 100 disposable bags. It fits the cone shaped size 02 Dripper.",https://www.devans.in/products/hario-v60-paper-coffee-filters-size-02-100-count-natural,https://cdn.shopify.com/s/files/1/0561/6071/4931/files/IMG_2786.jpg?v=1713350914
"Hario V60 Plastic Coffee Dripper (Size 02, White)",Devans,850.0,,,,"Practical capacity of 1-4 cups; Pour-over manual brewing method allows you to choose your ideal brew time and temperature, ensuring a perfect cup of coffee.   
  Spiral ribs made of FDA-approved food-safe plastic certified by approved laboratories allows for maximum coffee expansion.   
  Because our plastic does not contain any harmful substances, it is safe even in the case of any melting. Large single hole can change coffee taste according to the speed of water flow.   
  The plastic material is heat resistant to 100 degrees C (boiling water), but at sustained temperatures at these levels does begin to show slight deformations. Made in Japan per regulations, we are required to list the temperature 10 degrees C below the point at which there is any sort of deformation (hence 90 degrees C in our user manuals). Made in Japan",https://www.devans.in/products/hario-v60-plastic-coffee-dripper-size-02-white,https://cdn.shopify.com/s/files/1/0561/6071/4931/files/Untitleddesign_34.png?v=1713351062
"Hario V60 Plastic Coffee Dripper, Size 2, Red",Devans,850.0,,,,"Sturdy, lightweight pour-over coffeemaker, perfect for travel   
  Manual brewing method allows you to choose your ideal brew time and temperature, ensuring a perfect cup of coffee   
  Coffee flows through the cone directly into your cup or coffee pot   
  The V60 coffee dripper controls the flow, timing and temperature of the water   
  Professional Experience. Size 01: 1-2 cups, Size 02: 1-4 cups, Size 03: 1-6 cups",https://www.devans.in/products/hario-v60-plastic-coffee-dripper-size-2-red,https://cdn.shopify.com/s/files/1/0561/6071/4931/files/IMG_2783.jpg?v=1713350914
HIBISCUS FLOWERS,Devans,420.0,100g,,"It has sweet and tart flavors, similar to cranberry, and may be consumed hot or cold.","Hibiscus tea, made from dried parts of the hibiscus plant, is deep red in color. It has sweet and tart flavors, similar to cranberry, and may be consumed hot or cold. Hibiscus tea is naturally calorie and caffeine-free. It has high levels of antioxidants and is consumed the world over for its health benefits.",https://www.devans.in/products/devans-hibiscus-flowers,https://cdn.shopify.com/s/files/1/0561/6071/4931/products/Untitleddesign_1.png?v=1624263683
HIBISCUS FLOWERS,Devans,970.0,250g,,"It has sweet and tart flavors, similar to cranberry, and may be consumed hot or cold.","Hibiscus tea, made from dried parts of the hibiscus plant, is deep red in color. It has sweet and tart flavors, similar to cranberry, and may be consumed hot or cold. Hibiscus tea is naturally calorie and caffeine-free. It has high levels of antioxidants and is consumed the world over for its health benefits.",https://www.devans.in/products/devans-hibiscus-flowers,https://cdn.shopify.com/s/files/1/0561/6071/4931/products/Untitleddesign_1.png?v=1624263683
JAPANESE MATCHA GREEN TEA,Devans,600.0,50g,,,"Matcha is finely ground powder of specially grown and processed green tea leaves, traditionally consumed in East Asia. The green tea plants used for matcha are shade-grown for three to four weeks before harvest and the stems and veins are removed during processing.   
  This is all natural, pure, gluten-free and vegan.  
  Matcha tea, unique to Japan is a finely ground powder of green tea leaves.   Loaded with antioxidants, it’s health benefits are unparalleled. With a rich and vibrant green colour, the dry matcha powder is deeply aromatic and gives off an earthy aroma of fresh mountainous spring greens.",https://www.devans.in/products/matcha-tea,https://cdn.shopify.com/s/files/1/0561/6071/4931/products/024.jpg?v=1622198246
JAPANESE MATCHA GREEN TEA,Devans,1200.0,100g,,,"Matcha is finely ground powder of specially grown and processed green tea leaves, traditionally consumed in East Asia. The green tea plants used for matcha are shade-grown for three to four weeks before harvest and the stems and veins are removed during processing.   
  This is all natural, pure, gluten-free and vegan.  
  Matcha tea, unique to Japan is a finely ground powder of green tea leaves.   Loaded with antioxidants, it’s health benefits are unparalleled. With a rich and vibrant green colour, the dry matcha powder is deeply aromatic and gives off an earthy aroma of fresh mountainous spring greens.",https://www.devans.in/products/matcha-tea,https://cdn.shopify.com/s/files/1/0561/6071/4931/products/024.jpg?v=1622198246
JAPANESE MATCHA GREEN TEA,Devans,3000.0,250g,,,"Matcha is finely ground powder of specially grown and processed green tea leaves, traditionally consumed in East Asia. The green tea plants used for matcha are shade-grown for three to four weeks before harvest and the stems and veins are removed during processing.   
  This is all natural, pure, gluten-free and vegan.  
  Matcha tea, unique to Japan is a finely ground powder of green tea leaves.   Loaded with antioxidants, it’s health benefits are unparalleled. With a rich and vibrant green colour, the dry matcha powder is deeply aromatic and gives off an earthy aroma of fresh mountainous spring greens.",https://www.devans.in/products/matcha-tea,https://cdn.shopify.com/s/files/1/0561/6071/4931/products/024.jpg?v=1622198246
JASMINE PEARL GREEN TEA,Devans,1100.0,100g,,The tea when steeped makes a smooth green tea with an intense aroma of jasmine flowers.,Finest Green tea leaves are hand rolled tightly before it’s infused with jasmine flowers for long hours. The tea when steeped makes a smooth green tea with an intense aroma of jasmine flowers. The leaves open up and blossom beautifully in the cup to produce an exquisitely fragrant tea.,https://www.devans.in/products/jasmine-pearl-tea,https://cdn.shopify.com/s/files/1/0561/6071/4931/products/462E34D9-1DD0-4FB0-B30C-85752B78C4D7.jpg?v=1633349883
JASMINE PEARL GREEN TEA,Devans,2650.0,250g,,The tea when steeped makes a smooth green tea with an intense aroma of jasmine flowers.,Finest Green tea leaves are hand rolled tightly before it’s infused with jasmine flowers for long hours. The tea when steeped makes a smooth green tea with an intense aroma of jasmine flowers. The leaves open up and blossom beautifully in the cup to produce an exquisitely fragrant tea.,https://www.devans.in/products/jasmine-pearl-tea,https://cdn.shopify.com/s/files/1/0561/6071/4931/products/462E34D9-1DD0-4FB0-B30C-85752B78C4D7.jpg?v=1633349883
KASHMIRI KAHWA (Indian Green Tea Mixed with Whole Spice),Devans,250.0,100g,,warm soothing traditional beverage,"More popular in the Kashmir valley, Kahwa is a traditional green tea preparation made with exotic spices. This fragrant tea has green tea leaves blended with whole spices like cinnamon and cardamom. Dark olive green in the cup, aroma is a refreshing mix of herbs and spices. You can add fresh slices of almonds and saffron for a rich authentic taste of warm soothing traditional beverage.",https://www.devans.in/products/kashmir-kahwa-tea,https://cdn.shopify.com/s/files/1/0561/6071/4931/products/028.jpg?v=1622198208
KASHMIRI KAHWA (Indian Green Tea Mixed with Whole Spice),Devans,625.0,250g,,warm soothing traditional beverage,"More popular in the Kashmir valley, Kahwa is a traditional green tea preparation made with exotic spices. This fragrant tea has green tea leaves blended with whole spices like cinnamon and cardamom. Dark olive green in the cup, aroma is a refreshing mix of herbs and spices. You can add fresh slices of almonds and saffron for a rich authentic taste of warm soothing traditional beverage.",https://www.devans.in/products/kashmir-kahwa-tea,https://cdn.shopify.com/s/files/1/0561/6071/4931/products/028.jpg?v=1622198208
LAVENDER FLOWERS,Devans,435.0,,,,"Highly aromatic dried lavender flowers are sourced from Uttarakhand, India. Naturally soothing, a warm lavender brew makes for an excellent bedtime drink.  
  A warm cup of lavender tea has soothing fragrance and calming effect on your senses. Perfect brew to de stress and helps in relaxation and sleep.  
  Net weight: 50 g",https://www.devans.in/products/lavender-flowers,https://cdn.shopify.com/s/files/1/0561/6071/4931/products/4B9725F3-45B4-4B33-971D-A3CAE8BA6ED2.jpg?v=1634968553
LEMON TEA,Devans,225.0,100g,Dark Roast,lemon fruit and malt,"The combination of Assam CTC granular black tea and lemon natural flavour creates an invigorating and refreshing drink, and is a delicious alternative to plain black tea.   
  This tea is infused with lemon flavour to give you a tangy and a refreshing cup of tea. Makes an intense, dark brew, can be had hot or cold, Citrus sweet, robust, brisk, full rounded body with notes of lemon fruit and malt.",https://www.devans.in/products/lemon-tea,https://cdn.shopify.com/s/files/1/0561/6071/4931/products/034.jpg?v=1622197921
LEMON TEA,Devans,560.0,250g,Dark Roast,lemon fruit and malt,"The combination of Assam CTC granular black tea and lemon natural flavour creates an invigorating and refreshing drink, and is a delicious alternative to plain black tea.   
  This tea is infused with lemon flavour to give you a tangy and a refreshing cup of tea. Makes an intense, dark brew, can be had hot or cold, Citrus sweet, robust, brisk, full rounded body with notes of lemon fruit and malt.",https://www.devans.in/products/lemon-tea,https://cdn.shopify.com/s/files/1/0561/6071/4931/products/034.jpg?v=1622197921
LEMONGRASS TEA,Devans,400.0,,,lemongrass blend beautifully and make a delicious cup of herbal tea,"A refreshing beverage, lemongrass tea is also delightfully healthy 
  Lemongrass has the fragrance of lemon, it is milder and sweeter in taste.   
  The citrusy flavours of lemongrass blend beautifully and make a delicious cup of herbal tea. It is often used in Thai and many other Asian cuisines for its potent flavour. Interestingly, there are plenty of benefits of lemongrass and it has been used in India for many years for medicinal purposes and is also an ayurvedic favourite.  
  Net weight: 50 g",https://www.devans.in/products/lemongrass,https://cdn.shopify.com/s/files/1/0561/6071/4931/products/C9A97718-D393-4472-9B30-CE5A07CFA0E4.jpg?v=1635858216
LODHI BLEND,Devans,525.0,250g,Medium Roast,"Medium bodied , aromatic, citric acidity, and undertones of earthiness","THIS PRINTED PACK IS AVAILABLE IN 250 g ONLY.   Honouring our place of origin, we have named this recently created blend as - Lodhi Blend, there is history to both. 
 The Lodhi Blend is a blend of Indian Arabica coffees, created to give a medium to strong cup of coffee. This blend gives a rich golden colour to the cup of cappuccino. 
 Tasting Notes:  
 Medium bodied , aromatic, citric acidity, and undertones of earthiness. Enjoy the distinct, short burst of acidic notes turn into sweet nutty taste.",https://www.devans.in/products/lodhi-blend-coffee,https://cdn.shopify.com/s/files/1/0561/6071/4931/files/DSC03254.jpg?v=1736230235
LODHI BLEND,Devans,1050.0,500g,Medium Roast,"Medium bodied , aromatic, citric acidity, and undertones of earthiness","THIS PRINTED PACK IS AVAILABLE IN 250 g ONLY.   Honouring our place of origin, we have named this recently created blend as - Lodhi Blend, there is history to both. 
 The Lodhi Blend is a blend of Indian Arabica coffees, created to give a medium to strong cup of coffee. This blend gives a rich golden colour to the cup of cappuccino. 
 Tasting Notes:  
 Medium bodied , aromatic, citric acidity, and undertones of earthiness. Enjoy the distinct, short burst of acidic notes turn into sweet nutty taste.",https://www.devans.in/products/lodhi-blend-coffee,https://cdn.shopify.com/s/files/1/0561/6071/4931/files/DSC03254.jpg?v=1736230235
MANGO TEA,Devans,225.0,100g,Dark Roast,mango fruit and malt,"The combination of Assam CTC granular black tea and mango natural flavour creates an invigorating and refreshing drink, and is a delicious alternative to plain black tea.   
  This tea is infused with mango flavour to give you a smooth and a refreshing cup of tea. Makes an intense, dark brew, can be had hot or cold, Intensely sweet, robust, brisk, full rounded body with notes of mango fruit and malt.",https://www.devans.in/products/mango-tea,https://cdn.shopify.com/s/files/1/0561/6071/4931/products/037.jpg?v=1622197519
MANGO TEA,Devans,560.0,250g,Dark Roast,mango fruit and malt,"The combination of Assam CTC granular black tea and mango natural flavour creates an invigorating and refreshing drink, and is a delicious alternative to plain black tea.   
  This tea is infused with mango flavour to give you a smooth and a refreshing cup of tea. Makes an intense, dark brew, can be had hot or cold, Intensely sweet, robust, brisk, full rounded body with notes of mango fruit and malt.",https://www.devans.in/products/mango-tea,https://cdn.shopify.com/s/files/1/0561/6071/4931/products/037.jpg?v=1622197519
MASALA TEA  (Blend of Assam CTC Tea with Indian Spices),Devans,160.0,100g,,"Blend of Assam CTC black granular tea and Indian spices- cardamom, fennel, dry ginger, black pepper and cinnamon.","Popular around the world, this masala chai is a traditional everyday indian- household tea. Blend of Assam CTC black granular tea and Indian spices- cardamom, fennel, dry ginger, black pepper and cinnamon. This rich, fragrant and spicy tea produces a warm soothing drink. To be had with milk, it makes a flavourful cup of tea with bold essence of Indian spices.",https://www.devans.in/products/masala-tea,https://cdn.shopify.com/s/files/1/0561/6071/4931/products/019.jpg?v=1622198488
MASALA TEA  (Blend of Assam CTC Tea with Indian Spices),Devans,400.0,250g,,"Blend of Assam CTC black granular tea and Indian spices- cardamom, fennel, dry ginger, black pepper and cinnamon.","Popular around the world, this masala chai is a traditional everyday indian- household tea. Blend of Assam CTC black granular tea and Indian spices- cardamom, fennel, dry ginger, black pepper and cinnamon. This rich, fragrant and spicy tea produces a warm soothing drink. To be had with milk, it makes a flavourful cup of tea with bold essence of Indian spices.",https://www.devans.in/products/masala-tea,https://cdn.shopify.com/s/files/1/0561/6071/4931/products/019.jpg?v=1622198488
MINT TEA,Devans,225.0,100g,,"The combination of black tea and fruit flavors creates an invigorating and refreshing drink, and is a delicious alternative to a plain black tea.","The combination of black tea and fruit flavors creates an invigorating and refreshing drink, and is a delicious alternative to a plain black tea. Featuring a range of flavours, each blend is made with our finest Assam Fannings Black tea.",https://www.devans.in/products/mint-tea,https://cdn.shopify.com/s/files/1/0561/6071/4931/products/039.jpg?v=1622197401
MINT TEA,Devans,560.0,250g,,"The combination of black tea and fruit flavors creates an invigorating and refreshing drink, and is a delicious alternative to a plain black tea.","The combination of black tea and fruit flavors creates an invigorating and refreshing drink, and is a delicious alternative to a plain black tea. Featuring a range of flavours, each blend is made with our finest Assam Fannings Black tea.",https://www.devans.in/products/mint-tea,https://cdn.shopify.com/s/files/1/0561/6071/4931/products/039.jpg?v=1622197401
MONSOONED MALABAR - ARABICA AA,Devans,550.0,250g,Medium Roast,"Monsooned flavor, low on acidity, mellow taste and a golden color in the cup","ANIMAL PRINTED PACKS AVAILABLE IN 500 g ONLY. 
  Monsooned Malabar AA pure arabica, is a specialty coffee of India and one of the world's most sought after Indian coffee beans. These exotic beans undergo a unique process, beans are cured only on the Malabar coast during the south-west monsoon months of June to September that results in producing their amazing flavor profile. Sun dried green beans are warehoused only on the Malabar coast, in the west coast of India, where deliberate exposure to the sea air and monsoon winds result in the beans to swell, fade and reduce acidity.  
  Tasting Notes  
  Monsooned flavor, low on acidity, mellow taste and a golden color in the cup. Medium roasted to bring out notes of spice, mustiness, wood, chocolate and nuts. It has a sweetish finish, adding very rich crema to espresso cup.",https://www.devans.in/products/monsoon-malabar-coffee,https://cdn.shopify.com/s/files/1/0561/6071/4931/files/IMG20240410124627-01.jpg?v=1736166000
MONSOONED MALABAR - ARABICA AA,Devans,1100.0,500g,Medium Roast,"Monsooned flavor, low on acidity, mellow taste and a golden color in the cup","ANIMAL PRINTED PACKS AVAILABLE IN 500 g ONLY. 
  Monsooned Malabar AA pure arabica, is a specialty coffee of India and one of the world's most sought after Indian coffee beans. These exotic beans undergo a unique process, beans are cured only on the Malabar coast during the south-west monsoon months of June to September that results in producing their amazing flavor profile. Sun dried green beans are warehoused only on the Malabar coast, in the west coast of India, where deliberate exposure to the sea air and monsoon winds result in the beans to swell, fade and reduce acidity.  
  Tasting Notes  
  Monsooned flavor, low on acidity, mellow taste and a golden color in the cup. Medium roasted to bring out notes of spice, mustiness, wood, chocolate and nuts. It has a sweetish finish, adding very rich crema to espresso cup.",https://www.devans.in/products/monsoon-malabar-coffee,https://cdn.shopify.com/s/files/1/0561/6071/4931/files/IMG20240410124627-01.jpg?v=1736166000
Monsooned Malabar in Coffee Capsules,Devans,550.0,,Medium Roast,"Monsooned flavor, low on acidity, mellow taste and a golden color in the cup","10 Arabica Coffee Capsules  
  Compatible with Nespresso Original Machines  
  *Nespresso is a registered trademark of societe des produits Nestle SA.  
  Tasting Notes: Monsooned flavor, low on acidity, mellow taste and a golden color in the cup. Medium roasted to bring out notes of spice, mustiness, wood, chocolate and nuts. It has a sweetish finish, adding very rich crema to espresso cup.",https://www.devans.in/products/monsooned-malabar-in-coffee-capsules,https://cdn.shopify.com/s/files/1/0561/6071/4931/files/023.jpg?v=1758609118
MY CUSTOM BLEND,Devans,2200.0,1kg,,,nan,https://www.devans.in/products/my-coffee-blend,https://cdn.shopify.com/s/files/1/0561/6071/4931/products/Blend.jpg?v=1623846724
MY CUSTOM BLEND,Devans,1100.0,500g,,,nan,https://www.devans.in/products/my-coffee-blend,https://cdn.shopify.com/s/files/1/0561/6071/4931/products/Blend.jpg?v=1623846724
NILGIRI TEA  (Whole Leaf Tea FOP grade),Devans,200.0,100g,Light Roast,"Nilgiri tea is variously described as being light but full-bodied or well-rounded in flavour, with fruit, like citrus, and floral notes.","A strong Single origin leaf tea from the blue mountains - Nilgiri Tea   
  The Nilgiri Mountains form the border between the southern states of Tamil Nadu, Kerala and Karnataka, but are predominately within the District of Nilgiris, Tamil Nadu. Also called the blue mountain tea, this Nilgiri black tea is stronger in the cup than Darjeeling and Assam.    Nilgiri tea is variously described as being light but full-bodied or well-rounded in flavour, with fruit, like citrus, and floral notes.  
  Single origin leaf tea when brewed, is dark colour in the cup, intensely aromatic, with lively fragrant flavours, a quality attributed to its climatic growing conditions.",https://www.devans.in/products/nilgiri-tea,https://cdn.shopify.com/s/files/1/0561/6071/4931/products/Untitleddesign.jpg?v=1624010362
NILGIRI TEA  (Whole Leaf Tea FOP grade),Devans,500.0,250g,Light Roast,"Nilgiri tea is variously described as being light but full-bodied or well-rounded in flavour, with fruit, like citrus, and floral notes.","A strong Single origin leaf tea from the blue mountains - Nilgiri Tea   
  The Nilgiri Mountains form the border between the southern states of Tamil Nadu, Kerala and Karnataka, but are predominately within the District of Nilgiris, Tamil Nadu. Also called the blue mountain tea, this Nilgiri black tea is stronger in the cup than Darjeeling and Assam.    Nilgiri tea is variously described as being light but full-bodied or well-rounded in flavour, with fruit, like citrus, and floral notes.  
  Single origin leaf tea when brewed, is dark colour in the cup, intensely aromatic, with lively fragrant flavours, a quality attributed to its climatic growing conditions.",https://www.devans.in/products/nilgiri-tea,https://cdn.shopify.com/s/files/1/0561/6071/4931/products/Untitleddesign.jpg?v=1624010362
ORGANIC ARABICA COFFEE,Devans,550.0,250g,Medium Roast,This organically grown coffee is Arabica Plantation AA which is light medium,"ANIMAL PRINTED PACKS AVAILABLE IN 500 g ONLY.  
  Ethically sourced from a coffee plantation in Chikmagalur, Karnataka, this coffee is pure Arabica. The coffee plantation situated at a height of 1300 metres has a shade canopy, comprising evergreen non deciduous trees. A wide variety of spices such as pepper, cardamom, vanilla and fruit trees like orange and banana are grown alongside coffee in plantations, adding to the sense of a well-balanced cup.  
  Tasting Notes   
  This organically grown coffee is Arabica Plantation AA which is light medium roasted.  Medium body citrus flavour in an invitingly complex combination of intense aroma with spicy tinge like no other.",https://www.devans.in/products/organic-arabica-coffee-1,https://cdn.shopify.com/s/files/1/0561/6071/4931/files/Screenshot_2024-11-26_at_4.01.25_PM.png?v=1736166037
ORGANIC ARABICA COFFEE,Devans,1100.0,500g,Medium Roast,This organically grown coffee is Arabica Plantation AA which is light medium,"ANIMAL PRINTED PACKS AVAILABLE IN 500 g ONLY.  
  Ethically sourced from a coffee plantation in Chikmagalur, Karnataka, this coffee is pure Arabica. The coffee plantation situated at a height of 1300 metres has a shade canopy, comprising evergreen non deciduous trees. A wide variety of spices such as pepper, cardamom, vanilla and fruit trees like orange and banana are grown alongside coffee in plantations, adding to the sense of a well-balanced cup.  
  Tasting Notes   
  This organically grown coffee is Arabica Plantation AA which is light medium roasted.  Medium body citrus flavour in an invitingly complex combination of intense aroma with spicy tinge like no other.",https://www.devans.in/products/organic-arabica-coffee-1,https://cdn.shopify.com/s/files/1/0561/6071/4931/files/Screenshot_2024-11-26_at_4.01.25_PM.png?v=1736166037
ORIENTAL ESPRESSO BLEND,Devans,525.0,250g,,"Citrus and spicy aroma, refined acidity, and a full-bodied coffee which gives rich bitterness and a thick layer of crema in tcup","ANIMAL PRINTED PACKS AVAILABLE IN 500 g ONLY.  
   High grown Indian Arabica blend of coffee is expertly roasted to a higher degree, to give your cup a flow of crema, the soft golden froth and an intense aroma. This exquisite blend is ideal for espresso machines. The concentrate can also serve as the base for Lattes, Cappuccino, Macchiato and Mochas. Our Espresso blend has a fine balance of acidity, body, and sweetness. It has consistency, depth of flavour and the ability to cut through milk, and still taste great if had black.   
  Tasting Notes:  
  Citrus and spicy aroma, refined acidity, and a full-bodied coffee which gives rich bitterness and a thick layer of crema in tcup. This coffee is as much a delight to the nose as it is to the palate.",https://www.devans.in/products/oriental-espresso-blend-coffee,https://cdn.shopify.com/s/files/1/0561/6071/4931/files/IMG20240410120305.jpg?v=1736166109
ORIENTAL ESPRESSO BLEND,Devans,1050.0,500g,,"Citrus and spicy aroma, refined acidity, and a full-bodied coffee which gives rich bitterness and a thick layer of crema in tcup","ANIMAL PRINTED PACKS AVAILABLE IN 500 g ONLY.  
   High grown Indian Arabica blend of coffee is expertly roasted to a higher degree, to give your cup a flow of crema, the soft golden froth and an intense aroma. This exquisite blend is ideal for espresso machines. The concentrate can also serve as the base for Lattes, Cappuccino, Macchiato and Mochas. Our Espresso blend has a fine balance of acidity, body, and sweetness. It has consistency, depth of flavour and the ability to cut through milk, and still taste great if had black.   
  Tasting Notes:  
  Citrus and spicy aroma, refined acidity, and a full-bodied coffee which gives rich bitterness and a thick layer of crema in tcup. This coffee is as much a delight to the nose as it is to the palate.",https://www.devans.in/products/oriental-espresso-blend-coffee,https://cdn.shopify.com/s/files/1/0561/6071/4931/files/IMG20240410120305.jpg?v=1736166109
ORIENTAL ESPRESSO BLEND (WHOLE SALE),Devans,17500.0,10kg,,"Citrus and spicy aroma, refined acidity, and a full-bodied coffee which gives rich bitterness and a thick layer of crema in tcup","Stand up pouches with round bottom gusset. 1 kg Matt silver with zipper and with one way freshness valve. 
   High grown Indian Arabica blend of coffee is expertly roasted to a higher degree, to give your cup a flow of crema, the soft golden froth and an intense aroma. This exquisite blend is ideal for espresso machines. The concentrate can also serve as the base for Lattes, Cappuccino, Macchiato and Mochas. Our Espresso blend has a fine balance of acidity, body, and sweetness. It has consistency, depth of flavour and the ability to cut through milk, and still taste great if had black.   
  Tasting Notes:  
  Citrus and spicy aroma, refined acidity, and a full-bodied coffee which gives rich bitterness and a thick layer of crema in tcup. This coffee is as much a delight to the nose as it is to the palate.",https://www.devans.in/products/oriental-espresso-blend-whole-sale,https://cdn.shopify.com/s/files/1/0561/6071/4931/files/Untitleddesign_45_8c31adca-3224-4dad-a364-9ff7d0e39602.png?v=1758720974
ROBUSTA KAAPI ROYALE,Devans,475.0,250g,Medium Roast,Robusta Kaapi Royale is medium,"ANIMAL PRINTED PACKS AVAILABLE IN 500 g ONLY.  
   India pioneered the production of washed Robusta, which occupies a special niche in the coffee world. In India much Robusta is grown at high elevations ranging from 700-1000 metres, it is dry and wet processed.   
  Robusta Kaapi Royale is speciality coffee of India, this coffee is prepared from washed Robusta from the regions of Mysore, Coorg, Wayanad, Shevaroys, Pulney and Bababudan. The beans are bold, round with pointed ends and grey to bluish-grey in color. In the cup, washed Robustas add more body, flavour and crema to the blend.  
  Tasting Notes:   
  Robusta Kaapi Royale is medium roasted to bring out the citrus and spicy aroma, refined acidity, and a full body of the coffee, delight to the nose as it is to the palate.",https://www.devans.in/products/robusta,https://cdn.shopify.com/s/files/1/0561/6071/4931/files/IMG20240410124601.jpg?v=1736166144
ROBUSTA KAAPI ROYALE,Devans,950.0,500g,Medium Roast,Robusta Kaapi Royale is medium,"ANIMAL PRINTED PACKS AVAILABLE IN 500 g ONLY.  
   India pioneered the production of washed Robusta, which occupies a special niche in the coffee world. In India much Robusta is grown at high elevations ranging from 700-1000 metres, it is dry and wet processed.   
  Robusta Kaapi Royale is speciality coffee of India, this coffee is prepared from washed Robusta from the regions of Mysore, Coorg, Wayanad, Shevaroys, Pulney and Bababudan. The beans are bold, round with pointed ends and grey to bluish-grey in color. In the cup, washed Robustas add more body, flavour and crema to the blend.  
  Tasting Notes:   
  Robusta Kaapi Royale is medium roasted to bring out the citrus and spicy aroma, refined acidity, and a full body of the coffee, delight to the nose as it is to the palate.",https://www.devans.in/products/robusta,https://cdn.shopify.com/s/files/1/0561/6071/4931/files/IMG20240410124601.jpg?v=1736166144
ROOIBOS TEA,Devans,345.0,,,"A properly brewed cup of rooibos tea will be a rich red color and have a sweet, nutty flavour.","Rooibos tea is made from the leaves of ""red bush"" plant, which grows only in the small Cederberg region of South Africa. Because it does not derive from the Camillia sinensis plant (like black, white, green or oolong teas), rooibos tea is considered more of an herbal drink or tisane than a ""true"" tea. Rooibos tea is often called ""red tea"" or ""red bush"" tea because of the bright red coloring the leaves take on during the oxidation and fermentation processes. A properly brewed cup of rooibos tea will be a rich red color and have a sweet, nutty flavour.   
 Net weight: 50 g",https://www.devans.in/products/rooibos-tea,https://cdn.shopify.com/s/files/1/0561/6071/4931/products/1F094464-2540-4DD1-B914-9785BA673BAA.jpg?v=1636801826
ROOIBOS TEA  (South African),Devans,570.0,100g,,"A properly brewed cup of rooibos tea will be a rich red color and have a sweet, nutty flavor.","Rooibos tea is made from the leaves of ""red bush"" plant, which grows only in the small Cederberg region of South Africa. Because it does not derive from the Camillia sinensis plant (like black, white, green or oolong teas), rooibos tea is considered more of an herbal drink or tisane than a ""true"" tea. Rooibos tea is often called ""red tea"" or ""red bush"" tea because of the bright red coloring the leaves take on during the oxidation and fermentation processes. A properly brewed cup of rooibos tea will be a rich red color and have a sweet, nutty flavor.",https://www.devans.in/products/devans-rooibos-south-african,https://cdn.shopify.com/s/files/1/0561/6071/4931/products/IMG_2555.jpg?v=1624343032
ROOIBOS TEA  (South African),Devans,1260.0,250g,,"A properly brewed cup of rooibos tea will be a rich red color and have a sweet, nutty flavor.","Rooibos tea is made from the leaves of ""red bush"" plant, which grows only in the small Cederberg region of South Africa. Because it does not derive from the Camillia sinensis plant (like black, white, green or oolong teas), rooibos tea is considered more of an herbal drink or tisane than a ""true"" tea. Rooibos tea is often called ""red tea"" or ""red bush"" tea because of the bright red coloring the leaves take on during the oxidation and fermentation processes. A properly brewed cup of rooibos tea will be a rich red color and have a sweet, nutty flavor.",https://www.devans.in/products/devans-rooibos-south-african,https://cdn.shopify.com/s/files/1/0561/6071/4931/products/IMG_2555.jpg?v=1624343032
SOVEREIGN TEA (Blend of Darjeeling Leaf and Assam CTC),Devans,220.0,100g,,"A bright, full bodied cup that ensures muscatel flavour and malty taste.","Sovereign Tea is a blend of Assam CTC granular tea with Darjeeling whole leaf tea that gives you rich, dark liquor with a fresh flavour of Darjeeling tea. A bright, full bodied cup that ensures muscatel flavour and malty taste. Your every morning, cup of tea with strength, colour and flavour, a cup of tea that offers mellow sweetness of Darjeeling and golden brightness of Assam Tea.",https://www.devans.in/products/assam-darjeeling-tea,https://cdn.shopify.com/s/files/1/0561/6071/4931/products/029.jpg?v=1622198442
SOVEREIGN TEA (Blend of Darjeeling Leaf and Assam CTC),Devans,550.0,250g,,"A bright, full bodied cup that ensures muscatel flavour and malty taste.","Sovereign Tea is a blend of Assam CTC granular tea with Darjeeling whole leaf tea that gives you rich, dark liquor with a fresh flavour of Darjeeling tea. A bright, full bodied cup that ensures muscatel flavour and malty taste. Your every morning, cup of tea with strength, colour and flavour, a cup of tea that offers mellow sweetness of Darjeeling and golden brightness of Assam Tea.",https://www.devans.in/products/assam-darjeeling-tea,https://cdn.shopify.com/s/files/1/0561/6071/4931/products/029.jpg?v=1622198442
SPECIAL BLEND,Devans,500.0,250g,Medium Roast,"This coffee offers an exciting taste which is medium bodied despite boasting a distinctively deep citrus flavour complimented with spicy highlights, a perfect balance of aroma and strength","ANIMAL PRINTED PACKS AVAILABLE IN 500 g ONLY.   
   The reason we blend is to achieve a consistently delicious coffee all year round and highlight diverse flavours of the beans. Our special blend is one of our oldest blend created with pure Arabica coffees. If you enjoy a medium strength coffee, which can be drunk at any time of the day, try this most popular blend that is a mix of Arabica Peaberry and Arabica Plantation-AA.  
  Tasting Notes:  
  This coffee offers an exciting taste which is medium bodied despite boasting a distinctively deep citrus flavour complimented with spicy highlights, a perfect balance of aroma and strength. It is medium roasted to bring out the intense flavour of Peaberry and the liveliness of our Plantation ""AA"".",https://www.devans.in/products/special-blend-coffee,https://cdn.shopify.com/s/files/1/0561/6071/4931/files/Special_20Blend_5000x_336e39e8-7045-4bec-8a79-a64a0dd4e61b.webp?v=1748871202
SPECIAL BLEND,Devans,1000.0,500g,Medium Roast,"This coffee offers an exciting taste which is medium bodied despite boasting a distinctively deep citrus flavour complimented with spicy highlights, a perfect balance of aroma and strength","ANIMAL PRINTED PACKS AVAILABLE IN 500 g ONLY.   
   The reason we blend is to achieve a consistently delicious coffee all year round and highlight diverse flavours of the beans. Our special blend is one of our oldest blend created with pure Arabica coffees. If you enjoy a medium strength coffee, which can be drunk at any time of the day, try this most popular blend that is a mix of Arabica Peaberry and Arabica Plantation-AA.  
  Tasting Notes:  
  This coffee offers an exciting taste which is medium bodied despite boasting a distinctively deep citrus flavour complimented with spicy highlights, a perfect balance of aroma and strength. It is medium roasted to bring out the intense flavour of Peaberry and the liveliness of our Plantation ""AA"".",https://www.devans.in/products/special-blend-coffee,https://cdn.shopify.com/s/files/1/0561/6071/4931/files/Special_20Blend_5000x_336e39e8-7045-4bec-8a79-a64a0dd4e61b.webp?v=1748871202
SPECIAL BLEND (WHOLE SALE),Devans,17500.0,10kg,Medium Roast,"This coffee offers an exciting taste which is medium bodied despite boasting a distinctively deep citrus flavour complimented with spicy highlights, a perfect balance of aroma and strength","Stand up pouches with round bottom gusset. 1 kg Matt silver with zipper and with one way freshness valve. 
   The reason we blend is to achieve a consistently delicious coffee all year round and highlight diverse flavours of the beans. Our special blend is one of our oldest blend created with pure Arabica coffees. If you enjoy a medium strength coffee, which can be drunk at any time of the day, try this most popular blend that is a mix of Arabica Peaberry and Arabica Plantation-AA.  
  Tasting Notes:  
  This coffee offers an exciting taste which is medium bodied despite boasting a distinctively deep citrus flavour complimented with spicy highlights, a perfect balance of aroma and strength. It is medium roasted to bring out the intense flavour of Peaberry and the liveliness of our Plantation ""AA"".",https://www.devans.in/products/special-blend-wholesale,https://cdn.shopify.com/s/files/1/0561/6071/4931/files/Untitleddesign_45_0d477f1c-29b9-4c36-b681-1b8bf0e5d2b8.png?v=1758721069
Tall Mug 250 ml (0.25 litre),Devans,650.0,,,,"Fine White porcelain tall mug, holds up 250 ml of your favourite beverage.  Dishwasher safe, microwave safe and makes a good gift too.  
  The mug has our logo of Devan’s printed in black.  
  Measures : 8 cm in top diameter and 10 cm in height.",https://www.devans.in/products/devans-tall-mug,https://cdn.shopify.com/s/files/1/0561/6071/4931/products/IMG_2557.jpg?v=1624344998
Tea Infuser Ball ( 2-3 cups),Devans,550.0,,,Mug/Cup/Pot,"Tea infuser ball for 2-3 cups.  
  Ideal tool for steeping loose leaf teas for an unmatched taste. Unfasten two sided clasp of the infuser &amp; pop in some of your favorite tea. Clip on both clasp back in its place. Now place the infuser in Mug/Cup/Pot. Add freshly boiled water &amp; let it brew for stipulated time. When tea is ready, remove mesh ball &amp; clean out contents under running water. Easy to steep and clean, dishwasher safe, stainless steel, colour silver.",https://www.devans.in/products/tea-infuser-ball-2-3-cups,https://cdn.shopify.com/s/files/1/0561/6071/4931/products/tea-infuser-ball-850x850.jpg?v=1619419090
Tea Infuser Ball (1-2 cup),Devans,350.0,,,Mug/Cup/Pot,"Ideal tool for steeping loose leaf teas for an unmatched taste. Unfasten two sided clasp of the infuser &amp; pop in some of your favorite tea. Clip on both clasp back in its place. Now place the infuser in Mug/Cup/Pot. Add freshly boiled water &amp; let it brew for stipulated time. When tea is ready, remove mesh ball &amp; clean out contents under running water. Easy to steep and clean, dishwasher safe, stainless steel, colour silver.",https://www.devans.in/products/tea-infuser-ball-1-2-cup,https://cdn.shopify.com/s/files/1/0561/6071/4931/products/tea-infuserball-1cup-850x850.jpg?v=1619419092
Tote Bag Flamingo,Devans,300.0,,,,"“SAVE YOU SAVE ME” SERIES  
  Whether you are shopping or running errands, this tote bag can hold all your stuff.   Made of Black Cotton Canvas, it’s reusable and has an image of Flamingo on one side and our logo on the other. It’s from our “ save you save me “ series to raise awareness about india’s diminishing wild life as per the IUCN red list. Hand wash if needed as it can leave colour.  
  Measures: 35 cm in length , 43 cm in height, Handle 25 cm to shoulder.",https://www.devans.in/products/devans-tote-bag-one-horned-rhino,https://cdn.shopify.com/s/files/1/0561/6071/4931/products/Untitleddesign_2_6d67b53c-79fe-4ebf-8095-e7d1311d1e43.png?v=1624363359
Tote Bag Kashmir Stag,Devans,300.0,,,,"“SAVE YOU SAVE ME “ SERIES  
  Whether you are shopping or running errands, this tote bag can hold all your stuff upto 10 kilograms.  
  Made of Black Cotton Canvas, it’s reusable and has a print of Kashmir Stag on one side and our Devan’s logo on the other. It’s from our “ save you save me “ series to raise awareness about India’s diminishing wild life as per the IUCN red list. Can be hand washed if needed as it may leave colour.  
 Measures: 35 cm length,43 cm height, Handle 25 cm to shoulder.",https://www.devans.in/products/devans-tote-bag-lion-tailed-macaque,https://cdn.shopify.com/s/files/1/0561/6071/4931/products/Untitleddesign_2_5318e866-0f9f-49e2-b99f-c7c4b023f514.png?v=1624363469
VANILLA TEA,Devans,225.0,100g,Dark Roast,"caramel, vanilla and malt","The combination of Assam CTC granular black tea and vanilla natural flavour creates an invigorating and refreshing drink, and is a delicious alternative to plain black tea.   
  This tea is infused with vanilla flavour to give you a smooth, caramel and a refreshing cup of tea. Makes an intense, dark brew, can be had hot or cold, Intensely sweet, robust, brisk, full rounded body with notes of caramel, vanilla and malt.",https://www.devans.in/products/vanilla-tea,https://cdn.shopify.com/s/files/1/0561/6071/4931/products/020.jpg?v=1622197346
VANILLA TEA,Devans,560.0,250g,Dark Roast,"caramel, vanilla and malt","The combination of Assam CTC granular black tea and vanilla natural flavour creates an invigorating and refreshing drink, and is a delicious alternative to plain black tea.   
  This tea is infused with vanilla flavour to give you a smooth, caramel and a refreshing cup of tea. Makes an intense, dark brew, can be had hot or cold, Intensely sweet, robust, brisk, full rounded body with notes of caramel, vanilla and malt.",https://www.devans.in/products/vanilla-tea,https://cdn.shopify.com/s/files/1/0561/6071/4931/products/020.jpg?v=1622197346
VIENNESE BLEND,Devans,525.0,250g,Dark Roast,Perfectly matched blend of beans with a dark,"ANIMAL PRINTED PACKS ARE CURRENTLY OUT OF STOCK, ITEM WILL BE SHIPPED IN BROWN STAND UP POUCHES FOR THE TIME BEING. 
  The classic Viennese blend as the name suggests was created in Austria for a cafe a decade ago. We have dedicated this blend of Arabica coffee to Dr Bernhard to whom we are supplying in Vienna.  
 One of our most popular blend from our collection - a medium-strong cup of delicious coffee. 
 Tasting Notes: 
 Perfectly matched blend of beans with a dark roast for a strong spicy taste and beans of a lighter roast for an aromatic, fine flavour. Perfect for those who enjoy coffee not too mild...not too strong, packed with aroma, medium to high on body and acidity.",https://www.devans.in/products/viennese-blend-coffee,https://cdn.shopify.com/s/files/1/0561/6071/4931/files/Viennese_20Blend_5000x_7da88f5c-6667-4482-9816-0698e06122f6.webp?v=1736166227
VIENNESE BLEND,Devans,1050.0,500g,Dark Roast,Perfectly matched blend of beans with a dark,"ANIMAL PRINTED PACKS ARE CURRENTLY OUT OF STOCK, ITEM WILL BE SHIPPED IN BROWN STAND UP POUCHES FOR THE TIME BEING. 
  The classic Viennese blend as the name suggests was created in Austria for a cafe a decade ago. We have dedicated this blend of Arabica coffee to Dr Bernhard to whom we are supplying in Vienna.  
 One of our most popular blend from our collection - a medium-strong cup of delicious coffee. 
 Tasting Notes: 
 Perfectly matched blend of beans with a dark roast for a strong spicy taste and beans of a lighter roast for an aromatic, fine flavour. Perfect for those who enjoy coffee not too mild...not too strong, packed with aroma, medium to high on body and acidity.",https://www.devans.in/products/viennese-blend-coffee,https://cdn.shopify.com/s/files/1/0561/6071/4931/files/Viennese_20Blend_5000x_7da88f5c-6667-4482-9816-0698e06122f6.webp?v=1736166227
Viennese Blend in Coffee Capsules,Devans,550.0,,Dark Roast,Perfectly matched blend of beans with a dark,"10 Arabica Coffee Capsules  
  Compatible with Nespresso Original Machines  
  *Nespresso is a registered trademark of societe des produits Nestle SA.  
   
  Tasting Notes : Perfectly matched blend of beans with a dark roast for a strong spicy taste and beans of a lighter roast for an aromatic, fine flavour. Perfect for those who enjoy coffee not too mild...not too strong, packed with aroma, medium to high on body and acidity.",https://www.devans.in/products/viennese-blend-in-coffee-capsules,https://cdn.shopify.com/s/files/1/0561/6071/4931/files/Untitleddesign_42.png?v=1758610035
WHITE TEA AND CHAMOMILE,Devans,535.0,,,"Yellow buds with white petals it has floral, herbal aroma and golden yellow in the cup.","Darjeeling White tea is packed with antioxidants, which makes it an incredibly healthy tea. Chamomile flowers have properties that may aid sleep and digestion, as well. The blend is aromatic and therapeutic. Chamomile Flowers have been used as a traditional medicine for thousands of years to calm anxiety and settle stomachs. This herbal tea is soothing and a delicate tea that can give you good nights sleep. Yellow buds with white petals it has floral, herbal aroma and golden yellow in the cup.  
 The blend is aromatic and therapeutic. 
 Packed in 50 g tin box.",https://www.devans.in/products/white-tea-chamomile,https://cdn.shopify.com/s/files/1/0561/6071/4931/products/5BA53E2D-F4BE-4051-986F-03BED37BB950.jpg?v=1633780538
WHITE TEA AND HIBISCUS,Devans,535.0,,,,"Darjeeling White Tea is blended with Hibiscus flowers, packed with antioxidants this tea has been known to prevent hypertension, lower blood pressure, reduce blood sugar levels. Its rich in Vitamin C, contains minerals such as flavonoids. 
 Packed in 50 g tin box.",https://www.devans.in/products/white-tea-hibiscus,https://cdn.shopify.com/s/files/1/0561/6071/4931/products/2C948A94-E966-4E9E-876F-8FEA2D7CADF0.jpg?v=1633780667
WHITE TEA AND LEMONGRASS,Devans,500.0,,,lemongrass blend beautifully and make a delicious cup of healthy herbal tea,"Darjeeling White Tea packed with antioxidants is blended with Lemongrass. A refreshing beverage, this blend of tea is delightfully healthy. The citrusy flavours of lemongrass blend beautifully and make a delicious cup of healthy herbal tea. 
 Packed in 50 g tin box",https://www.devans.in/products/white-tea-lemongrass,https://cdn.shopify.com/s/files/1/0561/6071/4931/products/7FF85646-90EA-4680-BDC1-966B6D497DB5.jpg?v=1633780428
WHITE TEA AND ROSE,Devans,500.0,,,"Rose petals are a very rich source of vitamin A, C and E which can help hydrate and tighten the skin and reduce the appearance of wrinkles and dark circles.","Darjeeling White tea, rich in antioxidants is blended with Rose petals. This tea is aromatic and delicious. Rose petals are a very rich source of vitamin A, C and E which can help hydrate and tighten the skin and reduce the appearance of wrinkles and dark circles. Roses contain anti-bacterial and anti-inflammatory properties.   
  The white tea has long, rolled dark olive green leaves with pale green buds, resembling white flowers, blended with rose, gives a light pink colour to the cup with an amazing fragrance.  
 Packed in 50 g tin box.",https://www.devans.in/products/white-tea-rose,https://cdn.shopify.com/s/files/1/0561/6071/4931/products/AA462190-ACEC-416E-8A39-CCBCE850285F.jpg?v=1633780739
