Name,Roaster,Price,Quantity,Roast_Level,Tasting_Notes,Origin,Process,Desc,URL,Image_URL,Category
Buzz Blend,Dope,520.0,,Dark Roast,"Chocolate,Mollases,Toasted Nuts",,,"250gm Taste the Thrill, Embrace the Buzz! Our roasters tested their creativity levels and came up with this dark roast masterpiece that brings together the best of both worlds of Arabica & Robusta , delivering an electrifying symphony of flavors. Buckle up, sip up, and let the caffeine Buzz sweep you off your feet – one cup at a time! ROAST: Dark TASTES LIKE: Chocolate,Mollases,Toasted Nuts",https://dopecoffee.in/products/buzz-blend,https://cdn.shopify.com/s/files/1/0179/7695/0848/files/buzzblendfrontpack.jpg?v=1731922672,Coffee
Buzz Blend,Dope,520.0,,Dark Roast,"Chocolate,Mollases,Toasted Nuts",,,"250gm Taste the Thrill, Embrace the Buzz! Our roasters tested their creativity levels and came up with this dark roast masterpiece that brings together the best of both worlds of Arabica & Robusta , delivering an electrifying symphony of flavors. Buckle up, sip up, and let the caffeine Buzz sweep you off your feet – one cup at a time! ROAST: Dark TASTES LIKE: Chocolate,Mollases,Toasted Nuts",https://dopecoffee.in/products/buzz-blend,https://cdn.shopify.com/s/files/1/0179/7695/0848/files/buzzblendfrontpack.jpg?v=1731922672,Coffee
Buzz Blend,Dope,520.0,Channi,Dark Roast,"Chocolate,Mollases,Toasted Nuts",,,"250gm Taste the Thrill, Embrace the Buzz! Our roasters tested their creativity levels and came up with this dark roast masterpiece that brings together the best of both worlds of Arabica & Robusta , delivering an electrifying symphony of flavors. Buckle up, sip up, and let the caffeine Buzz sweep you off your feet – one cup at a time! ROAST: Dark TASTES LIKE: Chocolate,Mollases,Toasted Nuts",https://dopecoffee.in/products/buzz-blend,https://cdn.shopify.com/s/files/1/0179/7695/0848/files/buzzblendfrontpack.jpg?v=1731922672,Coffee
Buzz Blend,Dope,520.0,,Dark Roast,"Chocolate,Mollases,Toasted Nuts",,,"250gm Taste the Thrill, Embrace the Buzz! Our roasters tested their creativity levels and came up with this dark roast masterpiece that brings together the best of both worlds of Arabica & Robusta , delivering an electrifying symphony of flavors. Buckle up, sip up, and let the caffeine Buzz sweep you off your feet – one cup at a time! ROAST: Dark TASTES LIKE: Chocolate,Mollases,Toasted Nuts",https://dopecoffee.in/products/buzz-blend,https://cdn.shopify.com/s/files/1/0179/7695/0848/files/buzzblendfrontpack.jpg?v=1731922672,Coffee
Buzz Blend,Dope,520.0,Electric Brewer,Dark Roast,"Chocolate,Mollases,Toasted Nuts",,,"250gm Taste the Thrill, Embrace the Buzz! Our roasters tested their creativity levels and came up with this dark roast masterpiece that brings together the best of both worlds of Arabica & Robusta , delivering an electrifying symphony of flavors. Buckle up, sip up, and let the caffeine Buzz sweep you off your feet – one cup at a time! ROAST: Dark TASTES LIKE: Chocolate,Mollases,Toasted Nuts",https://dopecoffee.in/products/buzz-blend,https://cdn.shopify.com/s/files/1/0179/7695/0848/files/buzzblendfrontpack.jpg?v=1731922672,Coffee
Buzz Blend,Dope,520.0,,Dark Roast,"Chocolate,Mollases,Toasted Nuts",,,"250gm Taste the Thrill, Embrace the Buzz! Our roasters tested their creativity levels and came up with this dark roast masterpiece that brings together the best of both worlds of Arabica & Robusta , delivering an electrifying symphony of flavors. Buckle up, sip up, and let the caffeine Buzz sweep you off your feet – one cup at a time! ROAST: Dark TASTES LIKE: Chocolate,Mollases,Toasted Nuts",https://dopecoffee.in/products/buzz-blend,https://cdn.shopify.com/s/files/1/0179/7695/0848/files/buzzblendfrontpack.jpg?v=1731922672,Coffee
Buzz Blend,Dope,520.0,,Dark Roast,"Chocolate,Mollases,Toasted Nuts",,,"250gm Taste the Thrill, Embrace the Buzz! Our roasters tested their creativity levels and came up with this dark roast masterpiece that brings together the best of both worlds of Arabica & Robusta , delivering an electrifying symphony of flavors. Buckle up, sip up, and let the caffeine Buzz sweep you off your feet – one cup at a time! ROAST: Dark TASTES LIKE: Chocolate,Mollases,Toasted Nuts",https://dopecoffee.in/products/buzz-blend,https://cdn.shopify.com/s/files/1/0179/7695/0848/files/buzzblendfrontpack.jpg?v=1731922672,Coffee
Buzz Blend,Dope,520.0,,Dark Roast,"Chocolate,Mollases,Toasted Nuts",,,"250gm Taste the Thrill, Embrace the Buzz! Our roasters tested their creativity levels and came up with this dark roast masterpiece that brings together the best of both worlds of Arabica & Robusta , delivering an electrifying symphony of flavors. Buckle up, sip up, and let the caffeine Buzz sweep you off your feet – one cup at a time! ROAST: Dark TASTES LIKE: Chocolate,Mollases,Toasted Nuts",https://dopecoffee.in/products/buzz-blend,https://cdn.shopify.com/s/files/1/0179/7695/0848/files/buzzblendfrontpack.jpg?v=1731922672,Coffee
Buzz Blend,Dope,520.0,,Dark Roast,"Chocolate,Mollases,Toasted Nuts",,,"250gm Taste the Thrill, Embrace the Buzz! Our roasters tested their creativity levels and came up with this dark roast masterpiece that brings together the best of both worlds of Arabica & Robusta , delivering an electrifying symphony of flavors. Buckle up, sip up, and let the caffeine Buzz sweep you off your feet – one cup at a time! ROAST: Dark TASTES LIKE: Chocolate,Mollases,Toasted Nuts",https://dopecoffee.in/products/buzz-blend,https://cdn.shopify.com/s/files/1/0179/7695/0848/files/buzzblendfrontpack.jpg?v=1731922672,Coffee
Buzz Blend,Dope,520.0,,Dark Roast,"Chocolate,Mollases,Toasted Nuts",,,"250gm Taste the Thrill, Embrace the Buzz! Our roasters tested their creativity levels and came up with this dark roast masterpiece that brings together the best of both worlds of Arabica & Robusta , delivering an electrifying symphony of flavors. Buckle up, sip up, and let the caffeine Buzz sweep you off your feet – one cup at a time! ROAST: Dark TASTES LIKE: Chocolate,Mollases,Toasted Nuts",https://dopecoffee.in/products/buzz-blend,https://cdn.shopify.com/s/files/1/0179/7695/0848/files/buzzblendfrontpack.jpg?v=1731922672,Coffee
Buzz Blend,Dope,520.0,,Dark Roast,"Chocolate,Mollases,Toasted Nuts",,,"250gm Taste the Thrill, Embrace the Buzz! Our roasters tested their creativity levels and came up with this dark roast masterpiece that brings together the best of both worlds of Arabica & Robusta , delivering an electrifying symphony of flavors. Buckle up, sip up, and let the caffeine Buzz sweep you off your feet – one cup at a time! ROAST: Dark TASTES LIKE: Chocolate,Mollases,Toasted Nuts",https://dopecoffee.in/products/buzz-blend,https://cdn.shopify.com/s/files/1/0179/7695/0848/files/buzzblendfrontpack.jpg?v=1731922672,Coffee
Buzz Blend,Dope,520.0,,Dark Roast,"Chocolate,Mollases,Toasted Nuts",,,"250gm Taste the Thrill, Embrace the Buzz! Our roasters tested their creativity levels and came up with this dark roast masterpiece that brings together the best of both worlds of Arabica & Robusta , delivering an electrifying symphony of flavors. Buckle up, sip up, and let the caffeine Buzz sweep you off your feet – one cup at a time! ROAST: Dark TASTES LIKE: Chocolate,Mollases,Toasted Nuts",https://dopecoffee.in/products/buzz-blend,https://cdn.shopify.com/s/files/1/0179/7695/0848/files/buzzblendfrontpack.jpg?v=1731922672,Coffee
Buzz Blend,Dope,520.0,Turkish,Dark Roast,"Chocolate,Mollases,Toasted Nuts",,,"250gm Taste the Thrill, Embrace the Buzz! Our roasters tested their creativity levels and came up with this dark roast masterpiece that brings together the best of both worlds of Arabica & Robusta , delivering an electrifying symphony of flavors. Buckle up, sip up, and let the caffeine Buzz sweep you off your feet – one cup at a time! ROAST: Dark TASTES LIKE: Chocolate,Mollases,Toasted Nuts",https://dopecoffee.in/products/buzz-blend,https://cdn.shopify.com/s/files/1/0179/7695/0848/files/buzzblendfrontpack.jpg?v=1731922672,Coffee
Kuttinkhan  Estate,Dope,635.0,,Medium-Light Roast,,Kuttinkkhan Estate,Anaerobic Fermented Naturals,"250gm 100% Specialty Arabica We scored this gem of an Arabica nano lot from the Kuttinkhan Estate, where coffee adventures meet wild wonders! In the midst of Chikmagalur's untamed wilderness, Rebello Family, a fearless band of coffee pioneers, embarked on an epic journey. The Estate when first established was in the midst of a heavily forested & hilly terrain creating countless hurdles for the people trying to start the Coffee Plantation. With unyielding determination and a sprinkle of magic, they transformed the impossible into a caffeinated wonderland. We’ve sealed this flavor-packed expedition right inside this bag for you. Hop in & join in on this wild ride! ROAST : Light-Medium TASTES NOTES: HIBISCUS TEA, BERRY CRUSH, FRUITY ESTATE: KUTTINKHAN ESTATE VARIETY: 795-Chandragiri Block: Gandadkhan -D PROCESS: Anaerobic Fermented Naturals ELEVATION: 4150 Ft. ARTWORK BY: Denver.Fernandes",https://dopecoffee.in/products/kuttinkhan-lower-estate,https://cdn.shopify.com/s/files/1/0179/7695/0848/files/KUTTINKHAN02072023Front.png?v=1693054139,Coffee
Kuttinkhan  Estate,Dope,635.0,,Medium-Light Roast,,Kuttinkkhan Estate,Anaerobic Fermented Naturals,"250gm 100% Specialty Arabica We scored this gem of an Arabica nano lot from the Kuttinkhan Estate, where coffee adventures meet wild wonders! In the midst of Chikmagalur's untamed wilderness, Rebello Family, a fearless band of coffee pioneers, embarked on an epic journey. The Estate when first established was in the midst of a heavily forested & hilly terrain creating countless hurdles for the people trying to start the Coffee Plantation. With unyielding determination and a sprinkle of magic, they transformed the impossible into a caffeinated wonderland. We’ve sealed this flavor-packed expedition right inside this bag for you. Hop in & join in on this wild ride! ROAST : Light-Medium TASTES NOTES: HIBISCUS TEA, BERRY CRUSH, FRUITY ESTATE: KUTTINKHAN ESTATE VARIETY: 795-Chandragiri Block: Gandadkhan -D PROCESS: Anaerobic Fermented Naturals ELEVATION: 4150 Ft. ARTWORK BY: Denver.Fernandes",https://dopecoffee.in/products/kuttinkhan-lower-estate,https://cdn.shopify.com/s/files/1/0179/7695/0848/files/KUTTINKHAN02072023Front.png?v=1693054139,Coffee
Kuttinkhan  Estate,Dope,635.0,Channi,Medium-Light Roast,,Kuttinkkhan Estate,Anaerobic Fermented Naturals,"250gm 100% Specialty Arabica We scored this gem of an Arabica nano lot from the Kuttinkhan Estate, where coffee adventures meet wild wonders! In the midst of Chikmagalur's untamed wilderness, Rebello Family, a fearless band of coffee pioneers, embarked on an epic journey. The Estate when first established was in the midst of a heavily forested & hilly terrain creating countless hurdles for the people trying to start the Coffee Plantation. With unyielding determination and a sprinkle of magic, they transformed the impossible into a caffeinated wonderland. We’ve sealed this flavor-packed expedition right inside this bag for you. Hop in & join in on this wild ride! ROAST : Light-Medium TASTES NOTES: HIBISCUS TEA, BERRY CRUSH, FRUITY ESTATE: KUTTINKHAN ESTATE VARIETY: 795-Chandragiri Block: Gandadkhan -D PROCESS: Anaerobic Fermented Naturals ELEVATION: 4150 Ft. ARTWORK BY: Denver.Fernandes",https://dopecoffee.in/products/kuttinkhan-lower-estate,https://cdn.shopify.com/s/files/1/0179/7695/0848/files/KUTTINKHAN02072023Front.png?v=1693054139,Coffee
Kuttinkhan  Estate,Dope,635.0,,Medium-Light Roast,,Kuttinkkhan Estate,Anaerobic Fermented Naturals,"250gm 100% Specialty Arabica We scored this gem of an Arabica nano lot from the Kuttinkhan Estate, where coffee adventures meet wild wonders! In the midst of Chikmagalur's untamed wilderness, Rebello Family, a fearless band of coffee pioneers, embarked on an epic journey. The Estate when first established was in the midst of a heavily forested & hilly terrain creating countless hurdles for the people trying to start the Coffee Plantation. With unyielding determination and a sprinkle of magic, they transformed the impossible into a caffeinated wonderland. We’ve sealed this flavor-packed expedition right inside this bag for you. Hop in & join in on this wild ride! ROAST : Light-Medium TASTES NOTES: HIBISCUS TEA, BERRY CRUSH, FRUITY ESTATE: KUTTINKHAN ESTATE VARIETY: 795-Chandragiri Block: Gandadkhan -D PROCESS: Anaerobic Fermented Naturals ELEVATION: 4150 Ft. ARTWORK BY: Denver.Fernandes",https://dopecoffee.in/products/kuttinkhan-lower-estate,https://cdn.shopify.com/s/files/1/0179/7695/0848/files/KUTTINKHAN02072023Front.png?v=1693054139,Coffee
Kuttinkhan  Estate,Dope,635.0,Electric Brewer,Medium-Light Roast,,Kuttinkkhan Estate,Anaerobic Fermented Naturals,"250gm 100% Specialty Arabica We scored this gem of an Arabica nano lot from the Kuttinkhan Estate, where coffee adventures meet wild wonders! In the midst of Chikmagalur's untamed wilderness, Rebello Family, a fearless band of coffee pioneers, embarked on an epic journey. The Estate when first established was in the midst of a heavily forested & hilly terrain creating countless hurdles for the people trying to start the Coffee Plantation. With unyielding determination and a sprinkle of magic, they transformed the impossible into a caffeinated wonderland. We’ve sealed this flavor-packed expedition right inside this bag for you. Hop in & join in on this wild ride! ROAST : Light-Medium TASTES NOTES: HIBISCUS TEA, BERRY CRUSH, FRUITY ESTATE: KUTTINKHAN ESTATE VARIETY: 795-Chandragiri Block: Gandadkhan -D PROCESS: Anaerobic Fermented Naturals ELEVATION: 4150 Ft. ARTWORK BY: Denver.Fernandes",https://dopecoffee.in/products/kuttinkhan-lower-estate,https://cdn.shopify.com/s/files/1/0179/7695/0848/files/KUTTINKHAN02072023Front.png?v=1693054139,Coffee
Kuttinkhan  Estate,Dope,635.0,,Medium-Light Roast,,Kuttinkkhan Estate,Anaerobic Fermented Naturals,"250gm 100% Specialty Arabica We scored this gem of an Arabica nano lot from the Kuttinkhan Estate, where coffee adventures meet wild wonders! In the midst of Chikmagalur's untamed wilderness, Rebello Family, a fearless band of coffee pioneers, embarked on an epic journey. The Estate when first established was in the midst of a heavily forested & hilly terrain creating countless hurdles for the people trying to start the Coffee Plantation. With unyielding determination and a sprinkle of magic, they transformed the impossible into a caffeinated wonderland. We’ve sealed this flavor-packed expedition right inside this bag for you. Hop in & join in on this wild ride! ROAST : Light-Medium TASTES NOTES: HIBISCUS TEA, BERRY CRUSH, FRUITY ESTATE: KUTTINKHAN ESTATE VARIETY: 795-Chandragiri Block: Gandadkhan -D PROCESS: Anaerobic Fermented Naturals ELEVATION: 4150 Ft. ARTWORK BY: Denver.Fernandes",https://dopecoffee.in/products/kuttinkhan-lower-estate,https://cdn.shopify.com/s/files/1/0179/7695/0848/files/KUTTINKHAN02072023Front.png?v=1693054139,Coffee
Kuttinkhan  Estate,Dope,635.0,,Medium-Light Roast,,Kuttinkkhan Estate,Anaerobic Fermented Naturals,"250gm 100% Specialty Arabica We scored this gem of an Arabica nano lot from the Kuttinkhan Estate, where coffee adventures meet wild wonders! In the midst of Chikmagalur's untamed wilderness, Rebello Family, a fearless band of coffee pioneers, embarked on an epic journey. The Estate when first established was in the midst of a heavily forested & hilly terrain creating countless hurdles for the people trying to start the Coffee Plantation. With unyielding determination and a sprinkle of magic, they transformed the impossible into a caffeinated wonderland. We’ve sealed this flavor-packed expedition right inside this bag for you. Hop in & join in on this wild ride! ROAST : Light-Medium TASTES NOTES: HIBISCUS TEA, BERRY CRUSH, FRUITY ESTATE: KUTTINKHAN ESTATE VARIETY: 795-Chandragiri Block: Gandadkhan -D PROCESS: Anaerobic Fermented Naturals ELEVATION: 4150 Ft. ARTWORK BY: Denver.Fernandes",https://dopecoffee.in/products/kuttinkhan-lower-estate,https://cdn.shopify.com/s/files/1/0179/7695/0848/files/KUTTINKHAN02072023Front.png?v=1693054139,Coffee
Kuttinkhan  Estate,Dope,635.0,,Medium-Light Roast,,Kuttinkkhan Estate,Anaerobic Fermented Naturals,"250gm 100% Specialty Arabica We scored this gem of an Arabica nano lot from the Kuttinkhan Estate, where coffee adventures meet wild wonders! In the midst of Chikmagalur's untamed wilderness, Rebello Family, a fearless band of coffee pioneers, embarked on an epic journey. The Estate when first established was in the midst of a heavily forested & hilly terrain creating countless hurdles for the people trying to start the Coffee Plantation. With unyielding determination and a sprinkle of magic, they transformed the impossible into a caffeinated wonderland. We’ve sealed this flavor-packed expedition right inside this bag for you. Hop in & join in on this wild ride! ROAST : Light-Medium TASTES NOTES: HIBISCUS TEA, BERRY CRUSH, FRUITY ESTATE: KUTTINKHAN ESTATE VARIETY: 795-Chandragiri Block: Gandadkhan -D PROCESS: Anaerobic Fermented Naturals ELEVATION: 4150 Ft. ARTWORK BY: Denver.Fernandes",https://dopecoffee.in/products/kuttinkhan-lower-estate,https://cdn.shopify.com/s/files/1/0179/7695/0848/files/KUTTINKHAN02072023Front.png?v=1693054139,Coffee
Kuttinkhan  Estate,Dope,635.0,,Medium-Light Roast,,Kuttinkkhan Estate,Anaerobic Fermented Naturals,"250gm 100% Specialty Arabica We scored this gem of an Arabica nano lot from the Kuttinkhan Estate, where coffee adventures meet wild wonders! In the midst of Chikmagalur's untamed wilderness, Rebello Family, a fearless band of coffee pioneers, embarked on an epic journey. The Estate when first established was in the midst of a heavily forested & hilly terrain creating countless hurdles for the people trying to start the Coffee Plantation. With unyielding determination and a sprinkle of magic, they transformed the impossible into a caffeinated wonderland. We’ve sealed this flavor-packed expedition right inside this bag for you. Hop in & join in on this wild ride! ROAST : Light-Medium TASTES NOTES: HIBISCUS TEA, BERRY CRUSH, FRUITY ESTATE: KUTTINKHAN ESTATE VARIETY: 795-Chandragiri Block: Gandadkhan -D PROCESS: Anaerobic Fermented Naturals ELEVATION: 4150 Ft. ARTWORK BY: Denver.Fernandes",https://dopecoffee.in/products/kuttinkhan-lower-estate,https://cdn.shopify.com/s/files/1/0179/7695/0848/files/KUTTINKHAN02072023Front.png?v=1693054139,Coffee
Kuttinkhan  Estate,Dope,635.0,,Medium-Light Roast,,Kuttinkkhan Estate,Anaerobic Fermented Naturals,"250gm 100% Specialty Arabica We scored this gem of an Arabica nano lot from the Kuttinkhan Estate, where coffee adventures meet wild wonders! In the midst of Chikmagalur's untamed wilderness, Rebello Family, a fearless band of coffee pioneers, embarked on an epic journey. The Estate when first established was in the midst of a heavily forested & hilly terrain creating countless hurdles for the people trying to start the Coffee Plantation. With unyielding determination and a sprinkle of magic, they transformed the impossible into a caffeinated wonderland. We’ve sealed this flavor-packed expedition right inside this bag for you. Hop in & join in on this wild ride! ROAST : Light-Medium TASTES NOTES: HIBISCUS TEA, BERRY CRUSH, FRUITY ESTATE: KUTTINKHAN ESTATE VARIETY: 795-Chandragiri Block: Gandadkhan -D PROCESS: Anaerobic Fermented Naturals ELEVATION: 4150 Ft. ARTWORK BY: Denver.Fernandes",https://dopecoffee.in/products/kuttinkhan-lower-estate,https://cdn.shopify.com/s/files/1/0179/7695/0848/files/KUTTINKHAN02072023Front.png?v=1693054139,Coffee
Kuttinkhan  Estate,Dope,635.0,,Medium-Light Roast,,Kuttinkkhan Estate,Anaerobic Fermented Naturals,"250gm 100% Specialty Arabica We scored this gem of an Arabica nano lot from the Kuttinkhan Estate, where coffee adventures meet wild wonders! In the midst of Chikmagalur's untamed wilderness, Rebello Family, a fearless band of coffee pioneers, embarked on an epic journey. The Estate when first established was in the midst of a heavily forested & hilly terrain creating countless hurdles for the people trying to start the Coffee Plantation. With unyielding determination and a sprinkle of magic, they transformed the impossible into a caffeinated wonderland. We’ve sealed this flavor-packed expedition right inside this bag for you. Hop in & join in on this wild ride! ROAST : Light-Medium TASTES NOTES: HIBISCUS TEA, BERRY CRUSH, FRUITY ESTATE: KUTTINKHAN ESTATE VARIETY: 795-Chandragiri Block: Gandadkhan -D PROCESS: Anaerobic Fermented Naturals ELEVATION: 4150 Ft. ARTWORK BY: Denver.Fernandes",https://dopecoffee.in/products/kuttinkhan-lower-estate,https://cdn.shopify.com/s/files/1/0179/7695/0848/files/KUTTINKHAN02072023Front.png?v=1693054139,Coffee
Kuttinkhan  Estate,Dope,635.0,,Medium-Light Roast,,Kuttinkkhan Estate,Anaerobic Fermented Naturals,"250gm 100% Specialty Arabica We scored this gem of an Arabica nano lot from the Kuttinkhan Estate, where coffee adventures meet wild wonders! In the midst of Chikmagalur's untamed wilderness, Rebello Family, a fearless band of coffee pioneers, embarked on an epic journey. The Estate when first established was in the midst of a heavily forested & hilly terrain creating countless hurdles for the people trying to start the Coffee Plantation. With unyielding determination and a sprinkle of magic, they transformed the impossible into a caffeinated wonderland. We’ve sealed this flavor-packed expedition right inside this bag for you. Hop in & join in on this wild ride! ROAST : Light-Medium TASTES NOTES: HIBISCUS TEA, BERRY CRUSH, FRUITY ESTATE: KUTTINKHAN ESTATE VARIETY: 795-Chandragiri Block: Gandadkhan -D PROCESS: Anaerobic Fermented Naturals ELEVATION: 4150 Ft. ARTWORK BY: Denver.Fernandes",https://dopecoffee.in/products/kuttinkhan-lower-estate,https://cdn.shopify.com/s/files/1/0179/7695/0848/files/KUTTINKHAN02072023Front.png?v=1693054139,Coffee
Kuttinkhan  Estate,Dope,635.0,Turkish,Medium-Light Roast,,Kuttinkkhan Estate,Anaerobic Fermented Naturals,"250gm 100% Specialty Arabica We scored this gem of an Arabica nano lot from the Kuttinkhan Estate, where coffee adventures meet wild wonders! In the midst of Chikmagalur's untamed wilderness, Rebello Family, a fearless band of coffee pioneers, embarked on an epic journey. The Estate when first established was in the midst of a heavily forested & hilly terrain creating countless hurdles for the people trying to start the Coffee Plantation. With unyielding determination and a sprinkle of magic, they transformed the impossible into a caffeinated wonderland. We’ve sealed this flavor-packed expedition right inside this bag for you. Hop in & join in on this wild ride! ROAST : Light-Medium TASTES NOTES: HIBISCUS TEA, BERRY CRUSH, FRUITY ESTATE: KUTTINKHAN ESTATE VARIETY: 795-Chandragiri Block: Gandadkhan -D PROCESS: Anaerobic Fermented Naturals ELEVATION: 4150 Ft. ARTWORK BY: Denver.Fernandes",https://dopecoffee.in/products/kuttinkhan-lower-estate,https://cdn.shopify.com/s/files/1/0179/7695/0848/files/KUTTINKHAN02072023Front.png?v=1693054139,Coffee
VIENNA VORTEX,Dope,580.0,,,"Cocoa Nibs, Bittersweet, Smoky",,,"Embrace The Vortex The Vienna Vortex isn’t just your average cup of Joe; it's a flavor-packed adventure waiting to sweep you off your feet! Whether you're gearing up for the day ahead or craving a delightful pause, this coffee is your trusty sidekick, daring you to dive headfirst into the whirlwind of bold flavors that dance within every single sip. Are you geared up to enter into the world of caffeinated vortex !? ROAST: Vienna TASTES LIKE: : Cocoa Nibs, Bittersweet, Smoky",https://dopecoffee.in/products/vienna-vortex,https://cdn.shopify.com/s/files/1/0179/7695/0848/files/ViennaVortexfront.jpg?v=1732101483,Coffee
VIENNA VORTEX,Dope,580.0,,,"Cocoa Nibs, Bittersweet, Smoky",,,"Embrace The Vortex The Vienna Vortex isn’t just your average cup of Joe; it's a flavor-packed adventure waiting to sweep you off your feet! Whether you're gearing up for the day ahead or craving a delightful pause, this coffee is your trusty sidekick, daring you to dive headfirst into the whirlwind of bold flavors that dance within every single sip. Are you geared up to enter into the world of caffeinated vortex !? ROAST: Vienna TASTES LIKE: : Cocoa Nibs, Bittersweet, Smoky",https://dopecoffee.in/products/vienna-vortex,https://cdn.shopify.com/s/files/1/0179/7695/0848/files/ViennaVortexfront.jpg?v=1732101483,Coffee
VIENNA VORTEX,Dope,580.0,Channi,,"Cocoa Nibs, Bittersweet, Smoky",,,"Embrace The Vortex The Vienna Vortex isn’t just your average cup of Joe; it's a flavor-packed adventure waiting to sweep you off your feet! Whether you're gearing up for the day ahead or craving a delightful pause, this coffee is your trusty sidekick, daring you to dive headfirst into the whirlwind of bold flavors that dance within every single sip. Are you geared up to enter into the world of caffeinated vortex !? ROAST: Vienna TASTES LIKE: : Cocoa Nibs, Bittersweet, Smoky",https://dopecoffee.in/products/vienna-vortex,https://cdn.shopify.com/s/files/1/0179/7695/0848/files/ViennaVortexfront.jpg?v=1732101483,Coffee
VIENNA VORTEX,Dope,580.0,,,"Cocoa Nibs, Bittersweet, Smoky",,,"Embrace The Vortex The Vienna Vortex isn’t just your average cup of Joe; it's a flavor-packed adventure waiting to sweep you off your feet! Whether you're gearing up for the day ahead or craving a delightful pause, this coffee is your trusty sidekick, daring you to dive headfirst into the whirlwind of bold flavors that dance within every single sip. Are you geared up to enter into the world of caffeinated vortex !? ROAST: Vienna TASTES LIKE: : Cocoa Nibs, Bittersweet, Smoky",https://dopecoffee.in/products/vienna-vortex,https://cdn.shopify.com/s/files/1/0179/7695/0848/files/ViennaVortexfront.jpg?v=1732101483,Coffee
VIENNA VORTEX,Dope,580.0,Electric Brewer,,"Cocoa Nibs, Bittersweet, Smoky",,,"Embrace The Vortex The Vienna Vortex isn’t just your average cup of Joe; it's a flavor-packed adventure waiting to sweep you off your feet! Whether you're gearing up for the day ahead or craving a delightful pause, this coffee is your trusty sidekick, daring you to dive headfirst into the whirlwind of bold flavors that dance within every single sip. Are you geared up to enter into the world of caffeinated vortex !? ROAST: Vienna TASTES LIKE: : Cocoa Nibs, Bittersweet, Smoky",https://dopecoffee.in/products/vienna-vortex,https://cdn.shopify.com/s/files/1/0179/7695/0848/files/ViennaVortexfront.jpg?v=1732101483,Coffee
VIENNA VORTEX,Dope,580.0,,,"Cocoa Nibs, Bittersweet, Smoky",,,"Embrace The Vortex The Vienna Vortex isn’t just your average cup of Joe; it's a flavor-packed adventure waiting to sweep you off your feet! Whether you're gearing up for the day ahead or craving a delightful pause, this coffee is your trusty sidekick, daring you to dive headfirst into the whirlwind of bold flavors that dance within every single sip. Are you geared up to enter into the world of caffeinated vortex !? ROAST: Vienna TASTES LIKE: : Cocoa Nibs, Bittersweet, Smoky",https://dopecoffee.in/products/vienna-vortex,https://cdn.shopify.com/s/files/1/0179/7695/0848/files/ViennaVortexfront.jpg?v=1732101483,Coffee
VIENNA VORTEX,Dope,580.0,,,"Cocoa Nibs, Bittersweet, Smoky",,,"Embrace The Vortex The Vienna Vortex isn’t just your average cup of Joe; it's a flavor-packed adventure waiting to sweep you off your feet! Whether you're gearing up for the day ahead or craving a delightful pause, this coffee is your trusty sidekick, daring you to dive headfirst into the whirlwind of bold flavors that dance within every single sip. Are you geared up to enter into the world of caffeinated vortex !? ROAST: Vienna TASTES LIKE: : Cocoa Nibs, Bittersweet, Smoky",https://dopecoffee.in/products/vienna-vortex,https://cdn.shopify.com/s/files/1/0179/7695/0848/files/ViennaVortexfront.jpg?v=1732101483,Coffee
VIENNA VORTEX,Dope,580.0,,,"Cocoa Nibs, Bittersweet, Smoky",,,"Embrace The Vortex The Vienna Vortex isn’t just your average cup of Joe; it's a flavor-packed adventure waiting to sweep you off your feet! Whether you're gearing up for the day ahead or craving a delightful pause, this coffee is your trusty sidekick, daring you to dive headfirst into the whirlwind of bold flavors that dance within every single sip. Are you geared up to enter into the world of caffeinated vortex !? ROAST: Vienna TASTES LIKE: : Cocoa Nibs, Bittersweet, Smoky",https://dopecoffee.in/products/vienna-vortex,https://cdn.shopify.com/s/files/1/0179/7695/0848/files/ViennaVortexfront.jpg?v=1732101483,Coffee
VIENNA VORTEX,Dope,580.0,,,"Cocoa Nibs, Bittersweet, Smoky",,,"Embrace The Vortex The Vienna Vortex isn’t just your average cup of Joe; it's a flavor-packed adventure waiting to sweep you off your feet! Whether you're gearing up for the day ahead or craving a delightful pause, this coffee is your trusty sidekick, daring you to dive headfirst into the whirlwind of bold flavors that dance within every single sip. Are you geared up to enter into the world of caffeinated vortex !? ROAST: Vienna TASTES LIKE: : Cocoa Nibs, Bittersweet, Smoky",https://dopecoffee.in/products/vienna-vortex,https://cdn.shopify.com/s/files/1/0179/7695/0848/files/ViennaVortexfront.jpg?v=1732101483,Coffee
VIENNA VORTEX,Dope,580.0,,,"Cocoa Nibs, Bittersweet, Smoky",,,"Embrace The Vortex The Vienna Vortex isn’t just your average cup of Joe; it's a flavor-packed adventure waiting to sweep you off your feet! Whether you're gearing up for the day ahead or craving a delightful pause, this coffee is your trusty sidekick, daring you to dive headfirst into the whirlwind of bold flavors that dance within every single sip. Are you geared up to enter into the world of caffeinated vortex !? ROAST: Vienna TASTES LIKE: : Cocoa Nibs, Bittersweet, Smoky",https://dopecoffee.in/products/vienna-vortex,https://cdn.shopify.com/s/files/1/0179/7695/0848/files/ViennaVortexfront.jpg?v=1732101483,Coffee
VIENNA VORTEX,Dope,580.0,,,"Cocoa Nibs, Bittersweet, Smoky",,,"Embrace The Vortex The Vienna Vortex isn’t just your average cup of Joe; it's a flavor-packed adventure waiting to sweep you off your feet! Whether you're gearing up for the day ahead or craving a delightful pause, this coffee is your trusty sidekick, daring you to dive headfirst into the whirlwind of bold flavors that dance within every single sip. Are you geared up to enter into the world of caffeinated vortex !? ROAST: Vienna TASTES LIKE: : Cocoa Nibs, Bittersweet, Smoky",https://dopecoffee.in/products/vienna-vortex,https://cdn.shopify.com/s/files/1/0179/7695/0848/files/ViennaVortexfront.jpg?v=1732101483,Coffee
VIENNA VORTEX,Dope,580.0,,,"Cocoa Nibs, Bittersweet, Smoky",,,"Embrace The Vortex The Vienna Vortex isn’t just your average cup of Joe; it's a flavor-packed adventure waiting to sweep you off your feet! Whether you're gearing up for the day ahead or craving a delightful pause, this coffee is your trusty sidekick, daring you to dive headfirst into the whirlwind of bold flavors that dance within every single sip. Are you geared up to enter into the world of caffeinated vortex !? ROAST: Vienna TASTES LIKE: : Cocoa Nibs, Bittersweet, Smoky",https://dopecoffee.in/products/vienna-vortex,https://cdn.shopify.com/s/files/1/0179/7695/0848/files/ViennaVortexfront.jpg?v=1732101483,Coffee
VIENNA VORTEX,Dope,580.0,Turkish,,"Cocoa Nibs, Bittersweet, Smoky",,,"Embrace The Vortex The Vienna Vortex isn’t just your average cup of Joe; it's a flavor-packed adventure waiting to sweep you off your feet! Whether you're gearing up for the day ahead or craving a delightful pause, this coffee is your trusty sidekick, daring you to dive headfirst into the whirlwind of bold flavors that dance within every single sip. Are you geared up to enter into the world of caffeinated vortex !? ROAST: Vienna TASTES LIKE: : Cocoa Nibs, Bittersweet, Smoky",https://dopecoffee.in/products/vienna-vortex,https://cdn.shopify.com/s/files/1/0179/7695/0848/files/ViennaVortexfront.jpg?v=1732101483,Coffee
Gravity Wave,Dope,975.0,,,"Caramel, Nutmeg, Citrus",,,"250gm Immersion Blend When the atmosphere and ocean interact it creates the tides. That’s a gravity wave. When this blend and water interact they create flavours so powerful, we felt like it was its own kind of Gravity Wave. Built for the long steep time of immersion brewing, the fluid dynamics of this liquid are made for tasty experiments with the french press and cold brew. ROAST : MEDIUM DARK TASTES LIKE : Caramel, Nutmeg, Citrus",https://dopecoffee.in/products/gravity-wave,https://cdn.shopify.com/s/files/1/0179/7695/0848/products/GRAVITYWAVEFront.png?v=1618150919,Coffee
Gravity Wave,Dope,975.0,Extra Coarse,,"Caramel, Nutmeg, Citrus",,,"250gm Immersion Blend When the atmosphere and ocean interact it creates the tides. That’s a gravity wave. When this blend and water interact they create flavours so powerful, we felt like it was its own kind of Gravity Wave. Built for the long steep time of immersion brewing, the fluid dynamics of this liquid are made for tasty experiments with the french press and cold brew. ROAST : MEDIUM DARK TASTES LIKE : Caramel, Nutmeg, Citrus",https://dopecoffee.in/products/gravity-wave,https://cdn.shopify.com/s/files/1/0179/7695/0848/products/GRAVITYWAVEFront.png?v=1618150919,Coffee
Gravity Wave,Dope,975.0,Coarse,,"Caramel, Nutmeg, Citrus",,,"250gm Immersion Blend When the atmosphere and ocean interact it creates the tides. That’s a gravity wave. When this blend and water interact they create flavours so powerful, we felt like it was its own kind of Gravity Wave. Built for the long steep time of immersion brewing, the fluid dynamics of this liquid are made for tasty experiments with the french press and cold brew. ROAST : MEDIUM DARK TASTES LIKE : Caramel, Nutmeg, Citrus",https://dopecoffee.in/products/gravity-wave,https://cdn.shopify.com/s/files/1/0179/7695/0848/products/GRAVITYWAVEFront.png?v=1618150919,Coffee
Gravity Wave,Dope,975.0,Medium Coarse,,"Caramel, Nutmeg, Citrus",,,"250gm Immersion Blend When the atmosphere and ocean interact it creates the tides. That’s a gravity wave. When this blend and water interact they create flavours so powerful, we felt like it was its own kind of Gravity Wave. Built for the long steep time of immersion brewing, the fluid dynamics of this liquid are made for tasty experiments with the french press and cold brew. ROAST : MEDIUM DARK TASTES LIKE : Caramel, Nutmeg, Citrus",https://dopecoffee.in/products/gravity-wave,https://cdn.shopify.com/s/files/1/0179/7695/0848/products/GRAVITYWAVEFront.png?v=1618150919,Coffee
Gravity Wave,Dope,975.0,Medium,,"Caramel, Nutmeg, Citrus",,,"250gm Immersion Blend When the atmosphere and ocean interact it creates the tides. That’s a gravity wave. When this blend and water interact they create flavours so powerful, we felt like it was its own kind of Gravity Wave. Built for the long steep time of immersion brewing, the fluid dynamics of this liquid are made for tasty experiments with the french press and cold brew. ROAST : MEDIUM DARK TASTES LIKE : Caramel, Nutmeg, Citrus",https://dopecoffee.in/products/gravity-wave,https://cdn.shopify.com/s/files/1/0179/7695/0848/products/GRAVITYWAVEFront.png?v=1618150919,Coffee
Gravity Wave,Dope,975.0,Medium Fine,,"Caramel, Nutmeg, Citrus",,,"250gm Immersion Blend When the atmosphere and ocean interact it creates the tides. That’s a gravity wave. When this blend and water interact they create flavours so powerful, we felt like it was its own kind of Gravity Wave. Built for the long steep time of immersion brewing, the fluid dynamics of this liquid are made for tasty experiments with the french press and cold brew. ROAST : MEDIUM DARK TASTES LIKE : Caramel, Nutmeg, Citrus",https://dopecoffee.in/products/gravity-wave,https://cdn.shopify.com/s/files/1/0179/7695/0848/products/GRAVITYWAVEFront.png?v=1618150919,Coffee
Gravity Wave,Dope,975.0,Fine,,"Caramel, Nutmeg, Citrus",,,"250gm Immersion Blend When the atmosphere and ocean interact it creates the tides. That’s a gravity wave. When this blend and water interact they create flavours so powerful, we felt like it was its own kind of Gravity Wave. Built for the long steep time of immersion brewing, the fluid dynamics of this liquid are made for tasty experiments with the french press and cold brew. ROAST : MEDIUM DARK TASTES LIKE : Caramel, Nutmeg, Citrus",https://dopecoffee.in/products/gravity-wave,https://cdn.shopify.com/s/files/1/0179/7695/0848/products/GRAVITYWAVEFront.png?v=1618150919,Coffee
Gravity Wave,Dope,975.0,Super Fine,,"Caramel, Nutmeg, Citrus",,,"250gm Immersion Blend When the atmosphere and ocean interact it creates the tides. That’s a gravity wave. When this blend and water interact they create flavours so powerful, we felt like it was its own kind of Gravity Wave. Built for the long steep time of immersion brewing, the fluid dynamics of this liquid are made for tasty experiments with the french press and cold brew. ROAST : MEDIUM DARK TASTES LIKE : Caramel, Nutmeg, Citrus",https://dopecoffee.in/products/gravity-wave,https://cdn.shopify.com/s/files/1/0179/7695/0848/products/GRAVITYWAVEFront.png?v=1618150919,Coffee
CRYOSPHERE,Dope,750.0,,,"Cocoa, Spices, Nutty",,,"250gm Inspired by the term for all the frozen bits of planet Earth , our Cryosphere Cold Brew Blend will transport you to frozen lands with your very first sip. Built for that keep it extra icy, its smooth cocoa flavour morphs into a blizzard of nuttiness for the finish. TASTE LIKE: Cocoa, Spices, Nutty",https://dopecoffee.in/products/cryopshere,https://cdn.shopify.com/s/files/1/0179/7695/0848/products/CRYOSPHEREFrontcopy.png?v=1601030109,Coffee
CRYOSPHERE,Dope,750.0,Extra Coarse,,"Cocoa, Spices, Nutty",,,"250gm Inspired by the term for all the frozen bits of planet Earth , our Cryosphere Cold Brew Blend will transport you to frozen lands with your very first sip. Built for that keep it extra icy, its smooth cocoa flavour morphs into a blizzard of nuttiness for the finish. TASTE LIKE: Cocoa, Spices, Nutty",https://dopecoffee.in/products/cryopshere,https://cdn.shopify.com/s/files/1/0179/7695/0848/products/CRYOSPHEREFrontcopy.png?v=1601030109,Coffee
CRYOSPHERE,Dope,750.0,Coarse,,"Cocoa, Spices, Nutty",,,"250gm Inspired by the term for all the frozen bits of planet Earth , our Cryosphere Cold Brew Blend will transport you to frozen lands with your very first sip. Built for that keep it extra icy, its smooth cocoa flavour morphs into a blizzard of nuttiness for the finish. TASTE LIKE: Cocoa, Spices, Nutty",https://dopecoffee.in/products/cryopshere,https://cdn.shopify.com/s/files/1/0179/7695/0848/products/CRYOSPHEREFrontcopy.png?v=1601030109,Coffee
CRYOSPHERE,Dope,750.0,Medium Coarse,,"Cocoa, Spices, Nutty",,,"250gm Inspired by the term for all the frozen bits of planet Earth , our Cryosphere Cold Brew Blend will transport you to frozen lands with your very first sip. Built for that keep it extra icy, its smooth cocoa flavour morphs into a blizzard of nuttiness for the finish. TASTE LIKE: Cocoa, Spices, Nutty",https://dopecoffee.in/products/cryopshere,https://cdn.shopify.com/s/files/1/0179/7695/0848/products/CRYOSPHEREFrontcopy.png?v=1601030109,Coffee
CRYOSPHERE,Dope,750.0,Medium,,"Cocoa, Spices, Nutty",,,"250gm Inspired by the term for all the frozen bits of planet Earth , our Cryosphere Cold Brew Blend will transport you to frozen lands with your very first sip. Built for that keep it extra icy, its smooth cocoa flavour morphs into a blizzard of nuttiness for the finish. TASTE LIKE: Cocoa, Spices, Nutty",https://dopecoffee.in/products/cryopshere,https://cdn.shopify.com/s/files/1/0179/7695/0848/products/CRYOSPHEREFrontcopy.png?v=1601030109,Coffee
CRYOSPHERE,Dope,750.0,Medium Fine,,"Cocoa, Spices, Nutty",,,"250gm Inspired by the term for all the frozen bits of planet Earth , our Cryosphere Cold Brew Blend will transport you to frozen lands with your very first sip. Built for that keep it extra icy, its smooth cocoa flavour morphs into a blizzard of nuttiness for the finish. TASTE LIKE: Cocoa, Spices, Nutty",https://dopecoffee.in/products/cryopshere,https://cdn.shopify.com/s/files/1/0179/7695/0848/products/CRYOSPHEREFrontcopy.png?v=1601030109,Coffee
CRYOSPHERE,Dope,750.0,Fine,,"Cocoa, Spices, Nutty",,,"250gm Inspired by the term for all the frozen bits of planet Earth , our Cryosphere Cold Brew Blend will transport you to frozen lands with your very first sip. Built for that keep it extra icy, its smooth cocoa flavour morphs into a blizzard of nuttiness for the finish. TASTE LIKE: Cocoa, Spices, Nutty",https://dopecoffee.in/products/cryopshere,https://cdn.shopify.com/s/files/1/0179/7695/0848/products/CRYOSPHEREFrontcopy.png?v=1601030109,Coffee
CRYOSPHERE,Dope,750.0,Super Fine,,"Cocoa, Spices, Nutty",,,"250gm Inspired by the term for all the frozen bits of planet Earth , our Cryosphere Cold Brew Blend will transport you to frozen lands with your very first sip. Built for that keep it extra icy, its smooth cocoa flavour morphs into a blizzard of nuttiness for the finish. TASTE LIKE: Cocoa, Spices, Nutty",https://dopecoffee.in/products/cryopshere,https://cdn.shopify.com/s/files/1/0179/7695/0848/products/CRYOSPHEREFrontcopy.png?v=1601030109,Coffee
QUASAR,Dope,895.0,,,"Orange, Almond, Tobacco",,,"250gm Even in the vast darkness of space, Quasars are celestial objects that are so bright they can be seen from billions of lightyears away . Billions. With a B. We named this blend after them because, like Quasars, it’s packed to the hilt with the blinding brightness of orange and almond , which are perfect to fill the vast darkness of your giant coffee cup! TASTE LIKE: Orange, Almond, Tobacco",https://dopecoffee.in/products/qusar,https://cdn.shopify.com/s/files/1/0179/7695/0848/products/QUASARRevFront.png?v=1604497432,Coffee
QUASAR,Dope,895.0,Extra Coarse,,"Orange, Almond, Tobacco",,,"250gm Even in the vast darkness of space, Quasars are celestial objects that are so bright they can be seen from billions of lightyears away . Billions. With a B. We named this blend after them because, like Quasars, it’s packed to the hilt with the blinding brightness of orange and almond , which are perfect to fill the vast darkness of your giant coffee cup! TASTE LIKE: Orange, Almond, Tobacco",https://dopecoffee.in/products/qusar,https://cdn.shopify.com/s/files/1/0179/7695/0848/products/QUASARRevFront.png?v=1604497432,Coffee
QUASAR,Dope,895.0,Coarse,,"Orange, Almond, Tobacco",,,"250gm Even in the vast darkness of space, Quasars are celestial objects that are so bright they can be seen from billions of lightyears away . Billions. With a B. We named this blend after them because, like Quasars, it’s packed to the hilt with the blinding brightness of orange and almond , which are perfect to fill the vast darkness of your giant coffee cup! TASTE LIKE: Orange, Almond, Tobacco",https://dopecoffee.in/products/qusar,https://cdn.shopify.com/s/files/1/0179/7695/0848/products/QUASARRevFront.png?v=1604497432,Coffee
QUASAR,Dope,895.0,Medium Coarse,,"Orange, Almond, Tobacco",,,"250gm Even in the vast darkness of space, Quasars are celestial objects that are so bright they can be seen from billions of lightyears away . Billions. With a B. We named this blend after them because, like Quasars, it’s packed to the hilt with the blinding brightness of orange and almond , which are perfect to fill the vast darkness of your giant coffee cup! TASTE LIKE: Orange, Almond, Tobacco",https://dopecoffee.in/products/qusar,https://cdn.shopify.com/s/files/1/0179/7695/0848/products/QUASARRevFront.png?v=1604497432,Coffee
QUASAR,Dope,895.0,Medium,,"Orange, Almond, Tobacco",,,"250gm Even in the vast darkness of space, Quasars are celestial objects that are so bright they can be seen from billions of lightyears away . Billions. With a B. We named this blend after them because, like Quasars, it’s packed to the hilt with the blinding brightness of orange and almond , which are perfect to fill the vast darkness of your giant coffee cup! TASTE LIKE: Orange, Almond, Tobacco",https://dopecoffee.in/products/qusar,https://cdn.shopify.com/s/files/1/0179/7695/0848/products/QUASARRevFront.png?v=1604497432,Coffee
QUASAR,Dope,895.0,Medium Fine,,"Orange, Almond, Tobacco",,,"250gm Even in the vast darkness of space, Quasars are celestial objects that are so bright they can be seen from billions of lightyears away . Billions. With a B. We named this blend after them because, like Quasars, it’s packed to the hilt with the blinding brightness of orange and almond , which are perfect to fill the vast darkness of your giant coffee cup! TASTE LIKE: Orange, Almond, Tobacco",https://dopecoffee.in/products/qusar,https://cdn.shopify.com/s/files/1/0179/7695/0848/products/QUASARRevFront.png?v=1604497432,Coffee
QUASAR,Dope,895.0,Fine,,"Orange, Almond, Tobacco",,,"250gm Even in the vast darkness of space, Quasars are celestial objects that are so bright they can be seen from billions of lightyears away . Billions. With a B. We named this blend after them because, like Quasars, it’s packed to the hilt with the blinding brightness of orange and almond , which are perfect to fill the vast darkness of your giant coffee cup! TASTE LIKE: Orange, Almond, Tobacco",https://dopecoffee.in/products/qusar,https://cdn.shopify.com/s/files/1/0179/7695/0848/products/QUASARRevFront.png?v=1604497432,Coffee
QUASAR,Dope,895.0,Super Fine,,"Orange, Almond, Tobacco",,,"250gm Even in the vast darkness of space, Quasars are celestial objects that are so bright they can be seen from billions of lightyears away . Billions. With a B. We named this blend after them because, like Quasars, it’s packed to the hilt with the blinding brightness of orange and almond , which are perfect to fill the vast darkness of your giant coffee cup! TASTE LIKE: Orange, Almond, Tobacco",https://dopecoffee.in/products/qusar,https://cdn.shopify.com/s/files/1/0179/7695/0848/products/QUASARRevFront.png?v=1604497432,Coffee
ANDROMEDA,Dope,895.0,,Medium-Dark Roast,"Brown Sugar, Black Tea, Dried Fruit",,,"250gm Studded with around one trillion stars , the Andromeda Galaxy is our galactic neighbour known for being incredibly dense and complex - just like this blend . Composed of some of the local stars of the Indian specialty coffee scene , the Andromeda Blend’s high bean density give it a heavier body that will blow your mind into deep space and linger on the tip of your tongue for aeons. ROAST: MEDIUM DARK TASTE LIKE: Brown Sugar, Black Tea, Dried Fruit",https://dopecoffee.in/products/andromeda,https://cdn.shopify.com/s/files/1/0179/7695/0848/products/ANDROMEDAFront.png?v=1601029973,Coffee
ANDROMEDA,Dope,895.0,Extra Coarse,Medium-Dark Roast,"Brown Sugar, Black Tea, Dried Fruit",,,"250gm Studded with around one trillion stars , the Andromeda Galaxy is our galactic neighbour known for being incredibly dense and complex - just like this blend . Composed of some of the local stars of the Indian specialty coffee scene , the Andromeda Blend’s high bean density give it a heavier body that will blow your mind into deep space and linger on the tip of your tongue for aeons. ROAST: MEDIUM DARK TASTE LIKE: Brown Sugar, Black Tea, Dried Fruit",https://dopecoffee.in/products/andromeda,https://cdn.shopify.com/s/files/1/0179/7695/0848/products/ANDROMEDAFront.png?v=1601029973,Coffee
ANDROMEDA,Dope,895.0,Coarse,Medium-Dark Roast,"Brown Sugar, Black Tea, Dried Fruit",,,"250gm Studded with around one trillion stars , the Andromeda Galaxy is our galactic neighbour known for being incredibly dense and complex - just like this blend . Composed of some of the local stars of the Indian specialty coffee scene , the Andromeda Blend’s high bean density give it a heavier body that will blow your mind into deep space and linger on the tip of your tongue for aeons. ROAST: MEDIUM DARK TASTE LIKE: Brown Sugar, Black Tea, Dried Fruit",https://dopecoffee.in/products/andromeda,https://cdn.shopify.com/s/files/1/0179/7695/0848/products/ANDROMEDAFront.png?v=1601029973,Coffee
ANDROMEDA,Dope,895.0,Medium Coarse,Medium-Dark Roast,"Brown Sugar, Black Tea, Dried Fruit",,,"250gm Studded with around one trillion stars , the Andromeda Galaxy is our galactic neighbour known for being incredibly dense and complex - just like this blend . Composed of some of the local stars of the Indian specialty coffee scene , the Andromeda Blend’s high bean density give it a heavier body that will blow your mind into deep space and linger on the tip of your tongue for aeons. ROAST: MEDIUM DARK TASTE LIKE: Brown Sugar, Black Tea, Dried Fruit",https://dopecoffee.in/products/andromeda,https://cdn.shopify.com/s/files/1/0179/7695/0848/products/ANDROMEDAFront.png?v=1601029973,Coffee
ANDROMEDA,Dope,895.0,Medium,Medium-Dark Roast,"Brown Sugar, Black Tea, Dried Fruit",,,"250gm Studded with around one trillion stars , the Andromeda Galaxy is our galactic neighbour known for being incredibly dense and complex - just like this blend . Composed of some of the local stars of the Indian specialty coffee scene , the Andromeda Blend’s high bean density give it a heavier body that will blow your mind into deep space and linger on the tip of your tongue for aeons. ROAST: MEDIUM DARK TASTE LIKE: Brown Sugar, Black Tea, Dried Fruit",https://dopecoffee.in/products/andromeda,https://cdn.shopify.com/s/files/1/0179/7695/0848/products/ANDROMEDAFront.png?v=1601029973,Coffee
ANDROMEDA,Dope,895.0,Medium Fine,Medium-Dark Roast,"Brown Sugar, Black Tea, Dried Fruit",,,"250gm Studded with around one trillion stars , the Andromeda Galaxy is our galactic neighbour known for being incredibly dense and complex - just like this blend . Composed of some of the local stars of the Indian specialty coffee scene , the Andromeda Blend’s high bean density give it a heavier body that will blow your mind into deep space and linger on the tip of your tongue for aeons. ROAST: MEDIUM DARK TASTE LIKE: Brown Sugar, Black Tea, Dried Fruit",https://dopecoffee.in/products/andromeda,https://cdn.shopify.com/s/files/1/0179/7695/0848/products/ANDROMEDAFront.png?v=1601029973,Coffee
ANDROMEDA,Dope,895.0,Fine,Medium-Dark Roast,"Brown Sugar, Black Tea, Dried Fruit",,,"250gm Studded with around one trillion stars , the Andromeda Galaxy is our galactic neighbour known for being incredibly dense and complex - just like this blend . Composed of some of the local stars of the Indian specialty coffee scene , the Andromeda Blend’s high bean density give it a heavier body that will blow your mind into deep space and linger on the tip of your tongue for aeons. ROAST: MEDIUM DARK TASTE LIKE: Brown Sugar, Black Tea, Dried Fruit",https://dopecoffee.in/products/andromeda,https://cdn.shopify.com/s/files/1/0179/7695/0848/products/ANDROMEDAFront.png?v=1601029973,Coffee
ANDROMEDA,Dope,895.0,Super Fine,Medium-Dark Roast,"Brown Sugar, Black Tea, Dried Fruit",,,"250gm Studded with around one trillion stars , the Andromeda Galaxy is our galactic neighbour known for being incredibly dense and complex - just like this blend . Composed of some of the local stars of the Indian specialty coffee scene , the Andromeda Blend’s high bean density give it a heavier body that will blow your mind into deep space and linger on the tip of your tongue for aeons. ROAST: MEDIUM DARK TASTE LIKE: Brown Sugar, Black Tea, Dried Fruit",https://dopecoffee.in/products/andromeda,https://cdn.shopify.com/s/files/1/0179/7695/0848/products/ANDROMEDAFront.png?v=1601029973,Coffee
MOST WANTED DOPE 🚨🚨🚨,Dope,1765.0,,Dark Roast,"Pomegranate, Smoked Woods, Dark Chocolate Coffee 2: KALLEDEVARAPURA ESTATE Tastes Like: Hazelnut, Dark Chocolate",Kalledevarapura Estate,,"On the run from the law for being so damn good they should be illegal - this is the Most Wanted Dope . These 3 have been raking in love from Dope fans because they can't go wrong no matter how you brew. At the top, we have our espresso blend, Dark Matter, followed closely by single-origin badman Kalledevarapura. Third but catching up at rapid speed because of the push for coffees on ice is our cold brew blend Polaris. Coffee 1: DARK MATTER Espresso Blend Tastes Like: Pomegranate, Smoked Woods, Dark Chocolate Coffee 2: KALLEDEVARAPURA ESTATE Tastes Like: Hazelnut, Dark Chocolate, Caramel Coffee 3: POLARIS Cold Brew Blend Tastes Like: Nuts, Caramel, Smoke",https://dopecoffee.in/products/most-wanted-dope-dm-kdp-pol,https://cdn.shopify.com/s/files/1/0179/7695/0848/products/MOSTWANTEDDOPEWebsite.png?v=1645441651,Coffee
MOST WANTED DOPE 🚨🚨🚨,Dope,1765.0,,Dark Roast,"Pomegranate, Smoked Woods, Dark Chocolate Coffee 2: KALLEDEVARAPURA ESTATE Tastes Like: Hazelnut, Dark Chocolate",Kalledevarapura Estate,,"On the run from the law for being so damn good they should be illegal - this is the Most Wanted Dope . These 3 have been raking in love from Dope fans because they can't go wrong no matter how you brew. At the top, we have our espresso blend, Dark Matter, followed closely by single-origin badman Kalledevarapura. Third but catching up at rapid speed because of the push for coffees on ice is our cold brew blend Polaris. Coffee 1: DARK MATTER Espresso Blend Tastes Like: Pomegranate, Smoked Woods, Dark Chocolate Coffee 2: KALLEDEVARAPURA ESTATE Tastes Like: Hazelnut, Dark Chocolate, Caramel Coffee 3: POLARIS Cold Brew Blend Tastes Like: Nuts, Caramel, Smoke",https://dopecoffee.in/products/most-wanted-dope-dm-kdp-pol,https://cdn.shopify.com/s/files/1/0179/7695/0848/products/MOSTWANTEDDOPEWebsite.png?v=1645441651,Coffee
MOST WANTED DOPE 🚨🚨🚨,Dope,1765.0,Channi,Dark Roast,"Pomegranate, Smoked Woods, Dark Chocolate Coffee 2: KALLEDEVARAPURA ESTATE Tastes Like: Hazelnut, Dark Chocolate",Kalledevarapura Estate,,"On the run from the law for being so damn good they should be illegal - this is the Most Wanted Dope . These 3 have been raking in love from Dope fans because they can't go wrong no matter how you brew. At the top, we have our espresso blend, Dark Matter, followed closely by single-origin badman Kalledevarapura. Third but catching up at rapid speed because of the push for coffees on ice is our cold brew blend Polaris. Coffee 1: DARK MATTER Espresso Blend Tastes Like: Pomegranate, Smoked Woods, Dark Chocolate Coffee 2: KALLEDEVARAPURA ESTATE Tastes Like: Hazelnut, Dark Chocolate, Caramel Coffee 3: POLARIS Cold Brew Blend Tastes Like: Nuts, Caramel, Smoke",https://dopecoffee.in/products/most-wanted-dope-dm-kdp-pol,https://cdn.shopify.com/s/files/1/0179/7695/0848/products/MOSTWANTEDDOPEWebsite.png?v=1645441651,Coffee
MOST WANTED DOPE 🚨🚨🚨,Dope,1765.0,,Dark Roast,"Pomegranate, Smoked Woods, Dark Chocolate Coffee 2: KALLEDEVARAPURA ESTATE Tastes Like: Hazelnut, Dark Chocolate",Kalledevarapura Estate,,"On the run from the law for being so damn good they should be illegal - this is the Most Wanted Dope . These 3 have been raking in love from Dope fans because they can't go wrong no matter how you brew. At the top, we have our espresso blend, Dark Matter, followed closely by single-origin badman Kalledevarapura. Third but catching up at rapid speed because of the push for coffees on ice is our cold brew blend Polaris. Coffee 1: DARK MATTER Espresso Blend Tastes Like: Pomegranate, Smoked Woods, Dark Chocolate Coffee 2: KALLEDEVARAPURA ESTATE Tastes Like: Hazelnut, Dark Chocolate, Caramel Coffee 3: POLARIS Cold Brew Blend Tastes Like: Nuts, Caramel, Smoke",https://dopecoffee.in/products/most-wanted-dope-dm-kdp-pol,https://cdn.shopify.com/s/files/1/0179/7695/0848/products/MOSTWANTEDDOPEWebsite.png?v=1645441651,Coffee
MOST WANTED DOPE 🚨🚨🚨,Dope,1765.0,Electric brewer,Dark Roast,"Pomegranate, Smoked Woods, Dark Chocolate Coffee 2: KALLEDEVARAPURA ESTATE Tastes Like: Hazelnut, Dark Chocolate",Kalledevarapura Estate,,"On the run from the law for being so damn good they should be illegal - this is the Most Wanted Dope . These 3 have been raking in love from Dope fans because they can't go wrong no matter how you brew. At the top, we have our espresso blend, Dark Matter, followed closely by single-origin badman Kalledevarapura. Third but catching up at rapid speed because of the push for coffees on ice is our cold brew blend Polaris. Coffee 1: DARK MATTER Espresso Blend Tastes Like: Pomegranate, Smoked Woods, Dark Chocolate Coffee 2: KALLEDEVARAPURA ESTATE Tastes Like: Hazelnut, Dark Chocolate, Caramel Coffee 3: POLARIS Cold Brew Blend Tastes Like: Nuts, Caramel, Smoke",https://dopecoffee.in/products/most-wanted-dope-dm-kdp-pol,https://cdn.shopify.com/s/files/1/0179/7695/0848/products/MOSTWANTEDDOPEWebsite.png?v=1645441651,Coffee
MOST WANTED DOPE 🚨🚨🚨,Dope,1765.0,,Dark Roast,"Pomegranate, Smoked Woods, Dark Chocolate Coffee 2: KALLEDEVARAPURA ESTATE Tastes Like: Hazelnut, Dark Chocolate",Kalledevarapura Estate,,"On the run from the law for being so damn good they should be illegal - this is the Most Wanted Dope . These 3 have been raking in love from Dope fans because they can't go wrong no matter how you brew. At the top, we have our espresso blend, Dark Matter, followed closely by single-origin badman Kalledevarapura. Third but catching up at rapid speed because of the push for coffees on ice is our cold brew blend Polaris. Coffee 1: DARK MATTER Espresso Blend Tastes Like: Pomegranate, Smoked Woods, Dark Chocolate Coffee 2: KALLEDEVARAPURA ESTATE Tastes Like: Hazelnut, Dark Chocolate, Caramel Coffee 3: POLARIS Cold Brew Blend Tastes Like: Nuts, Caramel, Smoke",https://dopecoffee.in/products/most-wanted-dope-dm-kdp-pol,https://cdn.shopify.com/s/files/1/0179/7695/0848/products/MOSTWANTEDDOPEWebsite.png?v=1645441651,Coffee
MOST WANTED DOPE 🚨🚨🚨,Dope,1765.0,,Dark Roast,"Pomegranate, Smoked Woods, Dark Chocolate Coffee 2: KALLEDEVARAPURA ESTATE Tastes Like: Hazelnut, Dark Chocolate",Kalledevarapura Estate,,"On the run from the law for being so damn good they should be illegal - this is the Most Wanted Dope . These 3 have been raking in love from Dope fans because they can't go wrong no matter how you brew. At the top, we have our espresso blend, Dark Matter, followed closely by single-origin badman Kalledevarapura. Third but catching up at rapid speed because of the push for coffees on ice is our cold brew blend Polaris. Coffee 1: DARK MATTER Espresso Blend Tastes Like: Pomegranate, Smoked Woods, Dark Chocolate Coffee 2: KALLEDEVARAPURA ESTATE Tastes Like: Hazelnut, Dark Chocolate, Caramel Coffee 3: POLARIS Cold Brew Blend Tastes Like: Nuts, Caramel, Smoke",https://dopecoffee.in/products/most-wanted-dope-dm-kdp-pol,https://cdn.shopify.com/s/files/1/0179/7695/0848/products/MOSTWANTEDDOPEWebsite.png?v=1645441651,Coffee
MOST WANTED DOPE 🚨🚨🚨,Dope,1765.0,,Dark Roast,"Pomegranate, Smoked Woods, Dark Chocolate Coffee 2: KALLEDEVARAPURA ESTATE Tastes Like: Hazelnut, Dark Chocolate",Kalledevarapura Estate,,"On the run from the law for being so damn good they should be illegal - this is the Most Wanted Dope . These 3 have been raking in love from Dope fans because they can't go wrong no matter how you brew. At the top, we have our espresso blend, Dark Matter, followed closely by single-origin badman Kalledevarapura. Third but catching up at rapid speed because of the push for coffees on ice is our cold brew blend Polaris. Coffee 1: DARK MATTER Espresso Blend Tastes Like: Pomegranate, Smoked Woods, Dark Chocolate Coffee 2: KALLEDEVARAPURA ESTATE Tastes Like: Hazelnut, Dark Chocolate, Caramel Coffee 3: POLARIS Cold Brew Blend Tastes Like: Nuts, Caramel, Smoke",https://dopecoffee.in/products/most-wanted-dope-dm-kdp-pol,https://cdn.shopify.com/s/files/1/0179/7695/0848/products/MOSTWANTEDDOPEWebsite.png?v=1645441651,Coffee
MOST WANTED DOPE 🚨🚨🚨,Dope,1765.0,,Dark Roast,"Pomegranate, Smoked Woods, Dark Chocolate Coffee 2: KALLEDEVARAPURA ESTATE Tastes Like: Hazelnut, Dark Chocolate",Kalledevarapura Estate,,"On the run from the law for being so damn good they should be illegal - this is the Most Wanted Dope . These 3 have been raking in love from Dope fans because they can't go wrong no matter how you brew. At the top, we have our espresso blend, Dark Matter, followed closely by single-origin badman Kalledevarapura. Third but catching up at rapid speed because of the push for coffees on ice is our cold brew blend Polaris. Coffee 1: DARK MATTER Espresso Blend Tastes Like: Pomegranate, Smoked Woods, Dark Chocolate Coffee 2: KALLEDEVARAPURA ESTATE Tastes Like: Hazelnut, Dark Chocolate, Caramel Coffee 3: POLARIS Cold Brew Blend Tastes Like: Nuts, Caramel, Smoke",https://dopecoffee.in/products/most-wanted-dope-dm-kdp-pol,https://cdn.shopify.com/s/files/1/0179/7695/0848/products/MOSTWANTEDDOPEWebsite.png?v=1645441651,Coffee
MOST WANTED DOPE 🚨🚨🚨,Dope,1765.0,,Dark Roast,"Pomegranate, Smoked Woods, Dark Chocolate Coffee 2: KALLEDEVARAPURA ESTATE Tastes Like: Hazelnut, Dark Chocolate",Kalledevarapura Estate,,"On the run from the law for being so damn good they should be illegal - this is the Most Wanted Dope . These 3 have been raking in love from Dope fans because they can't go wrong no matter how you brew. At the top, we have our espresso blend, Dark Matter, followed closely by single-origin badman Kalledevarapura. Third but catching up at rapid speed because of the push for coffees on ice is our cold brew blend Polaris. Coffee 1: DARK MATTER Espresso Blend Tastes Like: Pomegranate, Smoked Woods, Dark Chocolate Coffee 2: KALLEDEVARAPURA ESTATE Tastes Like: Hazelnut, Dark Chocolate, Caramel Coffee 3: POLARIS Cold Brew Blend Tastes Like: Nuts, Caramel, Smoke",https://dopecoffee.in/products/most-wanted-dope-dm-kdp-pol,https://cdn.shopify.com/s/files/1/0179/7695/0848/products/MOSTWANTEDDOPEWebsite.png?v=1645441651,Coffee
MOST WANTED DOPE 🚨🚨🚨,Dope,1765.0,,Dark Roast,"Pomegranate, Smoked Woods, Dark Chocolate Coffee 2: KALLEDEVARAPURA ESTATE Tastes Like: Hazelnut, Dark Chocolate",Kalledevarapura Estate,,"On the run from the law for being so damn good they should be illegal - this is the Most Wanted Dope . These 3 have been raking in love from Dope fans because they can't go wrong no matter how you brew. At the top, we have our espresso blend, Dark Matter, followed closely by single-origin badman Kalledevarapura. Third but catching up at rapid speed because of the push for coffees on ice is our cold brew blend Polaris. Coffee 1: DARK MATTER Espresso Blend Tastes Like: Pomegranate, Smoked Woods, Dark Chocolate Coffee 2: KALLEDEVARAPURA ESTATE Tastes Like: Hazelnut, Dark Chocolate, Caramel Coffee 3: POLARIS Cold Brew Blend Tastes Like: Nuts, Caramel, Smoke",https://dopecoffee.in/products/most-wanted-dope-dm-kdp-pol,https://cdn.shopify.com/s/files/1/0179/7695/0848/products/MOSTWANTEDDOPEWebsite.png?v=1645441651,Coffee
MOST WANTED DOPE 🚨🚨🚨,Dope,1765.0,,Dark Roast,"Pomegranate, Smoked Woods, Dark Chocolate Coffee 2: KALLEDEVARAPURA ESTATE Tastes Like: Hazelnut, Dark Chocolate",Kalledevarapura Estate,,"On the run from the law for being so damn good they should be illegal - this is the Most Wanted Dope . These 3 have been raking in love from Dope fans because they can't go wrong no matter how you brew. At the top, we have our espresso blend, Dark Matter, followed closely by single-origin badman Kalledevarapura. Third but catching up at rapid speed because of the push for coffees on ice is our cold brew blend Polaris. Coffee 1: DARK MATTER Espresso Blend Tastes Like: Pomegranate, Smoked Woods, Dark Chocolate Coffee 2: KALLEDEVARAPURA ESTATE Tastes Like: Hazelnut, Dark Chocolate, Caramel Coffee 3: POLARIS Cold Brew Blend Tastes Like: Nuts, Caramel, Smoke",https://dopecoffee.in/products/most-wanted-dope-dm-kdp-pol,https://cdn.shopify.com/s/files/1/0179/7695/0848/products/MOSTWANTEDDOPEWebsite.png?v=1645441651,Coffee
MOST WANTED DOPE 🚨🚨🚨,Dope,1765.0,Turkish,Dark Roast,"Pomegranate, Smoked Woods, Dark Chocolate Coffee 2: KALLEDEVARAPURA ESTATE Tastes Like: Hazelnut, Dark Chocolate",Kalledevarapura Estate,,"On the run from the law for being so damn good they should be illegal - this is the Most Wanted Dope . These 3 have been raking in love from Dope fans because they can't go wrong no matter how you brew. At the top, we have our espresso blend, Dark Matter, followed closely by single-origin badman Kalledevarapura. Third but catching up at rapid speed because of the push for coffees on ice is our cold brew blend Polaris. Coffee 1: DARK MATTER Espresso Blend Tastes Like: Pomegranate, Smoked Woods, Dark Chocolate Coffee 2: KALLEDEVARAPURA ESTATE Tastes Like: Hazelnut, Dark Chocolate, Caramel Coffee 3: POLARIS Cold Brew Blend Tastes Like: Nuts, Caramel, Smoke",https://dopecoffee.in/products/most-wanted-dope-dm-kdp-pol,https://cdn.shopify.com/s/files/1/0179/7695/0848/products/MOSTWANTEDDOPEWebsite.png?v=1645441651,Coffee
MYSORE NUGGETS,Dope,660.0,,Medium-Light Roast,,,,"250gm 100% Arabica All hail the king. Only 2% of India’s AAA-rated beans are XL sized enough to qualify as Mysore Nuggets, so you know this is the real deal. Full-bodied and with a powerful aroma, this king handles his loyal subjects of sugar and milk with ease. Make sure you pop a royal salute before you sip on this Indian coffee gold. ROAST: LIGHT MEDIUM TASTES LIKE:",https://dopecoffee.in/products/mysore-nuggets,https://cdn.shopify.com/s/files/1/0179/7695/0848/products/MYSOREFront.png?v=1589295240,Coffee
MYSORE NUGGETS,Dope,660.0,,Medium-Light Roast,,,,"250gm 100% Arabica All hail the king. Only 2% of India’s AAA-rated beans are XL sized enough to qualify as Mysore Nuggets, so you know this is the real deal. Full-bodied and with a powerful aroma, this king handles his loyal subjects of sugar and milk with ease. Make sure you pop a royal salute before you sip on this Indian coffee gold. ROAST: LIGHT MEDIUM TASTES LIKE:",https://dopecoffee.in/products/mysore-nuggets,https://cdn.shopify.com/s/files/1/0179/7695/0848/products/MYSOREFront.png?v=1589295240,Coffee
MYSORE NUGGETS,Dope,660.0,Channi,Medium-Light Roast,,,,"250gm 100% Arabica All hail the king. Only 2% of India’s AAA-rated beans are XL sized enough to qualify as Mysore Nuggets, so you know this is the real deal. Full-bodied and with a powerful aroma, this king handles his loyal subjects of sugar and milk with ease. Make sure you pop a royal salute before you sip on this Indian coffee gold. ROAST: LIGHT MEDIUM TASTES LIKE:",https://dopecoffee.in/products/mysore-nuggets,https://cdn.shopify.com/s/files/1/0179/7695/0848/products/MYSOREFront.png?v=1589295240,Coffee
MYSORE NUGGETS,Dope,660.0,,Medium-Light Roast,,,,"250gm 100% Arabica All hail the king. Only 2% of India’s AAA-rated beans are XL sized enough to qualify as Mysore Nuggets, so you know this is the real deal. Full-bodied and with a powerful aroma, this king handles his loyal subjects of sugar and milk with ease. Make sure you pop a royal salute before you sip on this Indian coffee gold. ROAST: LIGHT MEDIUM TASTES LIKE:",https://dopecoffee.in/products/mysore-nuggets,https://cdn.shopify.com/s/files/1/0179/7695/0848/products/MYSOREFront.png?v=1589295240,Coffee
MYSORE NUGGETS,Dope,660.0,Electric Brewer,Medium-Light Roast,,,,"250gm 100% Arabica All hail the king. Only 2% of India’s AAA-rated beans are XL sized enough to qualify as Mysore Nuggets, so you know this is the real deal. Full-bodied and with a powerful aroma, this king handles his loyal subjects of sugar and milk with ease. Make sure you pop a royal salute before you sip on this Indian coffee gold. ROAST: LIGHT MEDIUM TASTES LIKE:",https://dopecoffee.in/products/mysore-nuggets,https://cdn.shopify.com/s/files/1/0179/7695/0848/products/MYSOREFront.png?v=1589295240,Coffee
MYSORE NUGGETS,Dope,660.0,,Medium-Light Roast,,,,"250gm 100% Arabica All hail the king. Only 2% of India’s AAA-rated beans are XL sized enough to qualify as Mysore Nuggets, so you know this is the real deal. Full-bodied and with a powerful aroma, this king handles his loyal subjects of sugar and milk with ease. Make sure you pop a royal salute before you sip on this Indian coffee gold. ROAST: LIGHT MEDIUM TASTES LIKE:",https://dopecoffee.in/products/mysore-nuggets,https://cdn.shopify.com/s/files/1/0179/7695/0848/products/MYSOREFront.png?v=1589295240,Coffee
MYSORE NUGGETS,Dope,660.0,,Medium-Light Roast,,,,"250gm 100% Arabica All hail the king. Only 2% of India’s AAA-rated beans are XL sized enough to qualify as Mysore Nuggets, so you know this is the real deal. Full-bodied and with a powerful aroma, this king handles his loyal subjects of sugar and milk with ease. Make sure you pop a royal salute before you sip on this Indian coffee gold. ROAST: LIGHT MEDIUM TASTES LIKE:",https://dopecoffee.in/products/mysore-nuggets,https://cdn.shopify.com/s/files/1/0179/7695/0848/products/MYSOREFront.png?v=1589295240,Coffee
MYSORE NUGGETS,Dope,660.0,,Medium-Light Roast,,,,"250gm 100% Arabica All hail the king. Only 2% of India’s AAA-rated beans are XL sized enough to qualify as Mysore Nuggets, so you know this is the real deal. Full-bodied and with a powerful aroma, this king handles his loyal subjects of sugar and milk with ease. Make sure you pop a royal salute before you sip on this Indian coffee gold. ROAST: LIGHT MEDIUM TASTES LIKE:",https://dopecoffee.in/products/mysore-nuggets,https://cdn.shopify.com/s/files/1/0179/7695/0848/products/MYSOREFront.png?v=1589295240,Coffee
MYSORE NUGGETS,Dope,660.0,,Medium-Light Roast,,,,"250gm 100% Arabica All hail the king. Only 2% of India’s AAA-rated beans are XL sized enough to qualify as Mysore Nuggets, so you know this is the real deal. Full-bodied and with a powerful aroma, this king handles his loyal subjects of sugar and milk with ease. Make sure you pop a royal salute before you sip on this Indian coffee gold. ROAST: LIGHT MEDIUM TASTES LIKE:",https://dopecoffee.in/products/mysore-nuggets,https://cdn.shopify.com/s/files/1/0179/7695/0848/products/MYSOREFront.png?v=1589295240,Coffee
MYSORE NUGGETS,Dope,660.0,,Medium-Light Roast,,,,"250gm 100% Arabica All hail the king. Only 2% of India’s AAA-rated beans are XL sized enough to qualify as Mysore Nuggets, so you know this is the real deal. Full-bodied and with a powerful aroma, this king handles his loyal subjects of sugar and milk with ease. Make sure you pop a royal salute before you sip on this Indian coffee gold. ROAST: LIGHT MEDIUM TASTES LIKE:",https://dopecoffee.in/products/mysore-nuggets,https://cdn.shopify.com/s/files/1/0179/7695/0848/products/MYSOREFront.png?v=1589295240,Coffee
MYSORE NUGGETS,Dope,660.0,,Medium-Light Roast,,,,"250gm 100% Arabica All hail the king. Only 2% of India’s AAA-rated beans are XL sized enough to qualify as Mysore Nuggets, so you know this is the real deal. Full-bodied and with a powerful aroma, this king handles his loyal subjects of sugar and milk with ease. Make sure you pop a royal salute before you sip on this Indian coffee gold. ROAST: LIGHT MEDIUM TASTES LIKE:",https://dopecoffee.in/products/mysore-nuggets,https://cdn.shopify.com/s/files/1/0179/7695/0848/products/MYSOREFront.png?v=1589295240,Coffee
MYSORE NUGGETS,Dope,660.0,,Medium-Light Roast,,,,"250gm 100% Arabica All hail the king. Only 2% of India’s AAA-rated beans are XL sized enough to qualify as Mysore Nuggets, so you know this is the real deal. Full-bodied and with a powerful aroma, this king handles his loyal subjects of sugar and milk with ease. Make sure you pop a royal salute before you sip on this Indian coffee gold. ROAST: LIGHT MEDIUM TASTES LIKE:",https://dopecoffee.in/products/mysore-nuggets,https://cdn.shopify.com/s/files/1/0179/7695/0848/products/MYSOREFront.png?v=1589295240,Coffee
MYSORE NUGGETS,Dope,660.0,Turkish,Medium-Light Roast,,,,"250gm 100% Arabica All hail the king. Only 2% of India’s AAA-rated beans are XL sized enough to qualify as Mysore Nuggets, so you know this is the real deal. Full-bodied and with a powerful aroma, this king handles his loyal subjects of sugar and milk with ease. Make sure you pop a royal salute before you sip on this Indian coffee gold. ROAST: LIGHT MEDIUM TASTES LIKE:",https://dopecoffee.in/products/mysore-nuggets,https://cdn.shopify.com/s/files/1/0179/7695/0848/products/MYSOREFront.png?v=1589295240,Coffee
Dark Matter,Dope,620.0,,Medium-Dark Roast,250gm Anti Gravity Blend Our gravity-defying Five Bean house blend is mad chocolatey and super nutty,,,"250gm Anti Gravity Blend Our gravity-defying Five Bean house blend is mad chocolatey and super nutty. Smooth as a shot and strong enough to hold its grounds against anything you throw at it, Dark Matter is the fuel for all our espresso drinks. ROAST: MEDIUM DARK TASTES LIKE:",https://dopecoffee.in/products/dark-matter,https://cdn.shopify.com/s/files/1/0179/7695/0848/products/DARKMATTERFront.png?v=1589295160,Coffee
Dark Matter,Dope,620.0,,Medium-Dark Roast,250gm Anti Gravity Blend Our gravity-defying Five Bean house blend is mad chocolatey and super nutty,,,"250gm Anti Gravity Blend Our gravity-defying Five Bean house blend is mad chocolatey and super nutty. Smooth as a shot and strong enough to hold its grounds against anything you throw at it, Dark Matter is the fuel for all our espresso drinks. ROAST: MEDIUM DARK TASTES LIKE:",https://dopecoffee.in/products/dark-matter,https://cdn.shopify.com/s/files/1/0179/7695/0848/products/DARKMATTERFront.png?v=1589295160,Coffee
Dark Matter,Dope,620.0,Channi,Medium-Dark Roast,250gm Anti Gravity Blend Our gravity-defying Five Bean house blend is mad chocolatey and super nutty,,,"250gm Anti Gravity Blend Our gravity-defying Five Bean house blend is mad chocolatey and super nutty. Smooth as a shot and strong enough to hold its grounds against anything you throw at it, Dark Matter is the fuel for all our espresso drinks. ROAST: MEDIUM DARK TASTES LIKE:",https://dopecoffee.in/products/dark-matter,https://cdn.shopify.com/s/files/1/0179/7695/0848/products/DARKMATTERFront.png?v=1589295160,Coffee
Dark Matter,Dope,620.0,,Medium-Dark Roast,250gm Anti Gravity Blend Our gravity-defying Five Bean house blend is mad chocolatey and super nutty,,,"250gm Anti Gravity Blend Our gravity-defying Five Bean house blend is mad chocolatey and super nutty. Smooth as a shot and strong enough to hold its grounds against anything you throw at it, Dark Matter is the fuel for all our espresso drinks. ROAST: MEDIUM DARK TASTES LIKE:",https://dopecoffee.in/products/dark-matter,https://cdn.shopify.com/s/files/1/0179/7695/0848/products/DARKMATTERFront.png?v=1589295160,Coffee
Dark Matter,Dope,620.0,Electric Brewer,Medium-Dark Roast,250gm Anti Gravity Blend Our gravity-defying Five Bean house blend is mad chocolatey and super nutty,,,"250gm Anti Gravity Blend Our gravity-defying Five Bean house blend is mad chocolatey and super nutty. Smooth as a shot and strong enough to hold its grounds against anything you throw at it, Dark Matter is the fuel for all our espresso drinks. ROAST: MEDIUM DARK TASTES LIKE:",https://dopecoffee.in/products/dark-matter,https://cdn.shopify.com/s/files/1/0179/7695/0848/products/DARKMATTERFront.png?v=1589295160,Coffee
Dark Matter,Dope,620.0,,Medium-Dark Roast,250gm Anti Gravity Blend Our gravity-defying Five Bean house blend is mad chocolatey and super nutty,,,"250gm Anti Gravity Blend Our gravity-defying Five Bean house blend is mad chocolatey and super nutty. Smooth as a shot and strong enough to hold its grounds against anything you throw at it, Dark Matter is the fuel for all our espresso drinks. ROAST: MEDIUM DARK TASTES LIKE:",https://dopecoffee.in/products/dark-matter,https://cdn.shopify.com/s/files/1/0179/7695/0848/products/DARKMATTERFront.png?v=1589295160,Coffee
Dark Matter,Dope,620.0,,Medium-Dark Roast,250gm Anti Gravity Blend Our gravity-defying Five Bean house blend is mad chocolatey and super nutty,,,"250gm Anti Gravity Blend Our gravity-defying Five Bean house blend is mad chocolatey and super nutty. Smooth as a shot and strong enough to hold its grounds against anything you throw at it, Dark Matter is the fuel for all our espresso drinks. ROAST: MEDIUM DARK TASTES LIKE:",https://dopecoffee.in/products/dark-matter,https://cdn.shopify.com/s/files/1/0179/7695/0848/products/DARKMATTERFront.png?v=1589295160,Coffee
Dark Matter,Dope,620.0,,Medium-Dark Roast,250gm Anti Gravity Blend Our gravity-defying Five Bean house blend is mad chocolatey and super nutty,,,"250gm Anti Gravity Blend Our gravity-defying Five Bean house blend is mad chocolatey and super nutty. Smooth as a shot and strong enough to hold its grounds against anything you throw at it, Dark Matter is the fuel for all our espresso drinks. ROAST: MEDIUM DARK TASTES LIKE:",https://dopecoffee.in/products/dark-matter,https://cdn.shopify.com/s/files/1/0179/7695/0848/products/DARKMATTERFront.png?v=1589295160,Coffee
Dark Matter,Dope,620.0,,Medium-Dark Roast,250gm Anti Gravity Blend Our gravity-defying Five Bean house blend is mad chocolatey and super nutty,,,"250gm Anti Gravity Blend Our gravity-defying Five Bean house blend is mad chocolatey and super nutty. Smooth as a shot and strong enough to hold its grounds against anything you throw at it, Dark Matter is the fuel for all our espresso drinks. ROAST: MEDIUM DARK TASTES LIKE:",https://dopecoffee.in/products/dark-matter,https://cdn.shopify.com/s/files/1/0179/7695/0848/products/DARKMATTERFront.png?v=1589295160,Coffee
Dark Matter,Dope,620.0,,Medium-Dark Roast,250gm Anti Gravity Blend Our gravity-defying Five Bean house blend is mad chocolatey and super nutty,,,"250gm Anti Gravity Blend Our gravity-defying Five Bean house blend is mad chocolatey and super nutty. Smooth as a shot and strong enough to hold its grounds against anything you throw at it, Dark Matter is the fuel for all our espresso drinks. ROAST: MEDIUM DARK TASTES LIKE:",https://dopecoffee.in/products/dark-matter,https://cdn.shopify.com/s/files/1/0179/7695/0848/products/DARKMATTERFront.png?v=1589295160,Coffee
Dark Matter,Dope,620.0,,Medium-Dark Roast,250gm Anti Gravity Blend Our gravity-defying Five Bean house blend is mad chocolatey and super nutty,,,"250gm Anti Gravity Blend Our gravity-defying Five Bean house blend is mad chocolatey and super nutty. Smooth as a shot and strong enough to hold its grounds against anything you throw at it, Dark Matter is the fuel for all our espresso drinks. ROAST: MEDIUM DARK TASTES LIKE:",https://dopecoffee.in/products/dark-matter,https://cdn.shopify.com/s/files/1/0179/7695/0848/products/DARKMATTERFront.png?v=1589295160,Coffee
Dark Matter,Dope,620.0,,Medium-Dark Roast,250gm Anti Gravity Blend Our gravity-defying Five Bean house blend is mad chocolatey and super nutty,,,"250gm Anti Gravity Blend Our gravity-defying Five Bean house blend is mad chocolatey and super nutty. Smooth as a shot and strong enough to hold its grounds against anything you throw at it, Dark Matter is the fuel for all our espresso drinks. ROAST: MEDIUM DARK TASTES LIKE:",https://dopecoffee.in/products/dark-matter,https://cdn.shopify.com/s/files/1/0179/7695/0848/products/DARKMATTERFront.png?v=1589295160,Coffee
Dark Matter,Dope,620.0,Turkish,Medium-Dark Roast,250gm Anti Gravity Blend Our gravity-defying Five Bean house blend is mad chocolatey and super nutty,,,"250gm Anti Gravity Blend Our gravity-defying Five Bean house blend is mad chocolatey and super nutty. Smooth as a shot and strong enough to hold its grounds against anything you throw at it, Dark Matter is the fuel for all our espresso drinks. ROAST: MEDIUM DARK TASTES LIKE:",https://dopecoffee.in/products/dark-matter,https://cdn.shopify.com/s/files/1/0179/7695/0848/products/DARKMATTERFront.png?v=1589295160,Coffee
KALLEDEVARAPURA ESTATE,Dope,645.0,,Medium-Light Roast,,Kalledevarapura Estate,Natural,"250gm 100% Arabica Centuries ago, when the legendary Baba Budangiri dropped some of these beans in the hills of South India, even he didn’t know they’d become this absolute beast of a coffee. Grown at 4500 feet above sea level, this coffee’s got flavours that are complex like calculus. With it’s smooth, natural sweetness, it’s no surprise this bean’s been racking up so many awards! ROAST: LIGHT MEDIUM TASTES LIKE:",https://dopecoffee.in/products/kalledevarapura-estate,https://cdn.shopify.com/s/files/1/0179/7695/0848/products/KDPFront.png?v=1601757072,Coffee
KALLEDEVARAPURA ESTATE,Dope,645.0,,Medium-Light Roast,,Kalledevarapura Estate,Natural,"250gm 100% Arabica Centuries ago, when the legendary Baba Budangiri dropped some of these beans in the hills of South India, even he didn’t know they’d become this absolute beast of a coffee. Grown at 4500 feet above sea level, this coffee’s got flavours that are complex like calculus. With it’s smooth, natural sweetness, it’s no surprise this bean’s been racking up so many awards! ROAST: LIGHT MEDIUM TASTES LIKE:",https://dopecoffee.in/products/kalledevarapura-estate,https://cdn.shopify.com/s/files/1/0179/7695/0848/products/KDPFront.png?v=1601757072,Coffee
KALLEDEVARAPURA ESTATE,Dope,645.0,Channi,Medium-Light Roast,,Kalledevarapura Estate,Natural,"250gm 100% Arabica Centuries ago, when the legendary Baba Budangiri dropped some of these beans in the hills of South India, even he didn’t know they’d become this absolute beast of a coffee. Grown at 4500 feet above sea level, this coffee’s got flavours that are complex like calculus. With it’s smooth, natural sweetness, it’s no surprise this bean’s been racking up so many awards! ROAST: LIGHT MEDIUM TASTES LIKE:",https://dopecoffee.in/products/kalledevarapura-estate,https://cdn.shopify.com/s/files/1/0179/7695/0848/products/KDPFront.png?v=1601757072,Coffee
KALLEDEVARAPURA ESTATE,Dope,645.0,,Medium-Light Roast,,Kalledevarapura Estate,Natural,"250gm 100% Arabica Centuries ago, when the legendary Baba Budangiri dropped some of these beans in the hills of South India, even he didn’t know they’d become this absolute beast of a coffee. Grown at 4500 feet above sea level, this coffee’s got flavours that are complex like calculus. With it’s smooth, natural sweetness, it’s no surprise this bean’s been racking up so many awards! ROAST: LIGHT MEDIUM TASTES LIKE:",https://dopecoffee.in/products/kalledevarapura-estate,https://cdn.shopify.com/s/files/1/0179/7695/0848/products/KDPFront.png?v=1601757072,Coffee
KALLEDEVARAPURA ESTATE,Dope,645.0,Electric Brewer,Medium-Light Roast,,Kalledevarapura Estate,Natural,"250gm 100% Arabica Centuries ago, when the legendary Baba Budangiri dropped some of these beans in the hills of South India, even he didn’t know they’d become this absolute beast of a coffee. Grown at 4500 feet above sea level, this coffee’s got flavours that are complex like calculus. With it’s smooth, natural sweetness, it’s no surprise this bean’s been racking up so many awards! ROAST: LIGHT MEDIUM TASTES LIKE:",https://dopecoffee.in/products/kalledevarapura-estate,https://cdn.shopify.com/s/files/1/0179/7695/0848/products/KDPFront.png?v=1601757072,Coffee
KALLEDEVARAPURA ESTATE,Dope,645.0,,Medium-Light Roast,,Kalledevarapura Estate,Natural,"250gm 100% Arabica Centuries ago, when the legendary Baba Budangiri dropped some of these beans in the hills of South India, even he didn’t know they’d become this absolute beast of a coffee. Grown at 4500 feet above sea level, this coffee’s got flavours that are complex like calculus. With it’s smooth, natural sweetness, it’s no surprise this bean’s been racking up so many awards! ROAST: LIGHT MEDIUM TASTES LIKE:",https://dopecoffee.in/products/kalledevarapura-estate,https://cdn.shopify.com/s/files/1/0179/7695/0848/products/KDPFront.png?v=1601757072,Coffee
KALLEDEVARAPURA ESTATE,Dope,645.0,,Medium-Light Roast,,Kalledevarapura Estate,Natural,"250gm 100% Arabica Centuries ago, when the legendary Baba Budangiri dropped some of these beans in the hills of South India, even he didn’t know they’d become this absolute beast of a coffee. Grown at 4500 feet above sea level, this coffee’s got flavours that are complex like calculus. With it’s smooth, natural sweetness, it’s no surprise this bean’s been racking up so many awards! ROAST: LIGHT MEDIUM TASTES LIKE:",https://dopecoffee.in/products/kalledevarapura-estate,https://cdn.shopify.com/s/files/1/0179/7695/0848/products/KDPFront.png?v=1601757072,Coffee
KALLEDEVARAPURA ESTATE,Dope,645.0,,Medium-Light Roast,,Kalledevarapura Estate,Natural,"250gm 100% Arabica Centuries ago, when the legendary Baba Budangiri dropped some of these beans in the hills of South India, even he didn’t know they’d become this absolute beast of a coffee. Grown at 4500 feet above sea level, this coffee’s got flavours that are complex like calculus. With it’s smooth, natural sweetness, it’s no surprise this bean’s been racking up so many awards! ROAST: LIGHT MEDIUM TASTES LIKE:",https://dopecoffee.in/products/kalledevarapura-estate,https://cdn.shopify.com/s/files/1/0179/7695/0848/products/KDPFront.png?v=1601757072,Coffee
KALLEDEVARAPURA ESTATE,Dope,645.0,,Medium-Light Roast,,Kalledevarapura Estate,Natural,"250gm 100% Arabica Centuries ago, when the legendary Baba Budangiri dropped some of these beans in the hills of South India, even he didn’t know they’d become this absolute beast of a coffee. Grown at 4500 feet above sea level, this coffee’s got flavours that are complex like calculus. With it’s smooth, natural sweetness, it’s no surprise this bean’s been racking up so many awards! ROAST: LIGHT MEDIUM TASTES LIKE:",https://dopecoffee.in/products/kalledevarapura-estate,https://cdn.shopify.com/s/files/1/0179/7695/0848/products/KDPFront.png?v=1601757072,Coffee
KALLEDEVARAPURA ESTATE,Dope,645.0,,Medium-Light Roast,,Kalledevarapura Estate,Natural,"250gm 100% Arabica Centuries ago, when the legendary Baba Budangiri dropped some of these beans in the hills of South India, even he didn’t know they’d become this absolute beast of a coffee. Grown at 4500 feet above sea level, this coffee’s got flavours that are complex like calculus. With it’s smooth, natural sweetness, it’s no surprise this bean’s been racking up so many awards! ROAST: LIGHT MEDIUM TASTES LIKE:",https://dopecoffee.in/products/kalledevarapura-estate,https://cdn.shopify.com/s/files/1/0179/7695/0848/products/KDPFront.png?v=1601757072,Coffee
KALLEDEVARAPURA ESTATE,Dope,645.0,,Medium-Light Roast,,Kalledevarapura Estate,Natural,"250gm 100% Arabica Centuries ago, when the legendary Baba Budangiri dropped some of these beans in the hills of South India, even he didn’t know they’d become this absolute beast of a coffee. Grown at 4500 feet above sea level, this coffee’s got flavours that are complex like calculus. With it’s smooth, natural sweetness, it’s no surprise this bean’s been racking up so many awards! ROAST: LIGHT MEDIUM TASTES LIKE:",https://dopecoffee.in/products/kalledevarapura-estate,https://cdn.shopify.com/s/files/1/0179/7695/0848/products/KDPFront.png?v=1601757072,Coffee
KALLEDEVARAPURA ESTATE,Dope,645.0,,Medium-Light Roast,,Kalledevarapura Estate,Natural,"250gm 100% Arabica Centuries ago, when the legendary Baba Budangiri dropped some of these beans in the hills of South India, even he didn’t know they’d become this absolute beast of a coffee. Grown at 4500 feet above sea level, this coffee’s got flavours that are complex like calculus. With it’s smooth, natural sweetness, it’s no surprise this bean’s been racking up so many awards! ROAST: LIGHT MEDIUM TASTES LIKE:",https://dopecoffee.in/products/kalledevarapura-estate,https://cdn.shopify.com/s/files/1/0179/7695/0848/products/KDPFront.png?v=1601757072,Coffee
KALLEDEVARAPURA ESTATE,Dope,645.0,Turkish,Medium-Light Roast,,Kalledevarapura Estate,Natural,"250gm 100% Arabica Centuries ago, when the legendary Baba Budangiri dropped some of these beans in the hills of South India, even he didn’t know they’d become this absolute beast of a coffee. Grown at 4500 feet above sea level, this coffee’s got flavours that are complex like calculus. With it’s smooth, natural sweetness, it’s no surprise this bean’s been racking up so many awards! ROAST: LIGHT MEDIUM TASTES LIKE:",https://dopecoffee.in/products/kalledevarapura-estate,https://cdn.shopify.com/s/files/1/0179/7695/0848/products/KDPFront.png?v=1601757072,Coffee
NILGIRI,Dope,625.0,,Medium Roast,"Grown alongside the combo of sugar-cane, orange and eucalyptus, this one’s got flavours that are modern and distinct",Nilgiris,,"250gm 100% Arabica If your coffee plantation is right next to a leopard sanctuary, things are definitely going to get wild. Coming from way down South, Nilgiri aka ‘ Blue Mountain ’ coffee is one of Tamil Nadu’s finest beans. Grown alongside the combo of sugar-cane, orange and eucalyptus, this one’s got flavours that are modern and distinct. ROAST: MEDIUM TASTES LIKE:",https://dopecoffee.in/products/nilgiri-estate,https://cdn.shopify.com/s/files/1/0179/7695/0848/products/NILGIRIFront.png?v=1589295251,Coffee
NILGIRI,Dope,625.0,,Medium Roast,"Grown alongside the combo of sugar-cane, orange and eucalyptus, this one’s got flavours that are modern and distinct",Nilgiris,,"250gm 100% Arabica If your coffee plantation is right next to a leopard sanctuary, things are definitely going to get wild. Coming from way down South, Nilgiri aka ‘ Blue Mountain ’ coffee is one of Tamil Nadu’s finest beans. Grown alongside the combo of sugar-cane, orange and eucalyptus, this one’s got flavours that are modern and distinct. ROAST: MEDIUM TASTES LIKE:",https://dopecoffee.in/products/nilgiri-estate,https://cdn.shopify.com/s/files/1/0179/7695/0848/products/NILGIRIFront.png?v=1589295251,Coffee
NILGIRI,Dope,625.0,Channi,Medium Roast,"Grown alongside the combo of sugar-cane, orange and eucalyptus, this one’s got flavours that are modern and distinct",Nilgiris,,"250gm 100% Arabica If your coffee plantation is right next to a leopard sanctuary, things are definitely going to get wild. Coming from way down South, Nilgiri aka ‘ Blue Mountain ’ coffee is one of Tamil Nadu’s finest beans. Grown alongside the combo of sugar-cane, orange and eucalyptus, this one’s got flavours that are modern and distinct. ROAST: MEDIUM TASTES LIKE:",https://dopecoffee.in/products/nilgiri-estate,https://cdn.shopify.com/s/files/1/0179/7695/0848/products/NILGIRIFront.png?v=1589295251,Coffee
NILGIRI,Dope,625.0,,Medium Roast,"Grown alongside the combo of sugar-cane, orange and eucalyptus, this one’s got flavours that are modern and distinct",Nilgiris,,"250gm 100% Arabica If your coffee plantation is right next to a leopard sanctuary, things are definitely going to get wild. Coming from way down South, Nilgiri aka ‘ Blue Mountain ’ coffee is one of Tamil Nadu’s finest beans. Grown alongside the combo of sugar-cane, orange and eucalyptus, this one’s got flavours that are modern and distinct. ROAST: MEDIUM TASTES LIKE:",https://dopecoffee.in/products/nilgiri-estate,https://cdn.shopify.com/s/files/1/0179/7695/0848/products/NILGIRIFront.png?v=1589295251,Coffee
NILGIRI,Dope,625.0,Electric Brewer,Medium Roast,"Grown alongside the combo of sugar-cane, orange and eucalyptus, this one’s got flavours that are modern and distinct",Nilgiris,,"250gm 100% Arabica If your coffee plantation is right next to a leopard sanctuary, things are definitely going to get wild. Coming from way down South, Nilgiri aka ‘ Blue Mountain ’ coffee is one of Tamil Nadu’s finest beans. Grown alongside the combo of sugar-cane, orange and eucalyptus, this one’s got flavours that are modern and distinct. ROAST: MEDIUM TASTES LIKE:",https://dopecoffee.in/products/nilgiri-estate,https://cdn.shopify.com/s/files/1/0179/7695/0848/products/NILGIRIFront.png?v=1589295251,Coffee
NILGIRI,Dope,625.0,,Medium Roast,"Grown alongside the combo of sugar-cane, orange and eucalyptus, this one’s got flavours that are modern and distinct",Nilgiris,,"250gm 100% Arabica If your coffee plantation is right next to a leopard sanctuary, things are definitely going to get wild. Coming from way down South, Nilgiri aka ‘ Blue Mountain ’ coffee is one of Tamil Nadu’s finest beans. Grown alongside the combo of sugar-cane, orange and eucalyptus, this one’s got flavours that are modern and distinct. ROAST: MEDIUM TASTES LIKE:",https://dopecoffee.in/products/nilgiri-estate,https://cdn.shopify.com/s/files/1/0179/7695/0848/products/NILGIRIFront.png?v=1589295251,Coffee
NILGIRI,Dope,625.0,,Medium Roast,"Grown alongside the combo of sugar-cane, orange and eucalyptus, this one’s got flavours that are modern and distinct",Nilgiris,,"250gm 100% Arabica If your coffee plantation is right next to a leopard sanctuary, things are definitely going to get wild. Coming from way down South, Nilgiri aka ‘ Blue Mountain ’ coffee is one of Tamil Nadu’s finest beans. Grown alongside the combo of sugar-cane, orange and eucalyptus, this one’s got flavours that are modern and distinct. ROAST: MEDIUM TASTES LIKE:",https://dopecoffee.in/products/nilgiri-estate,https://cdn.shopify.com/s/files/1/0179/7695/0848/products/NILGIRIFront.png?v=1589295251,Coffee
NILGIRI,Dope,625.0,,Medium Roast,"Grown alongside the combo of sugar-cane, orange and eucalyptus, this one’s got flavours that are modern and distinct",Nilgiris,,"250gm 100% Arabica If your coffee plantation is right next to a leopard sanctuary, things are definitely going to get wild. Coming from way down South, Nilgiri aka ‘ Blue Mountain ’ coffee is one of Tamil Nadu’s finest beans. Grown alongside the combo of sugar-cane, orange and eucalyptus, this one’s got flavours that are modern and distinct. ROAST: MEDIUM TASTES LIKE:",https://dopecoffee.in/products/nilgiri-estate,https://cdn.shopify.com/s/files/1/0179/7695/0848/products/NILGIRIFront.png?v=1589295251,Coffee
NILGIRI,Dope,625.0,,Medium Roast,"Grown alongside the combo of sugar-cane, orange and eucalyptus, this one’s got flavours that are modern and distinct",Nilgiris,,"250gm 100% Arabica If your coffee plantation is right next to a leopard sanctuary, things are definitely going to get wild. Coming from way down South, Nilgiri aka ‘ Blue Mountain ’ coffee is one of Tamil Nadu’s finest beans. Grown alongside the combo of sugar-cane, orange and eucalyptus, this one’s got flavours that are modern and distinct. ROAST: MEDIUM TASTES LIKE:",https://dopecoffee.in/products/nilgiri-estate,https://cdn.shopify.com/s/files/1/0179/7695/0848/products/NILGIRIFront.png?v=1589295251,Coffee
NILGIRI,Dope,625.0,,Medium Roast,"Grown alongside the combo of sugar-cane, orange and eucalyptus, this one’s got flavours that are modern and distinct",Nilgiris,,"250gm 100% Arabica If your coffee plantation is right next to a leopard sanctuary, things are definitely going to get wild. Coming from way down South, Nilgiri aka ‘ Blue Mountain ’ coffee is one of Tamil Nadu’s finest beans. Grown alongside the combo of sugar-cane, orange and eucalyptus, this one’s got flavours that are modern and distinct. ROAST: MEDIUM TASTES LIKE:",https://dopecoffee.in/products/nilgiri-estate,https://cdn.shopify.com/s/files/1/0179/7695/0848/products/NILGIRIFront.png?v=1589295251,Coffee
NILGIRI,Dope,625.0,,Medium Roast,"Grown alongside the combo of sugar-cane, orange and eucalyptus, this one’s got flavours that are modern and distinct",Nilgiris,,"250gm 100% Arabica If your coffee plantation is right next to a leopard sanctuary, things are definitely going to get wild. Coming from way down South, Nilgiri aka ‘ Blue Mountain ’ coffee is one of Tamil Nadu’s finest beans. Grown alongside the combo of sugar-cane, orange and eucalyptus, this one’s got flavours that are modern and distinct. ROAST: MEDIUM TASTES LIKE:",https://dopecoffee.in/products/nilgiri-estate,https://cdn.shopify.com/s/files/1/0179/7695/0848/products/NILGIRIFront.png?v=1589295251,Coffee
NILGIRI,Dope,625.0,,Medium Roast,"Grown alongside the combo of sugar-cane, orange and eucalyptus, this one’s got flavours that are modern and distinct",Nilgiris,,"250gm 100% Arabica If your coffee plantation is right next to a leopard sanctuary, things are definitely going to get wild. Coming from way down South, Nilgiri aka ‘ Blue Mountain ’ coffee is one of Tamil Nadu’s finest beans. Grown alongside the combo of sugar-cane, orange and eucalyptus, this one’s got flavours that are modern and distinct. ROAST: MEDIUM TASTES LIKE:",https://dopecoffee.in/products/nilgiri-estate,https://cdn.shopify.com/s/files/1/0179/7695/0848/products/NILGIRIFront.png?v=1589295251,Coffee
NILGIRI,Dope,625.0,Turkish,Medium Roast,"Grown alongside the combo of sugar-cane, orange and eucalyptus, this one’s got flavours that are modern and distinct",Nilgiris,,"250gm 100% Arabica If your coffee plantation is right next to a leopard sanctuary, things are definitely going to get wild. Coming from way down South, Nilgiri aka ‘ Blue Mountain ’ coffee is one of Tamil Nadu’s finest beans. Grown alongside the combo of sugar-cane, orange and eucalyptus, this one’s got flavours that are modern and distinct. ROAST: MEDIUM TASTES LIKE:",https://dopecoffee.in/products/nilgiri-estate,https://cdn.shopify.com/s/files/1/0179/7695/0848/products/NILGIRIFront.png?v=1589295251,Coffee
POLARIS COLD BREW BLEND,Dope,575.0,,Medium Roast,,,,"250gm 100% Arabica Brewed in chilled water, cold brew makes a drink that's smoother, mellower and rounder than it's cousin hot coffee. Instead of just using any bean, we put together an astral blend that takes iced caffeine to up to galactic levels. Polaris shines through any kind of milk or sweetener and if you're bold enough - even cocktails. ROAST: MEDIUM TASTES LIKE:",https://dopecoffee.in/products/cold-brew,https://cdn.shopify.com/s/files/1/0179/7695/0848/products/COLDBREWFront.png?v=1589295262,Coffee
POLARIS COLD BREW BLEND,Dope,575.0,,Medium Roast,,,,"250gm 100% Arabica Brewed in chilled water, cold brew makes a drink that's smoother, mellower and rounder than it's cousin hot coffee. Instead of just using any bean, we put together an astral blend that takes iced caffeine to up to galactic levels. Polaris shines through any kind of milk or sweetener and if you're bold enough - even cocktails. ROAST: MEDIUM TASTES LIKE:",https://dopecoffee.in/products/cold-brew,https://cdn.shopify.com/s/files/1/0179/7695/0848/products/COLDBREWFront.png?v=1589295262,Coffee
POLARIS COLD BREW BLEND,Dope,575.0,Channi,Medium Roast,,,,"250gm 100% Arabica Brewed in chilled water, cold brew makes a drink that's smoother, mellower and rounder than it's cousin hot coffee. Instead of just using any bean, we put together an astral blend that takes iced caffeine to up to galactic levels. Polaris shines through any kind of milk or sweetener and if you're bold enough - even cocktails. ROAST: MEDIUM TASTES LIKE:",https://dopecoffee.in/products/cold-brew,https://cdn.shopify.com/s/files/1/0179/7695/0848/products/COLDBREWFront.png?v=1589295262,Coffee
POLARIS COLD BREW BLEND,Dope,575.0,,Medium Roast,,,,"250gm 100% Arabica Brewed in chilled water, cold brew makes a drink that's smoother, mellower and rounder than it's cousin hot coffee. Instead of just using any bean, we put together an astral blend that takes iced caffeine to up to galactic levels. Polaris shines through any kind of milk or sweetener and if you're bold enough - even cocktails. ROAST: MEDIUM TASTES LIKE:",https://dopecoffee.in/products/cold-brew,https://cdn.shopify.com/s/files/1/0179/7695/0848/products/COLDBREWFront.png?v=1589295262,Coffee
POLARIS COLD BREW BLEND,Dope,575.0,Electric Brewer,Medium Roast,,,,"250gm 100% Arabica Brewed in chilled water, cold brew makes a drink that's smoother, mellower and rounder than it's cousin hot coffee. Instead of just using any bean, we put together an astral blend that takes iced caffeine to up to galactic levels. Polaris shines through any kind of milk or sweetener and if you're bold enough - even cocktails. ROAST: MEDIUM TASTES LIKE:",https://dopecoffee.in/products/cold-brew,https://cdn.shopify.com/s/files/1/0179/7695/0848/products/COLDBREWFront.png?v=1589295262,Coffee
POLARIS COLD BREW BLEND,Dope,575.0,,Medium Roast,,,,"250gm 100% Arabica Brewed in chilled water, cold brew makes a drink that's smoother, mellower and rounder than it's cousin hot coffee. Instead of just using any bean, we put together an astral blend that takes iced caffeine to up to galactic levels. Polaris shines through any kind of milk or sweetener and if you're bold enough - even cocktails. ROAST: MEDIUM TASTES LIKE:",https://dopecoffee.in/products/cold-brew,https://cdn.shopify.com/s/files/1/0179/7695/0848/products/COLDBREWFront.png?v=1589295262,Coffee
POLARIS COLD BREW BLEND,Dope,575.0,,Medium Roast,,,,"250gm 100% Arabica Brewed in chilled water, cold brew makes a drink that's smoother, mellower and rounder than it's cousin hot coffee. Instead of just using any bean, we put together an astral blend that takes iced caffeine to up to galactic levels. Polaris shines through any kind of milk or sweetener and if you're bold enough - even cocktails. ROAST: MEDIUM TASTES LIKE:",https://dopecoffee.in/products/cold-brew,https://cdn.shopify.com/s/files/1/0179/7695/0848/products/COLDBREWFront.png?v=1589295262,Coffee
POLARIS COLD BREW BLEND,Dope,575.0,,Medium Roast,,,,"250gm 100% Arabica Brewed in chilled water, cold brew makes a drink that's smoother, mellower and rounder than it's cousin hot coffee. Instead of just using any bean, we put together an astral blend that takes iced caffeine to up to galactic levels. Polaris shines through any kind of milk or sweetener and if you're bold enough - even cocktails. ROAST: MEDIUM TASTES LIKE:",https://dopecoffee.in/products/cold-brew,https://cdn.shopify.com/s/files/1/0179/7695/0848/products/COLDBREWFront.png?v=1589295262,Coffee
POLARIS COLD BREW BLEND,Dope,575.0,,Medium Roast,,,,"250gm 100% Arabica Brewed in chilled water, cold brew makes a drink that's smoother, mellower and rounder than it's cousin hot coffee. Instead of just using any bean, we put together an astral blend that takes iced caffeine to up to galactic levels. Polaris shines through any kind of milk or sweetener and if you're bold enough - even cocktails. ROAST: MEDIUM TASTES LIKE:",https://dopecoffee.in/products/cold-brew,https://cdn.shopify.com/s/files/1/0179/7695/0848/products/COLDBREWFront.png?v=1589295262,Coffee
POLARIS COLD BREW BLEND,Dope,575.0,,Medium Roast,,,,"250gm 100% Arabica Brewed in chilled water, cold brew makes a drink that's smoother, mellower and rounder than it's cousin hot coffee. Instead of just using any bean, we put together an astral blend that takes iced caffeine to up to galactic levels. Polaris shines through any kind of milk or sweetener and if you're bold enough - even cocktails. ROAST: MEDIUM TASTES LIKE:",https://dopecoffee.in/products/cold-brew,https://cdn.shopify.com/s/files/1/0179/7695/0848/products/COLDBREWFront.png?v=1589295262,Coffee
POLARIS COLD BREW BLEND,Dope,575.0,,Medium Roast,,,,"250gm 100% Arabica Brewed in chilled water, cold brew makes a drink that's smoother, mellower and rounder than it's cousin hot coffee. Instead of just using any bean, we put together an astral blend that takes iced caffeine to up to galactic levels. Polaris shines through any kind of milk or sweetener and if you're bold enough - even cocktails. ROAST: MEDIUM TASTES LIKE:",https://dopecoffee.in/products/cold-brew,https://cdn.shopify.com/s/files/1/0179/7695/0848/products/COLDBREWFront.png?v=1589295262,Coffee
POLARIS COLD BREW BLEND,Dope,575.0,,Medium Roast,,,,"250gm 100% Arabica Brewed in chilled water, cold brew makes a drink that's smoother, mellower and rounder than it's cousin hot coffee. Instead of just using any bean, we put together an astral blend that takes iced caffeine to up to galactic levels. Polaris shines through any kind of milk or sweetener and if you're bold enough - even cocktails. ROAST: MEDIUM TASTES LIKE:",https://dopecoffee.in/products/cold-brew,https://cdn.shopify.com/s/files/1/0179/7695/0848/products/COLDBREWFront.png?v=1589295262,Coffee
POLARIS COLD BREW BLEND,Dope,575.0,Turkish,Medium Roast,,,,"250gm 100% Arabica Brewed in chilled water, cold brew makes a drink that's smoother, mellower and rounder than it's cousin hot coffee. Instead of just using any bean, we put together an astral blend that takes iced caffeine to up to galactic levels. Polaris shines through any kind of milk or sweetener and if you're bold enough - even cocktails. ROAST: MEDIUM TASTES LIKE:",https://dopecoffee.in/products/cold-brew,https://cdn.shopify.com/s/files/1/0179/7695/0848/products/COLDBREWFront.png?v=1589295262,Coffee
ROARING ROBUSTA,Dope,480.0,,Dark Roast,"Dark Chocolate,Oaky, Nutty",,,"250gm 100% Robusta Roaring Robusta isn't here to play it safe; it's here to fuel your fun! Indulge in the wild energy of 100% Robusta beans, skillfully roasted to a deep, luscious darkness. With a flavor profile that fearlessly flaunts its intensity, Roaring Robusta unveils notes of rich Dark Chocolate , a dash of Oaky intrigue, and a Nutty surprise that'll have you coming back for more. The caffeine surge? Think of it as a brain boogie, keeps you dancing in high spirits from sunrise 'til sunset. ROAST: Dark+ TASTES LIKE: : Dark Chocolate,Oaky, Nutty",https://dopecoffee.in/products/roaring-robusta,https://cdn.shopify.com/s/files/1/0179/7695/0848/files/roaringrobustapack.jpg?v=1731936325,Coffee
ROARING ROBUSTA,Dope,480.0,,Dark Roast,"Dark Chocolate,Oaky, Nutty",,,"250gm 100% Robusta Roaring Robusta isn't here to play it safe; it's here to fuel your fun! Indulge in the wild energy of 100% Robusta beans, skillfully roasted to a deep, luscious darkness. With a flavor profile that fearlessly flaunts its intensity, Roaring Robusta unveils notes of rich Dark Chocolate , a dash of Oaky intrigue, and a Nutty surprise that'll have you coming back for more. The caffeine surge? Think of it as a brain boogie, keeps you dancing in high spirits from sunrise 'til sunset. ROAST: Dark+ TASTES LIKE: : Dark Chocolate,Oaky, Nutty",https://dopecoffee.in/products/roaring-robusta,https://cdn.shopify.com/s/files/1/0179/7695/0848/files/roaringrobustapack.jpg?v=1731936325,Coffee
ROARING ROBUSTA,Dope,480.0,Channi,Dark Roast,"Dark Chocolate,Oaky, Nutty",,,"250gm 100% Robusta Roaring Robusta isn't here to play it safe; it's here to fuel your fun! Indulge in the wild energy of 100% Robusta beans, skillfully roasted to a deep, luscious darkness. With a flavor profile that fearlessly flaunts its intensity, Roaring Robusta unveils notes of rich Dark Chocolate , a dash of Oaky intrigue, and a Nutty surprise that'll have you coming back for more. The caffeine surge? Think of it as a brain boogie, keeps you dancing in high spirits from sunrise 'til sunset. ROAST: Dark+ TASTES LIKE: : Dark Chocolate,Oaky, Nutty",https://dopecoffee.in/products/roaring-robusta,https://cdn.shopify.com/s/files/1/0179/7695/0848/files/roaringrobustapack.jpg?v=1731936325,Coffee
ROARING ROBUSTA,Dope,480.0,,Dark Roast,"Dark Chocolate,Oaky, Nutty",,,"250gm 100% Robusta Roaring Robusta isn't here to play it safe; it's here to fuel your fun! Indulge in the wild energy of 100% Robusta beans, skillfully roasted to a deep, luscious darkness. With a flavor profile that fearlessly flaunts its intensity, Roaring Robusta unveils notes of rich Dark Chocolate , a dash of Oaky intrigue, and a Nutty surprise that'll have you coming back for more. The caffeine surge? Think of it as a brain boogie, keeps you dancing in high spirits from sunrise 'til sunset. ROAST: Dark+ TASTES LIKE: : Dark Chocolate,Oaky, Nutty",https://dopecoffee.in/products/roaring-robusta,https://cdn.shopify.com/s/files/1/0179/7695/0848/files/roaringrobustapack.jpg?v=1731936325,Coffee
ROARING ROBUSTA,Dope,480.0,Electric Brewer,Dark Roast,"Dark Chocolate,Oaky, Nutty",,,"250gm 100% Robusta Roaring Robusta isn't here to play it safe; it's here to fuel your fun! Indulge in the wild energy of 100% Robusta beans, skillfully roasted to a deep, luscious darkness. With a flavor profile that fearlessly flaunts its intensity, Roaring Robusta unveils notes of rich Dark Chocolate , a dash of Oaky intrigue, and a Nutty surprise that'll have you coming back for more. The caffeine surge? Think of it as a brain boogie, keeps you dancing in high spirits from sunrise 'til sunset. ROAST: Dark+ TASTES LIKE: : Dark Chocolate,Oaky, Nutty",https://dopecoffee.in/products/roaring-robusta,https://cdn.shopify.com/s/files/1/0179/7695/0848/files/roaringrobustapack.jpg?v=1731936325,Coffee
ROARING ROBUSTA,Dope,480.0,,Dark Roast,"Dark Chocolate,Oaky, Nutty",,,"250gm 100% Robusta Roaring Robusta isn't here to play it safe; it's here to fuel your fun! Indulge in the wild energy of 100% Robusta beans, skillfully roasted to a deep, luscious darkness. With a flavor profile that fearlessly flaunts its intensity, Roaring Robusta unveils notes of rich Dark Chocolate , a dash of Oaky intrigue, and a Nutty surprise that'll have you coming back for more. The caffeine surge? Think of it as a brain boogie, keeps you dancing in high spirits from sunrise 'til sunset. ROAST: Dark+ TASTES LIKE: : Dark Chocolate,Oaky, Nutty",https://dopecoffee.in/products/roaring-robusta,https://cdn.shopify.com/s/files/1/0179/7695/0848/files/roaringrobustapack.jpg?v=1731936325,Coffee
ROARING ROBUSTA,Dope,480.0,,Dark Roast,"Dark Chocolate,Oaky, Nutty",,,"250gm 100% Robusta Roaring Robusta isn't here to play it safe; it's here to fuel your fun! Indulge in the wild energy of 100% Robusta beans, skillfully roasted to a deep, luscious darkness. With a flavor profile that fearlessly flaunts its intensity, Roaring Robusta unveils notes of rich Dark Chocolate , a dash of Oaky intrigue, and a Nutty surprise that'll have you coming back for more. The caffeine surge? Think of it as a brain boogie, keeps you dancing in high spirits from sunrise 'til sunset. ROAST: Dark+ TASTES LIKE: : Dark Chocolate,Oaky, Nutty",https://dopecoffee.in/products/roaring-robusta,https://cdn.shopify.com/s/files/1/0179/7695/0848/files/roaringrobustapack.jpg?v=1731936325,Coffee
ROARING ROBUSTA,Dope,480.0,,Dark Roast,"Dark Chocolate,Oaky, Nutty",,,"250gm 100% Robusta Roaring Robusta isn't here to play it safe; it's here to fuel your fun! Indulge in the wild energy of 100% Robusta beans, skillfully roasted to a deep, luscious darkness. With a flavor profile that fearlessly flaunts its intensity, Roaring Robusta unveils notes of rich Dark Chocolate , a dash of Oaky intrigue, and a Nutty surprise that'll have you coming back for more. The caffeine surge? Think of it as a brain boogie, keeps you dancing in high spirits from sunrise 'til sunset. ROAST: Dark+ TASTES LIKE: : Dark Chocolate,Oaky, Nutty",https://dopecoffee.in/products/roaring-robusta,https://cdn.shopify.com/s/files/1/0179/7695/0848/files/roaringrobustapack.jpg?v=1731936325,Coffee
ROARING ROBUSTA,Dope,480.0,,Dark Roast,"Dark Chocolate,Oaky, Nutty",,,"250gm 100% Robusta Roaring Robusta isn't here to play it safe; it's here to fuel your fun! Indulge in the wild energy of 100% Robusta beans, skillfully roasted to a deep, luscious darkness. With a flavor profile that fearlessly flaunts its intensity, Roaring Robusta unveils notes of rich Dark Chocolate , a dash of Oaky intrigue, and a Nutty surprise that'll have you coming back for more. The caffeine surge? Think of it as a brain boogie, keeps you dancing in high spirits from sunrise 'til sunset. ROAST: Dark+ TASTES LIKE: : Dark Chocolate,Oaky, Nutty",https://dopecoffee.in/products/roaring-robusta,https://cdn.shopify.com/s/files/1/0179/7695/0848/files/roaringrobustapack.jpg?v=1731936325,Coffee
ROARING ROBUSTA,Dope,480.0,,Dark Roast,"Dark Chocolate,Oaky, Nutty",,,"250gm 100% Robusta Roaring Robusta isn't here to play it safe; it's here to fuel your fun! Indulge in the wild energy of 100% Robusta beans, skillfully roasted to a deep, luscious darkness. With a flavor profile that fearlessly flaunts its intensity, Roaring Robusta unveils notes of rich Dark Chocolate , a dash of Oaky intrigue, and a Nutty surprise that'll have you coming back for more. The caffeine surge? Think of it as a brain boogie, keeps you dancing in high spirits from sunrise 'til sunset. ROAST: Dark+ TASTES LIKE: : Dark Chocolate,Oaky, Nutty",https://dopecoffee.in/products/roaring-robusta,https://cdn.shopify.com/s/files/1/0179/7695/0848/files/roaringrobustapack.jpg?v=1731936325,Coffee
ROARING ROBUSTA,Dope,480.0,,Dark Roast,"Dark Chocolate,Oaky, Nutty",,,"250gm 100% Robusta Roaring Robusta isn't here to play it safe; it's here to fuel your fun! Indulge in the wild energy of 100% Robusta beans, skillfully roasted to a deep, luscious darkness. With a flavor profile that fearlessly flaunts its intensity, Roaring Robusta unveils notes of rich Dark Chocolate , a dash of Oaky intrigue, and a Nutty surprise that'll have you coming back for more. The caffeine surge? Think of it as a brain boogie, keeps you dancing in high spirits from sunrise 'til sunset. ROAST: Dark+ TASTES LIKE: : Dark Chocolate,Oaky, Nutty",https://dopecoffee.in/products/roaring-robusta,https://cdn.shopify.com/s/files/1/0179/7695/0848/files/roaringrobustapack.jpg?v=1731936325,Coffee
ROARING ROBUSTA,Dope,480.0,,Dark Roast,"Dark Chocolate,Oaky, Nutty",,,"250gm 100% Robusta Roaring Robusta isn't here to play it safe; it's here to fuel your fun! Indulge in the wild energy of 100% Robusta beans, skillfully roasted to a deep, luscious darkness. With a flavor profile that fearlessly flaunts its intensity, Roaring Robusta unveils notes of rich Dark Chocolate , a dash of Oaky intrigue, and a Nutty surprise that'll have you coming back for more. The caffeine surge? Think of it as a brain boogie, keeps you dancing in high spirits from sunrise 'til sunset. ROAST: Dark+ TASTES LIKE: : Dark Chocolate,Oaky, Nutty",https://dopecoffee.in/products/roaring-robusta,https://cdn.shopify.com/s/files/1/0179/7695/0848/files/roaringrobustapack.jpg?v=1731936325,Coffee
ROARING ROBUSTA,Dope,480.0,Turkish,Dark Roast,"Dark Chocolate,Oaky, Nutty",,,"250gm 100% Robusta Roaring Robusta isn't here to play it safe; it's here to fuel your fun! Indulge in the wild energy of 100% Robusta beans, skillfully roasted to a deep, luscious darkness. With a flavor profile that fearlessly flaunts its intensity, Roaring Robusta unveils notes of rich Dark Chocolate , a dash of Oaky intrigue, and a Nutty surprise that'll have you coming back for more. The caffeine surge? Think of it as a brain boogie, keeps you dancing in high spirits from sunrise 'til sunset. ROAST: Dark+ TASTES LIKE: : Dark Chocolate,Oaky, Nutty",https://dopecoffee.in/products/roaring-robusta,https://cdn.shopify.com/s/files/1/0179/7695/0848/files/roaringrobustapack.jpg?v=1731936325,Coffee
Slim Café French Press,Dope,1971.0,Red,,,,,"Coffee Press from ""HARIO"" for 1-2 cups. Dishwasher-safe. Material : Heatproof glass",https://dopecoffee.in/products/slim-cafe-french-press-1,https://cdn.shopify.com/s/files/1/0179/7695/0848/products/CPSS-2-TB_image_d959c7ba-20ab-4c22-827e-df5e42ded925.jpg?v=1646306834,Accessories
Slim Café French Press,Dope,1971.0,Black,,,,,"Coffee Press from ""HARIO"" for 1-2 cups. Dishwasher-safe. Material : Heatproof glass",https://dopecoffee.in/products/slim-cafe-french-press-1,https://cdn.shopify.com/s/files/1/0179/7695/0848/products/CPSS-2-TB_image_d959c7ba-20ab-4c22-827e-df5e42ded925.jpg?v=1646306834,Accessories
Stagg EKG Electric Kettle,Dope,14999.0,Black,,,,,"Whether you're a world brewing champion or a brewing beginner, Stagg EKG will be your countertop partner in the pursuit of a ridiculously good cup of coffee. With variable temperature control, 1200 watts for a quick heat time, and a world of features for ultimate control, this is the pour-over kettle perfected. Thoughtful Features: Precise gooseneck spout for optimal pour-over flow rate To-the-degree temperature control LCD display 60-minute hold mode Brew Stopwatch 0.9 L boiling capacity Details Dimensions: 11.5″ x 6.75″ x 8″ (292 mm x 171 mm x 203 mm) Weight: 2.75 lbs/1,274 g (includes kettle base) Volume: 0.9 L to the max fill line Cord Length: 2.5 ft Power: 1200W, 120V~, 50/60Hz, 9A Temperature Range: 135°F-212°F / 57°C-100°C",https://dopecoffee.in/products/stagg-ekg-electric-kettle,https://cdn.shopify.com/s/files/1/0179/7695/0848/products/Untitleddesign_7.png?v=1658571358,Accessories
Stagg EKG Electric Kettle,Dope,14999.0,White,,,,,"Whether you're a world brewing champion or a brewing beginner, Stagg EKG will be your countertop partner in the pursuit of a ridiculously good cup of coffee. With variable temperature control, 1200 watts for a quick heat time, and a world of features for ultimate control, this is the pour-over kettle perfected. Thoughtful Features: Precise gooseneck spout for optimal pour-over flow rate To-the-degree temperature control LCD display 60-minute hold mode Brew Stopwatch 0.9 L boiling capacity Details Dimensions: 11.5″ x 6.75″ x 8″ (292 mm x 171 mm x 203 mm) Weight: 2.75 lbs/1,274 g (includes kettle base) Volume: 0.9 L to the max fill line Cord Length: 2.5 ft Power: 1200W, 120V~, 50/60Hz, 9A Temperature Range: 135°F-212°F / 57°C-100°C",https://dopecoffee.in/products/stagg-ekg-electric-kettle,https://cdn.shopify.com/s/files/1/0179/7695/0848/products/Untitleddesign_7.png?v=1658571358,Accessories
Timemore U French Press,Dope,1700.0,,,,,,"The classic French Press now looks modern and elegant. With minimalist features and sleek design, the Timemore U French Press is convenient and easy to use. Made from food-grade silicone, stainless steel, and heat-resistant borosilicate glass for safe coffee making. Capacity: 450ml Material: Borosilicate glass & stainless steel body Temperature resistant from -30° to 200°C High-density stainless steel plunger with food-safe silicon",https://dopecoffee.in/products/timemore-french-press,https://cdn.shopify.com/s/files/1/0179/7695/0848/products/Untitleddesign_1_59dab3b6-ab6d-4a59-bc9e-6b1b5912610a.png?v=1658574521,Accessories
Timemore Crystal Eye Dripper,Dope,999.0,1-2 cups,,,,,"Time More Dripper is designed with a concave principle, the lower area of the dripper, instead of slowing down the brew actually increases, making the water flow more smoothly and the extraction more uniform. 1 - Insulating level - the filter paper completely attached to the smooth top part of the dripper so water cannot get through. 2 - Brewing level - where the brewing action should take place. 3 - Powder level - the ground coffee will fill the bottom area which is less ribbed and more flume to encourage the water flow and thus reducing the chance of over extracting.",https://dopecoffee.in/products/timemore-crystal-eye-dripper,https://cdn.shopify.com/s/files/1/0179/7695/0848/products/DripperzuchwytemTIMEMORE_CrystalEye01PC.jpg?v=1658243613,Accessories
Timemore Crystal Eye Dripper,Dope,1099.0,2-4 cups,,,,,"Time More Dripper is designed with a concave principle, the lower area of the dripper, instead of slowing down the brew actually increases, making the water flow more smoothly and the extraction more uniform. 1 - Insulating level - the filter paper completely attached to the smooth top part of the dripper so water cannot get through. 2 - Brewing level - where the brewing action should take place. 3 - Powder level - the ground coffee will fill the bottom area which is less ribbed and more flume to encourage the water flow and thus reducing the chance of over extracting.",https://dopecoffee.in/products/timemore-crystal-eye-dripper,https://cdn.shopify.com/s/files/1/0179/7695/0848/products/DripperzuchwytemTIMEMORE_CrystalEye01PC.jpg?v=1658243613,Accessories
Timemore Chestnut  C2,Dope,5150.0,Black,,,,,"This is a manual coffee grinder specially designed for grinding coffee beans. It has a built-in five-axis CNC numerically controlled sharp blunt steel grinding core and dual-bearing center axis positioning, making the grinding particles more uniform, accurate and efficient.",https://dopecoffee.in/products/timemore-chestnut-c2,https://cdn.shopify.com/s/files/1/0179/7695/0848/products/CHESTNUT-C2-BLACK.jpg?v=1613995420,Coffee
Timemore Chestnut  C2,Dope,5150.0,Silver,,,,,"This is a manual coffee grinder specially designed for grinding coffee beans. It has a built-in five-axis CNC numerically controlled sharp blunt steel grinding core and dual-bearing center axis positioning, making the grinding particles more uniform, accurate and efficient.",https://dopecoffee.in/products/timemore-chestnut-c2,https://cdn.shopify.com/s/files/1/0179/7695/0848/products/CHESTNUT-C2-BLACK.jpg?v=1613995420,Coffee
Timemore Black Mirror Scale,Dope,4299.0,,,,,Natural,"This time-weighing electronic scale provides accurate weight and timing measurement. The weight accuracy can reach 0.1g, the minimum starting weight is 0.5g/0.017oz, and the maximum load can reach 2kg/4.41lbs. The accurate timing design makes it easier and faster for you to brew rich coffee. ?LED Invisible Screen Design? Simple led invisible screen design, extreme simplicity, highlighting the high-end atmosphere. The led backlight display of the kitchen scale allows you to easily read time and weight information and enjoy precise brewing time. ?Scratch-resistant & Wear-resistant?The home baking kitchen scale adopts a delicate matte texture design to make it more scratch-resistant and wear-resistant for a long time using. This hand coffee scale is easy to clean and store without worrying about scratching the coffee weighing platform. ?Stylish & Simple? The espresso scale uses a natural, integrated, stylish, and simple design that displays time and weight information. It perfectly matches modern homes and brings you a more convenient and comfortable experience. ?Rechargeable & Long Lasting? The weighing scale is a built-in1600mAh rechargeable lithium battery and a type C USB charging interface, which is convenient for charging anytime and anywhere, to meet the needs of different occasions. It can provide 10 hours of battery life when fully charged.",https://dopecoffee.in/products/timemore-black-mirror-scale,https://cdn.shopify.com/s/files/1/0179/7695/0848/products/Timemore_BLACKMIRROR.jpg?v=1658387005,Accessories
Andromeda Mask [LMTD EDT],Dope,275.0,S,,,,,"Whether you're stepping out for an errand or outer space for a day trip, look interstellar af with our Andromeda Mask. Named after the Milky Way's closest neighbour, we imagine Andromeda to be a land of trippy pink and purple hues where the bean reigns supreme . Made for all-day usage , reusable up to 30 washes and covered in a print that’s hella dope , this is a limited edition mask you’re gonna wanna cop before it runs out. The ear loops make for a snug fit and the 4 layer construction gives an almost 99% Bacterial Filtration Efficiency , certified by the South Indian Textile Research Association (SIRTA) . Scroll down to know more.",https://dopecoffee.in/products/andromeda-face-masks,https://cdn.shopify.com/s/files/1/0179/7695/0848/products/AndormedaFront.png?v=1646987719,Coffee
Andromeda Mask [LMTD EDT],Dope,275.0,M,,,,,"Whether you're stepping out for an errand or outer space for a day trip, look interstellar af with our Andromeda Mask. Named after the Milky Way's closest neighbour, we imagine Andromeda to be a land of trippy pink and purple hues where the bean reigns supreme . Made for all-day usage , reusable up to 30 washes and covered in a print that’s hella dope , this is a limited edition mask you’re gonna wanna cop before it runs out. The ear loops make for a snug fit and the 4 layer construction gives an almost 99% Bacterial Filtration Efficiency , certified by the South Indian Textile Research Association (SIRTA) . Scroll down to know more.",https://dopecoffee.in/products/andromeda-face-masks,https://cdn.shopify.com/s/files/1/0179/7695/0848/products/AndormedaFront.png?v=1646987719,Coffee
Andromeda Mask [LMTD EDT],Dope,275.0,L,,,,,"Whether you're stepping out for an errand or outer space for a day trip, look interstellar af with our Andromeda Mask. Named after the Milky Way's closest neighbour, we imagine Andromeda to be a land of trippy pink and purple hues where the bean reigns supreme . Made for all-day usage , reusable up to 30 washes and covered in a print that’s hella dope , this is a limited edition mask you’re gonna wanna cop before it runs out. The ear loops make for a snug fit and the 4 layer construction gives an almost 99% Bacterial Filtration Efficiency , certified by the South Indian Textile Research Association (SIRTA) . Scroll down to know more.",https://dopecoffee.in/products/andromeda-face-masks,https://cdn.shopify.com/s/files/1/0179/7695/0848/products/AndormedaFront.png?v=1646987719,Coffee
Andromeda Mask [LMTD EDT],Dope,275.0,XL,,,,,"Whether you're stepping out for an errand or outer space for a day trip, look interstellar af with our Andromeda Mask. Named after the Milky Way's closest neighbour, we imagine Andromeda to be a land of trippy pink and purple hues where the bean reigns supreme . Made for all-day usage , reusable up to 30 washes and covered in a print that’s hella dope , this is a limited edition mask you’re gonna wanna cop before it runs out. The ear loops make for a snug fit and the 4 layer construction gives an almost 99% Bacterial Filtration Efficiency , certified by the South Indian Textile Research Association (SIRTA) . Scroll down to know more.",https://dopecoffee.in/products/andromeda-face-masks,https://cdn.shopify.com/s/files/1/0179/7695/0848/products/AndormedaFront.png?v=1646987719,Coffee
Malabar Mask [LMTD EDT],Dope,275.0,S,,,Malabar Coast,Monsooned,"Bursting with neon tints of a Psychedelic South , our Monsooned Malabar mask is a kaleidoscope of colours. Add some trip to your drip with this modern take on the Malabar coast's amazing masked Thayyam dancers! Made for all-day usage , reusable up to 30 washes and covered in a print that’s hella dope , this is a limited edition mask you’re gonna wanna cop before it runs out. The ear loops make for a snug fit and the 4 layer construction gives an almost 99% Bacterial Filtration Efficiency , certified by the South Indian Textile Research Association (SIRTA) . Scroll down to know more.",https://dopecoffee.in/products/monsooned-malabar-face-mask,https://cdn.shopify.com/s/files/1/0179/7695/0848/products/MMFront.png?v=1646987874,Coffee
Malabar Mask [LMTD EDT],Dope,275.0,M,,,Malabar Coast,Monsooned,"Bursting with neon tints of a Psychedelic South , our Monsooned Malabar mask is a kaleidoscope of colours. Add some trip to your drip with this modern take on the Malabar coast's amazing masked Thayyam dancers! Made for all-day usage , reusable up to 30 washes and covered in a print that’s hella dope , this is a limited edition mask you’re gonna wanna cop before it runs out. The ear loops make for a snug fit and the 4 layer construction gives an almost 99% Bacterial Filtration Efficiency , certified by the South Indian Textile Research Association (SIRTA) . Scroll down to know more.",https://dopecoffee.in/products/monsooned-malabar-face-mask,https://cdn.shopify.com/s/files/1/0179/7695/0848/products/MMFront.png?v=1646987874,Coffee
Malabar Mask [LMTD EDT],Dope,275.0,L,,,Malabar Coast,Monsooned,"Bursting with neon tints of a Psychedelic South , our Monsooned Malabar mask is a kaleidoscope of colours. Add some trip to your drip with this modern take on the Malabar coast's amazing masked Thayyam dancers! Made for all-day usage , reusable up to 30 washes and covered in a print that’s hella dope , this is a limited edition mask you’re gonna wanna cop before it runs out. The ear loops make for a snug fit and the 4 layer construction gives an almost 99% Bacterial Filtration Efficiency , certified by the South Indian Textile Research Association (SIRTA) . Scroll down to know more.",https://dopecoffee.in/products/monsooned-malabar-face-mask,https://cdn.shopify.com/s/files/1/0179/7695/0848/products/MMFront.png?v=1646987874,Coffee
Malabar Mask [LMTD EDT],Dope,275.0,XL,,,Malabar Coast,Monsooned,"Bursting with neon tints of a Psychedelic South , our Monsooned Malabar mask is a kaleidoscope of colours. Add some trip to your drip with this modern take on the Malabar coast's amazing masked Thayyam dancers! Made for all-day usage , reusable up to 30 washes and covered in a print that’s hella dope , this is a limited edition mask you’re gonna wanna cop before it runs out. The ear loops make for a snug fit and the 4 layer construction gives an almost 99% Bacterial Filtration Efficiency , certified by the South Indian Textile Research Association (SIRTA) . Scroll down to know more.",https://dopecoffee.in/products/monsooned-malabar-face-mask,https://cdn.shopify.com/s/files/1/0179/7695/0848/products/MMFront.png?v=1646987874,Coffee
Need A Little Space Man [LMTD EDT],Dope,275.0,S,,,,,"Do you love puns and have people in your life that don't keep social distance? Then this mask is perfect for you. The little astronaut on your mask has got a message for anyone that gets way too close for comfort because after all sometimes you need a little space, man. Made for all-day usage , reusable up to 30 washes and covered in a print that’s hella dope , this is a limited edition mask you’re gonna wanna cop before it runs out. The ear loops make for a snug fit and the 4 layer construction gives an almost 99% Bacterial Filtration Efficiency , certified by the South Indian Textile Research Association (SIRTA) . Scroll down to know more.",https://dopecoffee.in/products/spacemen-mask,https://cdn.shopify.com/s/files/1/0179/7695/0848/products/SpaceManFront.png?v=1646987976,Accessories
Need A Little Space Man [LMTD EDT],Dope,275.0,M,,,,,"Do you love puns and have people in your life that don't keep social distance? Then this mask is perfect for you. The little astronaut on your mask has got a message for anyone that gets way too close for comfort because after all sometimes you need a little space, man. Made for all-day usage , reusable up to 30 washes and covered in a print that’s hella dope , this is a limited edition mask you’re gonna wanna cop before it runs out. The ear loops make for a snug fit and the 4 layer construction gives an almost 99% Bacterial Filtration Efficiency , certified by the South Indian Textile Research Association (SIRTA) . Scroll down to know more.",https://dopecoffee.in/products/spacemen-mask,https://cdn.shopify.com/s/files/1/0179/7695/0848/products/SpaceManFront.png?v=1646987976,Accessories
Need A Little Space Man [LMTD EDT],Dope,275.0,L,,,,,"Do you love puns and have people in your life that don't keep social distance? Then this mask is perfect for you. The little astronaut on your mask has got a message for anyone that gets way too close for comfort because after all sometimes you need a little space, man. Made for all-day usage , reusable up to 30 washes and covered in a print that’s hella dope , this is a limited edition mask you’re gonna wanna cop before it runs out. The ear loops make for a snug fit and the 4 layer construction gives an almost 99% Bacterial Filtration Efficiency , certified by the South Indian Textile Research Association (SIRTA) . Scroll down to know more.",https://dopecoffee.in/products/spacemen-mask,https://cdn.shopify.com/s/files/1/0179/7695/0848/products/SpaceManFront.png?v=1646987976,Accessories
Need A Little Space Man [LMTD EDT],Dope,275.0,XL,,,,,"Do you love puns and have people in your life that don't keep social distance? Then this mask is perfect for you. The little astronaut on your mask has got a message for anyone that gets way too close for comfort because after all sometimes you need a little space, man. Made for all-day usage , reusable up to 30 washes and covered in a print that’s hella dope , this is a limited edition mask you’re gonna wanna cop before it runs out. The ear loops make for a snug fit and the 4 layer construction gives an almost 99% Bacterial Filtration Efficiency , certified by the South Indian Textile Research Association (SIRTA) . Scroll down to know more.",https://dopecoffee.in/products/spacemen-mask,https://cdn.shopify.com/s/files/1/0179/7695/0848/products/SpaceManFront.png?v=1646987976,Accessories
Compact Hand Coffee Grinder 24gm (Plastic),Dope,4185.0,White,,,,,CAPACITY: 24gm Polyplopylene Lid : Methacrylate resin Grind adjustment knob Easy to clean,https://dopecoffee.in/products/compact-hand-coffee-grinder-24gm-plastic-1,https://cdn.shopify.com/s/files/1/0179/7695/0848/products/MSG-2_image_8be5b66a-1c28-4aaa-83f1-b40725a24128.jpg?v=1646306948,Accessories
Compact Hand Coffee Grinder 24gm (Plastic),Dope,4185.0,Black,,,,,CAPACITY: 24gm Polyplopylene Lid : Methacrylate resin Grind adjustment knob Easy to clean,https://dopecoffee.in/products/compact-hand-coffee-grinder-24gm-plastic-1,https://cdn.shopify.com/s/files/1/0179/7695/0848/products/MSG-2_image_8be5b66a-1c28-4aaa-83f1-b40725a24128.jpg?v=1646306948,Accessories
Wobh Filters Samples (V60 Filter & Cold Brew Bag),Dope,356.0,,,,,,"Making your everyday cup of coffee more sustainable, delicious, economical, and rich. Wobh filters are kind on the planet. Handcrafted by Indian artisans using certified organic cotton. These filters age with each brew, giving you longer and better brews with time. Each filter lasts about 3 to 6 months, replacing around 100 paper filters. Features : Perfect for daily use. Made to last. Handcrafted by Indian artisans. Specifications : Size 01 and 02 are for V60 filters. Other filters remain the same.",https://dopecoffee.in/products/wobh-filters-sampler-v60-filter-cold-brew-bag-1,https://cdn.shopify.com/s/files/1/0179/7695/0848/products/IMG_20210520_173406_b9c469fe-e82f-4a6b-86fb-e53b95d8e4a8.jpg?v=1646310757,Quick Brews
AEROPRESS GO,Dope,3899.0,,Light Roast,,,,"We think the team at the Aerobie office was looking at their award-winning Aeropress and wondering, "" Hmm. What if the AeroPress...had a mini-me? "" Because that's pretty much exactly what the AeroPress GO is all about. With a couple of tweaks thrown in to make it more suited to home espresso-like brewing. If the AeroPress was light , compact and portable , the AeroPress GO is lighter , compact-er and portable-er . Yes, we just made up those words. Deal with it. Being small isn't its only superpower. The Go also comes with a super dope foldable stirrer and a cool little box that can hold up to 15-20 filters and snaps shut! The kit now also comes with a plastic mug and a rubber lid that you can brew your coffee into and then use it to house the entire kit into one neat storage unit . If AeroPress was looking to make something that was on point for travelling , camping or just be easier to be outdoors and drink cafe level coffee - they nailed it! AeroPress GO Dimensions: 3.7 x 3.7 x 5.3 inches AeroPress GO Contains: AeroPress Plunger Chamber Lid Funnel Scoop Foldable Stirrer 350 microfilters discs Filter Holder Mug Rubber Lid",https://dopecoffee.in/products/aeropress-go,https://cdn.shopify.com/s/files/1/0179/7695/0848/products/AeropressGo.png?v=1587997741,Accessories
Manual Milk Foamer 70ml,Dope,1360.0,White,,,,,"Just shake it, and make foamed milk. A manual shaker milk frother. Fill the cup to the measurement mark with cold milk. Set up the filter and the upper and lower cups and shake well for about 20-30 seconds. This will make smooth, foamed milk for cappuccinos and lattes. By transferring the foam milk inside a microwave safe container and heating it up, you can enjoy it with hot drinks as well. CAPACITY ; 70ml Use cold milk only",https://dopecoffee.in/products/manual-milk-foamer-70ml,https://cdn.shopify.com/s/files/1/0179/7695/0848/products/LS-70-OW-2.jpg?v=1557246811,Coffee
Manual Milk Foamer 70ml,Dope,1360.0,Pink,,,,,"Just shake it, and make foamed milk. A manual shaker milk frother. Fill the cup to the measurement mark with cold milk. Set up the filter and the upper and lower cups and shake well for about 20-30 seconds. This will make smooth, foamed milk for cappuccinos and lattes. By transferring the foam milk inside a microwave safe container and heating it up, you can enjoy it with hot drinks as well. CAPACITY ; 70ml Use cold milk only",https://dopecoffee.in/products/manual-milk-foamer-70ml,https://cdn.shopify.com/s/files/1/0179/7695/0848/products/LS-70-OW-2.jpg?v=1557246811,Coffee
Wobh Filters Sampler (V60 Filter & Cold Brew Bag),Dope,395.0,,,,,,"Making your everyday cup of coffee more sustainable, delicious, economical, and rich. Wobh filters are kind on the planet. Handcrafted by Indian artisans using certified organic cotton. These filters age with each brew, giving you longer and better brews with time. Each filter lasts about 3 to 6 months, replacing around 100 paper filters. Features : Perfect for daily use. Made to last. Handcrafted by Indian artisans. Specifications : Size 01 and 02 are for V60 filters. Other filters remain the same.",https://dopecoffee.in/products/wobh-filters-sampler-v60-filter-cold-brew-bag,https://cdn.shopify.com/s/files/1/0179/7695/0848/products/IMG_20210520_173406.jpg?v=1623820580,Quick Brews
Wobh Filters Cold Brew Bags (Pack of 2),Dope,475.0,,,,,,"Making your everyday cup of coffee more sustainable, delicious, economical and rich. Wobh filters are kind on the planet. Handcrafted by Indian artisans using certified organic cotton. These filters age with each brew, giving you longer and better brews with time. Each filter lasts about 3 to 6 months, replacing around 100 paper filters. Features : Perfect for daily use. Made to last. Handcrafted by Indian artisans. Specifications : Height - 16, Width -12",https://dopecoffee.in/products/wobh-filters-cold-brew-bags-pack-of-2,https://cdn.shopify.com/s/files/1/0179/7695/0848/products/DSC_7779a.jpg?v=1623820494,Quick Brews
Kalita Cafe Tall Plastic,Dope,440.0,,,,,,"Kalita Cafe Tall is a unique design, which gives a great body to your liquor because of the innovative 3 hole design for the liquor to flow. Place this dripper directly on top of any coffee cup with an external diameter of 100mm or less and an internal diameter of 60mm or more. Flat bottom filter paper perfectly fits the dripper. Suitable for brewing 1 Cup of Coffee.",https://dopecoffee.in/products/kalita-cafe-tall-plastic,https://cdn.shopify.com/s/files/1/0179/7695/0848/products/7102SamGBYL._AC_SL1500.jpg?v=1622522663,Coffee
Genmai,Dope,575.0,,,"Blonde Chocolate, Japanese Toasted Rice, Raspberry Spoiler alert: This is probably our favourite",,,"Blonde Chocolate, Japanese Toasted Rice, Raspberry Spoiler alert: This is probably our favourite. If any chocolate were the gateway drug to a life in pursuit of high-quality cacao, this would be it. An accessible mix of caramel , sea salt and cooked milk is given the Japanese gift of umami courtesy some Genmai toasted rice . As a final flourish, Chef Prateek freckles it with bits of raspberrie s to give it a nice fruity tartness.",https://dopecoffee.in/products/genmai,https://cdn.shopify.com/s/files/1/0179/7695/0848/products/Genmaicopy.png?v=1597424295,Coffee
Chestnut,Dope,575.0,,,"Ghanaian Milk Chocolate, Candied Chestnuts, Toasted Black Tea Chocolate infused with chestnut black tea for 48 hours",,,"Ghanaian Milk Chocolate, Candied Chestnuts, Toasted Black Tea Chocolate infused with chestnut black tea for 48 hours sounds pretty out there already but of course, Chef Prateek kicked it up a notch higher. To contrast the sweet milk chocolate base for this bar, he’s even added toasted tea flakes from the infusion. Finally, to round up the balance, he’s dotted it with caramelized organic chestnut chips and coarse sea salt because, you know, why be good when you can be perfect?",https://dopecoffee.in/products/chestnut,https://cdn.shopify.com/s/files/1/0179/7695/0848/products/Chestnutcopy.png?v=1597424330,Coffee
Starlet,Dope,575.0,,,"Bold raspberry body for the red, yoghurt for the creaminess and rose petals for a burst of complementary flavour",,,"Ruby, Raspberry Chocolate, Rosepetal Yeah, you clicked cause it was a beautiful deep red bar of chocolate right? It’s cool, we did too. Elegance commands attention without needing to demand it and this bar knows that well. Bold raspberry body for the red, yoghurt for the creaminess and rose petals for a burst of complementary flavour. In case you’re wondering, yes, it does taste as good as it looks.",https://dopecoffee.in/products/starlet,https://cdn.shopify.com/s/files/1/0179/7695/0848/products/Starletcopy.png?v=1597430840,Coffee
Noir,Dope,575.0,,Light Roast,,,,"70% Dark Dominican Cacao, Volcanic Salt A good way to identify high-quality chocolate , like the fantastic Dominican single-origin dark chocolate in this bar, is to see if it comes packed with flavours of its own. Some bars are great just by themselves and this is definitely one of them. Topped off with a light sprinkle of volcanic salt [did you expect any less by now?], this bar keeps it simple and lets the cocoa sing with notes of pineapple , pecans and earl grey .",https://dopecoffee.in/products/noir,https://cdn.shopify.com/s/files/1/0179/7695/0848/products/Noircopy.png?v=1597424369,Coffee
Smoke,Dope,575.0,,,"70% Dark Madagascar Cacao, Cherry Wood, Candied Orange Peel Dark chocolate and orange is a celebrated combo that sits",,,"70% Dark Madagascar Cacao, Cherry Wood, Candied Orange Peel Dark chocolate and orange is a celebrated combo that sits comfortably in the hearts of chocolate fans everywhere. So when Chef Prateek decided to take a stab at it, he knew he had to elevate the game . 70% Madagascar single-origin gets smoked overnight in cherry wood before being paired with in-house candied organic Malta orange . The smoke hits first and disappears while the orange hangs around for the party in your tastebuds.",https://dopecoffee.in/products/smoke,https://cdn.shopify.com/s/files/1/0179/7695/0848/products/Smokecopy.png?v=1597424396,Coffee
DOPE SELECTS,Dope,800.0,,Dark Roast,,Nilgiris,,"50 gram bags each of : Dark Matter Polaris Swarnagiri Nilgiri Mysore Nuggets At Dope, we’re not here to tell you what you should drink. We’re here to help you find the brew that works for you. The Select is a bag of 50 gram sample bags of 5 of our most diverse coffees, for your sipping pleasure. Try em’ out and see which one makes you go ‘Damn that’s some Dope Coffee!’.",https://dopecoffee.in/products/dope-selects,https://cdn.shopify.com/s/files/1/0179/7695/0848/products/WhatsAppImage2020-07-14at20.14.46_2.jpg?v=1594803842,Coffee
DOPE SELECTS,Dope,800.0,Extra Coarse,Dark Roast,,Nilgiris,,"50 gram bags each of : Dark Matter Polaris Swarnagiri Nilgiri Mysore Nuggets At Dope, we’re not here to tell you what you should drink. We’re here to help you find the brew that works for you. The Select is a bag of 50 gram sample bags of 5 of our most diverse coffees, for your sipping pleasure. Try em’ out and see which one makes you go ‘Damn that’s some Dope Coffee!’.",https://dopecoffee.in/products/dope-selects,https://cdn.shopify.com/s/files/1/0179/7695/0848/products/WhatsAppImage2020-07-14at20.14.46_2.jpg?v=1594803842,Coffee
DOPE SELECTS,Dope,800.0,Coarse,Dark Roast,,Nilgiris,,"50 gram bags each of : Dark Matter Polaris Swarnagiri Nilgiri Mysore Nuggets At Dope, we’re not here to tell you what you should drink. We’re here to help you find the brew that works for you. The Select is a bag of 50 gram sample bags of 5 of our most diverse coffees, for your sipping pleasure. Try em’ out and see which one makes you go ‘Damn that’s some Dope Coffee!’.",https://dopecoffee.in/products/dope-selects,https://cdn.shopify.com/s/files/1/0179/7695/0848/products/WhatsAppImage2020-07-14at20.14.46_2.jpg?v=1594803842,Coffee
DOPE SELECTS,Dope,800.0,Medium Coarse,Dark Roast,,Nilgiris,,"50 gram bags each of : Dark Matter Polaris Swarnagiri Nilgiri Mysore Nuggets At Dope, we’re not here to tell you what you should drink. We’re here to help you find the brew that works for you. The Select is a bag of 50 gram sample bags of 5 of our most diverse coffees, for your sipping pleasure. Try em’ out and see which one makes you go ‘Damn that’s some Dope Coffee!’.",https://dopecoffee.in/products/dope-selects,https://cdn.shopify.com/s/files/1/0179/7695/0848/products/WhatsAppImage2020-07-14at20.14.46_2.jpg?v=1594803842,Coffee
DOPE SELECTS,Dope,800.0,Medium,Dark Roast,,Nilgiris,,"50 gram bags each of : Dark Matter Polaris Swarnagiri Nilgiri Mysore Nuggets At Dope, we’re not here to tell you what you should drink. We’re here to help you find the brew that works for you. The Select is a bag of 50 gram sample bags of 5 of our most diverse coffees, for your sipping pleasure. Try em’ out and see which one makes you go ‘Damn that’s some Dope Coffee!’.",https://dopecoffee.in/products/dope-selects,https://cdn.shopify.com/s/files/1/0179/7695/0848/products/WhatsAppImage2020-07-14at20.14.46_2.jpg?v=1594803842,Coffee
DOPE SELECTS,Dope,800.0,Medium Fine,Dark Roast,,Nilgiris,,"50 gram bags each of : Dark Matter Polaris Swarnagiri Nilgiri Mysore Nuggets At Dope, we’re not here to tell you what you should drink. We’re here to help you find the brew that works for you. The Select is a bag of 50 gram sample bags of 5 of our most diverse coffees, for your sipping pleasure. Try em’ out and see which one makes you go ‘Damn that’s some Dope Coffee!’.",https://dopecoffee.in/products/dope-selects,https://cdn.shopify.com/s/files/1/0179/7695/0848/products/WhatsAppImage2020-07-14at20.14.46_2.jpg?v=1594803842,Coffee
DOPE SELECTS,Dope,800.0,Fine,Dark Roast,,Nilgiris,,"50 gram bags each of : Dark Matter Polaris Swarnagiri Nilgiri Mysore Nuggets At Dope, we’re not here to tell you what you should drink. We’re here to help you find the brew that works for you. The Select is a bag of 50 gram sample bags of 5 of our most diverse coffees, for your sipping pleasure. Try em’ out and see which one makes you go ‘Damn that’s some Dope Coffee!’.",https://dopecoffee.in/products/dope-selects,https://cdn.shopify.com/s/files/1/0179/7695/0848/products/WhatsAppImage2020-07-14at20.14.46_2.jpg?v=1594803842,Coffee
DOPE SELECTS,Dope,800.0,Super Fine,Dark Roast,,Nilgiris,,"50 gram bags each of : Dark Matter Polaris Swarnagiri Nilgiri Mysore Nuggets At Dope, we’re not here to tell you what you should drink. We’re here to help you find the brew that works for you. The Select is a bag of 50 gram sample bags of 5 of our most diverse coffees, for your sipping pleasure. Try em’ out and see which one makes you go ‘Damn that’s some Dope Coffee!’.",https://dopecoffee.in/products/dope-selects,https://cdn.shopify.com/s/files/1/0179/7695/0848/products/WhatsAppImage2020-07-14at20.14.46_2.jpg?v=1594803842,Coffee
DOPE TESTERS,Dope,500.0,,,,Baarbara Estate,Monsooned,5 x 50gm Gone through our website and still not sure what to pick? We know that feel. That's why we whipped up this tester set of 50 gram sample bags of 5 of our best sellers so you can try them all before you lock on the Dope that works best for you. Coffees included are: Baarbara AA Estate Swarnagiri Estate Dark Matter Espresso Blend Mysore Nuggets Monsooned Malabar AAA,https://dopecoffee.in/products/dope-testers,https://cdn.shopify.com/s/files/1/0179/7695/0848/products/WEBSITEBGREVGrad-09_e5801289-d1dd-44a2-a282-9137ecf85e08.png?v=1594312620,Coffee
DOPE TESTERS,Dope,500.0,Extra Coarse,,,Baarbara Estate,Monsooned,5 x 50gm Gone through our website and still not sure what to pick? We know that feel. That's why we whipped up this tester set of 50 gram sample bags of 5 of our best sellers so you can try them all before you lock on the Dope that works best for you. Coffees included are: Baarbara AA Estate Swarnagiri Estate Dark Matter Espresso Blend Mysore Nuggets Monsooned Malabar AAA,https://dopecoffee.in/products/dope-testers,https://cdn.shopify.com/s/files/1/0179/7695/0848/products/WEBSITEBGREVGrad-09_e5801289-d1dd-44a2-a282-9137ecf85e08.png?v=1594312620,Coffee
DOPE TESTERS,Dope,500.0,Coarse,,,Baarbara Estate,Monsooned,5 x 50gm Gone through our website and still not sure what to pick? We know that feel. That's why we whipped up this tester set of 50 gram sample bags of 5 of our best sellers so you can try them all before you lock on the Dope that works best for you. Coffees included are: Baarbara AA Estate Swarnagiri Estate Dark Matter Espresso Blend Mysore Nuggets Monsooned Malabar AAA,https://dopecoffee.in/products/dope-testers,https://cdn.shopify.com/s/files/1/0179/7695/0848/products/WEBSITEBGREVGrad-09_e5801289-d1dd-44a2-a282-9137ecf85e08.png?v=1594312620,Coffee
DOPE TESTERS,Dope,500.0,Medium Coarse,,,Baarbara Estate,Monsooned,5 x 50gm Gone through our website and still not sure what to pick? We know that feel. That's why we whipped up this tester set of 50 gram sample bags of 5 of our best sellers so you can try them all before you lock on the Dope that works best for you. Coffees included are: Baarbara AA Estate Swarnagiri Estate Dark Matter Espresso Blend Mysore Nuggets Monsooned Malabar AAA,https://dopecoffee.in/products/dope-testers,https://cdn.shopify.com/s/files/1/0179/7695/0848/products/WEBSITEBGREVGrad-09_e5801289-d1dd-44a2-a282-9137ecf85e08.png?v=1594312620,Coffee
DOPE TESTERS,Dope,500.0,Medium,,,Baarbara Estate,Monsooned,5 x 50gm Gone through our website and still not sure what to pick? We know that feel. That's why we whipped up this tester set of 50 gram sample bags of 5 of our best sellers so you can try them all before you lock on the Dope that works best for you. Coffees included are: Baarbara AA Estate Swarnagiri Estate Dark Matter Espresso Blend Mysore Nuggets Monsooned Malabar AAA,https://dopecoffee.in/products/dope-testers,https://cdn.shopify.com/s/files/1/0179/7695/0848/products/WEBSITEBGREVGrad-09_e5801289-d1dd-44a2-a282-9137ecf85e08.png?v=1594312620,Coffee
DOPE TESTERS,Dope,500.0,Medium Fine,,,Baarbara Estate,Monsooned,5 x 50gm Gone through our website and still not sure what to pick? We know that feel. That's why we whipped up this tester set of 50 gram sample bags of 5 of our best sellers so you can try them all before you lock on the Dope that works best for you. Coffees included are: Baarbara AA Estate Swarnagiri Estate Dark Matter Espresso Blend Mysore Nuggets Monsooned Malabar AAA,https://dopecoffee.in/products/dope-testers,https://cdn.shopify.com/s/files/1/0179/7695/0848/products/WEBSITEBGREVGrad-09_e5801289-d1dd-44a2-a282-9137ecf85e08.png?v=1594312620,Coffee
DOPE TESTERS,Dope,500.0,Fine,,,Baarbara Estate,Monsooned,5 x 50gm Gone through our website and still not sure what to pick? We know that feel. That's why we whipped up this tester set of 50 gram sample bags of 5 of our best sellers so you can try them all before you lock on the Dope that works best for you. Coffees included are: Baarbara AA Estate Swarnagiri Estate Dark Matter Espresso Blend Mysore Nuggets Monsooned Malabar AAA,https://dopecoffee.in/products/dope-testers,https://cdn.shopify.com/s/files/1/0179/7695/0848/products/WEBSITEBGREVGrad-09_e5801289-d1dd-44a2-a282-9137ecf85e08.png?v=1594312620,Coffee
DOPE TESTERS,Dope,500.0,Super Fine,,,Baarbara Estate,Monsooned,5 x 50gm Gone through our website and still not sure what to pick? We know that feel. That's why we whipped up this tester set of 50 gram sample bags of 5 of our best sellers so you can try them all before you lock on the Dope that works best for you. Coffees included are: Baarbara AA Estate Swarnagiri Estate Dark Matter Espresso Blend Mysore Nuggets Monsooned Malabar AAA,https://dopecoffee.in/products/dope-testers,https://cdn.shopify.com/s/files/1/0179/7695/0848/products/WEBSITEBGREVGrad-09_e5801289-d1dd-44a2-a282-9137ecf85e08.png?v=1594312620,Coffee
Surprise Me!,Dope,700.0,,Dark Roast,Our Indian coffees go through a huuuuuuge spectrum of taste notes from the usual dark chocolate to the more out-there,,,"For some of us, the joy is consistency but for others, the joy is in the chaos! Sign up for our subscription with this option and get sent a different bag with every delivery. Our Indian coffees go through a huuuuuuge spectrum of taste notes from the usual dark chocolate to the more out-there flavours like figs and malt. Now with auto-debit, the quickest, easiest and simplest way to try our entire bean catalogue is just one click away. Should you find a favourite from the list, feel free to edit your subscription from the very next order. The choice is always yours.",https://dopecoffee.in/products/surprise-me,https://cdn.shopify.com/s/files/1/0179/7695/0848/products/MysteryBagcopy.png?v=1593092914,Coffee
Surprise Me!,Dope,700.0,Extra Coarse,Dark Roast,Our Indian coffees go through a huuuuuuge spectrum of taste notes from the usual dark chocolate to the more out-there,,,"For some of us, the joy is consistency but for others, the joy is in the chaos! Sign up for our subscription with this option and get sent a different bag with every delivery. Our Indian coffees go through a huuuuuuge spectrum of taste notes from the usual dark chocolate to the more out-there flavours like figs and malt. Now with auto-debit, the quickest, easiest and simplest way to try our entire bean catalogue is just one click away. Should you find a favourite from the list, feel free to edit your subscription from the very next order. The choice is always yours.",https://dopecoffee.in/products/surprise-me,https://cdn.shopify.com/s/files/1/0179/7695/0848/products/MysteryBagcopy.png?v=1593092914,Coffee
Surprise Me!,Dope,700.0,Coarse,Dark Roast,Our Indian coffees go through a huuuuuuge spectrum of taste notes from the usual dark chocolate to the more out-there,,,"For some of us, the joy is consistency but for others, the joy is in the chaos! Sign up for our subscription with this option and get sent a different bag with every delivery. Our Indian coffees go through a huuuuuuge spectrum of taste notes from the usual dark chocolate to the more out-there flavours like figs and malt. Now with auto-debit, the quickest, easiest and simplest way to try our entire bean catalogue is just one click away. Should you find a favourite from the list, feel free to edit your subscription from the very next order. The choice is always yours.",https://dopecoffee.in/products/surprise-me,https://cdn.shopify.com/s/files/1/0179/7695/0848/products/MysteryBagcopy.png?v=1593092914,Coffee
Surprise Me!,Dope,700.0,Medium Coarse,Dark Roast,Our Indian coffees go through a huuuuuuge spectrum of taste notes from the usual dark chocolate to the more out-there,,,"For some of us, the joy is consistency but for others, the joy is in the chaos! Sign up for our subscription with this option and get sent a different bag with every delivery. Our Indian coffees go through a huuuuuuge spectrum of taste notes from the usual dark chocolate to the more out-there flavours like figs and malt. Now with auto-debit, the quickest, easiest and simplest way to try our entire bean catalogue is just one click away. Should you find a favourite from the list, feel free to edit your subscription from the very next order. The choice is always yours.",https://dopecoffee.in/products/surprise-me,https://cdn.shopify.com/s/files/1/0179/7695/0848/products/MysteryBagcopy.png?v=1593092914,Coffee
Surprise Me!,Dope,700.0,Medium,Dark Roast,Our Indian coffees go through a huuuuuuge spectrum of taste notes from the usual dark chocolate to the more out-there,,,"For some of us, the joy is consistency but for others, the joy is in the chaos! Sign up for our subscription with this option and get sent a different bag with every delivery. Our Indian coffees go through a huuuuuuge spectrum of taste notes from the usual dark chocolate to the more out-there flavours like figs and malt. Now with auto-debit, the quickest, easiest and simplest way to try our entire bean catalogue is just one click away. Should you find a favourite from the list, feel free to edit your subscription from the very next order. The choice is always yours.",https://dopecoffee.in/products/surprise-me,https://cdn.shopify.com/s/files/1/0179/7695/0848/products/MysteryBagcopy.png?v=1593092914,Coffee
Surprise Me!,Dope,700.0,Medium Fine,Dark Roast,Our Indian coffees go through a huuuuuuge spectrum of taste notes from the usual dark chocolate to the more out-there,,,"For some of us, the joy is consistency but for others, the joy is in the chaos! Sign up for our subscription with this option and get sent a different bag with every delivery. Our Indian coffees go through a huuuuuuge spectrum of taste notes from the usual dark chocolate to the more out-there flavours like figs and malt. Now with auto-debit, the quickest, easiest and simplest way to try our entire bean catalogue is just one click away. Should you find a favourite from the list, feel free to edit your subscription from the very next order. The choice is always yours.",https://dopecoffee.in/products/surprise-me,https://cdn.shopify.com/s/files/1/0179/7695/0848/products/MysteryBagcopy.png?v=1593092914,Coffee
Surprise Me!,Dope,700.0,Fine,Dark Roast,Our Indian coffees go through a huuuuuuge spectrum of taste notes from the usual dark chocolate to the more out-there,,,"For some of us, the joy is consistency but for others, the joy is in the chaos! Sign up for our subscription with this option and get sent a different bag with every delivery. Our Indian coffees go through a huuuuuuge spectrum of taste notes from the usual dark chocolate to the more out-there flavours like figs and malt. Now with auto-debit, the quickest, easiest and simplest way to try our entire bean catalogue is just one click away. Should you find a favourite from the list, feel free to edit your subscription from the very next order. The choice is always yours.",https://dopecoffee.in/products/surprise-me,https://cdn.shopify.com/s/files/1/0179/7695/0848/products/MysteryBagcopy.png?v=1593092914,Coffee
Surprise Me!,Dope,700.0,Super Fine,Dark Roast,Our Indian coffees go through a huuuuuuge spectrum of taste notes from the usual dark chocolate to the more out-there,,,"For some of us, the joy is consistency but for others, the joy is in the chaos! Sign up for our subscription with this option and get sent a different bag with every delivery. Our Indian coffees go through a huuuuuuge spectrum of taste notes from the usual dark chocolate to the more out-there flavours like figs and malt. Now with auto-debit, the quickest, easiest and simplest way to try our entire bean catalogue is just one click away. Should you find a favourite from the list, feel free to edit your subscription from the very next order. The choice is always yours.",https://dopecoffee.in/products/surprise-me,https://cdn.shopify.com/s/files/1/0179/7695/0848/products/MysteryBagcopy.png?v=1593092914,Coffee
French Press Starter Kit,Dope,2715.0,BAARBARA ESTATE AA / Red,,,,,"Love coffee that’s bold, intense and flavourful? Then this French Press kit has your name written all over it. The kit comes with 1 x Cafe Slim 1 cup French Press 1 x 12-gram Measuring Spoon 1 x Domestic Coffee of Your Choice",https://dopecoffee.in/products/french-press-starter-kit-1,https://cdn.shopify.com/s/files/1/0179/7695/0848/files/20260226_2317_Coffee_Brewing_Delight_remix_01kjdgyf7sfqz9sc3h303kvn4j.png?v=1772128099,Accessories
French Press Starter Kit,Dope,2715.0,BAARBARA ESTATE AA / Black,,,,,"Love coffee that’s bold, intense and flavourful? Then this French Press kit has your name written all over it. The kit comes with 1 x Cafe Slim 1 cup French Press 1 x 12-gram Measuring Spoon 1 x Domestic Coffee of Your Choice",https://dopecoffee.in/products/french-press-starter-kit-1,https://cdn.shopify.com/s/files/1/0179/7695/0848/files/20260226_2317_Coffee_Brewing_Delight_remix_01kjdgyf7sfqz9sc3h303kvn4j.png?v=1772128099,Accessories
French Press Starter Kit,Dope,2930.0,BALMAADI ORGANIC & BIO-DYNAMIC / Red,,,,,"Love coffee that’s bold, intense and flavourful? Then this French Press kit has your name written all over it. The kit comes with 1 x Cafe Slim 1 cup French Press 1 x 12-gram Measuring Spoon 1 x Domestic Coffee of Your Choice",https://dopecoffee.in/products/french-press-starter-kit-1,https://cdn.shopify.com/s/files/1/0179/7695/0848/files/20260226_2317_Coffee_Brewing_Delight_remix_01kjdgyf7sfqz9sc3h303kvn4j.png?v=1772128099,Accessories
French Press Starter Kit,Dope,2930.0,BALMAADI ORGANIC & BIO-DYNAMIC / Black,,,,,"Love coffee that’s bold, intense and flavourful? Then this French Press kit has your name written all over it. The kit comes with 1 x Cafe Slim 1 cup French Press 1 x 12-gram Measuring Spoon 1 x Domestic Coffee of Your Choice",https://dopecoffee.in/products/french-press-starter-kit-1,https://cdn.shopify.com/s/files/1/0179/7695/0848/files/20260226_2317_Coffee_Brewing_Delight_remix_01kjdgyf7sfqz9sc3h303kvn4j.png?v=1772128099,Accessories
French Press Starter Kit,Dope,2645.0,KALLEDEVARAPURA ESTATE / Red,,,,,"Love coffee that’s bold, intense and flavourful? Then this French Press kit has your name written all over it. The kit comes with 1 x Cafe Slim 1 cup French Press 1 x 12-gram Measuring Spoon 1 x Domestic Coffee of Your Choice",https://dopecoffee.in/products/french-press-starter-kit-1,https://cdn.shopify.com/s/files/1/0179/7695/0848/files/20260226_2317_Coffee_Brewing_Delight_remix_01kjdgyf7sfqz9sc3h303kvn4j.png?v=1772128099,Accessories
French Press Starter Kit,Dope,2645.0,KALLEDEVARAPURA ESTATE / Black,,,,,"Love coffee that’s bold, intense and flavourful? Then this French Press kit has your name written all over it. The kit comes with 1 x Cafe Slim 1 cup French Press 1 x 12-gram Measuring Spoon 1 x Domestic Coffee of Your Choice",https://dopecoffee.in/products/french-press-starter-kit-1,https://cdn.shopify.com/s/files/1/0179/7695/0848/files/20260226_2317_Coffee_Brewing_Delight_remix_01kjdgyf7sfqz9sc3h303kvn4j.png?v=1772128099,Accessories
French Press Starter Kit,Dope,2590.0,NILGIRI ESTATE / Red,,,,,"Love coffee that’s bold, intense and flavourful? Then this French Press kit has your name written all over it. The kit comes with 1 x Cafe Slim 1 cup French Press 1 x 12-gram Measuring Spoon 1 x Domestic Coffee of Your Choice",https://dopecoffee.in/products/french-press-starter-kit-1,https://cdn.shopify.com/s/files/1/0179/7695/0848/files/20260226_2317_Coffee_Brewing_Delight_remix_01kjdgyf7sfqz9sc3h303kvn4j.png?v=1772128099,Accessories
French Press Starter Kit,Dope,2590.0,NILGIRI ESTATE / Black,,,,,"Love coffee that’s bold, intense and flavourful? Then this French Press kit has your name written all over it. The kit comes with 1 x Cafe Slim 1 cup French Press 1 x 12-gram Measuring Spoon 1 x Domestic Coffee of Your Choice",https://dopecoffee.in/products/french-press-starter-kit-1,https://cdn.shopify.com/s/files/1/0179/7695/0848/files/20260226_2317_Coffee_Brewing_Delight_remix_01kjdgyf7sfqz9sc3h303kvn4j.png?v=1772128099,Accessories
French Press Starter Kit,Dope,2690.0,SWARNAGIRI ESTATE / Red,,,,,"Love coffee that’s bold, intense and flavourful? Then this French Press kit has your name written all over it. The kit comes with 1 x Cafe Slim 1 cup French Press 1 x 12-gram Measuring Spoon 1 x Domestic Coffee of Your Choice",https://dopecoffee.in/products/french-press-starter-kit-1,https://cdn.shopify.com/s/files/1/0179/7695/0848/files/20260226_2317_Coffee_Brewing_Delight_remix_01kjdgyf7sfqz9sc3h303kvn4j.png?v=1772128099,Accessories
French Press Starter Kit,Dope,2690.0,SWARNAGIRI ESTATE / Black,,,,,"Love coffee that’s bold, intense and flavourful? Then this French Press kit has your name written all over it. The kit comes with 1 x Cafe Slim 1 cup French Press 1 x 12-gram Measuring Spoon 1 x Domestic Coffee of Your Choice",https://dopecoffee.in/products/french-press-starter-kit-1,https://cdn.shopify.com/s/files/1/0179/7695/0848/files/20260226_2317_Coffee_Brewing_Delight_remix_01kjdgyf7sfqz9sc3h303kvn4j.png?v=1772128099,Accessories
French Press Starter Kit,Dope,2725.0,MONSOONED MALABAR AAA / Red,,,,,"Love coffee that’s bold, intense and flavourful? Then this French Press kit has your name written all over it. The kit comes with 1 x Cafe Slim 1 cup French Press 1 x 12-gram Measuring Spoon 1 x Domestic Coffee of Your Choice",https://dopecoffee.in/products/french-press-starter-kit-1,https://cdn.shopify.com/s/files/1/0179/7695/0848/files/20260226_2317_Coffee_Brewing_Delight_remix_01kjdgyf7sfqz9sc3h303kvn4j.png?v=1772128099,Accessories
French Press Starter Kit,Dope,2725.0,MONSOONED MALABAR AAA / Black,,,,,"Love coffee that’s bold, intense and flavourful? Then this French Press kit has your name written all over it. The kit comes with 1 x Cafe Slim 1 cup French Press 1 x 12-gram Measuring Spoon 1 x Domestic Coffee of Your Choice",https://dopecoffee.in/products/french-press-starter-kit-1,https://cdn.shopify.com/s/files/1/0179/7695/0848/files/20260226_2317_Coffee_Brewing_Delight_remix_01kjdgyf7sfqz9sc3h303kvn4j.png?v=1772128099,Accessories
French Press Starter Kit,Dope,2670.0,MYSORE NUGGETS / Red,,,,,"Love coffee that’s bold, intense and flavourful? Then this French Press kit has your name written all over it. The kit comes with 1 x Cafe Slim 1 cup French Press 1 x 12-gram Measuring Spoon 1 x Domestic Coffee of Your Choice",https://dopecoffee.in/products/french-press-starter-kit-1,https://cdn.shopify.com/s/files/1/0179/7695/0848/files/20260226_2317_Coffee_Brewing_Delight_remix_01kjdgyf7sfqz9sc3h303kvn4j.png?v=1772128099,Accessories
French Press Starter Kit,Dope,2670.0,MYSORE NUGGETS / Black,,,,,"Love coffee that’s bold, intense and flavourful? Then this French Press kit has your name written all over it. The kit comes with 1 x Cafe Slim 1 cup French Press 1 x 12-gram Measuring Spoon 1 x Domestic Coffee of Your Choice",https://dopecoffee.in/products/french-press-starter-kit-1,https://cdn.shopify.com/s/files/1/0179/7695/0848/files/20260226_2317_Coffee_Brewing_Delight_remix_01kjdgyf7sfqz9sc3h303kvn4j.png?v=1772128099,Accessories
French Press Starter Kit,Dope,2640.0,DARK MATTER / Red,,,,,"Love coffee that’s bold, intense and flavourful? Then this French Press kit has your name written all over it. The kit comes with 1 x Cafe Slim 1 cup French Press 1 x 12-gram Measuring Spoon 1 x Domestic Coffee of Your Choice",https://dopecoffee.in/products/french-press-starter-kit-1,https://cdn.shopify.com/s/files/1/0179/7695/0848/files/20260226_2317_Coffee_Brewing_Delight_remix_01kjdgyf7sfqz9sc3h303kvn4j.png?v=1772128099,Accessories
French Press Starter Kit,Dope,2640.0,DARK MATTER / Black,,,,,"Love coffee that’s bold, intense and flavourful? Then this French Press kit has your name written all over it. The kit comes with 1 x Cafe Slim 1 cup French Press 1 x 12-gram Measuring Spoon 1 x Domestic Coffee of Your Choice",https://dopecoffee.in/products/french-press-starter-kit-1,https://cdn.shopify.com/s/files/1/0179/7695/0848/files/20260226_2317_Coffee_Brewing_Delight_remix_01kjdgyf7sfqz9sc3h303kvn4j.png?v=1772128099,Accessories
Measuring Spoon 12gm,Dope,1290.0,Silver,,,,,To ensure your coffee measurements are on point always. CAPACITY: Coffee grounds 12g,https://dopecoffee.in/products/measuring-spoon-12-gm,https://cdn.shopify.com/s/files/1/0179/7695/0848/products/mXYu7CSMbhBqUjVod3Fa_84.jpg?v=1618992281,Coffee
Measuring Spoon 12gm,Dope,1190.0,Black Matte,,,,,To ensure your coffee measurements are on point always. CAPACITY: Coffee grounds 12g,https://dopecoffee.in/products/measuring-spoon-12-gm,https://cdn.shopify.com/s/files/1/0179/7695/0848/products/mXYu7CSMbhBqUjVod3Fa_84.jpg?v=1618992281,Coffee
Measuring Spoon 12gm,Dope,1290.0,Copper,,,,,To ensure your coffee measurements are on point always. CAPACITY: Coffee grounds 12g,https://dopecoffee.in/products/measuring-spoon-12-gm,https://cdn.shopify.com/s/files/1/0179/7695/0848/products/mXYu7CSMbhBqUjVod3Fa_84.jpg?v=1618992281,Coffee
Measuring Spoon 12gm,Dope,690.0,Cyramic,,,,,To ensure your coffee measurements are on point always. CAPACITY: Coffee grounds 12g,https://dopecoffee.in/products/measuring-spoon-12-gm,https://cdn.shopify.com/s/files/1/0179/7695/0848/products/mXYu7CSMbhBqUjVod3Fa_84.jpg?v=1618992281,Coffee
Measuring Spoon 12gm,Dope,1290.0,Plastic White,,,,,To ensure your coffee measurements are on point always. CAPACITY: Coffee grounds 12g,https://dopecoffee.in/products/measuring-spoon-12-gm,https://cdn.shopify.com/s/files/1/0179/7695/0848/products/mXYu7CSMbhBqUjVod3Fa_84.jpg?v=1618992281,Coffee
V60 Dripper & Server Combo,Dope,2590.0,Red,,,,,"Coffee Server Hario Red Dripper Set comes with a measuring spoon, a paper coffee filter and Dripper server Hario Circular Design Plastic Dripper All glass coffee server Heatproof glass Microwave safe",https://dopecoffee.in/products/v60-dripper-server-combo-600ml,https://cdn.shopify.com/s/files/1/0179/7695/0848/products/VCSD-02CBR-2.jpg?v=1557249941,Accessories
V60 Dripper & Server Combo,Dope,2590.0,Chocolate Brown,,,,,"Coffee Server Hario Red Dripper Set comes with a measuring spoon, a paper coffee filter and Dripper server Hario Circular Design Plastic Dripper All glass coffee server Heatproof glass Microwave safe",https://dopecoffee.in/products/v60-dripper-server-combo-600ml,https://cdn.shopify.com/s/files/1/0179/7695/0848/products/VCSD-02CBR-2.jpg?v=1557249941,Accessories
V60 Dripper & Server Combo,Dope,1980.0,Transparent,,,,,"Coffee Server Hario Red Dripper Set comes with a measuring spoon, a paper coffee filter and Dripper server Hario Circular Design Plastic Dripper All glass coffee server Heatproof glass Microwave safe",https://dopecoffee.in/products/v60-dripper-server-combo-600ml,https://cdn.shopify.com/s/files/1/0179/7695/0848/products/VCSD-02CBR-2.jpg?v=1557249941,Accessories
Drip Scale & Timer,Dope,7640.0,White,,,,,"Requirements for brewing delicious coffee. In order to brew delicious coffee, extraction quantity and extraction time is essential. The V60 drip scale is used to simultaneously measure both of these factors.",https://dopecoffee.in/products/drip-scale-timer,https://cdn.shopify.com/s/files/1/0179/7695/0848/products/VST-2000B-1.jpg?v=1587195546,Accessories
Drip Scale & Timer,Dope,7640.0,Black,,,,,"Requirements for brewing delicious coffee. In order to brew delicious coffee, extraction quantity and extraction time is essential. The V60 drip scale is used to simultaneously measure both of these factors.",https://dopecoffee.in/products/drip-scale-timer,https://cdn.shopify.com/s/files/1/0179/7695/0848/products/VST-2000B-1.jpg?v=1587195546,Accessories
Aeropress Coffee Maker,Dope,4150.0,,Light Roast,,,,"Simple , portable and easy to use , the AeroPress has quickly become one of the cult faves for coffee fans worldwide . With a deep immersion and a short steep time , it gives full-bodied cups of coffee that are low on bitterness and high on flavour . Strained by using pressure to push the brew through a microfilter paper discs , the Aeropress can easily brew light, delicious black coffee as well as thick concentrated homebrews that are closer to espresso territory. Since it's made from Phthalate and BPA free plastic , it's super resilient and ridiculously easy to clean too! Remember that last brewer that broke in the sink? Yeah, that's never happening again. Ever. If you're looking for a brewer you can take with you everywhere you go to satisfy your chase for mindblowing coffee whenever you want it - this is it . Assembled measurements: 9 1/2"" h X 4"" w X 4"" d Each AeroPress Kit includes: AeroPress Plunger Chamber Lid Funnel Scoop Stirrer 350 microfilters discs Filter holder",https://dopecoffee.in/products/aeropress-coffee-maker,https://cdn.shopify.com/s/files/1/0179/7695/0848/files/Aeropress1.jpg?v=1690888297,Accessories
Cold Brew Starter Kit,Dope,1850.0,,,,,,"Love coffee but it's too hot where you live to drink a steaming brew every day? Man, sounds like you need to whip up some Cold Brew. And this kit has got everything you need to get started. The kit comes with 1 x Hario Mizudashi (600ml) 1 x 12-gram Measuring Spoon 1 x Polaris Cold Brew Blend",https://dopecoffee.in/products/cold-brew-starter-kit-1,https://cdn.shopify.com/s/files/1/0179/7695/0848/files/20260226_2306_Image_Generation_remix_01kjdgamzaf9gakwby8a403rwc.png?v=1772127682,Coffee
Cold Brew Starter Kit,Dope,1850.0,,,,,,"Love coffee but it's too hot where you live to drink a steaming brew every day? Man, sounds like you need to whip up some Cold Brew. And this kit has got everything you need to get started. The kit comes with 1 x Hario Mizudashi (600ml) 1 x 12-gram Measuring Spoon 1 x Polaris Cold Brew Blend",https://dopecoffee.in/products/cold-brew-starter-kit-1,https://cdn.shopify.com/s/files/1/0179/7695/0848/files/20260226_2306_Image_Generation_remix_01kjdgamzaf9gakwby8a403rwc.png?v=1772127682,Coffee
Cold Brew Starter Kit,Dope,1850.0,,,,,,"Love coffee but it's too hot where you live to drink a steaming brew every day? Man, sounds like you need to whip up some Cold Brew. And this kit has got everything you need to get started. The kit comes with 1 x Hario Mizudashi (600ml) 1 x 12-gram Measuring Spoon 1 x Polaris Cold Brew Blend",https://dopecoffee.in/products/cold-brew-starter-kit-1,https://cdn.shopify.com/s/files/1/0179/7695/0848/files/20260226_2306_Image_Generation_remix_01kjdgamzaf9gakwby8a403rwc.png?v=1772127682,Coffee
Pour Over Starter Kit,Dope,2505.0,BAARBARA ESTATE AA / Red,Light Roast,,,,"Are you looking have complete control over your brew to make coffees that are clear, complex and light? This pour over kit is designed to do just that. The kit comes with. 1 x 2 cup Hario V60 1 x 12-gram Measuring Spoon 1 x 600 ml glass Server 1 x 40 piece set of V60 Filter Papers 1 x Domestic Coffee of Your Choice",https://dopecoffee.in/products/pour-over-starter-kit,https://cdn.shopify.com/s/files/1/0179/7695/0848/files/20260226_2321_Image_Generation_remix_01kjdh6rr7fs6bdk8v810tvdd5.png?v=1772128351,Accessories
Pour Over Starter Kit,Dope,2505.0,BAARBARA ESTATE AA / Brown,Light Roast,,,,"Are you looking have complete control over your brew to make coffees that are clear, complex and light? This pour over kit is designed to do just that. The kit comes with. 1 x 2 cup Hario V60 1 x 12-gram Measuring Spoon 1 x 600 ml glass Server 1 x 40 piece set of V60 Filter Papers 1 x Domestic Coffee of Your Choice",https://dopecoffee.in/products/pour-over-starter-kit,https://cdn.shopify.com/s/files/1/0179/7695/0848/files/20260226_2321_Image_Generation_remix_01kjdh6rr7fs6bdk8v810tvdd5.png?v=1772128351,Accessories
Pour Over Starter Kit,Dope,2720.0,BALMAADI ORGANIC & BIO-DYNAMIC / Red,Light Roast,,,,"Are you looking have complete control over your brew to make coffees that are clear, complex and light? This pour over kit is designed to do just that. The kit comes with. 1 x 2 cup Hario V60 1 x 12-gram Measuring Spoon 1 x 600 ml glass Server 1 x 40 piece set of V60 Filter Papers 1 x Domestic Coffee of Your Choice",https://dopecoffee.in/products/pour-over-starter-kit,https://cdn.shopify.com/s/files/1/0179/7695/0848/files/20260226_2321_Image_Generation_remix_01kjdh6rr7fs6bdk8v810tvdd5.png?v=1772128351,Accessories
Pour Over Starter Kit,Dope,2720.0,BALMAADI ORGANIC & BIO-DYNAMIC / Brown,Light Roast,,,,"Are you looking have complete control over your brew to make coffees that are clear, complex and light? This pour over kit is designed to do just that. The kit comes with. 1 x 2 cup Hario V60 1 x 12-gram Measuring Spoon 1 x 600 ml glass Server 1 x 40 piece set of V60 Filter Papers 1 x Domestic Coffee of Your Choice",https://dopecoffee.in/products/pour-over-starter-kit,https://cdn.shopify.com/s/files/1/0179/7695/0848/files/20260226_2321_Image_Generation_remix_01kjdh6rr7fs6bdk8v810tvdd5.png?v=1772128351,Accessories
Pour Over Starter Kit,Dope,2435.0,KALLEDEVARAPURA ESTAE / Red,Light Roast,,,,"Are you looking have complete control over your brew to make coffees that are clear, complex and light? This pour over kit is designed to do just that. The kit comes with. 1 x 2 cup Hario V60 1 x 12-gram Measuring Spoon 1 x 600 ml glass Server 1 x 40 piece set of V60 Filter Papers 1 x Domestic Coffee of Your Choice",https://dopecoffee.in/products/pour-over-starter-kit,https://cdn.shopify.com/s/files/1/0179/7695/0848/files/20260226_2321_Image_Generation_remix_01kjdh6rr7fs6bdk8v810tvdd5.png?v=1772128351,Accessories
Pour Over Starter Kit,Dope,2435.0,KALLEDEVARAPURA ESTAE / Brown,Light Roast,,,,"Are you looking have complete control over your brew to make coffees that are clear, complex and light? This pour over kit is designed to do just that. The kit comes with. 1 x 2 cup Hario V60 1 x 12-gram Measuring Spoon 1 x 600 ml glass Server 1 x 40 piece set of V60 Filter Papers 1 x Domestic Coffee of Your Choice",https://dopecoffee.in/products/pour-over-starter-kit,https://cdn.shopify.com/s/files/1/0179/7695/0848/files/20260226_2321_Image_Generation_remix_01kjdh6rr7fs6bdk8v810tvdd5.png?v=1772128351,Accessories
Pour Over Starter Kit,Dope,2380.0,NILGIRI ESTATE / Red,Light Roast,,,,"Are you looking have complete control over your brew to make coffees that are clear, complex and light? This pour over kit is designed to do just that. The kit comes with. 1 x 2 cup Hario V60 1 x 12-gram Measuring Spoon 1 x 600 ml glass Server 1 x 40 piece set of V60 Filter Papers 1 x Domestic Coffee of Your Choice",https://dopecoffee.in/products/pour-over-starter-kit,https://cdn.shopify.com/s/files/1/0179/7695/0848/files/20260226_2321_Image_Generation_remix_01kjdh6rr7fs6bdk8v810tvdd5.png?v=1772128351,Accessories
Pour Over Starter Kit,Dope,2380.0,NILGIRI ESTATE / Brown,Light Roast,,,,"Are you looking have complete control over your brew to make coffees that are clear, complex and light? This pour over kit is designed to do just that. The kit comes with. 1 x 2 cup Hario V60 1 x 12-gram Measuring Spoon 1 x 600 ml glass Server 1 x 40 piece set of V60 Filter Papers 1 x Domestic Coffee of Your Choice",https://dopecoffee.in/products/pour-over-starter-kit,https://cdn.shopify.com/s/files/1/0179/7695/0848/files/20260226_2321_Image_Generation_remix_01kjdh6rr7fs6bdk8v810tvdd5.png?v=1772128351,Accessories
Pour Over Starter Kit,Dope,2480.0,SWARNAGIRI ESTATE / Red,Light Roast,,,,"Are you looking have complete control over your brew to make coffees that are clear, complex and light? This pour over kit is designed to do just that. The kit comes with. 1 x 2 cup Hario V60 1 x 12-gram Measuring Spoon 1 x 600 ml glass Server 1 x 40 piece set of V60 Filter Papers 1 x Domestic Coffee of Your Choice",https://dopecoffee.in/products/pour-over-starter-kit,https://cdn.shopify.com/s/files/1/0179/7695/0848/files/20260226_2321_Image_Generation_remix_01kjdh6rr7fs6bdk8v810tvdd5.png?v=1772128351,Accessories
Pour Over Starter Kit,Dope,2480.0,SWARNAGIRI ESTATE / Brown,Light Roast,,,,"Are you looking have complete control over your brew to make coffees that are clear, complex and light? This pour over kit is designed to do just that. The kit comes with. 1 x 2 cup Hario V60 1 x 12-gram Measuring Spoon 1 x 600 ml glass Server 1 x 40 piece set of V60 Filter Papers 1 x Domestic Coffee of Your Choice",https://dopecoffee.in/products/pour-over-starter-kit,https://cdn.shopify.com/s/files/1/0179/7695/0848/files/20260226_2321_Image_Generation_remix_01kjdh6rr7fs6bdk8v810tvdd5.png?v=1772128351,Accessories
Pour Over Starter Kit,Dope,2515.0,MONSOONED MALABAR AAA / Red,Light Roast,,,,"Are you looking have complete control over your brew to make coffees that are clear, complex and light? This pour over kit is designed to do just that. The kit comes with. 1 x 2 cup Hario V60 1 x 12-gram Measuring Spoon 1 x 600 ml glass Server 1 x 40 piece set of V60 Filter Papers 1 x Domestic Coffee of Your Choice",https://dopecoffee.in/products/pour-over-starter-kit,https://cdn.shopify.com/s/files/1/0179/7695/0848/files/20260226_2321_Image_Generation_remix_01kjdh6rr7fs6bdk8v810tvdd5.png?v=1772128351,Accessories
Pour Over Starter Kit,Dope,2515.0,MONSOONED MALABAR AAA / Brown,Light Roast,,,,"Are you looking have complete control over your brew to make coffees that are clear, complex and light? This pour over kit is designed to do just that. The kit comes with. 1 x 2 cup Hario V60 1 x 12-gram Measuring Spoon 1 x 600 ml glass Server 1 x 40 piece set of V60 Filter Papers 1 x Domestic Coffee of Your Choice",https://dopecoffee.in/products/pour-over-starter-kit,https://cdn.shopify.com/s/files/1/0179/7695/0848/files/20260226_2321_Image_Generation_remix_01kjdh6rr7fs6bdk8v810tvdd5.png?v=1772128351,Accessories
Pour Over Starter Kit,Dope,2460.0,MYSORE NUGGETS / Red,Light Roast,,,,"Are you looking have complete control over your brew to make coffees that are clear, complex and light? This pour over kit is designed to do just that. The kit comes with. 1 x 2 cup Hario V60 1 x 12-gram Measuring Spoon 1 x 600 ml glass Server 1 x 40 piece set of V60 Filter Papers 1 x Domestic Coffee of Your Choice",https://dopecoffee.in/products/pour-over-starter-kit,https://cdn.shopify.com/s/files/1/0179/7695/0848/files/20260226_2321_Image_Generation_remix_01kjdh6rr7fs6bdk8v810tvdd5.png?v=1772128351,Accessories
Pour Over Starter Kit,Dope,2460.0,MYSORE NUGGETS / Brown,Light Roast,,,,"Are you looking have complete control over your brew to make coffees that are clear, complex and light? This pour over kit is designed to do just that. The kit comes with. 1 x 2 cup Hario V60 1 x 12-gram Measuring Spoon 1 x 600 ml glass Server 1 x 40 piece set of V60 Filter Papers 1 x Domestic Coffee of Your Choice",https://dopecoffee.in/products/pour-over-starter-kit,https://cdn.shopify.com/s/files/1/0179/7695/0848/files/20260226_2321_Image_Generation_remix_01kjdh6rr7fs6bdk8v810tvdd5.png?v=1772128351,Accessories
Pour Over Starter Kit,Dope,2430.0,DARK MATTER / Red,Light Roast,,,,"Are you looking have complete control over your brew to make coffees that are clear, complex and light? This pour over kit is designed to do just that. The kit comes with. 1 x 2 cup Hario V60 1 x 12-gram Measuring Spoon 1 x 600 ml glass Server 1 x 40 piece set of V60 Filter Papers 1 x Domestic Coffee of Your Choice",https://dopecoffee.in/products/pour-over-starter-kit,https://cdn.shopify.com/s/files/1/0179/7695/0848/files/20260226_2321_Image_Generation_remix_01kjdh6rr7fs6bdk8v810tvdd5.png?v=1772128351,Accessories
Pour Over Starter Kit,Dope,2430.0,DARK MATTER / Brown,Light Roast,,,,"Are you looking have complete control over your brew to make coffees that are clear, complex and light? This pour over kit is designed to do just that. The kit comes with. 1 x 2 cup Hario V60 1 x 12-gram Measuring Spoon 1 x 600 ml glass Server 1 x 40 piece set of V60 Filter Papers 1 x Domestic Coffee of Your Choice",https://dopecoffee.in/products/pour-over-starter-kit,https://cdn.shopify.com/s/files/1/0179/7695/0848/files/20260226_2321_Image_Generation_remix_01kjdh6rr7fs6bdk8v810tvdd5.png?v=1772128351,Accessories
Pour Over Starter Kit,Dope,2505.0,BAARBARA ESTATE AA / Transparent,Light Roast,,,,"Are you looking have complete control over your brew to make coffees that are clear, complex and light? This pour over kit is designed to do just that. The kit comes with. 1 x 2 cup Hario V60 1 x 12-gram Measuring Spoon 1 x 600 ml glass Server 1 x 40 piece set of V60 Filter Papers 1 x Domestic Coffee of Your Choice",https://dopecoffee.in/products/pour-over-starter-kit,https://cdn.shopify.com/s/files/1/0179/7695/0848/files/20260226_2321_Image_Generation_remix_01kjdh6rr7fs6bdk8v810tvdd5.png?v=1772128351,Accessories
Pour Over Starter Kit,Dope,2720.0,BALMAADI ORGANIC & BIO-DYNAMIC / Transparent,Light Roast,,,,"Are you looking have complete control over your brew to make coffees that are clear, complex and light? This pour over kit is designed to do just that. The kit comes with. 1 x 2 cup Hario V60 1 x 12-gram Measuring Spoon 1 x 600 ml glass Server 1 x 40 piece set of V60 Filter Papers 1 x Domestic Coffee of Your Choice",https://dopecoffee.in/products/pour-over-starter-kit,https://cdn.shopify.com/s/files/1/0179/7695/0848/files/20260226_2321_Image_Generation_remix_01kjdh6rr7fs6bdk8v810tvdd5.png?v=1772128351,Accessories
Pour Over Starter Kit,Dope,2435.0,KALLEDEVRAPURA ESTATE / Transparent,Light Roast,,,,"Are you looking have complete control over your brew to make coffees that are clear, complex and light? This pour over kit is designed to do just that. The kit comes with. 1 x 2 cup Hario V60 1 x 12-gram Measuring Spoon 1 x 600 ml glass Server 1 x 40 piece set of V60 Filter Papers 1 x Domestic Coffee of Your Choice",https://dopecoffee.in/products/pour-over-starter-kit,https://cdn.shopify.com/s/files/1/0179/7695/0848/files/20260226_2321_Image_Generation_remix_01kjdh6rr7fs6bdk8v810tvdd5.png?v=1772128351,Accessories
Pour Over Starter Kit,Dope,2380.0,NILGIRI ESTATE / Transparent,Light Roast,,,,"Are you looking have complete control over your brew to make coffees that are clear, complex and light? This pour over kit is designed to do just that. The kit comes with. 1 x 2 cup Hario V60 1 x 12-gram Measuring Spoon 1 x 600 ml glass Server 1 x 40 piece set of V60 Filter Papers 1 x Domestic Coffee of Your Choice",https://dopecoffee.in/products/pour-over-starter-kit,https://cdn.shopify.com/s/files/1/0179/7695/0848/files/20260226_2321_Image_Generation_remix_01kjdh6rr7fs6bdk8v810tvdd5.png?v=1772128351,Accessories
Pour Over Starter Kit,Dope,2430.0,DARK MATTER / Transparent,Light Roast,,,,"Are you looking have complete control over your brew to make coffees that are clear, complex and light? This pour over kit is designed to do just that. The kit comes with. 1 x 2 cup Hario V60 1 x 12-gram Measuring Spoon 1 x 600 ml glass Server 1 x 40 piece set of V60 Filter Papers 1 x Domestic Coffee of Your Choice",https://dopecoffee.in/products/pour-over-starter-kit,https://cdn.shopify.com/s/files/1/0179/7695/0848/files/20260226_2321_Image_Generation_remix_01kjdh6rr7fs6bdk8v810tvdd5.png?v=1772128351,Accessories
Pour Over Starter Kit,Dope,2515.0,MONSOONED MALABAR AAA / Transparent,Light Roast,,,,"Are you looking have complete control over your brew to make coffees that are clear, complex and light? This pour over kit is designed to do just that. The kit comes with. 1 x 2 cup Hario V60 1 x 12-gram Measuring Spoon 1 x 600 ml glass Server 1 x 40 piece set of V60 Filter Papers 1 x Domestic Coffee of Your Choice",https://dopecoffee.in/products/pour-over-starter-kit,https://cdn.shopify.com/s/files/1/0179/7695/0848/files/20260226_2321_Image_Generation_remix_01kjdh6rr7fs6bdk8v810tvdd5.png?v=1772128351,Accessories
Pour Over Starter Kit,Dope,2460.0,MYSORE NUGGETS / Transparent,Light Roast,,,,"Are you looking have complete control over your brew to make coffees that are clear, complex and light? This pour over kit is designed to do just that. The kit comes with. 1 x 2 cup Hario V60 1 x 12-gram Measuring Spoon 1 x 600 ml glass Server 1 x 40 piece set of V60 Filter Papers 1 x Domestic Coffee of Your Choice",https://dopecoffee.in/products/pour-over-starter-kit,https://cdn.shopify.com/s/files/1/0179/7695/0848/files/20260226_2321_Image_Generation_remix_01kjdh6rr7fs6bdk8v810tvdd5.png?v=1772128351,Accessories
Pour Over Starter Kit,Dope,2480.0,SWARNAGIRI ESTATE / Transparent,Light Roast,,,,"Are you looking have complete control over your brew to make coffees that are clear, complex and light? This pour over kit is designed to do just that. The kit comes with. 1 x 2 cup Hario V60 1 x 12-gram Measuring Spoon 1 x 600 ml glass Server 1 x 40 piece set of V60 Filter Papers 1 x Domestic Coffee of Your Choice",https://dopecoffee.in/products/pour-over-starter-kit,https://cdn.shopify.com/s/files/1/0179/7695/0848/files/20260226_2321_Image_Generation_remix_01kjdh6rr7fs6bdk8v810tvdd5.png?v=1772128351,Accessories
Compact Hand Coffee Grinder 24gm (Plastic),Dope,4650.0,White,,,,,CAPACITY: 24gm Polyplopylene Lid : Methacrylate resin Grind adjustment knob Easy to clean,https://dopecoffee.in/products/compact-hand-coffee-grinder-24gm-plastic,https://cdn.shopify.com/s/files/1/0179/7695/0848/products/MSG-2_image.jpg?v=1556056118,Accessories
Compact Hand Coffee Grinder 24gm (Plastic),Dope,4650.0,Black,,,,,CAPACITY: 24gm Polyplopylene Lid : Methacrylate resin Grind adjustment knob Easy to clean,https://dopecoffee.in/products/compact-hand-coffee-grinder-24gm-plastic,https://cdn.shopify.com/s/files/1/0179/7695/0848/products/MSG-2_image.jpg?v=1556056118,Accessories
Electric Milk Foamer with glass server,Dope,2349.0,White,,,,,"Create foam for cappuccinos, lattes, and hot chocolate. Glass bottom with milk measurement 2 AA batteries required Pour straight from the glass cup Microvawe safe Dishwasher safe Easy to clean",https://dopecoffee.in/products/electric-milk-foamer-with-glass-server,https://cdn.shopify.com/s/files/1/0179/7695/0848/products/CQT-45-BR.jpg?v=1557242889,Accessories
Electric Milk Foamer with glass server,Dope,2560.0,Brown,,,,,"Create foam for cappuccinos, lattes, and hot chocolate. Glass bottom with milk measurement 2 AA batteries required Pour straight from the glass cup Microvawe safe Dishwasher safe Easy to clean",https://dopecoffee.in/products/electric-milk-foamer-with-glass-server,https://cdn.shopify.com/s/files/1/0179/7695/0848/products/CQT-45-BR.jpg?v=1557242889,Accessories
MIZUDASHI Cold Brew Pot (1000ml),Dope,1690.0,Red,,,,,"You can make iced coffee with just coffee and water. Pour small amounts of water to wet the coffee grounds while dripping with a circular motion. Once filled, place the cap and gently shake the bottle to start the extraction. Refrigerate for approximately 8 hours before serving. CAPACITY : 8 cups.                                                                                                    Heatproof glass. Easy to clean.",https://dopecoffee.in/products/cold-brew-pot-1000-ml,https://cdn.shopify.com/s/files/1/0179/7695/0848/products/MCPN-14CBR.jpg?v=1607331122,Coffee
MIZUDASHI Cold Brew Pot (1000ml),Dope,1690.0,Brown,,,,,"You can make iced coffee with just coffee and water. Pour small amounts of water to wet the coffee grounds while dripping with a circular motion. Once filled, place the cap and gently shake the bottle to start the extraction. Refrigerate for approximately 8 hours before serving. CAPACITY : 8 cups.                                                                                                    Heatproof glass. Easy to clean.",https://dopecoffee.in/products/cold-brew-pot-1000-ml,https://cdn.shopify.com/s/files/1/0179/7695/0848/products/MCPN-14CBR.jpg?v=1607331122,Coffee
MIZUDASHI Cold Brew Pot (1000ml),Dope,1690.0,Black,,,,,"You can make iced coffee with just coffee and water. Pour small amounts of water to wet the coffee grounds while dripping with a circular motion. Once filled, place the cap and gently shake the bottle to start the extraction. Refrigerate for approximately 8 hours before serving. CAPACITY : 8 cups.                                                                                                    Heatproof glass. Easy to clean.",https://dopecoffee.in/products/cold-brew-pot-1000-ml,https://cdn.shopify.com/s/files/1/0179/7695/0848/products/MCPN-14CBR.jpg?v=1607331122,Coffee
V60 Plastic Coffee Dripper/Pour Over,Dope,650.0,White,,,,,"Why the cone shape? The cone shaped paper filter adds depth to the coffee layer, so that the water flows to the center, extending the amount of time it is in contact with the ground coffee. SIZE 02 | CAPACITY : 1-4 cups.",https://dopecoffee.in/products/v60-plastic-coffee-dripper-pour-over,https://cdn.shopify.com/s/files/1/0179/7695/0848/products/VDC-02R_efc84643-7417-4f35-a5ae-dfe34d470fbe.jpg?v=1557260543,Accessories
V60 Plastic Coffee Dripper/Pour Over,Dope,650.0,Red,,,,,"Why the cone shape? The cone shaped paper filter adds depth to the coffee layer, so that the water flows to the center, extending the amount of time it is in contact with the ground coffee. SIZE 02 | CAPACITY : 1-4 cups.",https://dopecoffee.in/products/v60-plastic-coffee-dripper-pour-over,https://cdn.shopify.com/s/files/1/0179/7695/0848/products/VDC-02R_efc84643-7417-4f35-a5ae-dfe34d470fbe.jpg?v=1557260543,Accessories
V60 Plastic Coffee Dripper/Pour Over,Dope,650.0,Transparent,,,,,"Why the cone shape? The cone shaped paper filter adds depth to the coffee layer, so that the water flows to the center, extending the amount of time it is in contact with the ground coffee. SIZE 02 | CAPACITY : 1-4 cups.",https://dopecoffee.in/products/v60-plastic-coffee-dripper-pour-over,https://cdn.shopify.com/s/files/1/0179/7695/0848/products/VDC-02R_efc84643-7417-4f35-a5ae-dfe34d470fbe.jpg?v=1557260543,Accessories
