Name,Roaster,Price,Quantity,Roast_Level,Tasting_Notes,Origin,Process,Desc,URL,Image_URL,Category
Budan Moka Pot - 2 Cup Coffee Maker,Home Blend,899.0,,,,,,"Budan Moka Pot 
 This elegant Moka Pot can be used to brew black coffee, filter coffee and tea. The unit offers a pressurized extraction for optimal brewing. The Moka Pot is easy to use and is compatible with all types of stoves thanks to its unique base design. It is engineered from high quality stainless steel for a robust build and has a pressure relief valve for safety. The Anti Scald Handle makes handling the unit comfortable.",https://homeblendcoffee.com/products/budan-moka-pot-2-cup,https://cdn.shopify.com/s/files/1/0047/4795/2199/products/BudanMokaPot.jpg?v=1681735444,Accessories
Cask Reserve Barrel Aged Coffee - Medium Roast,Home Blend,480.0,150g,,soaked up from the barrels,Chikmagalur,allows the beans to soak in the,"Cask Reserve Barrel Aged Coffee - Medium Roast 
 
  Medium Roast, freshly roasted, Speciality Blend Wine Barrel Aged with Sweet, Soft Spice and Cocoa flavours  
  Notes: Heady aroma with sweet nuances of fine malt and grapes  
  Processing: Washed  
  Altitude: 3000 ft  
  Origin: Chikmagalur  
 
 
 
 
 
  Our Latest Barrel-Aged Coffees are an experimental lot of specialty coffee beans from the highest peaks of Chikmagalur aged to perfection in the finest French Wine Cask Barrels. The resultant coffee is a cup that has a heady aroma complementing the sweet nuances of fine malt and grapes. We recommend a paper-based Aeropress or Pour Over brew method to really bring out the crisp inherent notes of this treasure!  
   Barrel-aged coffee is the process of rolling coffee beans in an aged barrel once used for aging wine or whiskey. This rolling process allows the beans to soak in the flavor and aromas of the barrel. The coffee beans are then roasted. This process gives the coffee flavour notes soaked up from the barrels",https://homeblendcoffee.com/products/wine-cask-coffee,https://cdn.shopify.com/s/files/1/0047/4795/2199/files/Home_Blend_Coffee_Roasters_-_Cask_Reserve_Wine_Fermented_Coffee_-_250g.jpg?v=1754318229,Coffee
Cask Reserve Barrel Aged Coffee - Medium Roast,Home Blend,760.0,250g,,soaked up from the barrels,Chikmagalur,allows the beans to soak in the,"Cask Reserve Barrel Aged Coffee - Medium Roast 
 
  Medium Roast, freshly roasted, Speciality Blend Wine Barrel Aged with Sweet, Soft Spice and Cocoa flavours  
  Notes: Heady aroma with sweet nuances of fine malt and grapes  
  Processing: Washed  
  Altitude: 3000 ft  
  Origin: Chikmagalur  
 
 
 
 
 
  Our Latest Barrel-Aged Coffees are an experimental lot of specialty coffee beans from the highest peaks of Chikmagalur aged to perfection in the finest French Wine Cask Barrels. The resultant coffee is a cup that has a heady aroma complementing the sweet nuances of fine malt and grapes. We recommend a paper-based Aeropress or Pour Over brew method to really bring out the crisp inherent notes of this treasure!  
   Barrel-aged coffee is the process of rolling coffee beans in an aged barrel once used for aging wine or whiskey. This rolling process allows the beans to soak in the flavor and aromas of the barrel. The coffee beans are then roasted. This process gives the coffee flavour notes soaked up from the barrels",https://homeblendcoffee.com/products/wine-cask-coffee,https://cdn.shopify.com/s/files/1/0047/4795/2199/files/Home_Blend_Coffee_Roasters_-_Cask_Reserve_Wine_Fermented_Coffee_-_250g.jpg?v=1754318229,Coffee
Cold Brew Blend + Free Reusable Brew Bag Combo - Pack of 3 x 75g - Makes 15 Cups,Home Blend,600.0,,,"Dark chocolate, Grapes Toffee",Chikmagalur,Medium Dark,"Cold Brew Blend - Pack of 250g  
 
 
 
 
  Our Summer Specialty - Cold Brew Blend is roasted medium-dark that gives you a full bodied glass of refreshing cold brew. The coffee has very little acidity and a bittersweet finish or aftertaste Tasting Notes: Dark chocolate, Grapes Toffee, Roasted nuts, Specialty Grade: 100% Arabica Roast Level: Medium Dark Altitude: 1000 - 1500M Location: Chikmagalur Processing: Wet. Cold Brew Coffee can be prepared without a filter - Just keep it in cold water and strain it over a Thin Cloth, Sieve or Channi / Strainer. Alternatively, one can use our re-usable cotton Cold Brew Bags or other equipment such as the Hario cold brew bottle or any other convenient brewing equipment (s) available The Cold Brew once made, can be stored and consumed up to 1 week in your refrigerator  
 
 
 
 
 
 
   Medium-Dark Roast that Gives You a Full Bodied Glass of Refreshing Cold Brew 
 
  Notes:  Dark chocolate, Grapes, Toffee and Roasted nuts   
  Processing: Washed  
  Altitude:    1000 - 1500M   
  Origin: Chikmagalur  
 
  Cold Brew Blend - 100% Freshly Roasted Specialty Arabica Coffee with a distinct, rich, and bold chocolatey flavour promises a smooth cup of cold brew coffee with a hint of natural sweetness that comes from the brewing process  
 Medium Dark Roast - It is essential to get the right roast to enhance the inherent flavours of even the best coffee while keeping bitterness away. To ensure our coffee reacts perfectly, we roast our beans in small batches and maintain high standards throughout. Our Bold Cold Brew Blend is roasted medium-dark that gives a full bodied glass of refreshing cold brew 
  Freshly Roasted &amp; Freshly Ground! - Our coffee is ground fresh and immediately sealed for dispatch after roasting, every single day. This process locks in all the freshness, aroma, and flavour for a great cup of coffee that tastes delicious when you brew it at home 
 Preparation - Cold Brew Coffee can be prepared without a filter - Just keep it in cold water and strain it over a Thin Cloth, Sieve or Channi / Strainer. Alternatively, you can use our Re-Usable Cotton Cold Brew Bags or other equipment such as the Hario cold brew bottle or any other convenient brewing equipment (s) available",https://homeblendcoffee.com/products/cold-brew-3-pack-combo,https://cdn.shopify.com/s/files/1/0047/4795/2199/files/Cold-Brew-Blend-3-Pack-Combo-Home-Blend-Coffee-Roasters.jpg?v=1692276376,Accessories
Cold Brew Blend + Reusable Brew Bag Combo - Pack of 250g,Home Blend,600.0,,,"Dark chocolate, Grapes Toffee",Chikmagalur,Medium Dark,"Cold Brew Blend - Pack of 250g  
 
 
 
 
  Our Summer Specialty - Cold Brew Blend is roasted medium-dark that gives you a full bodied glass of refreshing cold brew. The coffee has very little acidity and a bittersweet finish or aftertaste Tasting Notes: Dark chocolate, Grapes Toffee, Roasted nuts, Specialty Grade: 100% Arabica Roast Level: Medium Dark Altitude: 1000 - 1500M Location: Chikmagalur Processing: Wet. Cold Brew Coffee can be prepared without a filter - Just keep it in cold water and strain it over a Thin Cloth, Sieve or Channi / Strainer. Alternatively, one can use our re-usable cotton Cold Brew Bags or other equipment such as the Hario cold brew bottle or any other convenient brewing equipment (s) available The Cold Brew once made, can be stored and consumed up to 1 week in your refrigerator  
 
 
 
 
 
 
   Medium-Dark Roast that Gives You a Full Bodied Glass of Refreshing Cold Brew 
 
  Notes:  Dark chocolate, Grapes, Toffee and Roasted nuts   
  Processing: Washed  
  Altitude:    1000 - 1500M   
  Origin: Chikmagalur  
 
  Cold Brew Blend - 100% Freshly Roasted Specialty Arabica Coffee with a distinct, rich, and bold chocolatey flavour promises a smooth cup of cold brew coffee with a hint of natural sweetness that comes from the brewing process  
 Medium Dark Roast - It is essential to get the right roast to enhance the inherent flavours of even the best coffee while keeping bitterness away. To ensure our coffee reacts perfectly, we roast our beans in small batches and maintain high standards throughout. Our Bold Cold Brew Blend is roasted medium-dark that gives a full bodied glass of refreshing cold brew 
  Freshly Roasted &amp; Freshly Ground! - Our coffee is ground fresh and immediately sealed for dispatch after roasting, every single day. This process locks in all the freshness, aroma, and flavour for a great cup of coffee that tastes delicious when you brew it at home 
 Preparation - Cold Brew Coffee can be prepared without a filter - Just keep it in cold water and strain it over a Thin Cloth, Sieve or Channi / Strainer. Alternatively, you can use our Re-Usable Cotton Cold Brew Bags or other equipment such as the Hario cold brew bottle or any other convenient brewing equipment (s) available",https://homeblendcoffee.com/products/cold-brew-bag-combo,https://cdn.shopify.com/s/files/1/0047/4795/2199/files/Cold-Brew-Blend-Reusable-Brew-Bag-Combo-Home-Blend-Coffee-Roasters.jpg?v=1692274716,Coffee
Cold Brew Blend - Pack of 250g,Home Blend,550.0,,,"Dark chocolate, Grapes Toffee",Chikmagalur,Medium Dark,"Cold Brew Blend - Pack of 250g  
 
 
 
 
  Our Summer Specialty - Cold Brew Blend is roasted medium-dark that gives you a full bodied glass of refreshing cold brew. The coffee has very little acidity and a bittersweet finish or aftertaste Tasting Notes: Dark chocolate, Grapes Toffee, Roasted nuts, Specialty Grade: 100% Arabica Roast Level: Medium Dark Altitude: 1000 - 1500M Location: Chikmagalur Processing: Wet. Cold Brew Coffee can be prepared without a filter - Just keep it in cold water and strain it over a Thin Cloth, Sieve or Channi / Strainer. Alternatively, one can use our re-usable cotton Cold Brew Bags or other equipment such as the Hario cold brew bottle or any other convenient brewing equipment (s) available. The Cold Brew once made, can be stored and consumed up to 1 week in your refrigerator  
 
 
 
 
 
 
   Medium-Dark Roast that Gives You a Full Bodied Glass of Refreshing Cold Brew 
 
  Notes:  Dark chocolate, Grapes, Toffee and Roasted nuts   
  Processing: Washed  
  Altitude:    1000 - 1500M   
  Origin: Chikmagalur  
 
  Cold Brew Blend - 100% Freshly Roasted Specialty Arabica Coffee with a distinct, rich, and bold chocolatey flavour promises a smooth cup of cold brew coffee with a hint of natural sweetness that comes from the brewing process  
 Medium Dark Roast - It is essential to get the right roast to enhance the inherent flavours of even the best coffee while keeping bitterness away. To ensure our coffee reacts perfectly, we roast our beans in small batches and maintain high standards throughout. Our Bold Cold Brew Blend is roasted medium-dark that gives a full bodied glass of refreshing cold brew 
  Freshly Roasted &amp; Freshly Ground! - Our coffee is ground fresh and immediately sealed for dispatch after roasting, every single day. This process locks in all the freshness, aroma, and flavour for a great cup of coffee that tastes delicious when you brew it at home 
 Preparation - Cold Brew Coffee can be prepared without a filter - Just keep it in cold water and strain it over a Thin Cloth, Sieve or Channi / Strainer. Alternatively, you can use our Re-Usable Cotton Cold Brew Bags or other equipment such as the Hario cold brew bottle or any other convenient brewing equipment (s) available",https://homeblendcoffee.com/products/cold-brew,https://cdn.shopify.com/s/files/1/0047/4795/2199/files/Home_Blend_Coffee_Roasters_-_Cold_Brew_Blend_-_250g.jpg?v=1754307873,Coffee
Custom Roast - Aluminium Coffee Pods / Capsules  - 10 Pack,Home Blend,450.0,,,"The Coffee Has A Smooth Body With Mild Acidity, Balanced Flavour And Sizeable Crema",Chikmagalur,Washed,"Custom Roast (Medium Dark Roast) 100% Arabica - Aluminium Coffee Capsules 
 
 
 
 
 Round &amp; Balanced   Roast Level : Medium Dark   Intensity : 7 - 8   Suited For : Espresso, Lungo, Americano, Macchiato &amp; Mild Cappuccino   Tasting Notes:    The Coffee Has A Smooth Body With Mild Acidity, Balanced Flavour And Sizeable Crema   Altitude : 1100-1500M   Processing : Washed   Location : Chikmagalur  Plantation ‘AAA’ is also referred to as Mysore Nuggets Extra Bold is the finest Arabica from India  Our slightly bolder Robusta compliments the fruity arabica to bring out a balanced cup with balanced flavours, mouthfeel and body  
 
  Disclaimer: “www.homeblendcoffee.com is not affiliated with, endorsed or sponsored by Nespresso. Nespresso® is a registered trademark of Société des Produits Nestlé S.A.”",https://homeblendcoffee.com/products/coffee-pods-capsules-custom-roast,https://cdn.shopify.com/s/files/1/0047/4795/2199/files/CustomRoast-CoffeePodsCapsuleNespressoCompatibleHomeBlendCoffeeRoasters.png?v=1734031740,Coffee
Dark Roast Coffee Sampler Pack - Pack of 3 x 75g,Home Blend,540.0,,Dark Roast,,Coorg,Washed,"Home Blend - Specialty Coffee Assorted Trial Sampler Pack - Pack of 3 x 75g  
 
  Try Our Range Of Dark Roasts Before You Zero In On Your Favourite!  
  Our Dark Roast Coffee Assortment Pack Consists of 3 Packs of 75g Each -  Vienna Roast (75g), French Roast (75g), Italian Roast (75g)  
  All Our Coffees Have A Smooth Body With Cocoa, Oaky, Bitter Sweet, Strong Flavours  
  All Our Dark Roasts Best Are Best Suited For Very Bold Black Cups or More Preferably Milk-Based Brews  
  If You’re Looking To Add Milk and Still Retain a Definite Bite, This Assorted Pack is a Great Choice To Begin With!  
  Processing: Washed | Location: Coorg &amp; Chikmangalur  
  Altitude: 1100-1500M",https://homeblendcoffee.com/products/dark-roast-sampler-pack,https://cdn.shopify.com/s/files/1/0047/4795/2199/files/Dark-Roast-Trial-Sampler-Pack-Home-Blend-Coffee-Roasters.png?v=1692702704,Coffee
Dark Roast Coffee Sampler Pack - Pack of 3 x 75g,Home Blend,540.0,,Dark Roast,,Coorg,Washed,"Home Blend - Specialty Coffee Assorted Trial Sampler Pack - Pack of 3 x 75g  
 
  Try Our Range Of Dark Roasts Before You Zero In On Your Favourite!  
  Our Dark Roast Coffee Assortment Pack Consists of 3 Packs of 75g Each -  Vienna Roast (75g), French Roast (75g), Italian Roast (75g)  
  All Our Coffees Have A Smooth Body With Cocoa, Oaky, Bitter Sweet, Strong Flavours  
  All Our Dark Roasts Best Are Best Suited For Very Bold Black Cups or More Preferably Milk-Based Brews  
  If You’re Looking To Add Milk and Still Retain a Definite Bite, This Assorted Pack is a Great Choice To Begin With!  
  Processing: Washed | Location: Coorg &amp; Chikmangalur  
  Altitude: 1100-1500M",https://homeblendcoffee.com/products/dark-roast-sampler-pack,https://cdn.shopify.com/s/files/1/0047/4795/2199/files/Dark-Roast-Trial-Sampler-Pack-Home-Blend-Coffee-Roasters.png?v=1692702704,Coffee
Drip Coffee Bags | Mandheling | Medium Roast | Pack of 10,Home Blend,799.0,,Medium Roast,,,,"Filters And Coffee Grounds Are Completely Biodegradable And Compostable 
 Freshly Roasted Artisanal Coffee By Home Blend Coffee Roasters 
 A Single Drip Bag Brews 180 ml 
 100% Specialty Grade Arabica 
 This is a Vegetarian Product",https://homeblendcoffee.com/products/dripcoffee-mandheling,https://cdn.shopify.com/s/files/1/0047/4795/2199/products/MYSOREFINAL_69c6ac01-20ad-42a4-95eb-62667433269f.jpg?v=1587739154,Coffee
Drip Coffee Bags | Monsooned Malabar | Medium Roast | Pack of 10,Home Blend,599.0,,Medium Roast,,,,"Filters And Coffee Grounds Are Completely Biodegradable And Compostable 
 Freshly Roasted Artisanal Coffee By Home Blend Coffee Roasters 
 A Single Drip Bag Brews 180 ml 
 100% Specialty Grade Arabica 
 This is a Vegetarian Product",https://homeblendcoffee.com/products/dripcoffee-monsoonedmalabar,https://cdn.shopify.com/s/files/1/0047/4795/2199/products/FINALMONSOONEDMALABAR.jpg?v=1584650987,Coffee
Drip Coffee Bags | Mysore Nuggets Extra Bold | Medium Roast | Pack of 10,Home Blend,599.0,,Medium Roast,,,,"Filters And Coffee Grounds Are Completely Biodegradable And Compostable 
 Freshly Roasted Artisanal Coffee By Home Blend Coffee Roasters 
 A Single Drip Bag Brews 180 ml 
 100% Specialty Grade Arabica 
 This is a Vegetarian Product",https://homeblendcoffee.com/products/dripcoffee-mysore-nuggets,https://cdn.shopify.com/s/files/1/0047/4795/2199/products/MYSOREFINAL.jpg?v=1584650988,Coffee
Drip Coffee Bags | Original | Light to Medium Roast | Pack of 10,Home Blend,499.0,,Medium Roast,,,,"Pack Of 10 Drip Bags Pre-Filled With Freshly Roasted, Ethically Sourced Premium 100% Specialty Grade Arabica 
 Filters And Coffee Grounds Are Completely Biodegradable And Compostable 
 Freshly Roasted On Order 
 A Single Drip Bag Brews 180 ml 
 100% Specialty Grade Arabica 
 This is a Vegetarian product",https://homeblendcoffee.com/products/dripcoffee-original,https://cdn.shopify.com/s/files/1/0047/4795/2199/products/1.DripBagsIndiaOriginal.png?v=1584650989,Coffee
Drip Coffee Bags | Vienna (Dark Roast) | Pack of 10,Home Blend,499.0,,Dark Roast,,,,"Vienna (Dark Roast) Pack Of 10 Drip Bags Pre-Filled With Freshly Roasted, Ethically Sourced Premium 100% 'AAA' Grade Arabica  
  Filters And Coffee Grounds Are Completely Biodegradable And Compostable  
  Freshly Roasted Artisanal Coffee By Home Blend Coffee Roasters  
  A Single Drip Bag Brews 180 ml  
  100% Arabica 'AAA' Grade",https://homeblendcoffee.com/products/drip-coffee-bags-vienna-roast,https://cdn.shopify.com/s/files/1/0047/4795/2199/products/1.DC001-DripBagsIndiaOriginal.png?v=1648897151,Coffee
Ethiopian Yirgacheffe Grade 1 Idido,Home Blend,1100.0,150g,Medium-Light Roast,"Grown at high elevations in the Gedeo Zone and washed for clarity, this coffee delivers delicate jasmine, bergamot",high,Washed,"Yirgacheffe Grade 1 Idido Ethiopian Specialty Arabica Coffee Beans 250g  
 
 
   
  Ethiopian Yirgacheffe Grade   1 – Idido  is a floral masterpiece. Grown at high elevations in the Gedeo Zone and washed for clarity, this coffee delivers delicate jasmine, bergamot, and lemon zest notes with a silky tea-like body and crisp acidity. Best brewed as a pour-over or Chemex, it's a favorite for black coffee lovers seeking refined and elegant cups. 
 
 
  Region:   Yirgacheffe, Gedeo Zone, Ethiopia 
 
 
  Elevation:   ~ 1,900–2,100 masl 
 
 
  Processing:   Washed (Grade 1) 
 
 
  Varietals:   Heirloom Ethiopian landraces 
 
 
   Roast Recommendation :  Light to Light-Medium 
 
 
  Cup Style: Delicate, floral, and tea-like  – a clean, elegant cup with bright citrus-laced acidity, silky mouthfeel, and lingering floral aftertaste. This is a quintessential washed Ethiopian profile:  refined, layered, and complex , ideal for slow sips and aroma appreciation.",https://homeblendcoffee.com/products/ethiopian-yirgacheffe,https://cdn.shopify.com/s/files/1/0047/4795/2199/files/Home_Blend_Coffee_Roasters_Ethiopian_Yirgacheffe_Grade_1_Idido.jpg?v=1754429793,Coffee
Ethiopian Yirgacheffe Grade 1 Idido,Home Blend,1850.0,250g,Medium-Light Roast,"Grown at high elevations in the Gedeo Zone and washed for clarity, this coffee delivers delicate jasmine, bergamot",high,Washed,"Yirgacheffe Grade 1 Idido Ethiopian Specialty Arabica Coffee Beans 250g  
 
 
   
  Ethiopian Yirgacheffe Grade   1 – Idido  is a floral masterpiece. Grown at high elevations in the Gedeo Zone and washed for clarity, this coffee delivers delicate jasmine, bergamot, and lemon zest notes with a silky tea-like body and crisp acidity. Best brewed as a pour-over or Chemex, it's a favorite for black coffee lovers seeking refined and elegant cups. 
 
 
  Region:   Yirgacheffe, Gedeo Zone, Ethiopia 
 
 
  Elevation:   ~ 1,900–2,100 masl 
 
 
  Processing:   Washed (Grade 1) 
 
 
  Varietals:   Heirloom Ethiopian landraces 
 
 
   Roast Recommendation :  Light to Light-Medium 
 
 
  Cup Style: Delicate, floral, and tea-like  – a clean, elegant cup with bright citrus-laced acidity, silky mouthfeel, and lingering floral aftertaste. This is a quintessential washed Ethiopian profile:  refined, layered, and complex , ideal for slow sips and aroma appreciation.",https://homeblendcoffee.com/products/ethiopian-yirgacheffe,https://cdn.shopify.com/s/files/1/0047/4795/2199/files/Home_Blend_Coffee_Roasters_Ethiopian_Yirgacheffe_Grade_1_Idido.jpg?v=1754429793,Coffee
Ethiopian Yirgacheffe Grade 1 Idido,Home Blend,7400.0,1kg,Medium-Light Roast,"Grown at high elevations in the Gedeo Zone and washed for clarity, this coffee delivers delicate jasmine, bergamot",high,Washed,"Yirgacheffe Grade 1 Idido Ethiopian Specialty Arabica Coffee Beans 250g  
 
 
   
  Ethiopian Yirgacheffe Grade   1 – Idido  is a floral masterpiece. Grown at high elevations in the Gedeo Zone and washed for clarity, this coffee delivers delicate jasmine, bergamot, and lemon zest notes with a silky tea-like body and crisp acidity. Best brewed as a pour-over or Chemex, it's a favorite for black coffee lovers seeking refined and elegant cups. 
 
 
  Region:   Yirgacheffe, Gedeo Zone, Ethiopia 
 
 
  Elevation:   ~ 1,900–2,100 masl 
 
 
  Processing:   Washed (Grade 1) 
 
 
  Varietals:   Heirloom Ethiopian landraces 
 
 
   Roast Recommendation :  Light to Light-Medium 
 
 
  Cup Style: Delicate, floral, and tea-like  – a clean, elegant cup with bright citrus-laced acidity, silky mouthfeel, and lingering floral aftertaste. This is a quintessential washed Ethiopian profile:  refined, layered, and complex , ideal for slow sips and aroma appreciation.",https://homeblendcoffee.com/products/ethiopian-yirgacheffe,https://cdn.shopify.com/s/files/1/0047/4795/2199/files/Home_Blend_Coffee_Roasters_Ethiopian_Yirgacheffe_Grade_1_Idido.jpg?v=1754429793,Coffee
Gaggia Accademia Glass - One Touch Cappuccino Beans & Grounds Coffee Machine,Home Blend,263999.0,,,,,,"Gaggia Accademia Glass 
 
 
  Your At-Home Barista at a touch of a button  
  GAGGIA ACCADEMIA What’s your cup of coffee? Latte? Macchiato? Cappuccino? This versatile machine can brew them all, at the touch of a button. Its ceramic grinder preserves the aroma and flavor of coffee, by preventing beans from burning during the grinding process. And its pre-brewing system moistens the coffee before the actual brewing to produce a flavourful, aromatic cup. Easy to clean and maintain, thanks to its removable brewing group and automatic cleaning mechanism, it's also energy efficient and has a variety of settings that let it adapt to individual tastes. It also comes with an integrated cup warmer that allows coffee to stay warm for a long time. And if you’re the type that simply hates waiting for your cappuccino, its double boiler can whip you a cuppa, in just a few seconds.  
  The NEW Gaggia Accademia is the very best in automatic coffee machines with technological innovation to make sure that you get the very finest espresso every time. This ensures that the coffee is brewed at the perfect temperature. Meanwhile the auto-cappuccino carafe takes care of the other half of the equation - easing you into your morning cappuccino.  
  The New Accademia features 19 different drink options and 4 profiles. This means that you can save your own drink setting for multiple number of drinks in your own profile. It features a touch screen with an option to use a rotating knob for selection as well. The booster facility for each drink allows you to get that extra shot in your drink whenever you feel the need.   
  Improved milk temperature, professional steam wand and a modern glass finished black front make the Accademia a cut above the rest.  
  Brand: Gaggia  
  Usage Type:    Home &amp; Offices   
 
 
 
 
 
 
   Weight and Dimensions:    
  Product Dimensions: H38.5 x L28.2 x D42.8 cm  
  Coffee Bean Capacity: 350 grams  
  Dump Box Capacity: 16 servings  
  Milk Carafe Capacity: 0.6 litres  
  Product Weight: 17 kg  
  Water Tank Capacity: 1.6 litres  
   Features:    
 Milk carafe  
  Durable ceramic grinder  
  Integrated cup warmer  
  One-touch operation  
  Auto-cleaning cycle  
  Technical Data:   
  Boilers: Stainless steel  
  Frequency: 50Hz  
  Power: 1500W  
  Pump Pressure: 15 Bar  
  Voltage: 230V  
 Product Details: 
 
 
 
   
 
 
 Tank Size:     1.6 Ltr 
 
 
   
 
 
 Warranty:     3 year Warranty 
 
 
   
 
 
 Frother:     0.6 Ltr Carafe and Traditional Frother 
 
 
   
 
 
 Other Features:     Thermobloc Boiler 
 
 
   
 
 
 Coffee Types:     19 drink options 
 
 
   
 
 
 Brew Unit:     Removable 
 
 
   
 
 
 Body:     Black mirrored glass and stainless steel 
 
 
   
 
 
 Dimensions:     L28,2 X H38,5 XD 42,8 CM 
 
 
   
 
 
 Power:     1500W 
 
 
   
 
 
 Bean Hopper Capacity:     350g 
 
 
   
 
 
 Pre-Ground:     Yes 
 
 
   
 
 
 Cup Height:     70-155mm",https://homeblendcoffee.com/products/gaggia-academia-glass,https://cdn.shopify.com/s/files/1/0047/4795/2199/files/GaggiaAccademiaGlassMain-HomeBlendCoffeeRoasters.webp?v=1733590756,Accessories
Gaggia Accademia Stainless Steel - One Touch Cappuccino Beans & Grounds Coffee Machine,Home Blend,255999.0,,,,,,"Gaggia Accademia Stainless Steel 
 
 
  Your At-Home Barista at a touch of a button  
  GAGGIA ACCADEMIA What’s your cup of coffee? Latte? Macchiato? Cappuccino? This versatile machine can brew them all, at the touch of a button. Its ceramic grinder preserves the aroma and flavor of coffee, by preventing beans from burning during the grinding process. And its pre-brewing system moistens the coffee before the actual brewing to produce a flavourful, aromatic cup. Easy to clean and maintain, thanks to its removable brewing group and automatic cleaning mechanism, it's also energy efficient and has a variety of settings that let it adapt to individual tastes. It also comes with an integrated cup warmer that allows coffee to stay warm for a long time. And if you’re the type that simply hates waiting for your cappuccino, its double boiler can whip you a cuppa, in just a few seconds.  
  The NEW Gaggia Accademia is the very best in automatic coffee machines with technological innovation to make sure that you get the very finest espresso every time. This ensures that the coffee is brewed at the perfect temperature. Meanwhile the auto-cappuccino carafe takes care of the other half of the equation - easing you into your morning cappuccino.  
  The New Accademia features 19 different drink options and 4 profiles. This means that you can save your own drink setting for multiple number of drinks in your own profile. It features a touch screen with an option to use a rotating knob for selection as well. The booster facility for each drink allows you to get that extra shot in your drink whenever you feel the need.   
  Improved milk temperature, professional steam wand and a modern glass finished black front make the Accademia a cut above the rest.  
  Brand: Gaggia  
  Usage Type:    Home &amp; Offices   
 
 
 
 
 
 
   Weight and Dimensions:    
  Product Dimensions: H38.5 x L28.2 x D42.8 cm  
  Coffee Bean Capacity: 350 grams  
  Dump Box Capacity: 16 servings  
  Milk Carafe Capacity: 0.6 litres  
  Product Weight: 17 kg  
  Water Tank Capacity: 1.6 litres  
   Features:    
 Milk carafe  
  Durable ceramic grinder  
  Integrated cup warmer  
  One-touch operation  
  Auto-cleaning cycle  
  Technical Data:   
  Boilers: Stainless steel  
  Frequency: 50Hz  
  Power: 1500W  
  Pump Pressure: 15 Bar  
  Voltage: 230V  
 Product Details: 
 
 
 
   
 
 
 Tank Size:     1.6 Ltr 
 
 
   
 
 
 Warranty:     3 year Warranty 
 
 
   
 
 
 Frother:     0.6 Ltr Carafe and Traditional Frother 
 
 
   
 
 
 Other Features:     Thermobloc Boiler 
 
 
   
 
 
 Coffee Types:     19 drink options 
 
 
   
 
 
 Brew Unit:     Removable 
 
 
   
 
 
 Body:     stainless steel 
 
 
   
 
 
 Dimensions:     L28,2 X H38,5 XD 42,8 CM 
 
 
   
 
 
 Power:     1500W 
 
 
   
 
 
 Bean Hopper Capacity:     350g 
 
 
   
 
 
 Pre-Ground:     Yes 
 
 
   
 
 
 Cup Height:     70-155mm",https://homeblendcoffee.com/products/gaggia-accademia-steel,https://cdn.shopify.com/s/files/1/0047/4795/2199/files/GaggiaAccademiaSteelHomeBlendCoffeeRoasters.webp?v=1733592132,Accessories
Gaggia Anima Class - One Touch Cappuccino Beans & Grounds Coffee Machine,Home Blend,120999.0,,,,,Washed,"Gaggia Anima Class 
 
 
  The Soul of Espresso with Gaggia adapting system to always have the right amount of ground coffee for your espresso  
  The best in class one-touch cappuccino coffee machines. Designed and manufactured in Italy. Offers cappuccino, espresso, long black coffee, and latte macchiato at the click of a button. This is an excellent coffee machine for the office with a staff strength of 10. The machine has a capacity to brew 30-40 cups of coffee per day. It has a double-walled milk carafe that can be refrigerated when the machine is not in use and reattached when required. It’s the most effective coffee machine in the one-touch cappuccino product category. The optiaroma has 5 options of strength from 6.5 grams to 11 grams. you can thus select the strength of the beverage you like. Features:  
  1. Integrated milk Carafe  
  2. Premium Materials used  
  3. Automatic milk Frother  
  4. Removable water container.  
  The integrated milk carafe froths milk for an incredibly dense, consistent, and hot coffee, thanks to its unique two frothing chambers. It delivers a splash-free stream of velvety milk straight into your cup. The Anima class is equipped with a robust ceramic coffee grinder that turns beans into a fine powder and extracts maximum flavors, without ever tasting burnt. It has 5 different settings for the grind that offer a fine grind for a full-bodied espresso or a coarser grind for a light-tasting coffee.  
 The Gaggia Anima Class is similar to the Anima Prestige model in the Anima range of automatic espresso machines. the difference is in the body. The Anima Class has a Silver/Grey easy to clean plastic body. The Class model incorporates a milk carafe. The Anima Class is an ideal machine for luxurious, convenient cappuccino every time. 
 The Anima Class also offers precise control over the dosage of coffee beans per espresso shot, ranging from 7 to 11.5 grams. As well as this, the temperature of the beverages can also be controlled through the digital interface. 
  Brand: Gaggia  
  Usage Type: Home &amp; Offices  
 
 
 
 
 
 
 
  100% ITALIAN EXCELLENCE  
 
 Proudly Made in Italy: guarantee of premium quality and a never ending passion for espresso making, year after year 
 
 
 
  
  UP TO 12 BEVERAGES  
 
 Discover the 12 beverages available: ristretto, espresso, espresso lungo, coffee, cortado, flat white, americano, cappuccino, cafè au lait, latte macchiato, frothed milk and hot water.   
  INTEGRATED MILK CARAFE  
 The integrated milk carafe froths the milk twice and removes all bubbles to get a perfect froth, always at the right temperature, in just one touch. The automatic cleaning cycle and the possibility to store the carafe in the fridge make it hygienic and efficient. 
 
  NEW INTERFACE WITH CAPACITIVE BUTTONS   
 
 
 
 
 
 The wide user interface with full color display and capacitive buttons ensures more control and visibility for an improved user experience. Preparing beverages is made super simple and all cleaning procedures are guided step by step. 
 
 
  STAINLESS STEEL ESPRESSO TRAY   
 
 It ensures the right height to get impeccable espressos anytime, with a perfect and uniform crema Layer and no splashes while brewing. Enclosed in the drip tray, it can be easily extracted with a simple gesture and placed at the right height. 
 
 
  100% CERAMIC ADJUSTABLE GRINDERS   
 
 The resistant 100% ceramic grinders extract the purest essence from coffee beans, preventing overheating and burning. This material guarantees long-lasting performances, silence and the best in-cup result. Select among 5 options to customise your espresso, from the finest grind for a strong taste, to the coarsest for a lighter coffee. 
  OPTIAROMA   
 
 
 
 This feature gives you the unique possibility to adjust the aroma intensity and create tailored coffee-based drinks by choosing the quantity of ground coffee per cup among 5 selections. 
  AROMA LID   
 
 The coffee beans container is equipped with an aroma lid, thought to preserve the aroma of your favourite coffee blend.   
  PRE-BREWING   
 
 Unique body and taste for every espresso thanks to the pre-brewing that implies few seconds of pause between the first shower of hot water and the actual brewing. 
 
  REMOVABLE BREW GROUP   
 
 The heart of the machine, it doses and tamps the right amount of ground coffee for all your espressos. It allows a thorough cleaning of the machine as it is removable and can be washed under the tap and reinserted easily at its place. 
 
  GROUND COFFEE OPTION   
 
 In addition to the coffee beans option, an easy solution to brew different ground coffee blends, included decaffeinated 
 
  QUICK HEAT BOILER   
 
 The Quick Heat boiler ensures hot beverages from the first cup without the waiting. Its secret lies in its body made in light aluminum and stainless steel, which can reach hot temperatures fast.",https://homeblendcoffee.com/products/gaggia-anima-class,https://cdn.shopify.com/s/files/1/0047/4795/2199/files/GaggiaAnimaClassMainImage-HomeBlendCoffeeRoasters.jpg?v=1732633344,Accessories
Gaggia Anima Prestige - One Touch Cappuccino Beans & Grounds Coffee Machine,Home Blend,117999.0,,,,,Washed,"Gaggia Anima Prestige 
 
 
  The Soul of Espresso with 100% ceramic grinders to prevent the coffee beans from overheating and extract the full range of aromas  
  A machine that commands attention, stainless steel coated body. The machine is a one-touch cappuccino and offers beverage options like espresso, long black, and latte macchiato. A sleek model beautifully designed by Gaggia. The one-touch bean-to-cup coffee machine is durable and efficient. Its good looks can command attention. The ceramic grinder ensures very little sound in the brewing process. Also makes for a hot cup of coffee, usually preferred by Indians. The machine has 6 beverage options and the ceramic grinder makes for a very smooth espresso. These coffee machines are excellent for homes as well as for offices or board rooms.  
  Features:  
  1. Integrated milk Carafe  
  2. Premium Materials used  
  3. Automatic milk Frother  
  4. Removable water container.  
  The integrated milk carafe froths milk for an incredibly dense, consistent, and hot coffee, thanks to its unique two frothing chambers. It delivers a splash-free stream of velvety milk straight into your cup. The Anima class is equipped with a robust ceramic coffee grinder that turns beans into a fine powder and extracts maximum flavors, without ever tasting burnt. It has 5 different settings for the grind that offer a fine grind for a full-bodied espresso or a coarser grind for a light-tasting coffee.  
 The Gaggia Anima Prestige is the flagship model in the Anima range of automatic espresso machines. The Prestige model incorporates a milk carafe, normally only found on machines at double the price. The Anima Prestige is the ideal machine for luxurious, convenient cappuccino every time. 
 The Anima Prestige also offers precise control over the dosage of coffee beans per espresso shot, ranging from 7 to 11.5 grams. As well as this, the temperature of the beverages can also be controlled through the digital interface. 
  Brand: Gaggia  
  Usage Type: Home &amp; Offices  
 
 
 
 
 
 
 
  100% ITALIAN EXCELLENCE  
 
 Proudly Made in Italy: guarantee of premium quality and a never ending passion for espresso making, year after year 
 
 
 
  
  UP TO 12 BEVERAGES  
 
 Discover the 12 beverages available: ristretto, espresso, espresso lungo, coffee, cortado, flat white, americano, cappuccino, cafè au lait, latte macchiato, frothed milk and hot water.   
  INTEGRATED MILK CARAFE  
 The integrated milk carafe froths the milk twice and removes all bubbles to get a perfect froth, always at the right temperature, in just one touch. The automatic cleaning cycle and the possibility to store the carafe in the fridge make it hygienic and efficient. 
 
  NEW INTERFACE WITH CAPACITIVE BUTTONS   
 
 
 
 
 
 The wide user interface with full color display and capacitive buttons ensures more control and visibility for an improved user experience. Preparing beverages is made super simple and all cleaning procedures are guided step by step. 
 
 
  STAINLESS STEEL ESPRESSO TRAY   
 
 It ensures the right height to get impeccable espressos anytime, with a perfect and uniform crema Layer and no splashes while brewing. Enclosed in the drip tray, it can be easily extracted with a simple gesture and placed at the right height. 
 
 
  100% CERAMIC ADJUSTABLE GRINDERS   
 
 The resistant 100% ceramic grinders extract the purest essence from coffee beans, preventing overheating and burning. This material guarantees long-lasting performances, silence and the best in-cup result. Select among 5 options to customise your espresso, from the finest grind for a strong taste, to the coarsest for a lighter coffee. 
  OPTIAROMA   
 
 
 
 This feature gives you the unique possibility to adjust the aroma intensity and create tailored coffee-based drinks by choosing the quantity of ground coffee per cup among 5 selections. 
  AROMA LID   
 
 The coffee beans container is equipped with an aroma lid, thought to preserve the aroma of your favourite coffee blend.   
  PRE-BREWING   
 
 Unique body and taste for every espresso thanks to the pre-brewing that implies few seconds of pause between the first shower of hot water and the actual brewing. 
 
  REMOVABLE BREW GROUP   
 
 The heart of the machine, it doses and tamps the right amount of ground coffee for all your espressos. It allows a thorough cleaning of the machine as it is removable and can be washed under the tap and reinserted easily at its place. 
 
  GROUND COFFEE OPTION   
 
 In addition to the coffee beans option, an easy solution to brew different ground coffee blends, included decaffeinated 
 
  QUICK HEAT BOILER   
 
 The Quick Heat boiler ensures hot beverages from the first cup without the waiting. Its secret lies in its body made in light aluminum and stainless steel, which can reach hot temperatures fast.",https://homeblendcoffee.com/products/gaggia-anima-prestige,https://cdn.shopify.com/s/files/1/0047/4795/2199/files/Gaggia_Anima_Prestige_-_Home_Blend_Coffee_Roasters.jpg?v=1733602010,Accessories
Gaggia Cadorna Milk - One Touch Cappuccino Beans & Grounds Coffee Machine,Home Blend,106999.0,,,,,Washed,"Gaggia Cardona Milk 
 
 
  The ultimate barista experience at home  
  Gaggia Cadorna Milk Brews upto 16 beverages at your fingertips. Discover them all! Click on a beverage to see see its traditional recipe and how you can personalise it. More control and visibility for an easy, immediate, and improved user experience. experience the features of the feather touch interface while making the perfect cup of coffee with an Italian genius coffee machine. Guarantee of premium quality and expression of a never ending passion for the art of espresso making.  
  Brand: Gaggia  
  Usage Type:    Home &amp; Offices   
 
 
 
 
 
 
 
  100% ITALIAN EXCELLENCE  
 
 Proudly Made in Italy: guarantee of premium quality and a never ending passion for espresso making, year after year 
 
 
 
  
  UP TO 10 BEVERAGES  
 
 Discover the 16 beverages available, all at your fingertips and try the ultimate barista experience at home: RISTRETTO, ESPRESSO, CAFFE, ESPRESSO LUNGO, AMERICANO, CAPPUCCINO, LATTE MACCHIATO, CAFE' AU LAIT, FROTHED MILK, HOT WATER 
  NEW CAPP IN CUP  
 
 An innovative and comfortable one-touch solution for your milk-based beverages. Just one click and this new system draws milk from the container, froths it and slides it automatically, with no need to move the cup or glass from under the coffee spouts. No splashes and impeccable results anytime. 
 
 
  BRAND NEW USER INTERFACE   
 
 
 
 
 
 High technology made simpler thanks to a wide screen to have all settings at a glance. Tailored around your needs, easy, intuitive and fully detailed, it guides you through personalization, brewing and cleaning functions. 
 
 
  4 USER PROFILES   
 
 4 different user profiles to memorize all beverages, personalised as you prefer. At every next use, you’ll easily find them just as you programmed. 
 
 
  ESPRESSO TRAY   
 
 
 80 years of experience and tradition enclosed in the built-in espresso tray, thought to ensure perfect espressos anytime, with an impeccable crema layer and no splashes while brewing. Pull it out to prepare flawless espressos and push it in when you prefer to brew drinks in tall glasses. 
  100% CERAMIC ADJUSTABLE GRINDERS   
 
 
 
 
 
 The resistant 100% ceramic grinders extract the purest essence from coffee beans, preventing overheating and burning. This material guarantees long-lasting performances, silence and the best in-cup result. Select among 10 grind settings to customise your espresso, from the finest grind for a strong taste, to the coarsest for a lighter coffee. 
 
 
  OPTIAROMA  
 
 This feature gives you the unique possibility to adjust the aroma intensity and create tailored coffee-based drinks by choosing the quantity of ground coffee per cup among 5 selections. 
 
  PRE-BREWING   
 
 Unique body and taste for every espresso thanks to the pre-brewing that implies few seconds of pause between the first shower of hot water and the actual brewing. 
 
  REMOVABLE BREW GROUP   
 
 The heart of the machine, it doses and tamps the right amount of ground coffee for all your espressos. It allows a thorough cleaning of the machine as it is removable and can be washed under the tap and reinserted easily at its place. 
 
  GROUND COFFEE OPTION   
 
 In addition to the coffee beans option, an easy solution to brew different ground coffee blends, included decaffeinated 
 
  QUICK HEAT BOILER   
 
 The Quick Heat boiler ensures hot beverages from the first cup without the waiting. Its secret lies in its body made in light aluminum and stainless steel, which can reach hot temperatures fast.",https://homeblendcoffee.com/products/gaggia-cadorna-milk,https://cdn.shopify.com/s/files/1/0047/4795/2199/files/Gaggia_Cardona_Milk_Main_-_Home_Blend_Coffee_Roasters.jpg?v=1733585244,Accessories
Gaggia Cadorna Prestige - One Touch Cappuccino Beans & Grounds Coffee Machine,Home Blend,127999.0,,,,,Washed,"Gaggia Cardona Prestige 
 
 
  The ultimate barista experience at home  
  Gaggia Cadorna Prestige Brews UPTO 14 BEVERAGES AT YOUR FINGERTIPS DISCOVER THEM ALL! CLICK ON A BEVERAGE TO SEE ITS TRADITIONAL RECIPE AND HOW YOU CAN PERSONALISE IT. More control and visibility for an easy, immediate, and improved user experience. experience the features of the feather touch interface while making the perfect cup of coffee with an Italian genius coffee machine. Guarantee of premium quality and expression of a never ending passion for the art of espresso making.  
  Brand: Gaggia  
  Usage Type:    Home &amp; Offices   
 
 
 
 
 
 
 
  100% ITALIAN EXCELLENCE  
 
 Proudly Made in Italy: guarantee of premium quality and a never ending passion for espresso making, year after year 
 
 
 
  
  UP TO 14 BEVERAGES  
 
 Discover the 14 beverages available, all at your fingertips and try the ultimate barista experience at home: RISTRETTO, ESPRESSO, ESPRESSO LUNGO, CAFFÈ, AMERICANO, CAPPUCCINO, LATTE MACCHIATO, CAFE' AU LAIT, FLAT WHITE, CORTADO, CAPPUCCINO XL, LATTE MACCHIATO XL, FROTHED MILK, HOT WATER 
  INTEGRATED MILK CARAFE   
 
 The integrated milk carafe froths the milk twice and removes all bubbles to get a perfect froth, always at the right temperature, in just one touch. Moreover, the automatic cleaning cycle and the possibility to store the carafe in the fridge make it hygienic and efficient. 
 
 
  BRAND NEW USER INTERFACE   
 
 
 
 
 
 High technology made simpler thanks to a wide screen to have all settings at a glance. Tailored around your needs, easy, intuitive and fully detailed, it guides you through personalization, brewing and cleaning functions. 
 
 
  4 USER PROFILES  
 
 4 different user profiles to memorize all beverages, personalised as you prefer. At every next use, you’ll easily find them just as you programmed. 
 
 
  ESPRESSO TRAY   
 
 
 80 years of experience and tradition enclosed in the built-in espresso tray, thought to ensure perfect espressos anytime, with an impeccable crema layer and no splashes while brewing. Pull it out to prepare flawless espressos and push it in when you prefer to brew drinks in tall glasses. 
  100% CERAMIC ADJUSTABLE GRINDERS   
 
 
 
 
 
 The resistant 100% ceramic grinders extract the purest essence from coffee beans, preventing overheating and burning. This material guarantees long-lasting performances, silence and the best in-cup result. Select among 10 grind settings to customise your espresso, from the finest grind for a strong taste, to the coarsest for a lighter coffee. 
 
 
  OPTIAROMA  
 
 This feature gives you the unique possibility to adjust the aroma intensity and create tailored coffee-based drinks by choosing the quantity of ground coffee per cup among 5 selections. 
 
  PRE-BREWING   
 
 Unique body and taste for every espresso thanks to the pre-brewing that implies few seconds of pause between the first shower of hot water and the actual brewing. 
 
  REMOVABLE BREW GROUP   
 
 The heart of the machine, it doses and tamps the right amount of ground coffee for all your espressos. It allows a thorough cleaning of the machine as it is removable and can be washed under the tap and reinserted easily at its place. 
 
  GROUND COFFEE OPTION   
 
 In addition to the coffee beans option, an easy solution to brew different ground coffee blends, included decaffeinated 
 
  QUICK HEAT BOILER   
 
 The Quick Heat boiler ensures hot beverages from the first cup without the waiting. Its secret lies in its body made in light aluminum and stainless steel, which can reach hot temperatures fast.",https://homeblendcoffee.com/products/gaggia-cadorna-prestige,https://cdn.shopify.com/s/files/1/0047/4795/2199/files/GaggiaCardonaPresitge-HomeBlendCoffeeRoasters.webp?v=1733588616,Accessories
Gaggia Classic Evo Pro 2024 - New Brass Boiler Manual Espresso Coffee Machine,Home Blend,67999.0,,,,,,"Gaggia Classic EVO Colour Vibes 
 
 
   
 
 
 
 
 
 
 
 
 
 
  Unleash your innner barista at Home  
  Get ready for the ultimate barista experience at home. With a professional chromed brass group and filter holder to ensure a perfect Italian espresso at home. Backed with a new intuitive user interface, a professional steam wand and new body shape that makes the water level visible.  
 The new Gaggia Classic is the culmination of our 80 years of tradition, history, and experience. We know that quality espresso is a ritual requiring the utmost care and attention so we built the best machine for the job. With the Gaggia Classic you can pay attention to every detail and brew real, Italian espresso with the utmost precision. This is a machine in the finest tradition of Achille Gaggia, brewing an espresso with exquisite crema. The traditional group, large solenoid valve and traditional filter holder ensure total control over the coffee; while the professional steam arm will froth the perfect microfoam for your cappuccinos. Stylishly designed and totally made in Italy. 
   
  Brand: Gaggia  
  Usage Type: Home &amp; Offices    
 
 PROFESSIONAL STAINLESS STEEL FILTER-HOLDER  Designed to professional standards, the group head and filter holder are made of Stainless Steel to give you the best in espresso quality and machine longevity. The heavy Stainless Steel filter-holder ensures a consistent and stable brewing temperature throughout the entire brewing process.   SOLENOID VALVE  The three-way solenoid valve relieves the pressure in the filter holder immediately after pulling a shot. Water empties from the filter holder via the open valve, and into the drip tray. This leaves the coffee puck dry, making it easy to clean.   TRADITIONAL GAGGIA BOILER  Polished Aluminium boiler is designed for unparalleled temperature stability, giving you the best espresso every time you brew. The 15 bar pump pushes the hot water through the ground coffee at high pressure to ensure better tasting, crema topped, espresso. 
 
  PROFESSIONAL STEAM WAND WITH 2 STEAM OUTLETS  The perfect way to steam the milk, and make exquisitely silky, bar-quality microfoam. 
   
   NEW INTUITIVE USER INTERFACE   The traditional rocker buttons and indicator lights for: on and off, espresso preparation, and steam dispensing allow total control.    DESIGN DETAILS   The iconic design of the Gaggia Classic has been updated to enhance your home barista experience, The new side shape makes the water level visible, and the drip tray has been redesigned for extra stabilty.    3 FILTERS FOR GROUND COFFEE AND POD   The machine comes with three filters: a “perfect crema” basket to help you have the perfect espresso from the first use, while single (7g) and double (16g) traditional baskets allow you to perfect your home barista skills.    CUP HOLDER   Espresso cups and glasses can be stored on the top of the machine for convenience, and to be ambiently heated by the boiler. A warm cup ensures that you espresso remains at the perfect temperature.    PROUDLY MADE IN ITALY   Guaranteed to be of premium quality, built with 80 years of passion for espresso making.",https://homeblendcoffee.com/products/gaggia-evo-pro,https://cdn.shopify.com/s/files/1/0047/4795/2199/files/Gaggia_Classic_Evo_-_Blue_-_Home_Blend_Coffee_Roasters.jpg?v=1733594584,Accessories
Gaggia Classic Evo Pro 2024 - Stainless Steel - New Brass Boiler - Coffee Machine,Home Blend,65999.0,,,,,,"Gaggia Classic EVO Inox- Stainless Steel 
 
 
 
 
 
 
 
 
 
 
 
 
 
 
  Unleash your innner barista at Home  
  Get ready for the ultimate barista experience at home. With a professional chromed brass group and filter holder to ensure a perfect Italian espresso at home. Backed with a new intuitive user interface, a professional steam wand and new body shape that makes the water level visible.  
 The new Gaggia Classic is the culmination of our 80 years of tradition, history, and experience. We know that quality espresso is a ritual requiring the utmost care and attention so we built the best machine for the job. With the Gaggia Classic you can pay attention to every detail and brew real, Italian espresso with the utmost precision. This is a machine in the finest tradition of Achille Gaggia, brewing an espresso with exquisite crema. The traditional group, large solenoid valve and traditional filter holder ensure total control over the coffee; while the professional steam arm will froth the perfect microfoam for your cappuccinos. Stylishly designed and totally made in Italy. 
   
  Brand: Gaggia  
  Usage Type: Home &amp; Offices    
 
 PROFESSIONAL STAINLESS STEEL FILTER-HOLDER  Designed to professional standards, the group head and filter holder are made of Stainless Steel to give you the best in espresso quality and machine longevity. The heavy Stainless Steel filter-holder ensures a consistent and stable brewing temperature throughout the entire brewing process.   SOLENOID VALVE  The three-way solenoid valve relieves the pressure in the filter holder immediately after pulling a shot. Water empties from the filter holder via the open valve, and into the drip tray. This leaves the coffee puck dry, making it easy to clean.   TRADITIONAL GAGGIA BOILER  Polished Aluminium boiler is designed for unparalleled temperature stability, giving you the best espresso every time you brew. The 15 bar pump pushes the hot water through the ground coffee at high pressure to ensure better tasting, crema topped, espresso. 
 
  PROFESSIONAL STEAM WAND WITH 2 STEAM OUTLETS  The perfect way to steam the milk, and make exquisitely silky, bar-quality microfoam. 
   
   NEW INTUITIVE USER INTERFACE   The traditional rocker buttons and indicator lights for: on and off, espresso preparation, and steam dispensing allow total control.    DESIGN DETAILS   The iconic design of the Gaggia Classic has been updated to enhance your home barista experience, The new side shape makes the water level visible, and the drip tray has been redesigned for extra stabilty.    3 FILTERS FOR GROUND COFFEE AND POD   The machine comes with three filters: a “perfect crema” basket to help you have the perfect espresso from the first use, while single (7g) and double (16g) traditional baskets allow you to perfect your home barista skills.    CUP HOLDER   Espresso cups and glasses can be stored on the top of the machine for convenience, and to be ambiently heated by the boiler. A warm cup ensures that you espresso remains at the perfect temperature.    PROUDLY MADE IN ITALY   Guaranteed to be of premium quality, built with 80 years of passion for espresso making.",https://homeblendcoffee.com/products/gaggia-classic-evo,https://cdn.shopify.com/s/files/1/0047/4795/2199/files/Gaggia_Evo_Inox_-_Home_Blend_Coffee_Roasters.jpg?v=1733593255,Accessories
Gaggia EG2109/01 Espresso -  Manual Espresso Coffee Machine,Home Blend,28999.0,,,,,,"Gaggia EG2109/01 Espresso -  Manual Espresso Coffee Machine 
 
 
   
 
 
 
 
 
 
 
 
 
 
 
 
 
  The   Gaggia EG2109/01   offers a professional espresso experience at home. With its sleek design, it effortlessly prepares rich espresso, creamy cappuccinos, and more. Enjoy the convenience of freshly ground coffee with its integrated grinder, making every cup a perfect brew  
 
 
 
  Brand: Gaggia  
  Usage Type: Home &amp; Offices    
  PRE-INFUSION  
 Unique body and an intense taste for every espresso thanks to the pre-brewing that implies few seconds of pause between the first shower of hot water and the actual brewing 
  NEW FILTERS + POD SYSTEM  
 2 stainless-steel double-wall filters ⌀ 53 mm: 1 for two cups of ground coffee (up to 16 grams), and 1 for a cup of ground coffee or for a paper pod, to be used with the exclusive POD SYSTEM 
  ARTICULATED PANNARELLO  
 A wider range of motion makes it easier to froth milk. With an extended range of motion, the Gaggia Espresso Style Coffee Machine (EG2109) makes it a breeze to froth milk, giving you perfectly textured foam for all your favorite coffee drinks. 
  IMPROVED MILK FROTHING  
 Thanks to a more stable steam jet and the articulated pannarello Create perfectly smooth and creamy drinks every time with this innovative steam jet and pannarello system.  
 Weight 
  ~3.7 kg   
 DIMENSIONS (W X D X H) 
  19.9 X 25.5 X 30.3 cm   
 
 Capacity 
 1.2L Water Tank 
 
 
 
   
 Construction Materials 
 Ergonomic filter-holder for double-wall filters in ABS + stainless-steel 
 
 
   
 
 
 Steam Wand 
 Professional Stainless Steel Steam Wand 
 
 
   
 
 
 
 Milk Texturing 
 Manual milk texturing 
 
 
 
   
 Interface 
 Backlit buttons",https://homeblendcoffee.com/products/gaggia-eg2109,https://cdn.shopify.com/s/files/1/0047/4795/2199/files/GaggiaEG2109BlackHomeBlendCoffeeRoasters.jpg?v=1733596554,Accessories
Gaggia Espresso De Luxe -  Manual Espresso Coffee Machine,Home Blend,32999.0,,,,,,"Gaggia Espresso De Luxe -  Manual Espresso Coffee Machine     
 
 
 
 
  The   Gaggia Espresso DeLuxe   offers an elevated coffee experience with its stylish design and exceptional performance. Perfect for espresso enthusiasts, it brews rich, aromatic coffee effortlessly, combining elegance with the convenience of easy use.  
 
 
 
 
 
 
 
 
 
 
 
 
 
 
 
  Where your Espresso Experience Begins. The unique expertise and the endless passion of Gaggia are enclosed in  this new series of manual machines,  that are the best choice for the ones who are approaching the world of coffee.  
  MADE IN ITALY  
 
 THE TRULY ITALIAN CHOICE ON THE MARKET  
 
 ABS + CHROMED LOGO 
 CONSISTENCY WITH THE VALUES, THE BRAND STRATEGY AND THE MISSION OF GAGGIA 
 PID 
 PRE-INFUSION 
 MEMO FACILITY TO STORE QUANTITY OF DRINK 
 STAINLESS-STEEL CUP WARMER WITH SIDE RAILS 
 METAL DRIP TRAY COVER 
 CONTROL ON QUALITY, PERFORMANCE, IN-CUP RESULT 
 LONG TERM SUSTAINABILITY 
 
 Product Details 
 
 
   
 
 Tank Size:     1.2Ltr 
 
 
 Frother:     Pannerello - Plastic 
 
 
 Other Features:     Filter Holder + 2 Crema Perfetta Filter Baskets, Metal Cup Warmer 
 
 
 Coffee Types:     Espresso, Coffee and Milky Drinks 
 
 
 Body:     ABS, Metal Cup Warmer, Metal Drip Tray 
 
 
 Dimensions:     L19.9xH30.3xD25.5 CM 
 
 
 Power:     1900W 
 
 
 Pre-Ground:     Ground and ESE Pods 
 
 
 Cup Height:     7.6cm [10.2 cm without drip tray]",https://homeblendcoffee.com/products/gaggia-espresso-de-luxe-manual-espresso-coffee-machine,https://cdn.shopify.com/s/files/1/0047/4795/2199/files/GaggiaEspressoDeluxeGreen.jpg?v=1733599361,Accessories
Gaggia Espresso Evolution -  Manual Espresso Coffee Machine,Home Blend,35999.0,,,,,,"Gaggia Espresso Evolution -  Manual Espresso Coffee Machine     
 
 
 
 
 
 
 
  The   Gaggia Espresso Evolution   brings professional espresso-making to your home. With advanced features and a sleek design, it delivers smooth, flavorful espresso with ease, offering a perfect balance of quality and convenience for coffee lovers.  
  Where your Espresso Experience Begins. The unique expertise and the endless passion of Gaggia are enclosed in this new series of manual machines ,  that are the best choice for the ones who are approaching the world of coffee.  
  MADE IN ITALY  
 
 THE TRULY ITALIAN CHOICE ON THE MARKET  
 
 ABS + CHROMED LOGO 
 PID 
 PRE-INFUSION 
 MEMO FACILITY TO STORE QUANTITY OF DRINK 
 STAINLESS-STEEL CUP WARMER WITH SIDE RAILS 
 METAL DRIP TRAY COVER 
 CONSISTENCY WITH THE VALUES, THE BRAND STRATEGY AND THE MISSION OF GAGGIA 
 CONTROL ON QUALITY, PERFORMANCE, IN-CUP RESULT 
 LONG TERM SUSTAINABILITY 
 
 Product Details 
 
 
   
 
 Tank Size:     1.2Ltr 
 
 
 Warranty:     2 Years with option to extend 
 
 
 Frother:     Pannerello - Plastic 
 
 
 Other Features:     Filter Holder + 2 Crema Perfetta Filter Baskets, Metal Cup Warmer and Metal Tray 
 
 
 Coffee Types:     Espresso, Coffee and Milky Drinks 
 
 
 Body:     ABS, Metal Cup Warmer and Metal Tray 
 
 
 Dimensions:     L19,9xH30,3xD25,5 CM 
 
 
 Power:     1900W 
 
 
 Pre-Ground:     Ground and ESE Pods 
 
 
 Cup Height:     7.6cm [10.2 cm without drip tray]",https://homeblendcoffee.com/products/gaggia-espresso-evolution,https://cdn.shopify.com/s/files/1/0047/4795/2199/files/GaggiaEspressoEvolutionBlackHomeBlendCoffeeRoasters.jpg?v=1733600575,Accessories
Gaggia Espresso Style -  Manual Espresso Coffee Machine,Home Blend,32999.0,,,,,,"Gaggia Espresso Style -  Manual Espresso Coffee Machine     
 
 
 
 
  The   Gaggia Espresso Style   combines elegance and ease of use, delivering rich espresso with every brew. Its compact design is perfect for any kitchen, while the powerful performance ensures a smooth, aromatic coffee experience every time.  
 
 
 
 
 
 
 
 
 
 
 
 
 
 
 
  Where your Espresso Experience Begins. The unique expertise and the endless passion of Gaggia are enclosed in  this new series of manual machines,  that are the best choice for the ones who are approaching the world of coffee.  
  MADE IN ITALY  
 
 THE TRULY ITALIAN CHOICE ON THE MARKET  
 
 ABS + CHROMED LOGO 
 PID 
 PRE-INFUSION 
 MEMO FACILITY TO STORE QUANTITY OF DRINK 
 CONSISTENCY WITH THE VALUES, THE BRAND STRATEGY AND THE MISSION OF GAGGIA 
 CONTROL ON QUALITY, PERFORMANCE, IN-CUP RESULT 
 LONG TERM SUSTAINABILITY 
 
 Product Details 
 
 
  
 
 Tank Size:     1.2Ltr 
 
 
 Warranty:     2 Years with option to extend 
 
 
 Frother:     Pannerello - Plastic 
 
 
 Other Features:     Filter Holder + 2 Crema Perfetta Filter Baskets, 
 
 
 Coffee Types:     Espresso, Coffee and Milky Drinks 
 
 
 Body:     ABS 
 
 
 Dimensions:     L19,9xH30,3xD25,5 CM 
 
 
 Power:     1900W 
 
 
 Pre-Ground:     Ground and ESE Pods 
 
 
 Cup Height:     7.6cm [10.2 cm without drip tray] 
 
 
   
 
 
 
 PLEASE NOTE: The Gaggia Espresso Style does NOT include a metal drip tray grid.",https://homeblendcoffee.com/products/gaggia-espresso-style,https://cdn.shopify.com/s/files/1/0047/4795/2199/files/Gaggia_Espresso_Style_Black_-_Home_Blend_Coffee_Roasters.jpg?v=1733598278,Accessories
Gaggia Magenta Milk - One Touch Cappuccino Beans & Grounds Coffee Machine,Home Blend,86999.0,,,,,Washed,"Gaggia Magenta MILK 
  Free your contemporary home barista spirit with Capp in a cup with an external Milk Glass Carafe  
  More control and visibility for an easy, immediate, and improved user experience. experience the features of the feather touch interface while making the perfect cup of coffee with an Italian genius coffee machine. Guarantee of premium quality and expression of a never ending passion for the art of espresso making.  
  Brand: Gaggia  
  Usage Type:    Home &amp; Offices   
 
 
 
 
 
 
  100% ITALIAN EXCELLENCE  
 Proudly Made in Italy: guarantee of premium quality and a never ending passion for espresso making, year after year 
 
 
  
  UP TO 9 BEVERAGES  
 Discover the 9 beverages available: ristretto, espresso, espresso lungo, coffee, americano, cappuccino, café au lait, frothed milk and hot water. 
 
  CAPPINCUP &amp; NEW EXTERNAL GLASS CARAFE  
 An innovative one-touch milk solution, now with a new external glass milk carafe. With its smooth design, clean lines and graduation marks, it is easy to use, efficient and hygienic. Moreover, it can be stored in the fridge after use, and it can be cleaned in the dishwasher without being damaged. 
 
  NEW INTERFACE WITH CAPACITIVE BUTTONS  
 The wide user interface with full color display and capacitive buttons ensures more control and visibility for an improved user experience. Preparing beverages is made super simple and all cleaning procedures are guided step by step. 
 
 
 
  STAINLESS STEEL ESPRESSO TRAY  
 It ensures the right height to get impeccable espressos anytime, with a perfect and uniform crema Layer and no splashes while brewing. Enclosed in the drip tray, it can be easily extracted with a simple gesture and placed at the right height. 
 
  100% CERAMIC ADJUSTABLE GRINDERS  
 The resistant 100% ceramic grinders extract the purest essence from coffee beans, preventing overheating and burning. This material guarantees long-lasting performances, silence and the best in-cup result. Select among 5 options to customise your espresso, from the finest grind for a strong taste, to the coarsest for a lighter coffee. 
 
  OPTIAROMA  
 This feature gives you the unique possibility to adjust the aroma intensity and create tailored coffee-based drinks by choosing the quantity of ground coffee per cup among 5 selections. 
 
 
 
  AROMA LID  
 The coffee beans container is equipped with an aroma lid, thought to preserve the aroma of your favourite coffee blend.   
 
  PRE-BREWING  
 Unique body and taste for every espresso thanks to the pre-brewing that implies few seconds of pause between the first shower of hot water and the actual brewing. 
  REMOVABLE BREW GROUP  
 The heart of the machine, it doses and tamps the right amount of ground coffee for all your espressos. It allows a thorough cleaning of the machine as it is removable and can be washed under the tap and reinserted easily at its place. 
  GROUND COFFEE OPTION  
 In addition to the coffee beans option, an easy solution to brew different ground coffee blends, included decaffeinated 
  QUICK HEAT BOILER  
 The Quick Heat boiler ensures hot beverages from the first cup without the waiting. Its secret lies in its body made in light aluminum and stainless steel, which can reach hot temperatures fast.",https://homeblendcoffee.com/products/gaggia-magenta-milk,https://cdn.shopify.com/s/files/1/0047/4795/2199/files/GaggiaMagentaMilkCoffeeMachine-HomeBlendCoffeeRoasters_e8deb0a3-7fb3-404a-ae92-ef4520e38e7e.jpg?v=1732629612,Accessories
Gaggia Magenta Plus - Beans & Grounds Coffee Machine with Professional Steam Wand,Home Blend,79999.0,,,,,Washed,"Gaggia Magenta Plus 
 
  Free your contemporary home barista spirit with Professional Steam Wand to make you relive at home the barista rituals  
  More control and visibility for an easy, immediate, and improved user experience. experience the features of the feather touch interface while making the perfect cup of coffee with an Italian genius coffee machine. Guarantee of premium quality and expression of a never ending passion for the art of espresso making.  
  Brand: Gaggia  
  Usage Type:    Home &amp; Offices     
 
 
 
 
 
  100% ITALIAN EXCELLENCE  
 Proudly Made in Italy: guarantee of premium quality and a never ending passion for espresso making, year after year 
 
 
  
  UP TO 5 BEVERAGES AT THE TOUCH OF A BUTTON  
 Discover the 5 beverages available: espresso, espresso lungo, coffee, americano and hot water. 
 
  PROFESSIONAL STEAM WAND  
 
 Directly from the Gaggia tradition, the stainless steel steam wand is thought to make you relive, at home, the authentic barista rituals. Thanks to its shape, you can use different kinds of milk jugs and always have an impeccable milk froth. It also dispenses hot water for teas and infusions. 
 
 
  NEW INTERFACE WITH CAPACITIVE BUTTONS   
 
 
 
 
 
 The wide user interface with full colour display and capacitive buttons ensures more control and visibility for an improved user experience. Preparing beverages is made super simple and all cleaning procedures are guided step by step. 
 
 
  STAINLESS STEEL ESPRESSO TRAY   
 
 It ensures the right height to get impeccable espressos anytime, with a perfect and uniform crema Layer and no splashes while brewing. Enclosed in the drip tray, it can be easily extracted with a simple gesture and placed at the right height. 
 
 
  100% CERAMIC ADJUSTABLE GRINDERS   
 
 The resistant 100% ceramic grinders extract the purest essence from coffee beans, preventing overheating and burning. This material guarantees long-lasting performances, silence and the best in-cup result. Select among 5 options to customise your espresso, from the finest grind for a strong taste, to the coarsest for a lighter coffee. 
  OPTIAROMA   
 
 
 
 This feature gives you the unique possibility to adjust the aroma intensity and create tailored coffee-based drinks by choosing the quantity of ground coffee per cup among 5 selections. 
  AROMA LID   
 
 The coffee beans container is equipped with an aroma lid, thought to preserve the aroma of your favourite coffee blend. 
  PRE-BREWING   
 
 Unique body and taste for every espresso thanks to the pre-brewing that implies few seconds of pause between the first shower of hot water and the actual brewing. 
 
  REMOVABLE BREW GROUP   
 
 The heart of the machine, it doses and tamps the right amount of ground coffee for all your espressos. It allows a thorough cleaning of the machine as it is removable and can be washed under the tap and reinserted easily at its place. 
 
  GROUND COFFEE OPTION   
 
 In addition to the coffee beans option, an easy solution to brew different ground coffee blends, included decaffeinated 
 
  QUICK HEAT BOILER   
 
 The Quick Heat boiler ensures hot beverages from the first cup without the waiting. Its secret lies in its body made in light aluminium and stainless steel, which can reach hot temperatures fast.",https://homeblendcoffee.com/products/gaggia-magenta-plus,https://cdn.shopify.com/s/files/1/0047/4795/2199/files/gaggiamagentaplusmain-homeblendcoffeeroasters.jpg?v=1732310955,Accessories
Gaggia Magenta Prestige - One Touch Cappuccino Beans & Grounds Coffee Machine,Home Blend,92999.0,,,,,Washed,"Gaggia Magenta Prestige 
 The Gaggia Magenta Prestige super-automatic espresso machine is your chance to tap into the spirit of your inner barista. An easy to read full color display presents 12 specialty drinks, customizable on the fly. An integrated milk carafe delivers coffee specialties in one touch, and can be removed for storage in the refrigerator. 
 
 
 
   
 
 
  Free your contemporary home barista spirit with an interface with captivating buttons and discover the 12 pre set beverages  
  More control and visibility for an easy, immediate, and improved user experience. experience the features of the feather touch interface while making the perfect cup of coffee with an Italian genius coffee machine. Guarantee of premium quality and expression of a never ending passion for the art of espresso making.  
 
 
 
 
  Brand: Gaggia  
  Usage Type:    Home &amp; Offices   
 
 
 
 
 
 
  100% ITALIAN EXCELLENCE  
 
 Proudly Made in Italy: guarantee of premium quality and a never ending passion for espresso making, year after year 
 
 
 
  
  UP TO 12 BEVERAGES  
 
 Discover the 12 beverages available: ristretto, espresso, espresso lungo, coffee, cortado, flat white, americano, cappuccino, cafè au lait, latte macchiato, frothed milk and hot water.   
  INTEGRATED MILK CARAFE  
 The integrated milk carafe froths the milk twice and removes all bubbles to get a perfect froth, always at the right temperature, in just one touch. The automatic cleaning cycle and the possibility to store the carafe in the fridge make it hygienic and efficient. 
 
  NEW INTERFACE WITH CAPACITIVE BUTTONS   
 
 
 
 
 
 The wide user interface with full color display and capacitive buttons ensures more control and visibility for an improved user experience. Preparing beverages is made super simple and all cleaning procedures are guided step by step. 
 
 
  STAINLESS STEEL ESPRESSO TRAY   
 
 It ensures the right height to get impeccable espressos anytime, with a perfect and uniform crema Layer and no splashes while brewing. Enclosed in the drip tray, it can be easily extracted with a simple gesture and placed at the right height. 
 
 
  100% CERAMIC ADJUSTABLE GRINDERS   
 
 The resistant 100% ceramic grinders extract the purest essence from coffee beans, preventing overheating and burning. This material guarantees long-lasting performances, silence and the best in-cup result. Select among 5 options to customise your espresso, from the finest grind for a strong taste, to the coarsest for a lighter coffee. 
  OPTIAROMA   
 
 
 
 This feature gives you the unique possibility to adjust the aroma intensity and create tailored coffee-based drinks by choosing the quantity of ground coffee per cup among 5 selections. 
  AROMA LID   
 
 The coffee beans container is equipped with an aroma lid, thought to preserve the aroma of your favourite coffee blend.   
  PRE-BREWING   
 
 Unique body and taste for every espresso thanks to the pre-brewing that implies few seconds of pause between the first shower of hot water and the actual brewing. 
 
  REMOVABLE BREW GROUP   
 
 The heart of the machine, it doses and tamps the right amount of ground coffee for all your espressos. It allows a thorough cleaning of the machine as it is removable and can be washed under the tap and reinserted easily at its place. 
 
  GROUND COFFEE OPTION   
 
 In addition to the coffee beans option, an easy solution to brew different ground coffee blends, included decaffeinated 
 
  QUICK HEAT BOILER   
 
 The Quick Heat boiler ensures hot beverages from the first cup without the waiting. Its secret lies in its body made in light aluminum and stainless steel, which can reach hot temperatures fast.",https://homeblendcoffee.com/products/gaggia-magenta-prestige,https://cdn.shopify.com/s/files/1/0047/4795/2199/files/gaggia_Magenta_Prestige_Coffee_Machine_Home_Blend_Coffee_Roasters.jpg?v=1732631825,Accessories
Gaggia MD15 - Coffee Grinder,Home Blend,18999.0,,,,,,"Gaggia MD15 - Coffee Grinder   
 
  Grinder with stainless steel conical burrs and stainless steel finishing, 15 grinder settings, and digital timer.  
  The perfect companion of an espresso machine that guarantees balanced coffee extractions. The Gaggia MD15 is made of high-quality materials and comes with a unique grinding performance.  
 
 
 
 
 
 
 
 
 
 
 
 
 
 
 
 
 
  Gaggia coffee grinder for a fully a equipped premium home or office coffee station  
  Perfect companion of an espresso machine that guarantees balanced coffee extractions  
  High quality materials and unique grinding performance   
 Stainless steel grinding discs 
 15 grinding settings 
 Quantity selector (timer) 
 Possibility to grind pre-set quantities and on  
 
 
  Coffee Bean Grinder with 15 Grind Options (From Espresso to Filtered Coffee)  
  Stainless steel conical grinders, detachable for thorough cleaning  
  Large 300g coffee bean container with lid.  
  Digital display with quantity selector (timer) for grinding preset and custom quantities.  
  Possibility to remove the ground coffee container and attach the filter holder.  
 
 
 
 
 
 
 
 
  Brand: Gaggia  
  Usage Type: Home &amp; Offices    
 Product Details 
 
 
 
 Body:     Brushed Chrome finish 
 
 
 Dimensions:     W14cm x H36cm x D24cm 
 
 
 Power:     150W 
 
 
 Bean Hopper Capacity:     350g 
 
 
   
 
 
 
 
  SELECTING THE RIGHT GRINDER    
 GRINDING COFFEE BEANS IS AN ESSENTIAL COMPONENT IN PRODUCING THE PERFECT ESPRESSO. IF THEY’RE GROUND TOO FINE, THE COFFEE WILL TASTE BITTER; IF THEY’RE GROUND TOO COARSE, IT WILL TASTE SOUR. WITH 15 GRIND SETTINGS – FROM ESPRESSO TO DRIP COFFEE – IT ENSURES THE OPTIMUM GRIND FOR ALL STYLES OF COFFEE. 
   
 MD15 is conical shaped grinder with 15 settings. It is suitable for all our pressurised filter machines, such as the Gran, Viva and Carezza models. It can also be suitable for the perfect crema baskets on the Gaggia Classic. 
 If you want to get a finer grind for the traditional baskets supplied with the Gaggia Classic, you will find that the grind needs to be extra fine to get a an extraction of 20-30 seconds per fluid ounce.",https://homeblendcoffee.com/products/gaggia-md15-grinder,https://cdn.shopify.com/s/files/1/0047/4795/2199/files/GaggiaMD15-HomeBlendCoffeeRoasters.jpg?v=1733603066,Accessories
Gaggia MDF 55 - Coffee Grinder,Home Blend,73999.0,,,,,,"Gaggia MDF 55 - Coffee Grinder   
 
 
 
  Brand: Gaggia  
  Usage Type:    Home &amp; Offices   
 
 Product Details 
 
 
 
 Other Features:     55 mm Flat Burr 
 
 
 Body:     Brushed Aluminium 
 
 
 Dimensions:     340 x 135 x 225 mm 
 
 
 Power:     310w 
 
 
 Bean Hopper Capacity:     250g 
 
 
 
   
 RESHAPE YOUR HOME BARISTA EXPERIENCE 
 Imagine the aroma of freshly ground coffee filling your kitchen. With the new Gaggia MDF55 grinder, this becomes reality every day. 
 Crafted with passion in Italy, this grinder is a masterpiece that combines style and functionality. Its elegant and refined design fits into any kitchen, and the aluminum body is sturdy and durable. 
 Easy to use and intuitive, it has professional features that allow you to get the best in-cup results for different kinds of coffee and beverages, with precision and full control. 
 INTERFACE: Touchscreen + rotating knob 
 GRINDER DIAMETER: 55 mm [Hardened steel] 
 PROGRAMMABLE GRINDING: Timed; single/double shot 
 ADJUSTABLE PORTAFILTER FORK",https://homeblendcoffee.com/products/gaggia-mdf-55-coffee-grinder,https://cdn.shopify.com/s/files/1/0047/4795/2199/files/Gaggia_MDF_55_Grinder_-_Home_Blend_Coffee_Roasters.png?v=1733603903,Accessories
Gaggia Naviglio Deluxe Bean to Cup Coffee Machine,Home Blend,77999.0,,,,,,"Gaggia Naviglio Deluxe   
 
  Authentic Italian Coffee Perfection with the new cappuccinatore: Patented cyclonic chamber, it froths milk perfectly for the best in-cup result  
  An efficient 2-touch cappuccino coffee that is remarkably reliable. The Beverage options are espresso, cappuccino, and Long Black. Also gets hot water for tea. The water tank is an efficient 1.5 litre. Comes along with a patented cappuccinatore that provides creamy foam. Ceramic grinders extract the purest essence of the coffee, preventing overheating and burning. The material guarantees long-lasting performances, silence, and the best in-cup results. This is a cost-effective coffee machine for home purposes. The milk can be controlled and you can add the amount of milk you require in the beverage. It’s also a low-maintenance coffee machine.  
  Brand: Gaggia  
  Usage Type: Home &amp; Offices",https://homeblendcoffee.com/products/gaggia-naviglio-deluxe,https://cdn.shopify.com/s/files/1/0047/4795/2199/files/CoffeeMachineGaggia-Naviglio-Deluxe-Home-Blend-Coffee-Roasters.jpg?v=1732278780,Accessories
Gaggia Naviglio Milk - One Touch Cappuccino - Bean to Cup Coffee Machine,Home Blend,89999.0,,,your espresso,,,"Gaggia Naviglio Milk   
 
   A brand new solution for impeccable one touch cappuccinos. This innovative system draws milk from a container, froths it and slides it directly into a cup.   
 
 
 
  Get ready for the ultimate barista experience at home. With a new CAPPinCUP system, a revolutionary graphic interface and delightful in-cup results, the Naviglio Milk by Gaggia is your perfect at-home barista to create your favourite beverages. 
  Thanks to its exclusive design and the patented cyclonic chamber, this comfortable one-touch system draws milk from a container, froths it and slides it automatically into a cup, with no need to move it from under the coffee spouts. No splashes and impeccable cappuccinos anytime.  
     
 
 OPTIAROMA   
 
  Thanks to the rotating knob, you can select the quantity of ground coffee among 3 different levels, to easily personalize the intensity and taste of your espresso.  
     
  AUTO CLEANING  
  To ensure long-lasting performances, Naviglio Milk performs an automatic cleaning cycle of the coffee circuits when the machine is turned on and when it goes in stand-by mode.    
  100% CERAMIC ADJUSTABLE GRINDERS  
 
 They guarantee the best extraction of coffee aromas, long-lasting performances and silence.   Select among 5 options to customize your espresso, from the finest grind for a strong taste, to the coarsest for a lighter coffee. 
 
     
  MEMO FUNCTION  
  Customize and memorize the length of the available beverages simply by keeping selected the button for a few seconds.  
     
  INCLUDED PANNARELLO  
  In addition to the new CAPPinCUP system, Naviglio Milk comes with a classic pannarello. Ideal to unleash your inner barista, it dispenses steam to prepare milk-based beverages, or hot water for teas. To unleash your inner barista, Naviglio Milk comes with a classic pannarello to dispense steam for your latte art, or hot water to prepare teas and infusions.  
     
  ITALIAN EXCELLENCE  
  100% designed and Made in Italy, guarantee of premium quality and a never ending passion for espresso making.  
 
   
 
 
 
 
  Brand: Gaggia  
  Usage Type: Home &amp; Offices",https://homeblendcoffee.com/products/gaggia-naviglio-milk,https://cdn.shopify.com/s/files/1/0047/4795/2199/files/Gaggia_Naviglio_Milk.png?v=1732306059,Accessories
Gift Box | Drip Coffee Bags | Box of 30,Home Blend,2000.0,,,,,,"Filters And Coffee Grounds Are Completely Biodegradable And Compostable 
 Freshly Roasted Artisanal Coffee By Home Blend Coffee Roasters 
 A Single Drip Bag Brews 180 ml 
 100% Specialty Grade Arabica 
 This is a Vegetarian Product",https://homeblendcoffee.com/products/gift-box-drip-coffee,https://cdn.shopify.com/s/files/1/0047/4795/2199/products/GBDC0012.HomeBlendDripCoffeeGiftBoxOpenFront-Edit.png?v=1629542478,Coffee
Gift Card | Pick Your Card Amount,Home Blend,500.0,INR 500.00,,,,ing fees,"Shopping for someone else but not sure what to give them?  Give them the gift of choice with a gift card. 
 Gift cards are delivered by email and contain instructions to redeem them at checkout. 
 Our gift cards have no additional processing fees.",https://homeblendcoffee.com/products/gift-card,https://cdn.shopify.com/s/files/1/0047/4795/2199/products/HomeBlendCoffee_4ef194d5-21ad-4ee7-b9fd-0605943ab9a1.jpg?v=1629544215,Accessories
Gift Card | Pick Your Card Amount,Home Blend,1000.0,INR 1000.00,,,,ing fees,"Shopping for someone else but not sure what to give them?  Give them the gift of choice with a gift card. 
 Gift cards are delivered by email and contain instructions to redeem them at checkout. 
 Our gift cards have no additional processing fees.",https://homeblendcoffee.com/products/gift-card,https://cdn.shopify.com/s/files/1/0047/4795/2199/products/HomeBlendCoffee_4ef194d5-21ad-4ee7-b9fd-0605943ab9a1.jpg?v=1629544215,Accessories
Gift Card | Pick Your Card Amount,Home Blend,2000.0,INR 2000.00,,,,ing fees,"Shopping for someone else but not sure what to give them?  Give them the gift of choice with a gift card. 
 Gift cards are delivered by email and contain instructions to redeem them at checkout. 
 Our gift cards have no additional processing fees.",https://homeblendcoffee.com/products/gift-card,https://cdn.shopify.com/s/files/1/0047/4795/2199/products/HomeBlendCoffee_4ef194d5-21ad-4ee7-b9fd-0605943ab9a1.jpg?v=1629544215,Accessories
Gift Card | Pick Your Card Amount,Home Blend,5000.0,INR 5000.00,,,,ing fees,"Shopping for someone else but not sure what to give them?  Give them the gift of choice with a gift card. 
 Gift cards are delivered by email and contain instructions to redeem them at checkout. 
 Our gift cards have no additional processing fees.",https://homeblendcoffee.com/products/gift-card,https://cdn.shopify.com/s/files/1/0047/4795/2199/products/HomeBlendCoffee_4ef194d5-21ad-4ee7-b9fd-0605943ab9a1.jpg?v=1629544215,Accessories
Ground Coffee - Araku Valley - Pack of 250g,Home Blend,600.0,,,"Jaggery, Milk Chocolate, Citrus, Balanced Body: Medium",has become known for producing high-quality microlots,Washed,"Araku Valley | 100% Specialty Grade Arabica 
  Discover the rich and flavourful taste of Araku Valley coffee, grown in the highlands of Eastern Ghats. Crafted by Boini Sanni Babu, this speciality coffee is known to delight palates worldwide. Savour the unique experience with each sip of our 250g pack.  
  Amidst the towering silver oaks, interspersed with a variety of fruit and forest trees such as guava and sapota, Sanni Babu's farm has become known for producing high-quality microlots, carefully cultivated and consistently recognized as some of India's best coffee. This season's harvest yielded an impressive 3,300 kilograms of crimson red cherries, thanks to the farm's exceptional crumb structure and water retention capabilities.    
 
 Grade: Screen 16+  
 Varietal: 100% Arabica,  SLN. 795 
 Tasting Notes: Jaggery, Milk Chocolate, Citrus, Balanced 
 Body: Medium 
 Altitude: 1100-1300M 
 Processing: Ferment Washed 
 Location: Araku  Valley,  Andhra Pradesh",https://homeblendcoffee.com/products/ground-araku-valley-250g,https://cdn.shopify.com/s/files/1/0047/4795/2199/files/Home_Blend_Coffee_Roasters_Araku_Valley_250g.jpg?v=1754308041,Coffee
Ground Coffee - Araku Valley - Pack of 250g,Home Blend,600.0,,,"Jaggery, Milk Chocolate, Citrus, Balanced Body: Medium",has become known for producing high-quality microlots,Washed,"Araku Valley | 100% Specialty Grade Arabica 
  Discover the rich and flavourful taste of Araku Valley coffee, grown in the highlands of Eastern Ghats. Crafted by Boini Sanni Babu, this speciality coffee is known to delight palates worldwide. Savour the unique experience with each sip of our 250g pack.  
  Amidst the towering silver oaks, interspersed with a variety of fruit and forest trees such as guava and sapota, Sanni Babu's farm has become known for producing high-quality microlots, carefully cultivated and consistently recognized as some of India's best coffee. This season's harvest yielded an impressive 3,300 kilograms of crimson red cherries, thanks to the farm's exceptional crumb structure and water retention capabilities.    
 
 Grade: Screen 16+  
 Varietal: 100% Arabica,  SLN. 795 
 Tasting Notes: Jaggery, Milk Chocolate, Citrus, Balanced 
 Body: Medium 
 Altitude: 1100-1300M 
 Processing: Ferment Washed 
 Location: Araku  Valley,  Andhra Pradesh",https://homeblendcoffee.com/products/ground-araku-valley-250g,https://cdn.shopify.com/s/files/1/0047/4795/2199/files/Home_Blend_Coffee_Roasters_Araku_Valley_250g.jpg?v=1754308041,Coffee
Ground Coffee - Bettadamalali Estate - Pack of 250g,Home Blend,600.0,,,"Jaggery, Dark Chocolate, Honey, Citrus Finish Body: Medium - Heavy",Chikmagalur,compared to beans grown in lower,"Bettadamalali Estate | 100% Shade Grown, High Altitude Arabica 
 Experience the exquisite taste of one-hundred percent shade-grown coffee, cultivated under a harmonious blend of both planted and native trees. The unique combination of shade and high altitude nurtures the coffee beans, resulting in a slower maturation process compared to beans grown in lower altitudes. This deliberate pace of growth yields a harmoniously balanced and flavourful cup of coffee that truly stands out 
 Nestled in the breathtaking hills and valleys of the Sahyadri range, also known as the Western Ghats, the coffee estate benefits from the richness of volcanic soil, pure water sources, invigoratingly crisp air, and meticulous care from the land's stewards. These factors converge to create coffee beans of unparalleled quality, setting Bettadamalali coffee apart as a beacon of excellence 
 The commitment to quality extends to the hand-picking of each individual coffee cherry at the estate. This hands-on approach ensures that only perfectly ripe, crimson-red cherries are selected, guaranteeing a pure and untainted coffee experience. By avoiding the inclusion of underripe or green cherries, this craft cup of coffee is free from any unwanted off-flavours that can result from using unripe beans 
 Bettadamalali coffee beans undergo a meticulous washing process. The cherries are first pulped, separating the pulp from the beans. Natural fermentation follows, after which the beans are meticulously washed with pristine water. The final step involves sun-drying the beans in Bettadamalali's dedicated drying yards 
 Experience the culmination of nature's perfection and human dedication in every sip of Bettadamalali coffee. Indulge in the richness of flavour that only truly exceptional coffee can deliver 
 
 Grade: Screen 16+  
 Varietal: 100% Arabica,  SLN. 795 
 Tasting Notes: Jaggery, Dark Chocolate, Honey, Citrus Finish  
 Body: Medium - Heavy 
 Altitude: 1100-1350M 
 Processing: Washed 
 Location:    Western Ghats,  Chikmagalur",https://homeblendcoffee.com/products/ground-coffee-bettadamalali-estate,https://cdn.shopify.com/s/files/1/0047/4795/2199/files/Home_Blend_Coffee_Roasters_-_Bettadamalali_Estate_250g.jpg?v=1754308118,Coffee
Ground Coffee - Bettadamalali Estate - Pack of 250g,Home Blend,600.0,,,"Jaggery, Dark Chocolate, Honey, Citrus Finish Body: Medium - Heavy",Chikmagalur,compared to beans grown in lower,"Bettadamalali Estate | 100% Shade Grown, High Altitude Arabica 
 Experience the exquisite taste of one-hundred percent shade-grown coffee, cultivated under a harmonious blend of both planted and native trees. The unique combination of shade and high altitude nurtures the coffee beans, resulting in a slower maturation process compared to beans grown in lower altitudes. This deliberate pace of growth yields a harmoniously balanced and flavourful cup of coffee that truly stands out 
 Nestled in the breathtaking hills and valleys of the Sahyadri range, also known as the Western Ghats, the coffee estate benefits from the richness of volcanic soil, pure water sources, invigoratingly crisp air, and meticulous care from the land's stewards. These factors converge to create coffee beans of unparalleled quality, setting Bettadamalali coffee apart as a beacon of excellence 
 The commitment to quality extends to the hand-picking of each individual coffee cherry at the estate. This hands-on approach ensures that only perfectly ripe, crimson-red cherries are selected, guaranteeing a pure and untainted coffee experience. By avoiding the inclusion of underripe or green cherries, this craft cup of coffee is free from any unwanted off-flavours that can result from using unripe beans 
 Bettadamalali coffee beans undergo a meticulous washing process. The cherries are first pulped, separating the pulp from the beans. Natural fermentation follows, after which the beans are meticulously washed with pristine water. The final step involves sun-drying the beans in Bettadamalali's dedicated drying yards 
 Experience the culmination of nature's perfection and human dedication in every sip of Bettadamalali coffee. Indulge in the richness of flavour that only truly exceptional coffee can deliver 
 
 Grade: Screen 16+  
 Varietal: 100% Arabica,  SLN. 795 
 Tasting Notes: Jaggery, Dark Chocolate, Honey, Citrus Finish  
 Body: Medium - Heavy 
 Altitude: 1100-1350M 
 Processing: Washed 
 Location:    Western Ghats,  Chikmagalur",https://homeblendcoffee.com/products/ground-coffee-bettadamalali-estate,https://cdn.shopify.com/s/files/1/0047/4795/2199/files/Home_Blend_Coffee_Roasters_-_Bettadamalali_Estate_250g.jpg?v=1754308118,Coffee
Ground Coffee - Custom Roast Arabica 'AAA' + Cherry 'AAA' - Pack of 250g,Home Blend,540.0,,,,Coorg,Washed,"Mysore Nuggets (80%) + Cherry AAA (20%) | Indian Specialty Coffee 
 
 The Best Blend For Great Crema And A Perfect Cappucino With A Nice Caffeine Punch 
 The Coffee Has A Smooth Body With Mild Acidity, Balanced Flavour And Sizable Crema 
 Altitude: 1100-1500M 
 Processing: Washed 
 Location: Coorg &amp; Chikmangalur",https://homeblendcoffee.com/products/ground-customroast,https://cdn.shopify.com/s/files/1/0047/4795/2199/files/Home_Blend_Coffee_Roasters_-_Custom_Roast_250g_Medium_Roast.jpg?v=1754307270,Coffee
Ground Coffee - Custom Roast Arabica 'AAA' + Cherry 'AAA' - Pack of 250g,Home Blend,540.0,,,,Coorg,Washed,"Mysore Nuggets (80%) + Cherry AAA (20%) | Indian Specialty Coffee 
 
 The Best Blend For Great Crema And A Perfect Cappucino With A Nice Caffeine Punch 
 The Coffee Has A Smooth Body With Mild Acidity, Balanced Flavour And Sizable Crema 
 Altitude: 1100-1500M 
 Processing: Washed 
 Location: Coorg &amp; Chikmangalur",https://homeblendcoffee.com/products/ground-customroast,https://cdn.shopify.com/s/files/1/0047/4795/2199/files/Home_Blend_Coffee_Roasters_-_Custom_Roast_250g_Medium_Roast.jpg?v=1754307270,Coffee
Ground Coffee - Decaf - Boothangudi Estate Decaffeinated - Pack of 250g,Home Blend,875.0,,,"Milk Chocolate, Mild Acidity, Balanced Body: Medium",is located at an,for decaffeination of coffee,"Boothangudi Estate | Decaffeinated Coffee | High Altitude Arabica  
  An Experimental Coffee Producer in Chikmagalur, India. This estate is Classified as a ""Sacred Grove"" that has a special religious and cultural importance. 
 Boothangudi Estate is located at an altitude of 1000-1000 MASL and has a  Perennial water source in the estate feeding the plantation, and as drinking water for the farmers.   
   Boothangudi is named after Lord Boothappan.   A powerful deity in the estate who is meant to protect the estate from natural calamities and keeps the people safe.   Lord Boothappan also ensures timely rains, brings birds, animals and insects to play various roles in balanced flora and fauna.    ""Boothan"" meaning Lord boothappan &amp; ""Gudi"" meaning Temple.    Boothangudi is classified as ""Sacred Groves"" in india dating backing to over 2000 years old.   Every year, people from as far as 900+ kms travel to this place and offer gifts to god and pray for safety and prosperity.  
  This experimental plantation also processes it's high altitude arabicas with a  Honey process which is the most labor intensive, but worth an experiment! The natural stream, perennial water source is very essential for the estate apart from timely rains. It is used for pulping, washing and irrigation purposes. The coffee also undergoes hand garbling to remove twigs, leaves and unripe fruits before the pulping process. Just another highlight of the estate is the Areca Palms providing shades to these juicy arabica cherries year-round!   
   Natural CO2 Decaffeination :   
 
 
 
 
 
 
 
 
  Decaffeination is the act of removing caffeine from coffee beans leaving the aroma as it is. It   is carried out while the beans are still ‘green’, before they are roasted  . Drinking decaffeinated coffee is in theory, a way of enjoying the beverage while eliminating the caffeine and preserving the taste.   
 
 
 
 
  Consumer preference for natural, organic, and minimally processed foods is growing dramatically, as we all recognise that a healthy lifestyle includes not only good exercise and nutrition but also the elimination of chemicals and artificial ingredients in our food. We are using Super Critical Co2 fluid extraction process for decaffeination of coffee.  
 
 
 
 
  Benefits of this method:  
 
 
 
 
  ·     Extracts Caffeine effectively. It’s a direct contact method but does not use chemicals  .   ·     Doesn't chemically affect proteins or carbohydrates of the coffee beans.   ·     The byproducts are natural and 100% recyclable.   ·     100% organic process.  
  ·     Green process.     
 
 
 
 
 
 
 
 
 
 
 
 
 
 Grade: Screen 16+  
 Varietal: 100% Arabica,  SLN. 795 
 Tasting Notes: Milk Chocolate, Mild Acidity, Balanced 
 Body: Medium 
 Altitude: 1000-1100M 
 Processing: Natural CO2 Decaffeination 
 Location:    Boothangudi,  Chikmagalur",https://homeblendcoffee.com/products/ground-coffee-decaf-boothangudi-estate-pack-of-250g,https://cdn.shopify.com/s/files/1/0047/4795/2199/files/Home_Blend_Coffee_Roasters_-_Decaf_Decaffeinated_Coffee_-_250g.jpg?v=1754308103,Coffee
Ground Coffee - Decaf - Boothangudi Estate Decaffeinated - Pack of 250g,Home Blend,875.0,,,"Milk Chocolate, Mild Acidity, Balanced Body: Medium",is located at an,for decaffeination of coffee,"Boothangudi Estate | Decaffeinated Coffee | High Altitude Arabica  
  An Experimental Coffee Producer in Chikmagalur, India. This estate is Classified as a ""Sacred Grove"" that has a special religious and cultural importance. 
 Boothangudi Estate is located at an altitude of 1000-1000 MASL and has a  Perennial water source in the estate feeding the plantation, and as drinking water for the farmers.   
   Boothangudi is named after Lord Boothappan.   A powerful deity in the estate who is meant to protect the estate from natural calamities and keeps the people safe.   Lord Boothappan also ensures timely rains, brings birds, animals and insects to play various roles in balanced flora and fauna.    ""Boothan"" meaning Lord boothappan &amp; ""Gudi"" meaning Temple.    Boothangudi is classified as ""Sacred Groves"" in india dating backing to over 2000 years old.   Every year, people from as far as 900+ kms travel to this place and offer gifts to god and pray for safety and prosperity.  
  This experimental plantation also processes it's high altitude arabicas with a  Honey process which is the most labor intensive, but worth an experiment! The natural stream, perennial water source is very essential for the estate apart from timely rains. It is used for pulping, washing and irrigation purposes. The coffee also undergoes hand garbling to remove twigs, leaves and unripe fruits before the pulping process. Just another highlight of the estate is the Areca Palms providing shades to these juicy arabica cherries year-round!   
   Natural CO2 Decaffeination :   
 
 
 
 
 
 
 
 
  Decaffeination is the act of removing caffeine from coffee beans leaving the aroma as it is. It   is carried out while the beans are still ‘green’, before they are roasted  . Drinking decaffeinated coffee is in theory, a way of enjoying the beverage while eliminating the caffeine and preserving the taste.   
 
 
 
 
  Consumer preference for natural, organic, and minimally processed foods is growing dramatically, as we all recognise that a healthy lifestyle includes not only good exercise and nutrition but also the elimination of chemicals and artificial ingredients in our food. We are using Super Critical Co2 fluid extraction process for decaffeination of coffee.  
 
 
 
 
  Benefits of this method:  
 
 
 
 
  ·     Extracts Caffeine effectively. It’s a direct contact method but does not use chemicals  .   ·     Doesn't chemically affect proteins or carbohydrates of the coffee beans.   ·     The byproducts are natural and 100% recyclable.   ·     100% organic process.  
  ·     Green process.     
 
 
 
 
 
 
 
 
 
 
 
 
 
 Grade: Screen 16+  
 Varietal: 100% Arabica,  SLN. 795 
 Tasting Notes: Milk Chocolate, Mild Acidity, Balanced 
 Body: Medium 
 Altitude: 1000-1100M 
 Processing: Natural CO2 Decaffeination 
 Location:    Boothangudi,  Chikmagalur",https://homeblendcoffee.com/products/ground-coffee-decaf-boothangudi-estate-pack-of-250g,https://cdn.shopify.com/s/files/1/0047/4795/2199/files/Home_Blend_Coffee_Roasters_-_Decaf_Decaffeinated_Coffee_-_250g.jpg?v=1754308103,Coffee
Ground Coffee - French Roast (Very Dark Roast) 100% Arabica - Pack of 250g,Home Blend,540.0,,Dark Roast,"Cocoa, Oaky, Bitter Sweet, Strong Freshly",,,"Roast Level: French Roast or Very Dark (Well into 2nd Crack)  
  Pick Whole Bean or Preferred Grind Size  
  Tasting Notes: Cocoa, Oaky, Bitter Sweet, Strong  
  Freshly Roasted on Order  
  Suited For Bold Black Cups or Milk Based Brews",https://homeblendcoffee.com/products/ground-coffee-french-roast-250g,https://cdn.shopify.com/s/files/1/0047/4795/2199/files/Home_Blend_Coffee_Roasters_-_French_Roast_-_250g.jpg?v=1754307794,Coffee
Ground Coffee - French Roast (Very Dark Roast) 100% Arabica - Pack of 250g,Home Blend,540.0,,Dark Roast,"Cocoa, Oaky, Bitter Sweet, Strong Freshly",,,"Roast Level: French Roast or Very Dark (Well into 2nd Crack)  
  Pick Whole Bean or Preferred Grind Size  
  Tasting Notes: Cocoa, Oaky, Bitter Sweet, Strong  
  Freshly Roasted on Order  
  Suited For Bold Black Cups or Milk Based Brews",https://homeblendcoffee.com/products/ground-coffee-french-roast-250g,https://cdn.shopify.com/s/files/1/0047/4795/2199/files/Home_Blend_Coffee_Roasters_-_French_Roast_-_250g.jpg?v=1754307794,Coffee
Ground Coffee - Gemblary Estate - Pack of 250g,Home Blend,600.0,,,"Cocoa, Nutty, Dried-Fruit Body: Medium",Coffee Beans Welcome to Gemblary Estate,"ing methods further refine the beans, resulting in unique","Discover Gemblary Estate Coffee Beans  
 Welcome to Gemblary Estate, located at an impressive altitude of 1410 meters in the picturesque Shevaroy Hills of Tamil Nadu. The estate boasts rich humus soil and a unique climate, contributing to the exceptional flavours of Gemblary's specialty coffees. 
 Why Choose Gemblary Estate Coffee? 
  Specialised in Arabica Coffee  Gemblary Estate is dedicated to cultivating premium Arabica coffee beans. The commitment to quality is evident in every step of the process, from planting to harvest. 
  Natural Shade-Grown Coffee  The coffee plants thrive under the natural canopy of Jackfruit, Silver Oak, Mandarin oranges, and other native trees, ensuring a balanced ecosystem and enhancing the beans' flavour. 
  Hand-Picked and Expertly Processed  Meticulously hand-picked coffee cherries ensures only the finest beans make it to your cup. Standout processing methods further refine the beans, resulting in unique flavour profiles that delight coffee enthusiasts. 
  Commitment to Quality  Gemblary Estate prioritises the health of coffee plants, ensuring both quality and productivity of the beans. Experience the rich, enriching flavours that only expertly cultivated coffee can offer. 
 Discover the difference of Gemblary Estate coffee today. Taste the dedication and hard work in every sip. 
 
 Grade: Screen 16+  
 Varietal:  100% Arabica Sln. 795 
 
 Tasting Notes: Cocoa, Nutty, Dried-Fruit 
 Body: Medium 
 Altitude: 1400-1410M 
 Processing: Washed 
 Location: Shevaroy Hills, Tamil Nadu",https://homeblendcoffee.com/products/ground-coffee-gemblary-estate,https://cdn.shopify.com/s/files/1/0047/4795/2199/files/Home_Blend_Coffee_Roasters_-_Gemblary_Estate_-_250g.jpg?v=1754308270,Coffee
Ground Coffee - Gemblary Estate - Pack of 250g,Home Blend,600.0,,,"Cocoa, Nutty, Dried-Fruit Body: Medium",Coffee Beans Welcome to Gemblary Estate,"ing methods further refine the beans, resulting in unique","Discover Gemblary Estate Coffee Beans  
 Welcome to Gemblary Estate, located at an impressive altitude of 1410 meters in the picturesque Shevaroy Hills of Tamil Nadu. The estate boasts rich humus soil and a unique climate, contributing to the exceptional flavours of Gemblary's specialty coffees. 
 Why Choose Gemblary Estate Coffee? 
  Specialised in Arabica Coffee  Gemblary Estate is dedicated to cultivating premium Arabica coffee beans. The commitment to quality is evident in every step of the process, from planting to harvest. 
  Natural Shade-Grown Coffee  The coffee plants thrive under the natural canopy of Jackfruit, Silver Oak, Mandarin oranges, and other native trees, ensuring a balanced ecosystem and enhancing the beans' flavour. 
  Hand-Picked and Expertly Processed  Meticulously hand-picked coffee cherries ensures only the finest beans make it to your cup. Standout processing methods further refine the beans, resulting in unique flavour profiles that delight coffee enthusiasts. 
  Commitment to Quality  Gemblary Estate prioritises the health of coffee plants, ensuring both quality and productivity of the beans. Experience the rich, enriching flavours that only expertly cultivated coffee can offer. 
 Discover the difference of Gemblary Estate coffee today. Taste the dedication and hard work in every sip. 
 
 Grade: Screen 16+  
 Varietal:  100% Arabica Sln. 795 
 
 Tasting Notes: Cocoa, Nutty, Dried-Fruit 
 Body: Medium 
 Altitude: 1400-1410M 
 Processing: Washed 
 Location: Shevaroy Hills, Tamil Nadu",https://homeblendcoffee.com/products/ground-coffee-gemblary-estate,https://cdn.shopify.com/s/files/1/0047/4795/2199/files/Home_Blend_Coffee_Roasters_-_Gemblary_Estate_-_250g.jpg?v=1754308270,Coffee
Ground Coffee - Italian Roast (Extra Dark Roast) 100% Arabica - Pack of 250g,Home Blend,540.0,,Dark Roast,"Cocoa, Bitter, Rich, Smokey Freshly",,,"Italian Roast (Extra Dark Roast) 100% Arabica 
 
  Roast Level: Italian Roast or Extra Dark (Well Beyond 2nd Crack)  
  Tasting Notes: Cocoa, Bitter, Rich, Smokey  
  Freshly Roasted on Order  
  Suited For Extra Strong and Bold Black Cups or Milk Based Brews",https://homeblendcoffee.com/products/ground-coffee-italian-roast,https://cdn.shopify.com/s/files/1/0047/4795/2199/files/Home_Blend_Coffee_Roasters_-_Italian_Roast_-_250g.jpg?v=1754308299,Coffee
Ground Coffee - Italian Roast (Extra Dark Roast) 100% Arabica - Pack of 250g,Home Blend,540.0,,Dark Roast,"Cocoa, Bitter, Rich, Smokey Freshly",,,"Italian Roast (Extra Dark Roast) 100% Arabica 
 
  Roast Level: Italian Roast or Extra Dark (Well Beyond 2nd Crack)  
  Tasting Notes: Cocoa, Bitter, Rich, Smokey  
  Freshly Roasted on Order  
  Suited For Extra Strong and Bold Black Cups or Milk Based Brews",https://homeblendcoffee.com/products/ground-coffee-italian-roast,https://cdn.shopify.com/s/files/1/0047/4795/2199/files/Home_Blend_Coffee_Roasters_-_Italian_Roast_-_250g.jpg?v=1754308299,Coffee
Ground Coffee - Mandheling Grade 1 Indonesian Specialty Arabica - Pack of 250g,Home Blend,1850.0,,,"Of Mandheling Are Similar To Indian Coffees, It Fits Right With The Indian Palate The Coffee Has Smooth",Sumatra,,"Mandheling Grade 1 Triple Picked Indonesian Specialty Arabica Coffee 
 
  Indonesia's Best Grade 1 Mandheling Is A Specialty Coffee From Indonesia. Mandheling Is Considered To Be One Of The Most Premium Grade Specialty Coffee Around The World  
  Since The Flavour Notes Of Mandheling Are Similar To Indian Coffees, It Fits Right With The Indian Palate  
  The Coffee Has Smooth, Heavy Body With Chocolate And Earthy Flavour Notes  
  Altitude: 4200-4500M | Processing: Giling Basah  
  Location: Sumatra",https://homeblendcoffee.com/products/ground-mandheling,https://cdn.shopify.com/s/files/1/0047/4795/2199/files/Home_Blend_Coffee_Roasters_-_Indonesian_Mandheling_Grade_1_Triple_Picked_-_250g.jpg?v=1754307494,Coffee
Ground Coffee - Mandheling Grade 1 Indonesian Specialty Arabica - Pack of 250g,Home Blend,1850.0,,,"Of Mandheling Are Similar To Indian Coffees, It Fits Right With The Indian Palate The Coffee Has Smooth",Sumatra,,"Mandheling Grade 1 Triple Picked Indonesian Specialty Arabica Coffee 
 
  Indonesia's Best Grade 1 Mandheling Is A Specialty Coffee From Indonesia. Mandheling Is Considered To Be One Of The Most Premium Grade Specialty Coffee Around The World  
  Since The Flavour Notes Of Mandheling Are Similar To Indian Coffees, It Fits Right With The Indian Palate  
  The Coffee Has Smooth, Heavy Body With Chocolate And Earthy Flavour Notes  
  Altitude: 4200-4500M | Processing: Giling Basah  
  Location: Sumatra",https://homeblendcoffee.com/products/ground-mandheling,https://cdn.shopify.com/s/files/1/0047/4795/2199/files/Home_Blend_Coffee_Roasters_-_Indonesian_Mandheling_Grade_1_Triple_Picked_-_250g.jpg?v=1754307494,Coffee
Ground Coffee - Monsooned Malabar 'AA' Indian Specialty Arabica - Pack of 250g,Home Blend,700.0,,Medium Roast,Altitude: 1100-1200M |,Malabar Coast,Monsooned,"Monsooned Malabar AA Ground Coffee 
 
  An Indian Delicacy - Monsooned Malabar Is A Specialty Coffee Bean From India's Malabar Coast.  
  The Beans Are Processed With The Monsoon Rains, And Are Hence Swollen, Huge In Size, Yellow And Special As Only A Small Quantity Is Harvested Each Year  
  The Coffee Has A Medium - Heavy Body | Nutty, Balanced, Earthy Flavour Notes  
  Altitude: 1100-1200M | Processing: Monsooned  
  Location: Malabar Coast",https://homeblendcoffee.com/products/ground-monsoonedmalabar,https://cdn.shopify.com/s/files/1/0047/4795/2199/files/Home_Blend_Coffee_Roasters_-_Monsooned_Malabar_-_250g.jpg?v=1754307465,Coffee
Ground Coffee - Monsooned Malabar 'AA' Indian Specialty Arabica - Pack of 250g,Home Blend,700.0,,Medium Roast,Altitude: 1100-1200M |,Malabar Coast,Monsooned,"Monsooned Malabar AA Ground Coffee 
 
  An Indian Delicacy - Monsooned Malabar Is A Specialty Coffee Bean From India's Malabar Coast.  
  The Beans Are Processed With The Monsoon Rains, And Are Hence Swollen, Huge In Size, Yellow And Special As Only A Small Quantity Is Harvested Each Year  
  The Coffee Has A Medium - Heavy Body | Nutty, Balanced, Earthy Flavour Notes  
  Altitude: 1100-1200M | Processing: Monsooned  
  Location: Malabar Coast",https://homeblendcoffee.com/products/ground-monsoonedmalabar,https://cdn.shopify.com/s/files/1/0047/4795/2199/files/Home_Blend_Coffee_Roasters_-_Monsooned_Malabar_-_250g.jpg?v=1754307465,Coffee
Ground Coffee - Mysore Nuggets Extra Bold 'AAA' Indian Specialty Arabica - Pack of 250g,Home Blend,650.0,,,Ground Coffee - Mysore Nuggets Extra Bold Pure Delight - 100% Arabica with Fruity,Chikmangalur,Washed,"Ground Coffee - Mysore Nuggets Extra Bold  
 
  Pure Delight - 100% Arabica with Fruity, Citrus And Cocoa Notes  
  The Coffee Has A Smooth Body With Mild Acidity And A Perfectly Balanced Flavour  
  Altitude: 1000-1500M  
  Processing: Washed  
  Location: Chikmangalur",https://homeblendcoffee.com/products/ground-mysorenuggets,https://cdn.shopify.com/s/files/1/0047/4795/2199/files/Home_Blend_Coffee_Roasters_-_Mysore_Nuggets_Extra_Bold_250g_Medium_Roast.jpg?v=1754315344,Coffee
Ground Coffee - Mysore Nuggets Extra Bold 'AAA' Indian Specialty Arabica - Pack of 250g,Home Blend,650.0,,,Ground Coffee - Mysore Nuggets Extra Bold Pure Delight - 100% Arabica with Fruity,Chikmangalur,Washed,"Ground Coffee - Mysore Nuggets Extra Bold  
 
  Pure Delight - 100% Arabica with Fruity, Citrus And Cocoa Notes  
  The Coffee Has A Smooth Body With Mild Acidity And A Perfectly Balanced Flavour  
  Altitude: 1000-1500M  
  Processing: Washed  
  Location: Chikmangalur",https://homeblendcoffee.com/products/ground-mysorenuggets,https://cdn.shopify.com/s/files/1/0047/4795/2199/files/Home_Blend_Coffee_Roasters_-_Mysore_Nuggets_Extra_Bold_250g_Medium_Roast.jpg?v=1754315344,Coffee
Ground Coffee - Unakki Estate - Pack of 250g,Home Blend,600.0,,Medium Roast,"Cane Sugar, Apricot, Honey Body: Medium",offers lush green forests,s and product quality,"Unakki Estate: Your Gateway to Exquisite Coffee from Chikmagalur 
 Discover Unakki Estate, nestled in the picturesque Joldal Palya of Chikmagalur district, Karnataka, India. Spanning nearly 100 acres, this estate offers lush green forests, stunning mountains, and serene surroundings. 
 Founded by Shri. Eregowda and Smt. Hovamma, Unakki Estate has a rich history rooted in hard work and dedication. The legacy continued under Shri. Suresh P E and Smt. YJ Sahara, and now thrives under their son, Shri Utsav Gowda, an advocate and entrepreneur. Named 'Unakki' to honor the local community's centuries-old reverence and the resilient coffee growers, the estate's name means 'den of snakes'. 
 Unakki Estate is renowned for its shade-grown Arabica coffee varieties, including the sought-after Chandragiri. The coffee plants flourish under the natural canopy of native trees. The estate also produces a variety of fruits such as orange, banana, jackfruit, avocado, pomegranate, and spices like pepper, adding a unique fruity and sweet essence to the coffee. 
 Unakki Estate is a proud part of the Unakki Collective, founded by Kathyayini Muddiah and Rakhee Vishwanath, supporting local farmers to enhance their processes and product quality. Enjoy the debut series and the latest medium washed coffee directly from Unakki Estate. 
 Experience the unique flavours of Unakki Estate coffee. Check out their latest medium washed coffee here 
 
 Grade: Screen 16+  
 Varietal:    Chandragiri 100% Arabica 
 
 Tasting Notes: Cane Sugar, Apricot, Honey 
 Body: Medium 
 Altitude: 1220-1370M 
 Processing: Naturals (Sun-Dried) 
 Location: Joldal Palya ,  Chikmagalur",https://homeblendcoffee.com/products/ground-coffee-unakki-estate,https://cdn.shopify.com/s/files/1/0047/4795/2199/files/Home_Blend_Coffee_Roasters_-_Unakki_Estate_-_250g.jpg?v=1754308162,Coffee
Ground Coffee - Unakki Estate - Pack of 250g,Home Blend,600.0,,Medium Roast,"Cane Sugar, Apricot, Honey Body: Medium",offers lush green forests,s and product quality,"Unakki Estate: Your Gateway to Exquisite Coffee from Chikmagalur 
 Discover Unakki Estate, nestled in the picturesque Joldal Palya of Chikmagalur district, Karnataka, India. Spanning nearly 100 acres, this estate offers lush green forests, stunning mountains, and serene surroundings. 
 Founded by Shri. Eregowda and Smt. Hovamma, Unakki Estate has a rich history rooted in hard work and dedication. The legacy continued under Shri. Suresh P E and Smt. YJ Sahara, and now thrives under their son, Shri Utsav Gowda, an advocate and entrepreneur. Named 'Unakki' to honor the local community's centuries-old reverence and the resilient coffee growers, the estate's name means 'den of snakes'. 
 Unakki Estate is renowned for its shade-grown Arabica coffee varieties, including the sought-after Chandragiri. The coffee plants flourish under the natural canopy of native trees. The estate also produces a variety of fruits such as orange, banana, jackfruit, avocado, pomegranate, and spices like pepper, adding a unique fruity and sweet essence to the coffee. 
 Unakki Estate is a proud part of the Unakki Collective, founded by Kathyayini Muddiah and Rakhee Vishwanath, supporting local farmers to enhance their processes and product quality. Enjoy the debut series and the latest medium washed coffee directly from Unakki Estate. 
 Experience the unique flavours of Unakki Estate coffee. Check out their latest medium washed coffee here 
 
 Grade: Screen 16+  
 Varietal:    Chandragiri 100% Arabica 
 
 Tasting Notes: Cane Sugar, Apricot, Honey 
 Body: Medium 
 Altitude: 1220-1370M 
 Processing: Naturals (Sun-Dried) 
 Location: Joldal Palya ,  Chikmagalur",https://homeblendcoffee.com/products/ground-coffee-unakki-estate,https://cdn.shopify.com/s/files/1/0047/4795/2199/files/Home_Blend_Coffee_Roasters_-_Unakki_Estate_-_250g.jpg?v=1754308162,Coffee
Ground Coffee - Vienna Roast (Dark Roast) 100% Arabica - Pack of 250g,Home Blend,540.0,,Dark Roast,Ground Coffee Vienna Roast (Dark Roast) 100% Arabica 100% Arabica with Oaky,Chikmangalur,Washed,"Ground Coffee Vienna Roast (Dark Roast) 100% Arabica 
 
  100% Arabica with Oaky, Bitter And Cocoa Overtones  
  The Coffee Has A Smooth Body With Mild to No Acidity And A Perfectly Balanced, Robust Flavour  
  Altitude: 1000-1500M  
  Processing: Washed  
  Location: Chikmangalur",https://homeblendcoffee.com/products/ground-coffee-vienna-roast-250g,https://cdn.shopify.com/s/files/1/0047/4795/2199/files/Home_Blend_Coffee_Roasters_-_Vienna_Roast_-_250g.jpg?v=1754307747,Coffee
Ground Coffee - Vienna Roast (Dark Roast) 100% Arabica - Pack of 250g,Home Blend,540.0,,Dark Roast,Ground Coffee Vienna Roast (Dark Roast) 100% Arabica 100% Arabica with Oaky,Chikmangalur,Washed,"Ground Coffee Vienna Roast (Dark Roast) 100% Arabica 
 
  100% Arabica with Oaky, Bitter And Cocoa Overtones  
  The Coffee Has A Smooth Body With Mild to No Acidity And A Perfectly Balanced, Robust Flavour  
  Altitude: 1000-1500M  
  Processing: Washed  
  Location: Chikmangalur",https://homeblendcoffee.com/products/ground-coffee-vienna-roast-250g,https://cdn.shopify.com/s/files/1/0047/4795/2199/files/Home_Blend_Coffee_Roasters_-_Vienna_Roast_-_250g.jpg?v=1754307747,Coffee
Home Blend - Specialty Coffee Sampler Pack - Pack of 3 x 75g,Home Blend,540.0,,,,Coorg,Washed,"Home Blend - Specialty Coffee Assorted Trial Sampler Pack - Pack of 3 x 75g  
 
  Try Our Range Of Specialty Coffee Before You Zero In On Your Favourite!  
  Our Specialty Coffee Assortment Pack Consists of 3 Packs of 75g Each   
  Pack of 3: Mysore Nuggets Extra Bold (75g), Monsooned Malabar    (75g) , Custom Roast    (75g)   
  Pick Your Desired Roast Level &amp; Grind Size or Try Assorted Roast Levels Picked By Us For Each Coffee Bean Variant!  
  All Our Coffees Have A Smooth Body With Mild Acidity, Balanced Flavour And Sizeable Crema  
  Processing: Washed | Location: Coorg, Malabar Coast &amp; Chikmangalur  
  Altitude: 1100-1500M",https://homeblendcoffee.com/products/coffee-sampler-pack,https://cdn.shopify.com/s/files/1/0047/4795/2199/files/Home-Blend-Coffee-Roasters-Assorted-Coffee-Sampler-Trial-Pack.jpg?v=1692698645,Coffee
Home Blend - Specialty Coffee Sampler Pack - Pack of 3 x 75g,Home Blend,540.0,,,,Coorg,Washed,"Home Blend - Specialty Coffee Assorted Trial Sampler Pack - Pack of 3 x 75g  
 
  Try Our Range Of Specialty Coffee Before You Zero In On Your Favourite!  
  Our Specialty Coffee Assortment Pack Consists of 3 Packs of 75g Each   
  Pack of 3: Mysore Nuggets Extra Bold (75g), Monsooned Malabar    (75g) , Custom Roast    (75g)   
  Pick Your Desired Roast Level &amp; Grind Size or Try Assorted Roast Levels Picked By Us For Each Coffee Bean Variant!  
  All Our Coffees Have A Smooth Body With Mild Acidity, Balanced Flavour And Sizeable Crema  
  Processing: Washed | Location: Coorg, Malabar Coast &amp; Chikmangalur  
  Altitude: 1100-1500M",https://homeblendcoffee.com/products/coffee-sampler-pack,https://cdn.shopify.com/s/files/1/0047/4795/2199/files/Home-Blend-Coffee-Roasters-Assorted-Coffee-Sampler-Trial-Pack.jpg?v=1692698645,Coffee
Italian Roast - Aluminium Coffee Pods / Capsules  - Pack of 10,Home Blend,450.0,,,"Heavy body, Cocoa, Oaky, Bitter Sweet",Coorg,Washed,"Italian Roast (Extra Dark Roast) 100% Arabica - Aluminium Coffee Capsules Coffee Pods / Capsules 
   Intense &amp; Contrasting    Roast Level  : Italian or Extra Dark (Well Beyond 2nd Crack)    Intensity   : 10    Suited For  : Macchiato &amp; Cappuccino    Tasting Notes  : Heavy body, Cocoa, Oaky, Bitter Sweet    Altitude  : 1000-1100M    Processing  : Washed    Location  : Coorg &amp; Chikmagalur    Bold &amp; dark, our Italian Roast is best suited for Cappuccinos, where milk compliments a rich and intense roast, adding texture and bold character to the beverage    The coffee supplies plentiful crema and helps produce thick, dark espresso shots and is our favourite choice for a strong Cappuccino  
     Disclaimer: “www.homeblendcoffee.com is not affiliated with, endorsed or sponsored by Nespresso. Nespresso® is a registered trademark of Société des Produits Nestlé S.A.”",https://homeblendcoffee.com/products/coffee-pods-capsules-italian-roast,https://cdn.shopify.com/s/files/1/0047/4795/2199/files/ItalianRoast-CoffeePodsCapsuleNespressoCompatibleHomeBlendCoffeeRoasters.png?v=1734032209,Coffee
Japanese Matcha - Ceremonial Grade,Home Blend,1150.0,50g,,"sweetness, deep umami, grassy freshness, and very low bitterness","s, renowned for its rich soil",Natural,"Japanese Matcha Premium Grade – Ceremonial Quality from Uji, Kyoto  
 Experience matcha the way it’s meant to be enjoyed. Our  Japanese Matcha Premium Grade  is sourced directly from  Shizuoka &amp;   Uji,Japan —the legendary birthplace of Japanese matcha and home to the world’s most skilled tea artisans. Shade-grown, stone-ground, and harvested from the  first flush of the youngest tea leaves , this matcha delivers exceptional purity, flavour, and nutritional value. 
  Why This Matcha Is Exceptional  
 ✓  Authentic Shizuoka &amp; Uji Origin  – One of Japan’s most prized tea-growing regions, renowned for its rich soil, ideal climate, and centuries of tea-craft mastery. ✓  Ceremonial Grade Quality  – Vibrant jade-green colour, ultra-fine texture, and a naturally sweet aroma—perfect for traditional whisking or premium sipping. ✓  Smooth, Creamy &amp; Umami-Rich Taste  – Expect a silky mouthfeel with notes of sweetness, deep umami, grassy freshness, and very low bitterness. ✓  Stone-Ground for Maximum Freshness  – Traditional granite millstones preserve nutrients, flavor compounds, and antioxidants. ✓  High in Antioxidants &amp; L-Theanine  – Supports calm focus, sustained energy, and overall well-being without the crash of coffee.",https://homeblendcoffee.com/products/japanese-matcha-ceremonial-grade,https://cdn.shopify.com/s/files/1/0047/4795/2199/files/Untitleddesign_60.png?v=1763631594,Tea
Japanese Matcha - Ceremonial Grade,Home Blend,2200.0,100g,,"sweetness, deep umami, grassy freshness, and very low bitterness","s, renowned for its rich soil",Natural,"Japanese Matcha Premium Grade – Ceremonial Quality from Uji, Kyoto  
 Experience matcha the way it’s meant to be enjoyed. Our  Japanese Matcha Premium Grade  is sourced directly from  Shizuoka &amp;   Uji,Japan —the legendary birthplace of Japanese matcha and home to the world’s most skilled tea artisans. Shade-grown, stone-ground, and harvested from the  first flush of the youngest tea leaves , this matcha delivers exceptional purity, flavour, and nutritional value. 
  Why This Matcha Is Exceptional  
 ✓  Authentic Shizuoka &amp; Uji Origin  – One of Japan’s most prized tea-growing regions, renowned for its rich soil, ideal climate, and centuries of tea-craft mastery. ✓  Ceremonial Grade Quality  – Vibrant jade-green colour, ultra-fine texture, and a naturally sweet aroma—perfect for traditional whisking or premium sipping. ✓  Smooth, Creamy &amp; Umami-Rich Taste  – Expect a silky mouthfeel with notes of sweetness, deep umami, grassy freshness, and very low bitterness. ✓  Stone-Ground for Maximum Freshness  – Traditional granite millstones preserve nutrients, flavor compounds, and antioxidants. ✓  High in Antioxidants &amp; L-Theanine  – Supports calm focus, sustained energy, and overall well-being without the crash of coffee.",https://homeblendcoffee.com/products/japanese-matcha-ceremonial-grade,https://cdn.shopify.com/s/files/1/0047/4795/2199/files/Untitleddesign_60.png?v=1763631594,Tea
Japanese Matcha - Premium Grade,Home Blend,600.0,50g,,,,Natural,"Enjoy the perfect balance of quality and versatility with our  Premium Grade Japanese Matcha . Sourced directly from  Shizuoka   &amp;   Uji,  one of Japan’s most prestigious tea regions, this matcha is made from shade-grown tea leaves carefully stone-ground for freshness, flavour, and rich nutrients. 
 Designed for  daily drinking , this grade offers a smooth, pleasantly vegetal profile with a touch of bitterness—making it ideal for  matcha lattes, smoothies, baking, and mixed beverages , while still being refined enough to whisk and sip. 
  Flavour Profile  
 
 
  Smooth with mild sweetness  
 
 
  Fresh vegetal notes  
 
 
  Light umami  
 
 
  Slight pleasant bitterness  
 
 
  Balanced &amp; versatile  
 
 
  Why You’ll Love It  
 
 
 ✔ Premium Grade J2 – one grade below ceremonial 
 
 
 ✔ Perfect for  lattes ,  smoothies ,  iced matcha , and  recipes  
 
 
 ✔ Great flavour with a vibrant green colour 
 
 
 ✔ More robust taste—ideal when mixed with milk 
 
 
 ✔ High in antioxidants &amp; natural energy boosters 
 
 
 ✔ Stone-ground in Shizuoka &amp; Uji, Japan 
 
 
  How to Use  
 Use  1 teaspoon (2g)  for lattes and smoothies. Whisk with water at 70–80°C or blend into any drink or recipe for a clean, energising boost. 
 Bring café-quality matcha home, every day.",https://homeblendcoffee.com/products/japanese-matcha-premium,https://cdn.shopify.com/s/files/1/0047/4795/2199/files/Home_Blend_Japanese_Matcha_Premium_Grade100g.png?v=1763628811,Tea
Japanese Matcha - Premium Grade,Home Blend,1150.0,100g,,,,Natural,"Enjoy the perfect balance of quality and versatility with our  Premium Grade Japanese Matcha . Sourced directly from  Shizuoka   &amp;   Uji,  one of Japan’s most prestigious tea regions, this matcha is made from shade-grown tea leaves carefully stone-ground for freshness, flavour, and rich nutrients. 
 Designed for  daily drinking , this grade offers a smooth, pleasantly vegetal profile with a touch of bitterness—making it ideal for  matcha lattes, smoothies, baking, and mixed beverages , while still being refined enough to whisk and sip. 
  Flavour Profile  
 
 
  Smooth with mild sweetness  
 
 
  Fresh vegetal notes  
 
 
  Light umami  
 
 
  Slight pleasant bitterness  
 
 
  Balanced &amp; versatile  
 
 
  Why You’ll Love It  
 
 
 ✔ Premium Grade J2 – one grade below ceremonial 
 
 
 ✔ Perfect for  lattes ,  smoothies ,  iced matcha , and  recipes  
 
 
 ✔ Great flavour with a vibrant green colour 
 
 
 ✔ More robust taste—ideal when mixed with milk 
 
 
 ✔ High in antioxidants &amp; natural energy boosters 
 
 
 ✔ Stone-ground in Shizuoka &amp; Uji, Japan 
 
 
  How to Use  
 Use  1 teaspoon (2g)  for lattes and smoothies. Whisk with water at 70–80°C or blend into any drink or recipe for a clean, energising boost. 
 Bring café-quality matcha home, every day.",https://homeblendcoffee.com/products/japanese-matcha-premium,https://cdn.shopify.com/s/files/1/0047/4795/2199/files/Home_Blend_Japanese_Matcha_Premium_Grade100g.png?v=1763628811,Tea
Jura Cool Control 1.0 L,Home Blend,61000.0,,,,s where space is limited,,"Jura Cool Control 1.0 L 
 
 
 
 
 
 
 
 
 
 Cool Control – Chilled to 39 °F for milk perfection 
 
 With the technically and visually upgraded Cool Control, there’s now an even better way to enjoy coffee trend specialities with milk. 
 
 
 
 
 
 
 The elegant milk cooler keeps the milk at the ideal temperature throughout the day. As well as helping to create delicious coffee, it also looks beautiful enough to please those who appreciate exceptional design. 
 
 
 
  Cool Control – Milk chilled to 4 °C for optimum deliciousness. Coffee creations with milk and milk foam are hugely popular. For perfect results, they need milk that is chilled to 4 °C. The Cool Control with its dishwasher-safe stainless steel milk container is really easy to fill and keeps the milk at the ideal temperature all day, ensuring freshness, hygiene and perfect results every time.  
  Brand: Jura  
  Usage Type:    Best Used for All Jura Coffee Machines   
 Perfection in form and function 
 Its exterior bears all the hallmarks of JURA's distinctive design, with high-quality materials and precision craftsmanship. At the same time, it offers unparalleled functionality. The cover of 1.5 mm thick brushed stainless steel with an integrated locking mechanism guarantees that the milk is stored safely. With its clean, minimalist lines, the Cool Control 1.0 l is the perfect accessory for any JURA coffee machine.  
 Ideal use of space 
 The slim and elegant design of the Cool Control allows it to be used in locations where space is limited. Due to its slim shape, the milk cooler can easily be fitted into small kitchens and break rooms. This means that speciality coffees with milk and light, frothy milk foam can be added to the menu – whether at home or in the office.  
 The perfect addition to your JURA coffee machine 
 The wireless* communication between the Cool Control and the automatic coffee machine and the integrated level indicator ensure that the user is always reminded when the cooler needs to be topped up with milk. 
  * By using the Wireless Transmitter (available as an option) the Cool Control is compatible with all JURA automatic speciality coffee machines that are equipped with Smart Connect. When used with the WiFi Connect (available as an option) the Cool Control is compatible with all JURA automatic speciality coffee machines that are equipped with WiFi Connect.   
 Maximum convenience 
 The Cool Control is easy to operate and offers maximum convenience. Milk can be added quickly and easily without needing to remove the milk container. The digital temperature display and precisely fitting cover ensure easy handling. The integrated Peltier cooling element ensures that the milk is kept at a temperature of 39 °F, providing the optimum conditions for perfect speciality coffees with milk and milk foam. The stainless steel milk container, metal tube and adapter are also dishwasher-safe for easy cleaning.",https://homeblendcoffee.com/products/jura-cool-control-1-0l,https://cdn.shopify.com/s/files/1/0047/4795/2199/files/JuraCoolControl-1L-HomeBlendCoffeeRoasters-Main.jpg?v=1733667742,Coffee
Jura Cup Warmer Small,Home Blend,44000.0,,,"With cups prewarmed to the perfect temperature, your speciality coffees will be more aromatic than they’ve ever been –",,,"Jura Cup Warmer S 
 Elevate your coffee experience with prewarmed cups 
   
 
 Baristas always recommend prewarming porcelain cups. That’s because a cold cup can reduce the temperature of freshly prepared coffee by as much as 10 degrees as soon as the beverage hits it. Ensuring that the cup is the right temperature is essential for helping the coffee aroma develop fully. 
 JURA’s practical, small cup warmer is the ideal partner to any automatic coffee machine. The cup warmer S keeps the cups inside it consistently at a temperature of around 55°C. The cover also prevents heat loss, saving energy as a result. 
 Simple, smart, space-saving design 
 Measuring just 13.9 x 19.9 x 25.8 cm, the cup warmer S fits in easily wherever it’s placed. All it takes is a switch of the On/Off button to make this simple yet elegant addition to any automatic coffee machine ready to go in no time at all.  
 Ideal use of storage space 
 The capacity of the cup warmer S is ideally suited to domestic use, providing space for eight espresso cups (diameter 57 mm), six coffee cups (diameter 66 mm) or four cappuccino cups (diameter 90 mm).  
 The perfect cup temperature 
 The cup warmer S keeps the cups inside it consistently at a temperature of around 55°C. The cover also prevents heat loss, saving energy. With cups prewarmed to the perfect temperature, your speciality coffees will be more aromatic than they’ve ever been – whether they’re a fiery espresso or a creamy cappuccino.",https://homeblendcoffee.com/products/jura-cup-warmer-small,https://cdn.shopify.com/s/files/1/0047/4795/2199/files/JuraCupWarmerS-HomeBlendCoffeeRoasters.jpg?v=1733670138,Accessories
Jura E8 INTA - Piano Black - Fully Automatic Coffee Machine,Home Blend,189990.0,,,,,,"Jura E8 INTA - Piano Black 
 
 
 
 
 
 
  The latest generation of JURA’s most successful fully automatic model impresses with a newly interpreted design and impresses with advantages that have only been found in the premium class up to now.  
  Whether the One-Touch Cappuccino function for trend specialities such as latte macchiato, flat white and cappuccino or the Pulse Extraction Process (P.E.P.Â®) that optimises the extraction time and guarantees the very best aroma for short speciality coffees kitted out with the latest JURA technologies, the new E8 conjures up an impressive range of speciality coffees at the touch of a button.  
  Brand: Jura  
  Usage Type: Home &amp; Offices  
 
 
 
 
 Loved, coveted, trusted 
  
 
 The latest generation of the E8 lives up in every way to the high expectations that await the new edition of JURA's most successful coffee machine model. Incredibly simple to use, it combines delicious coffee results with sleek modern design. 
 
 
 
 
 
 
 State-of-the-art technology enables it to prepare 17 different coffee classics and specialties at the touch of a button, to the same standard of quality you would expect in a coffee bar. 
 Thanks to the P.A.G.2 grinder, the beans are always freshly ground, while the advanced brewing technology ensures that the coffee is extracted under optimum conditions. Choosing your coffee is direct and intuitive, because the 3.5"" push-button display with large symbols is very easy to use. Equipped with a range of premium-segment features, the E8 also retains its value over time. 
 
 
 
 
 
  
 Simple to use 
 With the large 3.5"" display, flanked by six operating buttons, navigating through all the functions is simplicity itself. The user is guided by clear pictures and graphics, making the many options available with the E8 intuitive to use. The settings for all specialties and their positions on the screen can be adapted in line with personal preferences, and product names can be displayed or hidden. Relevant information is clearly displayed in the Cockpit. For easy maintenance, the One-Touch milk system cleaning function ensures perfect hygiene automatically at the touch of a button. 
 
 Grind with precision, enjoy in relaxation 
 The perfect cup of coffee calls for the best ingredients, prepared in exactly the right way. The advanced P.A.G.2 grinder ensures that the beans are ground to perfection every time. The grinder setting can be easily adjusted with the ergonomically shaped selector switch. Between preparations, the grinder remains in rest mode. This is gentler on the grinder, maximizing its lifetime while ensuring consistently delectable flavor. The eighth-generation 3D brewing unit ensures ideal brewing conditions and maximum flavor. As a result, the E8 makes wonderfully flavorful coffee throughout its lifetime. 
 
 Harmonious, modern design 
 Whenever JURA updates a product, special attention is given to the visual design. The instantly recognizable E8 is the result of attention to detail, the use of high-quality materials, and precision craftsmanship. With its harmoniously symmetrical lines, it has a sleek, modern look. Clean, simple forms with tastefully placed accents give it structure and character. The E8 is designed to look fresh and modern even after many years. 
 
 Coffee in all its variety 
 The E8 offers a wide range of coffee classics and specialties, which it prepares to perfection. There are 17 options to choose from, all selected at the touch of a button. From the pure and simple, to coffee topped with milk foam. They can all be customized to suit individual taste and the preferred cup size. State-of-the-art technology extracts maximum aroma from every blend and roast, under optimum conditions, for utter deliciousness.",https://homeblendcoffee.com/products/jura-e8-piano-black,https://cdn.shopify.com/s/files/1/0047/4795/2199/files/JuraE8-HomeBlendCoffeeRoasters.jpg?v=1733655792,Accessories
Jura Ena 8 - Fully Automatic Coffee Machine,Home Blend,195000.0,,,,,,"Jura Ena 8 
 
   
 
 
 
 
 
 
 
  Jura ENA8 Black, a Coffee Machine designed to perfection for the best coffee experience. A True Showcase of the best in Coffee Machines. A coffee Machine which is able to extract Cold Brew Coffee.  
 
 
 
 The superlative new one-cup machine: small, stunning, simple – a must for all coffee lovers and connoisseurs. The ENA 8 impresses with coffee specialties that are freshly ground, not capsuled. And thanks to the variety it offers at the touch of a button, it is sure to delight even the most discerning palates. 
 
 
 
 
 
 
 Winding arterial roads pulsate as they cut their way between apartment blocks. The hustle and bustle of city life. Cafés, boutiques. Countless neon signs illuminating the night sky. The artificial glow of office lighting. Light and shade. Light and dark. Black and white. This is the world of international metropolises and the color world of the ENA 8 in Metropolitan Black. 
 
 
 
  Brand: Jura  
  Usage Type: Home &amp; Offices  
 The small machine that's big on performance 
   
 
 Are you looking for the perfect coffee experience without needing a lot of space? The compact ENA 8 comes with high-end technologies like the Professional Aroma Grinder and fine foam technology to create the very finest coffee – and now, with the two cup function, it can even make two cups at the same time. With its clean lines and stylish accents, it's an elegant piece of design in a small format. 
 
 Touchscreen display for intuitive operation 
 15 specialties including new two-cup function 
 Professional Aroma Grinder for more consistent grind and more aroma 
 Fine foam technology achieves the perfect texture and creates impressively light milk foam for trendy milk-based specialties 
 3D brewing technology allows water to flow evenly through ground coffee at multiple levels 
 Easy-grip cylindrical water tank with diamond design 
 Ultimate coffee quality thanks to Pulse Extraction Process (P.E.P.®) 
 Intelligent Water System (I.W.S.) with RFID technology automatically detects the CLEARYL Smart+ filter 
 Compact design to fit in small spaces 
 Compatible with Wi-Fi Connect for use with J.O.E.® (JURA Operating Experience) app 
 
 Premium technology 
 The Professional Aroma Grinder achieves a more even grind, enhancing the aroma of the coffee by 12.2%, while the innovative fine foam technology creates beautifully light milk foam for trend specialties made with milk. Thanks to the two cup function, the ENA 8 can now also prepare two black coffee specialties at the same time. The ingenious milk system cleaning function guarantees TÜV-certified hygiene, which contributes to consistently perfect results.  
 Simply enjoy 
 With the easy-to-use touchscreen display and intuitive operation, you have 15 specialties at your fingertips. The milk system cleaning function can be started at the touch of a button, ensuring TÜV-certified hygiene at all times. You can also operate your coffee machine conveniently from your smartphone, because thanks to WiFi technology the ENA 8 is also compatible with J.O.E. ® . 
 Big design, small format 
 Measuring just 10.7 × 12.7 × 17.5 in, our smallest coffee machine fits in anywhere – without compromising on performance. Although it comes in a compact format, the ENA 8 embodies JURA's unique quality in terms of both coffee and design. The minimalist design with clean lines, high-quality materials and elegant accents, such as the chrome-plated cup tray and the crystal-clear diamond-look water tank, is perfect for those who appreciate both good taste and good coffee.",https://homeblendcoffee.com/products/jura-ena-8,https://cdn.shopify.com/s/files/1/0047/4795/2199/files/JuraEn8-Espresso-Black-HomeBlendCoffeeRoasters.jpg?v=1733650973,Accessories
Jura Giga 10 - Fully Automatic Coffee Machine,Home Blend,725000.0,,,,,,"Jura Giga 10 
 
 
 
 
 
 
 
 
 
 
 
 
 
 
 
 
 The embodiment of a unique coffee experience 
 
 The GIGA 10 is a premium automatic specialty coffee machine that sets a new standard in performance and redefines what coffee should be. 
 
 
 
 
 
 
 With two bean containers, each with its own grinder, the revolutionary cold extraction process, an innovative panorama panel for ease of use, and an intuitive new operating concept, the GIGA 10 offers a wider choice of specialty beverages than ever before. It is presented in a stunning design that impressively emphasizes the power of this unique machine. The GIGA 10 recreates the experience of barista-crafted coffee at home, transforming your kitchen into a coffee bar with just the touch of a button. 
 More choice, more options for customization 
 With a total of 35 specialty coffees, the GIGA 10 offers the widest choice of any JURA coffee machine. You can also adjust the GIGA 10 to suit your personal preferences, because the innovative user interface provides virtually unlimited options for customization. For example, why not enjoy your flat white with an extra shot of intensely flavored coffee? The range of beverages is doubled by the revolutionary cold extraction process, which gives you the option of preparing any specialty as a cold brew version. And finally, the new cold water bypass enables you to create long barista specialties. Be your own barista and enjoy an authentic coffee bar experience at home! 
 Two ceramic disc grinders for added deliciousness 
 For maximum professionalism, the GIGA 10 features not just one but two high-performance grinders made of a long-lasting, high-quality ceramic material. Two bean containers with an elegant turbine look are each connected to a separate grinder, allowing you to choose the ideal type of coffee or the optimum blend for every cup. For example, you might choose a more intense, dark roasting to make an aromatic espresso and a medium roasting for a mild lungo or coffee with milk. 
 Panorama Coffee Panel for a whole new user experience 
 For maximum clarity and even more intuitive operation, the GIGA 10 comes with a new touch-operated panel in wide panoramic format. The new panorama panel allows you to see everything at a glance. Navigate intuitively through the wide range of settings in the new user interface. Simply tap and slide to customize and prepare your favorite beverage – with the GIGA 10 the size, intensity, and ratio of coffee to milk and milk foam can all be easily adjusted. 
 High performance, statement design 
 The sheer power and performance of the GIGA 10 are perfectly expressed by its imposing design. The front panel in elegant Diamond Black with chrome elements and the impressive Panorama Coffee Panel make a quiet but unmistakable statement. The two bean containers with their turbine design are reminiscent of the powerful engine of a sports car, evoking a sense of luxury and performance. The redesigned cup grille completes the harmonious look. The GIGA 10 embodies eye-catching design and pure prestige, presenting truly exceptional coffee to perfection.",https://homeblendcoffee.com/products/jura-giga-10,https://cdn.shopify.com/s/files/1/0047/4795/2199/files/JuraGiga10-HomeBlendCoffeeRoasters-Main.jpg?v=1733665201,Accessories
Jura Giga X8C - Professional Line - Fully Automatic Coffee Machine,Home Blend,885000.0,,,As individual as your requirements Whether operated as an individual automatic coffee machine or enhanced with suitable,,,"Jura Giga X8 
 Built for maximum performance 
 
   
 The GIGA X8 is the completely new generation of automatic coffee machines for professional use from JURA. It is outstanding in every respect and is more professional in 4 different ways: 
 1. The completely new inner workings of the GIGA X8 mean that is now more robust, efficient, intelligent and even easier to service. 
 2. The dual spout is designed with the needs and requirements of professional users in mind. 
 3. The dishwasher-proof drip tray can easily be removed and emptied with just one hand. 
 3. The touch display is intuitive and simple to operate while enabling maximum flexibility. 
 
 
 
 
 
 The GIGA X8 allows JURA to demonstrate Swiss innovation and professionalism down to the very last detail. Where a capacity of up to 200 cups is the order of business, the machine impresses users with its quality, functionality, and reliability. Coupled with top performance in every respect, this results in a high-tech automatic coffee machine which is ideally tailored to the requirements of office floor, seminar, catering, and Coffee to Go solutions. 
   
 
 
 State-of-the-art technologies for perfect enjoyment 
 It's all inside the new GIGA X8: Two high-performance ceramic disc grinders guarantee reliable grinding results for many years which are sure to be precise, consistent and even. A top innovation provides that extra special something: A.G.A. (Automatic Grinder Adjustment) – the electronically controlled automatic readjustment system. The Pulse Extraction Process (P.E.P. ® ) optimizes the extraction time for short specialties and CLEARYL Pro Smart delivers perfect water quality for a pure taste in combination with the Intelligent Water System (I.W.S.). 
 The GIGA X8 features a sophisticated height-adjustable dual spout, which finishes off trend specialties with milk and milk foam to perfection thanks to fine foam technology. The speed function ensures specialty coffees in record time. 
 Increased power combined with the highest quality – that's the new GIGA X8. The concise, 4.3” high-resolution touchscreen color display is both easy to understand and completely intuitive. The dishwasher-proof drip tray can easily be removed, emptied, and reinserted with just one hand. The center of gravity is ideally located to prevent any spillages. Simple, clean, quick, convenient – this 5-star concept is incorporated down to the very last detail.  
 
 
 TÜV-certified hygiene guarantee 
 The maintenance of the new GIGA X8 is just as straightforward, logical and intuitive as its operation. Original JURA maintenance products and integrated rinsing and cleaning programs ensure TÜV-certified hygiene at the touch of a button. The milk system is also very easy to clean. The fully automatic process is started with just a touch on the display and ensures perfect cleanliness. The solid dual spout can be dismantled in just a few easy steps. The milk spouts at the front are readily accessible and easy to replace if necessary.  
 As individual as your requirements 
 Whether operated as an individual automatic coffee machine or enhanced with suitable accessories such as cup warmers or an accounting system, for example, the GIGA X8 can be used to configure the perfect complete coffee solution for any application. It can also conveniently adapt to increasing requirements.",https://homeblendcoffee.com/products/jura-giga-x8c-professional,https://cdn.shopify.com/s/files/1/0047/4795/2199/files/JuraX8-ProfessionalAutomaticCoffeeMachine-HomeBlendCoffeeRoasters-Main.jpg?v=1733666538,Accessories
Jura J8 - Midnight Silver - Fully Automatic Coffee Machine,Home Blend,325000.0,,,,,achieve optimum results and maximum,"Jura J8 - Midnight Silver 
 
 
 
 
 
 
  Jura J8 Midnight Silver, The new generation of the globally popular J line is packed full of technical innovations designed to create even more delicious coffee. The J8 prepares the full range of classic coffee drinks and now comes with even more specialities.  
 
 
 
 The Sweet Foam function flavours the milk foam with your favourite syrup, with your choice of flavour, sweetness and intensity. This means you can now brew a Sweet Latte at the touch of a button. The P.A.G.2+ grinder with active grind monitoring and the eighth-generation brewing unit with 3D brewing process achieve optimum results and maximum flavour every time. 
 
 
 
 
 
 
 For even greater convenience, the Coffee Eye detects the position of the cup and automatically adapts the selection of beverages on the display to show the available options. It couldn’t be easier. And the same goes for maintenance, because with the One-Touch milk system cleaning function, the job is done in moments. The quality inside the machine is reflected in its exterior design, which complements the superior engineering of the J8 with a characteristic look. 
 
 
 
  Brand: Jura  
  Usage Type: Home &amp; Offices    
 
 
 
 
 
 
 
 
 
 
 J8 for coffee specialities with sweetened milk foam 
 
 The new generation of the globally popular J line is packed full of technical innovations designed to create even more delicious coffee. The J8 prepares the full range of classic coffee drinks and now comes with even more specialities. 
 
 
 
 
 
 
 The Sweet Foam function flavors the milk foam with your favorite syrup, with your choice of flavor, sweetness, and intensity. This means you can now brew a Sweet Latte at the touch of a button. The P.A.G.2 +    grinder with active grind monitoring and the eighth-generation brewing unit with 3D brewing process achieve optimum results and maximum flavor every time. 
 For even greater convenience, the Coffee Eye detects the position of the cup and automatically adapts the selection of beverages on the display to show the available options. It couldn't be easier. And the same goes for maintenance, because with the One-Touch milk system cleaning function, the job is done in moments. The quality inside the machine is reflected in its exterior design, which complements the superior engineering of the J8 with a characteristic look. 
 Sweet Foam function – a new world of indulgence 
 Top chefs know that the secret of creating something truly special is to use pure, fresh ingredients that are expertly prepared. The same goes for exceptional specialty coffees. The new Sweet Foam function flavors the milk foam during preparation using the syrup attachment, taking indulgence to a whole new level. By choosing the type and amount of syrup, you can customize the flavor and intensity to your personal preferences. In this way, the J8 can even create popular trend specialties such as the Sweet Latte at the touch of a button.  
 Coffee Eye – the smart cup sensor 
 Whether you want a classic from the central coffee spout or a specialty finished with milk and milk foam from the cappuccino spout, the Coffee Eye makes it even easier to prepare the perfect coffee. This smart cup sensor detects the position of the cup and automatically adapts the selection of specialties on the display accordingly. For even simpler and more intuitive operation.  
 P.A.G.2+ – cutting-edge technology for the ultimate coffee 
 The P.A.G.2 +    grinder is in a class of its own. It features sound design inspired by Formula 1 technology. The aroma control function actively monitors the grind consistency to ensure perfect results every time. Depending on the selected product, the machine will recommend setting the consistency to 'mild' or 'intense'. This controls the aroma in the cup. The grinding level can be adjusted at any time, but before and after preparation the P.A.G.2 +    always goes into rest mode to maintain its performance throughout its lifetime. This means that your coffee machine will continue to provide the perfect flavor for even longer.  
 Stunning design – inside and out 
 The look of the J8 embodies clarity and symmetry. The quality of the machine and the expertise that went into its design are reflected in superior manufacturing standards and precision craftsmanship. The reinterpretation of the international award-winning design reveals a passionate attention to detail. From the presentation of the fresh beans to the welcoming user interface and the illumination of the aromatic finished product, everything combines to form a harmonious whole and conveys the superiority of this premium coffee machine.",https://homeblendcoffee.com/products/jura-j8,https://cdn.shopify.com/s/files/1/0047/4795/2199/files/Jura_J8_-_Home_Blend_Coffee_Roasters_-_Main.jpg?v=1733659014,Accessories
Jura S8 - Chrome INTA - Fully Automatic Coffee Machine,Home Blend,299000.0,,,,,,"Jura S8 - Chrome 
 
 
 
 
 
 
  The Jura S8 is a stylish S line with its concise, sculptural design shines with quality and precision in every respect. It combines the best of the compact class with elements from the premium segment and even impresses with a touch of GIGA.  
  With its harmonious clean lines, the stylish S line exudes quality and precision in every way. The impressive range of specialties and the stunning result in the cup satisfy even the most demanding coffee connoisseurs. The operating concept is based on simplicity and intelligence. The JURA S line creates a new segment in coffee machines: the premium mid-segment.  
  Brand: Jura  
  Usage Type: Home &amp; Offices    
 
 
 
 
 
 
 Wide choice, compact design 
   
 
 With its clear cut, sculptural design, the stylish S line exudes quality and precision in every way. It combines the best of the compact class with elements of the premium segment, including a hint of the GIGA. The impressive range of specialties and the stunning result in the cup satisfy even the most demanding coffee connoisseurs. The operating concept is based on simplicity and intelligence. The JURA S line creates a new segment in coffee machines: the premium mid-segment. 
 
 
 
 
 
 
  
 So many moments of pleasure to choose from 
 The stylish S8 creates the full range of specialties from espresso to latte macchiato to a masterful standard of quality. With just a touch on the color touchscreen display, one of 15 different specialties flows into the cup. This is thanks to several outstanding innovations. The Aroma G3    grinder is now even more precise and twice as fast, yet preserves all the delicious aroma of the coffee beans. The Pulse Extraction Process (P.E.P. ® ) ensures the optimum extraction time for short specialties and delivers a taste explosion for espresso and ristretto. Trend specialties finished with milk and milk foam are brought to perfection thanks to fine foam technology.  
 Thoroughly modern operating concept 
 The integrated 4.3” high-resolution color touchscreen display makes the machine incredibly simple to operate. A gentle touch with your fingertip on the screen, and your favorite beverage flows into the cup. The innovative operating concept with an eye-catching screen succeeds because it is so clear, simple and modern. Graphics and animations show every step of preparation, guiding the user through the process. The concept is designed to help you find what you want quickly. Individual preferences can be programmed in a few easy steps, allowing you to rename, move, copy or duplicate products in no time.  
 The ultimate milk foam 
 Characteristic JURA design reflects precision and quality down to the smallest detail. The new professional fine foam frother on the S8 is made from the highest quality materials and has a stunning look and feel. Specially designed for the preparation of specialty coffees with milk and milk foam, it makes latte macchiato and other beverages with the very best fine-textured foam – every time. Graphics and modern animations on the display make it easier than ever to use.  
 Design in top form 
 This machine is an aesthetic masterpiece of harmonious design. Careful attention to detail definitely puts the stylish design of the S8 in a class of its own. The high-quality, grooved water tank with a handle made of real metal and the new chrome-plated cup grille add subtle accents. The cover of the bean container, made of hand-polished die-cast zinc, embodies the quality of the complete product. Details and thoughtful touches give the S8 a unique feel which is sure to please those who appreciate good design.",https://homeblendcoffee.com/products/jura-s8,https://cdn.shopify.com/s/files/1/0047/4795/2199/files/Jura_S8_Chrome_-_Home_Blend_Coffee_Roasters.jpg?v=1733657472,Accessories
Jura X10 - Professional Line - Fully Automatic Coffee Machine,Home Blend,455000.0,,,"This allows the fruity flavors to be optimally absorbed by the water, resulting in a natural and energizing cold drink",,developed by JURA,"Jura X10 - Dark Inox 
 
 
 
 
 
 
 The Jura X10 Dark Inox Coffee Machine offers a premium coffee experience with its Cold Extraction Process, delivering refreshing Cold Brews and 35 specialty drinks at the touch of a button. Designed for offices and self-service areas, it features a sleek Dark Inox finish, an intuitive 3.5-inch display, and a height-adjustable dual spout for easy operation. Supporting modern payment methods, including mobile and contactless options, the X10 combines convenience, versatility, and elegant design, making it perfect for diverse coffee preferences in professional settings. 
 
 
 The professional machine for hot and cold brew specialty coffees – versatile, robust and reliable 
   
 
 The X10 sets new standards, bringing variety and freshness. Quite literally, because its repertoire includes an impressive 35 specialty coffees, nine of which are cold extracted. Fully automatic cold extraction is a special feature of the X10, bringing refreshing cold brews to the professional sector. 
 
 
 
 
 
 
 The X10's versatile functions also include longer specialties that use more water, such as americanos and lunghi. Thanks to the one-touch lungo function, these specialties are just as easily prepared at the touch of a button. In addition to the wide variety of beverages, the P.A.G.2 +    grinder and the functions of the professional coffee machine also stand out. With easy operation thanks to the color display and physical buttons, the X10 is highly accessible. 
 The size of the X10 makes it ideal for use in the office, in self-service areas or in catering services with a daily demand of 100 preparations. 
 
 
 
  Brand: Jura  
  Usage Type: Home &amp; Offices      
 
 
 
 
 
 
 
 
 Cold brews at the touch of a button 
 The X10 brings a refreshing coffee experience to offices and self-service areas with its selection of cold brews. Freshly ground at the touch of a button, not encapsulated, and cold extracted. All made possible by the Cold Extraction Process developed by JURA. In this extraction process, cold water passes through the freshly ground coffee under high pressure, pulsating at a slow rate. This allows the fruity flavors to be optimally absorbed by the water, resulting in a natural and energizing cold drink.  
 A variety of specialties for every taste 
 Variety is the name of the game with the X10. Designed for ultimate indulgence, the professional coffee machine impresses with 35 coffee specialties. The repertoire ranges from coffee classics, such as espresso and cappuccino, to double coffee specialties with milk, such as latte macchiatos, and even trendy cold brews. As usual, requiring just the touch of a button, and now flowing into the cup via the central combination spout. The X10 redefines the coffee experience in open-plan offices and self-service areas in unprecedented dimensions. 
 Robust and refined 
 Form follows function – this is the motto of the X10, which is characterized by clean lines and direct user guidance. The height-adjustable spout combines hot water, milk and coffee dispensing and makes it easy to operate. The newly designed front in Dark Inox emphasizes the professionalism and timeless elegance of the automatic coffee machine. What's more, the X10 also impresses with a convenient and intuitive operating concept via the 3.5-inch display. Built into the front and complemented by physical buttons, the display emphasizes the clarity of the professional coffee machine.",https://homeblendcoffee.com/products/jura-x10,https://cdn.shopify.com/s/files/1/0047/4795/2199/files/Jura-X10-HomeBlendCoffeeRoasters-Main.jpg?v=1733662848,Accessories
Jura Z10 - Aluminium White - Fully Automatic Coffee Machine,Home Blend,425000.0,,,"The end result is a natural, energizing and refreshing beverage in which the fruity aromas of the coffee can be fully",,Natural,"Jura Z10 
 
 
 
 
 
 
  Jura Z10, a Coffee Machine designed to perfection for the best coffee experience.  
 
 
 The groundbreaking Z10 with P.R.G. for hot and cold brew specialty coffees 
 
 A masterpiece of Swiss engineering, the new Z10 doubles the range of specialty coffees. At the touch of a button it prepares the full spectrum of hot drinks from intense espresso to on-trend flat white. It also opens up a whole new dimension in the enjoyment of coffee with the introduction of cold brew specialties. This is made possible thanks to the Product Recognizing Grinder (P.R.G.), which recognizes the chosen specialty and instantly and precisely adjusts the fineness of grind accordingly. 
 
 
 
 
 
 
 In addition, JURA has developed the pioneering Cold Extraction Process – a quite literally refreshing top innovation. In this process, cold water is slowly pulsed through the freshly ground coffee under high pressure. The result is a completely new way of experiencing coffee – refreshing, energizing and with a wonderfully balanced aroma.  
 This outstanding premium coffee machine features a double-speed 4.3” touch display and the Blue Crystal Rotary Switch. Thanks to the Specialty Selection menu, it's exceptionally easy and intuitive to use. The technological quantum leap is also reflected in the sculptural design. The convex-concave front panel is visible proof of the attention to detail and absolute manufacturing precision. Its high quality makes the Z10 a statement of excellent taste. 
 
 
 
  Brand: Jura  
  Usage Type: Home &amp; Offices  
 
 
 
 
 
 
 
 
 
 
 
 The new Product Recognizing Grinder (P.R.G.) 
 To ensure the optimum grind for every specialty, JURA engineers developed the Product Recognizing Grinder (P.R.G.). The electronically controlled high-performance grinder adjusts in a fraction of a second to the predefined consistency of grind – much more quickly and frequently than could be done manually. Its spectrum ranges from very fine for short classics to very coarse for long specialties. But coffee lovers don’t need to worry, because the adjustment takes place automatically every time a beverage is prepared and, if preferred, can also be individually selected before each preparation with the Aroma Selection feature.  
 Cold brew – extreme freshness 
 Thanks to the Cold Extraction Process, the Z10 prepares genuine cold brew specialties. While many conventional cold coffee drinks consist mostly of hot-brewed coffee which is then chilled, in the Z10 extraction takes place with cold water, pulsed at high pressure, and more coarsely ground coffee. The end result is a natural, energizing and refreshing beverage in which the fruity aromas of the coffee can be fully enjoyed without being overwhelmed by bitters. Anything else would just be a cold coffee.  
 Eighth-generation brewing unit 
 The brewing unit is the most important part of any automatic coffee machine. For the Z10, JURA has created the eighth-generation brewing unit. With its unique 3D brewing technology, it allows the water to flow evenly through the ground coffee at multiple levels. This makes the most of the aroma, both in hot specialties and with cold brewing.   
 Lasting elegance 
 Design and the careful choice of materials play an important role in product durability. JURA always strives to achieve a design that people will be proud to own and that will still look fresh and modern after many years. Uncompromising quality, durable, high-quality materials and maximum engineering precision guarantee both culinary and aesthetic excellence throughout the lifetime of the machine.  A high-tech two-component method provides the surfaces with an intense sense of depth, so that just looking at the coffee machine is a pleasure in itself. The water tank with its elegant wave design and the harmonious filter casing are just two examples of the attention paid to what might seem like small details. As soon as you touch the Z10, you sense what true worth means to JURA.",https://homeblendcoffee.com/products/jura-z10-white,https://cdn.shopify.com/s/files/1/0047/4795/2199/files/JuraZ10AluminiumWhite-HomeBlendCoffeeRoasters.jpg?v=1733661906,Accessories
Jura Z10 - Diamond Black - Fully Automatic Coffee Machine,Home Blend,425000.0,,,"The end result is a natural, energizing and refreshing beverage in which the fruity aromas of the coffee can be fully",,Natural,"Jura Z10 
 
 
 
 
 
 
  Jura Z10, a Coffee Machine designed to perfection for the best coffee experience.  
 
 
 The groundbreaking Z10 with P.R.G. for hot and cold brew specialty coffees 
 
 A masterpiece of Swiss engineering, the new Z10 doubles the range of specialty coffees. At the touch of a button it prepares the full spectrum of hot drinks from intense espresso to on-trend flat white. It also opens up a whole new dimension in the enjoyment of coffee with the introduction of cold brew specialties. This is made possible thanks to the Product Recognizing Grinder (P.R.G.), which recognizes the chosen specialty and instantly and precisely adjusts the fineness of grind accordingly. 
 
 
 
 
 
 
 In addition, JURA has developed the pioneering Cold Extraction Process – a quite literally refreshing top innovation. In this process, cold water is slowly pulsed through the freshly ground coffee under high pressure. The result is a completely new way of experiencing coffee – refreshing, energizing and with a wonderfully balanced aroma.  
 This outstanding premium coffee machine features a double-speed 4.3” touch display and the Blue Crystal Rotary Switch. Thanks to the Specialty Selection menu, it's exceptionally easy and intuitive to use. The technological quantum leap is also reflected in the sculptural design. The convex-concave front panel is visible proof of the attention to detail and absolute manufacturing precision. Its high quality makes the Z10 a statement of excellent taste. 
 
 
 
  Brand: Jura  
  Usage Type: Home &amp; Offices  
 
 
 
 
 
 
 
 
 
 
 
 The new Product Recognizing Grinder (P.R.G.) 
 To ensure the optimum grind for every specialty, JURA engineers developed the Product Recognizing Grinder (P.R.G.). The electronically controlled high-performance grinder adjusts in a fraction of a second to the predefined consistency of grind – much more quickly and frequently than could be done manually. Its spectrum ranges from very fine for short classics to very coarse for long specialties. But coffee lovers don’t need to worry, because the adjustment takes place automatically every time a beverage is prepared and, if preferred, can also be individually selected before each preparation with the Aroma Selection feature.  
 Cold brew – extreme freshness 
 Thanks to the Cold Extraction Process, the Z10 prepares genuine cold brew specialties. While many conventional cold coffee drinks consist mostly of hot-brewed coffee which is then chilled, in the Z10 extraction takes place with cold water, pulsed at high pressure, and more coarsely ground coffee. The end result is a natural, energizing and refreshing beverage in which the fruity aromas of the coffee can be fully enjoyed without being overwhelmed by bitters. Anything else would just be a cold coffee.  
 Eighth-generation brewing unit 
 The brewing unit is the most important part of any automatic coffee machine. For the Z10, JURA has created the eighth-generation brewing unit. With its unique 3D brewing technology, it allows the water to flow evenly through the ground coffee at multiple levels. This makes the most of the aroma, both in hot specialties and with cold brewing.   
 Lasting elegance 
 Design and the careful choice of materials play an important role in product durability. JURA always strives to achieve a design that people will be proud to own and that will still look fresh and modern after many years. Uncompromising quality, durable, high-quality materials and maximum engineering precision guarantee both culinary and aesthetic excellence throughout the lifetime of the machine.  A high-tech two-component method provides the surfaces with an intense sense of depth, so that just looking at the coffee machine is a pleasure in itself. The water tank with its elegant wave design and the harmonious filter casing are just two examples of the attention paid to what might seem like small details. As soon as you touch the Z10, you sense what true worth means to JURA.",https://homeblendcoffee.com/products/jura-z10,https://cdn.shopify.com/s/files/1/0047/4795/2199/files/Jura_-_Z10_Diamond_Black_-_Home_Blend_Coffee_Roasters_-_Main.jpg?v=1733660879,Accessories
La Pastora Costa Rica,Home Blend,1100.0,150g,Light Roast,La Pastora Costa Rican Specialty Arabica Coffee Beans 250g A High-Grown Central American Arabica Known For Its R efined,,Natural,"La Pastora Costa Rican Specialty Arabica Coffee Beans 250g  
 
 
 A High-Grown Central American Arabica Known For Its  R  efined Acidity ,  F  loral-Citrus Brightness , and  S  weet Balance  — Often Sought After By Specialty Coffee Enthusiasts Around The World.  
 
 
  Region:  Tarrazú, Costa Rica 
 
 
  Estate:  La Pastora (CoopeTarrazú) 
 
 
  Elevation:  ~1,400–1,900 masl 
 
 
  Processing:   Washed  (classic Tarrazú profile), but sometimes honey/natural for microlots 
 
 
  Varietals:  Caturra, Catuai 
 
 
  Roast Recommendation:   Light to medium  for optimal expression of acidity and florals 
 
 
  Cup Style:  Bright, elegant, clean, and juicy — a classic washed Central American profile",https://homeblendcoffee.com/products/la-pastora-costa-rica,https://cdn.shopify.com/s/files/1/0047/4795/2199/files/Home_Blend_Coffee_Roasters_La_Pastora_Costa_Rica.jpg?v=1754425156,Coffee
La Pastora Costa Rica,Home Blend,1850.0,250g,Light Roast,La Pastora Costa Rican Specialty Arabica Coffee Beans 250g A High-Grown Central American Arabica Known For Its R efined,,Natural,"La Pastora Costa Rican Specialty Arabica Coffee Beans 250g  
 
 
 A High-Grown Central American Arabica Known For Its  R  efined Acidity ,  F  loral-Citrus Brightness , and  S  weet Balance  — Often Sought After By Specialty Coffee Enthusiasts Around The World.  
 
 
  Region:  Tarrazú, Costa Rica 
 
 
  Estate:  La Pastora (CoopeTarrazú) 
 
 
  Elevation:  ~1,400–1,900 masl 
 
 
  Processing:   Washed  (classic Tarrazú profile), but sometimes honey/natural for microlots 
 
 
  Varietals:  Caturra, Catuai 
 
 
  Roast Recommendation:   Light to medium  for optimal expression of acidity and florals 
 
 
  Cup Style:  Bright, elegant, clean, and juicy — a classic washed Central American profile",https://homeblendcoffee.com/products/la-pastora-costa-rica,https://cdn.shopify.com/s/files/1/0047/4795/2199/files/Home_Blend_Coffee_Roasters_La_Pastora_Costa_Rica.jpg?v=1754425156,Coffee
La Pastora Costa Rica,Home Blend,7400.0,1kg,Light Roast,La Pastora Costa Rican Specialty Arabica Coffee Beans 250g A High-Grown Central American Arabica Known For Its R efined,,Natural,"La Pastora Costa Rican Specialty Arabica Coffee Beans 250g  
 
 
 A High-Grown Central American Arabica Known For Its  R  efined Acidity ,  F  loral-Citrus Brightness , and  S  weet Balance  — Often Sought After By Specialty Coffee Enthusiasts Around The World.  
 
 
  Region:  Tarrazú, Costa Rica 
 
 
  Estate:  La Pastora (CoopeTarrazú) 
 
 
  Elevation:  ~1,400–1,900 masl 
 
 
  Processing:   Washed  (classic Tarrazú profile), but sometimes honey/natural for microlots 
 
 
  Varietals:  Caturra, Catuai 
 
 
  Roast Recommendation:   Light to medium  for optimal expression of acidity and florals 
 
 
  Cup Style:  Bright, elegant, clean, and juicy — a classic washed Central American profile",https://homeblendcoffee.com/products/la-pastora-costa-rica,https://cdn.shopify.com/s/files/1/0047/4795/2199/files/Home_Blend_Coffee_Roasters_La_Pastora_Costa_Rica.jpg?v=1754425156,Coffee
Monsooned Malabar AA - Aluminium Coffee Pods / Capsules - Pack of 10,Home Blend,450.0,,,"Nutty, Mellow, Pleasant, Earthy with a Heavy body &amp; Low acidity",,Natural,"Monsooned Malabar (Medium Dark Roast) 100% Arabica - Nespresso® Compatible Coffee Pods / Capsules 
   Nutty &amp; Distinctive    Roast Leve  l: Medium Dark    Intensity  : 7 - 8    Suited For  : Espresso, Lungo, Americano, Macchiato &amp; Balanced Cappuccino    Tasting Notes  : Nutty, Mellow, Pleasant, Earthy with a Heavy body &amp; Low acidity    Altitude  : 1100-1500M    Location  : Malabar Coast    Processing: Processed naturally with monsoon rains, the bean is swollen, yellow &amp; only a small quantity is harvested each year    We think this coffee is suited for all brews where the bean’s distinctive flavour rewards consistency and uniformity.“Salted caramel in a cup,” is how espresso legend David Schomer describes the bean he served to rave reviews during the 2018 SCA Expo  
     Disclaimer: “www.homeblendcoffee.com is not affiliated with, endorsed or sponsored by Nespresso. Nespresso® is a registered trademark of Société des Produits Nestlé S.A.”",https://homeblendcoffee.com/products/coffee-pods-capsules-monsooned-malabar,https://cdn.shopify.com/s/files/1/0047/4795/2199/files/MonsoonedMalabar-CoffeePodsCapsuleNespressoCompatibleHomeBlendCoffeeRoasters.png?v=1734032035,Coffee
Mysore Nuggets - Aluminium Coffee Pods / Capsules - Pack of 10,Home Blend,450.0,,,"High Acidity, Fruity Notes, Slight Spiciness, Smooth, Buttery with a Mocha Overtone",Chikmangalur At Home Blend,Washed,"Mysore Nuggets Extra Bold - Coffee Pods &amp; Capsules Nespresso® Compatible - 10 Pack  
 
  Fruity with Fine Acidity    Roast Level : Medium   Intensity : 5 - 6   Suited For : Ristretto, Espresso, Lungo &amp; Americano    Tasting Notes : High Acidity, Fruity Notes, Slight Spiciness, Smooth, Buttery with a Mocha Overtone   Altitude : 1100-1500M    Processing : Washed   Location : Chikmangalur  At Home Blend, we source our Mysore Nuggets Extra Bold beans at about 3,200 feet of elevation from the Baba Budan region of Chikmagalur  Also known as ‘Elephant Beans’ these nuggets are considered specialty beans as they are carefully picked and sorted for quality, size and defects 
 
  Disclaimer: “www.homeblendcoffee.com is not affiliated with, endorsed or sponsored by Nespresso. Nespresso® is a registered trademark of Société des Produits Nestlé S.A.”",https://homeblendcoffee.com/products/coffee-pods-capsules-mysore-nuggets,https://cdn.shopify.com/s/files/1/0047/4795/2199/files/MysoreNuggets-CoffeePodsCapsuleNespressoCompatibleHomeBlendCoffeeRoasters.png?v=1734031662,Coffee
Saeco Magic M1 - Professional Line - Fully Automatic Coffee Machine,Home Blend,315000.0,,,,,,"Saeco Magic M1 - Fully Automatic Coffee Machine 
 
 
 
 
  Saeco knows your needs. It is designed for a world that is rapidly changing.When you feel the need for a break, you can enjoy your favourite beverage wherever you are.  
 With Magic, Saeco introduces a new and innovative family of machines that offers advanced performance, combined with modern features and a high level of design. 
  Ceramic Flat Blades. Touch Screen Interface. Customizable Recipes. External Water Connection &amp; Drainage System. Simultaneous dispensing of 2 cups.  
 Saeco Magic M1 is your coffee Machine for your complete coffee solution. 
  Magic represents the latest evolution of coffee machines from Saeco Professional.   
  But it is also a machine that marks a clear break with the past.   
  It has new shapes, completely redesigned, and performance at the top of its category in   terms of quality and variety of beverages.   
  The coffee break becomes from a daily gesture “a way of life” to be lived with style and taste, a moment of true relaxation to pamper yourself while savouring your favourite drink.   
 
 
 
 
  Sophisticated details make Magic a desirable ‘must have’ for any high-level office. It is a machine that, for those who love coffee as much as we do, can give you pleasant moments of well-being. A machine that, when not working, becomes a furnishing accessory to be exhibited, which enriches, with a modern and innovative design, any working space.   
 
 
 
 
  The heart of Magic is a professional variable chamber unit able to hold from 8.5 to 15 g of coffee. The amount of coffee dosed can be adjusted automatically via the menu. The unit has steel conical burrs, which can   also be adjusted to obtain your favourite grind setting.   
  Magic features a new milk frothing system where the milk frother is built into the coffee dispenser. Extremely silent, it emulsifies creamy froth but can also prepare beverages with simple hot milk   
 
 
 
 
  The milk circuit is equipped with a patented cleaning system that guarantees the best efficiency after each preparation.   
  The 7’’ colour touch screen provides an easy way for navigating through the menus and a broad range of beverages. The available options also include flat white and double cappuccino, while the beverage recipes can be fully customized to suit your personal taste.   
  The coffee, milk and water dispensers are installed in a single unit. This makes it easier to position the cups and adjust them in height (from 75 to 160 mm), allowing different kinds of containers to be used.",https://homeblendcoffee.com/products/saeco-magic-m1-professional-line-fully-automatic-coffee-machine,https://cdn.shopify.com/s/files/1/0047/4795/2199/files/SaecoMagicM1-HomeBlendCoffeeRoasters.png?v=1733675484,Accessories
Saeco Magic M2 - Professional Line - Fully Automatic Coffee Machine,Home Blend,325000.0,,,,,,"Saeco Magic M1 - Fully Automatic Coffee Machine 
 
 
 
 
  Saeco knows your needs. It is designed for a world that is rapidly changing.When you feel the need for a break, you can enjoy your favourite beverage wherever you are.  
 With Magic, Saeco introduces a new and innovative family of machines that offers advanced performance, combined with modern features and a high level of design. 
  Ceramic Flat Blades. Touch Screen Interface. Customizable Recipes. External Water Connection &amp; Drainage System. Simultaneous dispensing of 2 cups.  
 Saeco Magic M1 is your coffee Machine for your complete coffee solution. 
  Magic represents the latest evolution of coffee machines from Saeco Professional.   
  But it is also a machine that marks a clear break with the past.   
  It has new shapes, completely redesigned, and performance at the top of its category in   terms of quality and variety of beverages.   
  The coffee break becomes from a daily gesture “a way of life” to be lived with style and taste, a moment of true relaxation to pamper yourself while savouring your favourite drink.   
 
 
 
 
  Sophisticated details make Magic a desirable ‘must have’ for any high-level office. It is a machine that, for those who love coffee as much as we do, can give you pleasant moments of well-being. A machine that, when not working, becomes a furnishing accessory to be exhibited, which enriches, with a modern and innovative design, any working space.   
 
 
 
 
  The heart of Magic is a professional variable chamber unit able to hold from 8.5 to 15 g of coffee. The amount of coffee dosed can be adjusted automatically via the menu. The unit has steel conical burrs, which can   also be adjusted to obtain your favourite grind setting.   
  Magic features a new milk frothing system where the milk frother is built into the coffee dispenser. Extremely silent, it emulsifies creamy froth but can also prepare beverages with simple hot milk   
 
 
 
 
  The milk circuit is equipped with a patented cleaning system that guarantees the best efficiency after each preparation.   
  The 7’’ colour touch screen provides an easy way for navigating through the menus and a broad range of beverages. The available options also include flat white and double cappuccino, while the beverage recipes can be fully customized to suit your personal taste.   
  The coffee, milk and water dispensers are installed in a single unit. This makes it easier to position the cups and adjust them in height (from 75 to 160 mm), allowing different kinds of containers to be used.",https://homeblendcoffee.com/products/saeco-magic-m2-professional-line-fully-automatic-coffee-machine,https://cdn.shopify.com/s/files/1/0047/4795/2199/files/SaecoMagicM2.png?v=1733676651,Accessories
Saeco SE 180 - Professional Line - Fully Automatic Coffee Machine - New Model With Steaming Wand,Home Blend,214000.0,,,,,,"Saeco SE 180 - Fully Automatic Coffee Machine 
 
 
 
 
 
 
 
  SE knows your needs. It is designed for a world that is rapidly changing. When you feel the need for a break, you can enjoy your favourite beverage wherever you are.  
  Ceramic Flat Blades. Touch Screen Interface. Customizable Recipes. External Water Connection &amp; Drainage System. Simultaneous dispensing of 2 cups.  
 Saeco SE180 is your coffee Machine for your complete coffee solution. 
  Brand: Saeco  
  Usage Type:    Machines, Specialty Cafes   
   
 PREPARE YOUR COFFEE, YOUR WAY 
 Enjoy a range of coffee styles from short espressos to large cups, hot or ice, with or without milk: Ristretto, Espresso, Lungo, Flat White, Cappuccino, Latte, Warm Milk Foam, Hot Milk 
  10 Inch Touch Screen  
 The Saeco SE180 provides smooth operation with a 10-inch touchscreen display. 
  Ceramic Flat Blades  
 The Ceramic Flat Blades provide a perfect combination for a perfect espresso. 
  Double Brewing  
 The available options also include flat white and double cappuccino, white beverage recipes can be fully customized to suit your personal taste. 
  Cold Brew  
 Saeco SE 180 has the option of brewing Cold Coffee, Cold Latte, and Cold Cappuccino. Just Pour some ice into a cup and then happy brewing.",https://homeblendcoffee.com/products/saeco-se-180-fully-automatic-coffee-machine,https://cdn.shopify.com/s/files/1/0047/4795/2199/files/Saeco_SE_180_-_Home_Blend_Coffee_Roasters.jpg?v=1733674729,Accessories
Vienna Roast - Aluminium Coffee Pods / Capsules - Pack of 10,Home Blend,450.0,,,"Heavy body, Cocoa, Oaky, Bitter Sweet",Coorg,Washed,"Vienna Roast (Dark Roast) 100% Arabica - Nespresso® Compatible Coffee Pods / Capsules 
 
 
 Nespresso® Compatible Coffee Pods / Capsules   
  Your Specialty Pick:  Vienna Roast 
  Roast Level : Dark (Rolling Second Crack)    
  Intensity  : 9 
   Suited For : Americano, Macchiato &amp; Cappuccino  
  Tasting Notes : Heavy body, Cocoa, Oaky, Bitter Sweet 
   Altitude : 1000-1500M  
   Processing : Washed  
   Location : Coorg &amp; Chikmagalur  
 Vienna Roast is best suited for Macchiatos &amp; Cappuccinos where the milk based brews compliment the bittersweet coffee adding texture and balance to the beverage. 
 With little to no acidity the coffee is isn’t overwhelmingly bright or sour. 
 This is our favourite choice as the coffee remains versatile across varied brews. The Vienna can be enjoyed black or as a milk based beverage 
 
 
     Disclaimer: “www.homeblendcoffee.com is not affiliated with, endorsed or sponsored by Nespresso. Nespresso® is a registered trademark of Société des Produits Nestlé S.A.”",https://homeblendcoffee.com/products/coffee-pods-capsules-vienna-roast,https://cdn.shopify.com/s/files/1/0047/4795/2199/files/ViennaRoast-CoffeePods_CapsulesNespresso_CompatibleHomeBlendCoffeeRoasters_8445068f-669c-474a-a26f-b6e966e7599e.png?v=1734004165,Coffee
Wacaco Minipresso - Espresso Maker - Perfect Gift for Coffee Lovers,Home Blend,4999.0,,,,,,"Whether you are trekking, camping or just travelling for work, you can continue to enjoy a sip of your morning joe with the Wacaco Minipresso GR, a lightweight and portable coffee maker that offers high-quality espresso with every single shot. With a sleek, compact and premium look, the Minipresso GR is an innovative product and highly functional that opens up a totally personalised experience of brewing for the coffee connoisseur",https://homeblendcoffee.com/products/wacaco-minipresso,https://cdn.shopify.com/s/files/1/0047/4795/2199/products/WacacoMinipressoGR.webp?v=1681733530,Coffee
Wacaco Nanopresso - Espresso Maker - Best Coffee Brewer,Home Blend,5999.0,,,,,,"Get a mouthful of delicious coffee with caramel crema on the go with Wacaco’s Nanopresso. Available in a compact and sleek design that is perfect while car-camping, living on the road. The Wacaco Nanopresso is a must for a constant traveler, occasional espresso drinker. This is a perfect espresso maker!",https://homeblendcoffee.com/products/wacaco-nanopresso,https://cdn.shopify.com/s/files/1/0047/4795/2199/products/WacacoNanopresso.jpg?v=1681209040,Coffee
Whole Bean - Araku Valley - Pack of 250g,Home Blend,600.0,,,"Jaggery, Milk Chocolate, Citrus, Balanced Body: Medium",has become known for producing high-quality microlots,Washed,"Araku Valley | 100% Specialty Grade Arabica 
  Discover the rich and flavourful taste of Araku Valley coffee, grown in the highlands of Eastern Ghats. Crafted by Boini Sanni Babu, this speciality coffee is known to delight palates worldwide. Savour the unique experience with each sip of our 250g pack.  
  Amidst the towering silver oaks, interspersed with a variety of fruit and forest trees such as guava and sapota, Sanni Babu's farm has become known for producing high-quality microlots, carefully cultivated and consistently recognized as some of India's best coffee. This season's harvest yielded an impressive 3,300 kilograms of crimson red cherries, thanks to the farm's exceptional crumb structure and water retention capabilities.    
 
 Grade: Screen 16+  
 Varietal: 100% Arabica,  SLN. 795 
 Tasting Notes: Jaggery, Milk Chocolate, Citrus, Balanced 
 Body: Medium 
 Altitude: 1100-1300M 
 Processing: Ferment Washed 
 Location: Araku  Valley,  Andhra Pradesh",https://homeblendcoffee.com/products/araku-coffee,https://cdn.shopify.com/s/files/1/0047/4795/2199/files/Home_Blend_Coffee_Roasters_Araku_Valley_250g.jpg?v=1754308041,Coffee
Whole Bean - Bettadamalali Estate - Pack of 250g,Home Blend,600.0,,,"Jaggery, Dark Chocolate, Honey, Citrus Finish Body: Medium - Heavy",Chikmagalur,compared to beans grown in lower,"Bettadamalali Estate | 100% Shade Grown, High Altitude Arabica 
 Experience the exquisite taste of one-hundred percent shade-grown coffee, cultivated under a harmonious blend of both planted and native trees. The unique combination of shade and high altitude nurtures the coffee beans, resulting in a slower maturation process compared to beans grown in lower altitudes. This deliberate pace of growth yields a harmoniously balanced and flavourful cup of coffee that truly stands out 
 Nestled in the breathtaking hills and valleys of the Sahyadri range, also known as the Western Ghats, the coffee estate benefits from the richness of volcanic soil, pure water sources, invigoratingly crisp air, and meticulous care from the land's stewards. These factors converge to create coffee beans of unparalleled quality, setting Bettadamalali coffee apart as a beacon of excellence 
 The commitment to quality extends to the hand-picking of each individual coffee cherry at the estate. This hands-on approach ensures that only perfectly ripe, crimson-red cherries are selected, guaranteeing a pure and untainted coffee experience. By avoiding the inclusion of underripe or green cherries, this craft cup of coffee is free from any unwanted off-flavours that can result from using unripe beans 
 Bettadamalali coffee beans undergo a meticulous washing process. The cherries are first pulped, separating the pulp from the beans. Natural fermentation follows, after which the beans are meticulously washed with pristine water. The final step involves sun-drying the beans in Bettadamalali's dedicated drying yards 
 Experience the culmination of nature's perfection and human dedication in every sip of Bettadamalali coffee. Indulge in the richness of flavour that only truly exceptional coffee can deliver 
 
 Grade: Screen 16+  
 Varietal: 100% Arabica,  SLN. 795 
 Tasting Notes: Jaggery, Dark Chocolate, Honey, Citrus Finish  
 Body: Medium - Heavy 
 Altitude: 1100-1350M 
 Processing: Washed 
 Location:    Western Ghats,  Chikmagalur",https://homeblendcoffee.com/products/whole-bean-bettadamalali-estate-pack-of-250g,https://cdn.shopify.com/s/files/1/0047/4795/2199/files/Home_Blend_Coffee_Roasters_-_Bettadamalali_Estate_250g.jpg?v=1754308118,Coffee
Whole Bean - Custom Roast Arabica 'AAA' + Cherry 'AAA' - Pack of 1 KG,Home Blend,1799.0,,,,Coorg,Washed,"Mysore Nuggets (80%) + Cherry AAA (20%) | Indian Specialty Coffee 
 
 The Best Blend For Great Crema And A Perfect Cappucino With A Nice Caffeine Punch 
 The Coffee Has A Smooth Body With Mild Acidity, Balanced Flavour And Sizable Crema 
 Altitude: 1100-1500M 
 Processing: Washed 
 Location: Coorg &amp; Chikmangalur",https://homeblendcoffee.com/products/wholebean-1kg-customroast,https://cdn.shopify.com/s/files/1/0047/4795/2199/files/Home-Blend-Coffee-Roasters-Custom-Roast-1KG.jpg?v=1689632392,Coffee
Whole Bean - Custom Roast Arabica 'AAA' + Cherry 'AAA' - Pack of 250g,Home Blend,540.0,,,,Coorg,Washed,"Mysore Nuggets (80%) + Cherry AAA (20%) | Indian Specialty Coffee 
 
 The Best Blend For Great Crema And A Perfect Cappuccino With A Nice Caffeine Punch 
 The Coffee Has A Smooth Body With Mild Acidity, Balanced Flavour And Sizable Crema 
 Altitude: 1100-1500M 
 Processing: Washed 
 Location: Coorg &amp; Chikmagalur",https://homeblendcoffee.com/products/wholebean-customroast,https://cdn.shopify.com/s/files/1/0047/4795/2199/files/Home_Blend_Coffee_Roasters_-_Custom_Roast_250g_Medium_Roast.jpg?v=1754307270,Coffee
Whole Bean - Decaf - Boothangudi Estate Decaffeinated - Pack of 250g,Home Blend,875.0,,,"Milk Chocolate, Mild Acidity, Balanced Body: Medium",is located at an,for decaffeination of coffee,"Boothangudi Estate | Decaffeinated Coffee | High Altitude Arabica  
  An Experimental Coffee Producer in Chikmagalur, India. This estate is Classified as a ""Sacred Grove"" that has a special religious and cultural importance. 
 Boothangudi Estate is located at an altitude of 1000-1000 MASL and has a  Perennial water source in the estate feeding the plantation, and as drinking water for the farmers.   
   Boothangudi is named after Lord Boothappan.   A powerful deity in the estate who is meant to protect the estate from natural calamities and keeps the people safe.   Lord Boothappan also ensures timely rains, brings birds, animals and insects to play various roles in balanced flora and fauna.    ""Boothan"" meaning Lord boothappan &amp; ""Gudi"" meaning Temple.    Boothangudi is classified as ""Sacred Groves"" in india dating backing to over 2000 years old.   Every year, people from as far as 900+ kms travel to this place and offer gifts to god and pray for safety and prosperity.  
  This experimental plantation also processes it's high altitude arabicas with a  Honey process which is the most labor intensive, but worth an experiment! The natural stream, perennial water source is very essential for the estate apart from timely rains. It is used for pulping, washing and irrigation purposes. The coffee also undergoes hand garbling to remove twigs, leaves and unripe fruits before the pulping process. Just another highlight of the estate is the Areca Palms providing shades to these juicy arabica cherries year-round!   
   Natural CO2 Decaffeination :   
 
 
 
 
 
 
 
 
  Decaffeination is the act of removing caffeine from coffee beans leaving the aroma as it is. It   is carried out while the beans are still ‘green’, before they are roasted  . Drinking decaffeinated coffee is in theory, a way of enjoying the beverage while eliminating the caffeine and preserving the taste.   
 
 
 
 
  Consumer preference for natural, organic, and minimally processed foods is growing dramatically, as we all recognise that a healthy lifestyle includes not only good exercise and nutrition but also the elimination of chemicals and artificial ingredients in our food. We are using Super Critical Co2 fluid extraction process for decaffeination of coffee.  
 
 
 
 
  Benefits of this method:  
 
 
 
 
  ·     Extracts Caffeine effectively. It’s a direct contact method but does not use chemicals  .   ·     Doesn't chemically affect proteins or carbohydrates of the coffee beans.   ·     The byproducts are natural and 100% recyclable.   ·     100% organic process.  
  ·     Green process.     
 
 
 
 
 
 
 
 
 
 
 
 
 
 Grade: Screen 16+  
 Varietal: 100% Arabica,  SLN. 795 
 Tasting Notes: Milk Chocolate, Mild Acidity, Balanced 
 Body: Medium 
 Altitude: 1000-1100M 
 Processing: Natural CO2 Decaffeination 
 Location:    Boothangudi,  Chikmagalur",https://homeblendcoffee.com/products/boothangudi-decaffeinated-decaf-pack-of-250g,https://cdn.shopify.com/s/files/1/0047/4795/2199/files/Home_Blend_Coffee_Roasters_-_Decaf_Decaffeinated_Coffee_-_250g.jpg?v=1754308103,Coffee
Whole Bean - French Roast (Very Dark Roast) - 100% Arabica - Pack of 250g,Home Blend,540.0,,Dark Roast,"Cocoa, Oaky, Bitter Sweet, Strong Freshly",,,"French Roast (Very Dark Roast) 100% Arabica  
 
  Roast Level: French Roast or Very Dark (Well into 2nd Crack)  
  Pick Whole Bean or Preferred Grind Size  
  Tasting Notes: Cocoa, Oaky, Bitter Sweet, Strong  
  Freshly Roasted on Order  
  Suited For Bold Black Cups or Milk Based Brews",https://homeblendcoffee.com/products/frenchroast,https://cdn.shopify.com/s/files/1/0047/4795/2199/files/Home_Blend_Coffee_Roasters_-_French_Roast_-_250g.jpg?v=1754307794,Coffee
Whole Bean - French Roast 100% Arabica - Pack of 1 KG,Home Blend,1750.0,,French Roast,"Cocoa, Oaky, Bitter Sweet, Strong Freshly",,,"Roast Level: French Roast or Very Dark (Well into 2nd Crack)  
  Pick Whole Bean or Preferred Grind Size  
  Tasting Notes: Cocoa, Oaky, Bitter Sweet, Strong  
  Freshly Roasted on Order  
  Suited For Bold Black Cups or Milk Based Brews",https://homeblendcoffee.com/products/whole-bean-french-roast-1-kg,https://cdn.shopify.com/s/files/1/0047/4795/2199/files/FrenchRoast1KG-HomeBlendCoffeeRoasters.png?v=1722118802,Coffee
Whole Bean - Gemblary Estate - Pack of 250g,Home Blend,600.0,,,"Cocoa, Nutty, Dried-Fruit Body: Medium",Coffee Beans Welcome to Gemblary Estate,"ing methods further refine the beans, resulting in unique","Discover Gemblary Estate Coffee Beans  
 Welcome to Gemblary Estate, located at an impressive altitude of 1410 meters in the picturesque Shevaroy Hills of Tamil Nadu. The estate boasts rich humus soil and a unique climate, contributing to the exceptional flavours of Gemblary's specialty coffees. 
 Why Choose Gemblary Estate Coffee? 
  Specialised in Arabica Coffee  Gemblary Estate is dedicated to cultivating premium Arabica coffee beans. The commitment to quality is evident in every step of the process, from planting to harvest. 
  Natural Shade-Grown Coffee  The coffee plants thrive under the natural canopy of Jackfruit, Silver Oak, Mandarin oranges, and other native trees, ensuring a balanced ecosystem and enhancing the beans' flavour. 
  Hand-Picked and Expertly Processed  Meticulously hand-picked coffee cherries ensures only the finest beans make it to your cup. Standout processing methods further refine the beans, resulting in unique flavour profiles that delight coffee enthusiasts. 
  Commitment to Quality  Gemblary Estate prioritises the health of coffee plants, ensuring both quality and productivity of the beans. Experience the rich, enriching flavours that only expertly cultivated coffee can offer. 
 Discover the difference of Gemblary Estate coffee today. Taste the dedication and hard work in every sip. 
 
 Grade: Screen 16+  
 Varietal:  100% Arabica Sln. 795 
 
 Tasting Notes: Cocoa, Nutty, Dried-Fruit 
 Body: Medium 
 Altitude: 1400-1410M 
 Processing: Washed 
 Location: Shevaroy Hills, Tamil Nadu",https://homeblendcoffee.com/products/whole-bean-gemblary-estate,https://cdn.shopify.com/s/files/1/0047/4795/2199/files/Home_Blend_Coffee_Roasters_-_Gemblary_Estate_-_250g.jpg?v=1754308270,Coffee
Whole Bean - Italian Roast (Extra Dark Roast) 100% Arabica - Pack of 1 KG,Home Blend,1750.0,,Dark Roast,"Cocoa, Bitter, Rich, Smokey Freshly",,,"Italian Roast (Extra Dark Roast) 100% Arabica 
 
  Roast Level: Italian Roast or Extra Dark (Well Beyond 2nd Crack)  
  Tasting Notes: Cocoa, Bitter, Rich, Smokey  
  Freshly Roasted on Order  
  Suited For Extra Strong and Bold Black Cups or Milk Based Brews",https://homeblendcoffee.com/products/whole-bean-italian-roast-1-kg,https://cdn.shopify.com/s/files/1/0047/4795/2199/files/ItalianRoast-1Kg-HomeBlendCoffeeRoasters_7f2feb7b-76ba-4a5b-bb7b-720b58eb2289.png?v=1722119014,Coffee
Whole Bean - Italian Roast (Extra Dark Roast) 100% Arabica - Pack of 250g,Home Blend,540.0,,Dark Roast,"Cocoa, Bitter, Rich, Smokey Freshly",,,"Italian Roast (Extra Dark Roast) 100% Arabica 
 
  Roast Level: Italian Roast or Extra Dark (Well Beyond 2nd Crack)  
  Tasting Notes: Cocoa, Bitter, Rich, Smokey  
  Freshly Roasted on Order  
  Suited For Extra Strong and Bold Black Cups or Milk Based Brews",https://homeblendcoffee.com/products/italianroast,https://cdn.shopify.com/s/files/1/0047/4795/2199/files/Home_Blend_Coffee_Roasters_-_Italian_Roast_-_250g.jpg?v=1754308299,Coffee
Whole Bean - Mandheling Grade 1 Indonesian Specialty Arabica - Pack of 1 KG,Home Blend,7250.0,,,"Of Mandheling Are Similar To Indian Coffees, It Fits Right With The Indian Palate The Coffee Has Smooth",Sumatra,,"Mandheling Grade 1 Specialty Coffee Sumatra Indonesia 100% Arabica 
 
 
  Indonesia's Best Grade 1 Mandheling Is A Specialty Coffee From Indonesia. Mandheling Is Considered To Be One Of The Most Premium Grade Specialty Coffee Around The World  
  Since The Flavour Notes Of Mandheling Are Similar To Indian Coffees, It Fits Right With The Indian Palate  
  The Coffee Has Smooth, Heavy Body With Chocolate And Earthy Flavour Notes  
  Altitude: 4200-4500M | Processin: Giling Basah  
  Location: Sumatra",https://homeblendcoffee.com/products/wholebean-1kg-mandheling,https://cdn.shopify.com/s/files/1/0047/4795/2199/files/Mandheling-Grade-1-Home-Blend-Coffee-Roasters-1-KG.jpg?v=1690489647,Coffee
Whole Bean - Mandheling Grade 1 Indonesian Specialty Arabica - Pack of 250g,Home Blend,1850.0,,,"Of Mandheling Are Similar To Indian Coffees, It Fits Right With The Indian Palate The Coffee Has Smooth",Sumatra,,"Mandheling Triple Picked Indonesian Specialty Arabica Coffee Beans 250g 
 
  Indonesia's Best Grade 1 Mandheling Is A Specialty Coffee From Indonesia. Mandheling Is Considered To Be One Of The Most Premium Grade Specialty Coffee Around The World  
  Since The Flavour Notes Of Mandheling Are Similar To Indian Coffees, It Fits Right With The Indian Palate  
  The Coffee Has Smooth, Heavy Body With Chocolate And Earthy Flavour Notes  
  Altitude: 1500M - 1800M | Processing: Giling Basah  
  Location: Sumatra",https://homeblendcoffee.com/products/wholebean-mandheling,https://cdn.shopify.com/s/files/1/0047/4795/2199/files/Home_Blend_Coffee_Roasters_-_Indonesian_Mandheling_Grade_1_Triple_Picked_-_250g.jpg?v=1754307494,Coffee
Whole Bean - Monsooned Malabar 'AA' Indian Specialty Arabica - Pack of 1 KG,Home Blend,2250.0,,Medium Roast,Altitude: 1100-1200M |,Malabar Coast,Monsooned,"Monsooned Malabar AA 1 KG  
 
  An Indian Delicacy - Monsooned Malabar Is A Specialty Coffee Bean From India's Malabar Coast.  
  The Beans Are Processed With The Monsoon Rains, And Are Hence Swollen, Huge In Size, Yellow And Special As Only A Small Quantity Is Harvested Each Year  
  The Coffee Has A Medium - Heavy Body | Nutty, Balanced, Earthy Flavour Notes  
  Altitude: 1100-1200M | Processing: Monsooned  
  Location: Malabar Coast",https://homeblendcoffee.com/products/wholebean-1kg-monsoonedmalabar,https://cdn.shopify.com/s/files/1/0047/4795/2199/files/Monsooned-Malabar-AA-Home-Blend-Coffee-Roasters-1-KG-Bag.jpg?v=1690484202,Coffee
Whole Bean - Monsooned Malabar 'AA' Indian Specialty Arabica - Pack of 250g,Home Blend,700.0,,Medium Roast,Altitude: 1100-1200M |,Malabar Coast,Monsooned,"Monsooned Malabar AA  
 
  An Indian Delicacy - Monsooned Malabar Is A Specialty Coffee Bean From India's Malabar Coast.  
  The Beans Are Processed With The Monsoon Rains, And Are Hence Swollen, Huge In Size, Yellow And Special As Only A Small Quantity Is Harvested Each Year  
  The Coffee Has A Medium - Heavy Body | Nutty, Balanced, Earthy Flavour Notes  
  Altitude: 1100-1200M | Processing: Monsooned  
  Location: Malabar Coast",https://homeblendcoffee.com/products/wholebean-monsoonedmalabar,https://cdn.shopify.com/s/files/1/0047/4795/2199/files/Home_Blend_Coffee_Roasters_-_Monsooned_Malabar_-_250g.jpg?v=1754307465,Coffee
Whole Bean - Mysore Nuggets Extra Bold 'AAA' - Indian Specialty Arabica - Pack of 250g,Home Blend,650.0,,,"Mysore Nuggets Extra Bold Pure Delight - 100% Arabica with Fruity, Citrus And Cocoa Notes The Coffee Has A Smooth Body",Chikmangalur,Washed,"Mysore Nuggets Extra Bold 
 
  Pure Delight - 100% Arabica with Fruity, Citrus And Cocoa Notes  
  The Coffee Has A Smooth Body With Mild Acidity And A Perfectly Balanced Flavour  
  Altitude: 1000-1500M  
  Processing: Washed  
  Location: Chikmangalur",https://homeblendcoffee.com/products/mysore-nuggets,https://cdn.shopify.com/s/files/1/0047/4795/2199/files/Home_Blend_Coffee_Roasters_-_Mysore_Nuggets_Extra_Bold_250g_Medium_Roast.jpg?v=1754315344,Coffee
Whole Bean - Mysore Nuggets Extra Bold 'AAA' Indian Specialty Arabica - Pack of 1 KG,Home Blend,2100.0,,,Mysore Nuggets Extra Bold - Plantation AAA Arabica Pure Delight - 100% Arabica with Fruity,Chikmagalur,Washed,"Mysore Nuggets Extra Bold - Plantation AAA Arabica 
 
  Pure Delight - 100% Arabica with Fruity, Citrus And Cocoa Notes  
  The Coffee Has A Smooth Body With Mild Acidity And A Perfectly Balanced Flavour  
  Altitude: 1000-1500M  
  Processing: Washed  
  Location: Chikmagalur",https://homeblendcoffee.com/products/mysore-nuggets-1kg,https://cdn.shopify.com/s/files/1/0047/4795/2199/files/Mysore-Nuggets-Extra-Bold-1-KG-Home-Blend-Coffee-Roasters.jpg?v=1689785118,Coffee
Whole Bean - Unakki Estate - Pack of 250g,Home Blend,600.0,,Medium Roast,"Cane Sugar, Apricot, Honey Body: Medium",offers lush green forests,s and product quality,"Unakki Estate: Your Gateway to Exquisite Coffee from Chikmagalur 
 Discover Unakki Estate, nestled in the picturesque Joldal Palya of Chikmagalur district, Karnataka, India. Spanning nearly 100 acres, this estate offers lush green forests, stunning mountains, and serene surroundings. 
 Founded by Shri. Eregowda and Smt. Hovamma, Unakki Estate has a rich history rooted in hard work and dedication. The legacy continued under Shri. Suresh P E and Smt. YJ Sahara, and now thrives under their son, Shri Utsav Gowda, an advocate and entrepreneur. Named 'Unakki' to honor the local community's centuries-old reverence and the resilient coffee growers, the estate's name means 'den of snakes'. 
 Unakki Estate is renowned for its shade-grown Arabica coffee varieties, including the sought-after Chandragiri. The coffee plants flourish under the natural canopy of native trees. The estate also produces a variety of fruits such as orange, banana, jackfruit, avocado, pomegranate, and spices like pepper, adding a unique fruity and sweet essence to the coffee. 
 Unakki Estate is a proud part of the Unakki Collective, founded by Kathyayini Muddiah and Rakhee Vishwanath, supporting local farmers to enhance their processes and product quality. Enjoy the debut series and the latest medium washed coffee directly from Unakki Estate. 
 Experience the unique flavours of Unakki Estate coffee. Check out their latest medium washed coffee here 
 
 Grade: Screen 16+  
 Varietal:    Chandragiri 100% Arabica 
 
 Tasting Notes: Cane Sugar, Apricot, Honey 
 Body: Medium 
 Altitude: 1220-1370M 
 Processing: Naturals (Sun-Dried) 
 Location: Joldal Palya ,  Chikmagalur",https://homeblendcoffee.com/products/whole-bean-unakki-estate,https://cdn.shopify.com/s/files/1/0047/4795/2199/files/Home_Blend_Coffee_Roasters_-_Unakki_Estate_-_250g.jpg?v=1754308162,Coffee
Whole Bean - Vienna Roast (Dark Roast) 100% Arabica - Pack of 250g,Home Blend,540.0,,Dark Roast,"Vienna Roast (Dark Roast) 100% Arabica 100% Arabica with Oaky, Bitter And Cocoa Overtones The Coffee Has A Smooth Body",Chikmangalur,Washed,"Vienna Roast (Dark Roast) 100% Arabica 
 
  100% Arabica with Oaky, Bitter And Cocoa Overtones  
  The Coffee Has A Smooth Body With Mild to No Acidity And A Perfectly Balanced, Robust Flavour  
  Altitude: 1000-1500M  
  Processing: Washed  
  Location: Chikmangalur",https://homeblendcoffee.com/products/vienna-roast,https://cdn.shopify.com/s/files/1/0047/4795/2199/files/Home_Blend_Coffee_Roasters_-_Vienna_Roast_-_250g.jpg?v=1754307747,Coffee
Whole Bean - Vienna Roast 100% Arabica - Pack of 1 KG,Home Blend,1750.0,,Dark Roast,"Vienna Roast (Dark Roast) 100% Arabica 100% Arabica with Oaky, Bitter And Cocoa Overtones The Coffee Has A Smooth Body",Chikmagalur,Washed,"Vienna Roast (Dark Roast) 100% Arabica 
 
  100% Arabica with Oaky, Bitter And Cocoa Overtones  
  The Coffee Has A Smooth Body With Mild to No Acidity And A Perfectly Balanced, Robust Flavour  
  Altitude: 1000-1500M  
  Processing: Washed  
  Location: Chikmagalur",https://homeblendcoffee.com/products/whole-bean-vienna-roast-1-kg,https://cdn.shopify.com/s/files/1/0047/4795/2199/files/1KG-ViennaRoastHomeBlendCoffeeRoasters.png?v=1722118544,Coffee
