Name,Roaster,Price,Quantity,Roast_Level,Tasting_Notes,Origin,Process,Desc,URL,Image_URL,Category
"Coorg, Naturals (100% Liberica)",Humble Bean,800.0,,Medium Roast,"Plum,Raisin, Cedar",Coorg,Naturals,"Why You'll Love This Coffee Exotic and Lush: Ripe plum and red-fruit sweetness meet mild woody tones and nutty undertones—culminating in a bold, full-bodied cup with mellow acidity and a syrupy, chewy texture. Crafted for Manual Brewing: Choose any manual brewing style—pour over, French press, AeroPress, Siphon, or Chemex—and it will work wonderfully. Each coffee’s distinct flavor profile is brought to life, delivering a rich and aromatic cup that highlights its unique complexity. Freshly Roasted for You: Roasted in small batches and shipped within 1–2 business days to ensure the freshest flavor possible. Quick Details Tasting Notes: Plum,Raisin, Cedar, Roasted nut. Best For: Pour Over, French Press, AeroPress, Chemex, Siphon. Origin : Coorg, Karnataka Net Weight: 250gm Altitude: 900 Meters Above sea level Process: Naturals Varietal: Liberica Roast Level : Medium What Makes This Limited Edition Unique? Single-Origin Excellence: These limited edition coffees are single-origin, crafted from unique regions, specific processes, and carefully selected farms. Each one offers a distinct flavor profile that reflects its origin and craftsmanship. Commitment to Freshness: We roast to order, ensuring your bag lands fresh, aromatic, and full of flavor. Sustainability Matters: Sourced directly, supporting regenerative farming and environmental stewardship.",https://humblebean.com/products/coorg-naturals-100-liberica-1,https://cdn.shopify.com/s/files/1/0699/2841/9608/files/8.png?v=1760517735,Coffee
"Coorg, Naturals (100% Liberica)",Humble Bean,800.0,Channi,Medium Roast,"Plum,Raisin, Cedar",Coorg,Naturals,"Why You'll Love This Coffee Exotic and Lush: Ripe plum and red-fruit sweetness meet mild woody tones and nutty undertones—culminating in a bold, full-bodied cup with mellow acidity and a syrupy, chewy texture. Crafted for Manual Brewing: Choose any manual brewing style—pour over, French press, AeroPress, Siphon, or Chemex—and it will work wonderfully. Each coffee’s distinct flavor profile is brought to life, delivering a rich and aromatic cup that highlights its unique complexity. Freshly Roasted for You: Roasted in small batches and shipped within 1–2 business days to ensure the freshest flavor possible. Quick Details Tasting Notes: Plum,Raisin, Cedar, Roasted nut. Best For: Pour Over, French Press, AeroPress, Chemex, Siphon. Origin : Coorg, Karnataka Net Weight: 250gm Altitude: 900 Meters Above sea level Process: Naturals Varietal: Liberica Roast Level : Medium What Makes This Limited Edition Unique? Single-Origin Excellence: These limited edition coffees are single-origin, crafted from unique regions, specific processes, and carefully selected farms. Each one offers a distinct flavor profile that reflects its origin and craftsmanship. Commitment to Freshness: We roast to order, ensuring your bag lands fresh, aromatic, and full of flavor. Sustainability Matters: Sourced directly, supporting regenerative farming and environmental stewardship.",https://humblebean.com/products/coorg-naturals-100-liberica-1,https://cdn.shopify.com/s/files/1/0699/2841/9608/files/8.png?v=1760517735,Coffee
"Coorg, Naturals (100% Liberica)",Humble Bean,800.0,,Medium Roast,"Plum,Raisin, Cedar",Coorg,Naturals,"Why You'll Love This Coffee Exotic and Lush: Ripe plum and red-fruit sweetness meet mild woody tones and nutty undertones—culminating in a bold, full-bodied cup with mellow acidity and a syrupy, chewy texture. Crafted for Manual Brewing: Choose any manual brewing style—pour over, French press, AeroPress, Siphon, or Chemex—and it will work wonderfully. Each coffee’s distinct flavor profile is brought to life, delivering a rich and aromatic cup that highlights its unique complexity. Freshly Roasted for You: Roasted in small batches and shipped within 1–2 business days to ensure the freshest flavor possible. Quick Details Tasting Notes: Plum,Raisin, Cedar, Roasted nut. Best For: Pour Over, French Press, AeroPress, Chemex, Siphon. Origin : Coorg, Karnataka Net Weight: 250gm Altitude: 900 Meters Above sea level Process: Naturals Varietal: Liberica Roast Level : Medium What Makes This Limited Edition Unique? Single-Origin Excellence: These limited edition coffees are single-origin, crafted from unique regions, specific processes, and carefully selected farms. Each one offers a distinct flavor profile that reflects its origin and craftsmanship. Commitment to Freshness: We roast to order, ensuring your bag lands fresh, aromatic, and full of flavor. Sustainability Matters: Sourced directly, supporting regenerative farming and environmental stewardship.",https://humblebean.com/products/coorg-naturals-100-liberica-1,https://cdn.shopify.com/s/files/1/0699/2841/9608/files/8.png?v=1760517735,Coffee
"Coorg, Naturals (100% Liberica)",Humble Bean,800.0,,Medium Roast,"Plum,Raisin, Cedar",Coorg,Naturals,"Why You'll Love This Coffee Exotic and Lush: Ripe plum and red-fruit sweetness meet mild woody tones and nutty undertones—culminating in a bold, full-bodied cup with mellow acidity and a syrupy, chewy texture. Crafted for Manual Brewing: Choose any manual brewing style—pour over, French press, AeroPress, Siphon, or Chemex—and it will work wonderfully. Each coffee’s distinct flavor profile is brought to life, delivering a rich and aromatic cup that highlights its unique complexity. Freshly Roasted for You: Roasted in small batches and shipped within 1–2 business days to ensure the freshest flavor possible. Quick Details Tasting Notes: Plum,Raisin, Cedar, Roasted nut. Best For: Pour Over, French Press, AeroPress, Chemex, Siphon. Origin : Coorg, Karnataka Net Weight: 250gm Altitude: 900 Meters Above sea level Process: Naturals Varietal: Liberica Roast Level : Medium What Makes This Limited Edition Unique? Single-Origin Excellence: These limited edition coffees are single-origin, crafted from unique regions, specific processes, and carefully selected farms. Each one offers a distinct flavor profile that reflects its origin and craftsmanship. Commitment to Freshness: We roast to order, ensuring your bag lands fresh, aromatic, and full of flavor. Sustainability Matters: Sourced directly, supporting regenerative farming and environmental stewardship.",https://humblebean.com/products/coorg-naturals-100-liberica-1,https://cdn.shopify.com/s/files/1/0699/2841/9608/files/8.png?v=1760517735,Coffee
"Coorg, Naturals (100% Liberica)",Humble Bean,800.0,Aero Press,Medium Roast,"Plum,Raisin, Cedar",Coorg,Naturals,"Why You'll Love This Coffee Exotic and Lush: Ripe plum and red-fruit sweetness meet mild woody tones and nutty undertones—culminating in a bold, full-bodied cup with mellow acidity and a syrupy, chewy texture. Crafted for Manual Brewing: Choose any manual brewing style—pour over, French press, AeroPress, Siphon, or Chemex—and it will work wonderfully. Each coffee’s distinct flavor profile is brought to life, delivering a rich and aromatic cup that highlights its unique complexity. Freshly Roasted for You: Roasted in small batches and shipped within 1–2 business days to ensure the freshest flavor possible. Quick Details Tasting Notes: Plum,Raisin, Cedar, Roasted nut. Best For: Pour Over, French Press, AeroPress, Chemex, Siphon. Origin : Coorg, Karnataka Net Weight: 250gm Altitude: 900 Meters Above sea level Process: Naturals Varietal: Liberica Roast Level : Medium What Makes This Limited Edition Unique? Single-Origin Excellence: These limited edition coffees are single-origin, crafted from unique regions, specific processes, and carefully selected farms. Each one offers a distinct flavor profile that reflects its origin and craftsmanship. Commitment to Freshness: We roast to order, ensuring your bag lands fresh, aromatic, and full of flavor. Sustainability Matters: Sourced directly, supporting regenerative farming and environmental stewardship.",https://humblebean.com/products/coorg-naturals-100-liberica-1,https://cdn.shopify.com/s/files/1/0699/2841/9608/files/8.png?v=1760517735,Coffee
"Coorg, Naturals (100% Liberica)",Humble Bean,800.0,,Medium Roast,"Plum,Raisin, Cedar",Coorg,Naturals,"Why You'll Love This Coffee Exotic and Lush: Ripe plum and red-fruit sweetness meet mild woody tones and nutty undertones—culminating in a bold, full-bodied cup with mellow acidity and a syrupy, chewy texture. Crafted for Manual Brewing: Choose any manual brewing style—pour over, French press, AeroPress, Siphon, or Chemex—and it will work wonderfully. Each coffee’s distinct flavor profile is brought to life, delivering a rich and aromatic cup that highlights its unique complexity. Freshly Roasted for You: Roasted in small batches and shipped within 1–2 business days to ensure the freshest flavor possible. Quick Details Tasting Notes: Plum,Raisin, Cedar, Roasted nut. Best For: Pour Over, French Press, AeroPress, Chemex, Siphon. Origin : Coorg, Karnataka Net Weight: 250gm Altitude: 900 Meters Above sea level Process: Naturals Varietal: Liberica Roast Level : Medium What Makes This Limited Edition Unique? Single-Origin Excellence: These limited edition coffees are single-origin, crafted from unique regions, specific processes, and carefully selected farms. Each one offers a distinct flavor profile that reflects its origin and craftsmanship. Commitment to Freshness: We roast to order, ensuring your bag lands fresh, aromatic, and full of flavor. Sustainability Matters: Sourced directly, supporting regenerative farming and environmental stewardship.",https://humblebean.com/products/coorg-naturals-100-liberica-1,https://cdn.shopify.com/s/files/1/0699/2841/9608/files/8.png?v=1760517735,Coffee
"Coorg, Naturals (100% Liberica)",Humble Bean,800.0,,Medium Roast,"Plum,Raisin, Cedar",Coorg,Naturals,"Why You'll Love This Coffee Exotic and Lush: Ripe plum and red-fruit sweetness meet mild woody tones and nutty undertones—culminating in a bold, full-bodied cup with mellow acidity and a syrupy, chewy texture. Crafted for Manual Brewing: Choose any manual brewing style—pour over, French press, AeroPress, Siphon, or Chemex—and it will work wonderfully. Each coffee’s distinct flavor profile is brought to life, delivering a rich and aromatic cup that highlights its unique complexity. Freshly Roasted for You: Roasted in small batches and shipped within 1–2 business days to ensure the freshest flavor possible. Quick Details Tasting Notes: Plum,Raisin, Cedar, Roasted nut. Best For: Pour Over, French Press, AeroPress, Chemex, Siphon. Origin : Coorg, Karnataka Net Weight: 250gm Altitude: 900 Meters Above sea level Process: Naturals Varietal: Liberica Roast Level : Medium What Makes This Limited Edition Unique? Single-Origin Excellence: These limited edition coffees are single-origin, crafted from unique regions, specific processes, and carefully selected farms. Each one offers a distinct flavor profile that reflects its origin and craftsmanship. Commitment to Freshness: We roast to order, ensuring your bag lands fresh, aromatic, and full of flavor. Sustainability Matters: Sourced directly, supporting regenerative farming and environmental stewardship.",https://humblebean.com/products/coorg-naturals-100-liberica-1,https://cdn.shopify.com/s/files/1/0699/2841/9608/files/8.png?v=1760517735,Coffee
"Coorg, Naturals (100% Arabica)",Humble Bean,800.0,,Medium Roast,"Ripe strawberry, cherry, tropical fruits, hazelnut, cocoa, warm spice Best For",Coorg,Naturals,"Why You'll Love This Coffee Rich, Naturally Sweet: Sun-dried in its fruit to unlock vibrant notes of ripe strawberry, cherry, and tropical fruit, this coffee is perfectly balanced with hazelnut, cocoa, and warm spice. The syrupy texture and naturally sweet profile make it an exceptional brew. Crafted for Manual Brewing: Choose any manual brewing style—pour over, French press, AeroPress, Siphon, or Chemex—and it will work wonderfully. Each coffee’s distinct flavor profile is brought to life, delivering a rich and aromatic cup that highlights its unique complexity. Freshly Roasted for You: Roasted in small batches and shipped within 1–2 business days to ensure the freshest flavor possible. Quick Details Tasting Notes: Ripe strawberry, cherry, tropical fruits, hazelnut, cocoa, warm spice Best For: Pour Over, French Press, AeroPress, Chemex, Siphon Origin: Coorg, Karnataka Net Weight: 250g Altitude: 900 Meters above sea level Process: Naturals Varietal: SLN-795 Roast Level: Medium What Makes This Limited Edition Unique? Single-Origin Excellence: These limited edition coffees are single-origin, crafted from unique regions, specific processes, and carefully selected farms. Each one offers a distinct flavor profile that reflects its origin and craftsmanship. Commitment to Freshness: We roast to order, ensuring your bag lands fresh, aromatic, and full of flavor. Sustainability Matters: Sourced directly, supporting regenerative farming and environmental stewardship. Estate Information - Ponnathmotte Estate A 20 km drive from the scenic Madikeri town of the Coorg district in Karnataka leads you to the sprawling Ponnathmotte Estate, where the rich aroma of coffee beans engulfs you. The word ‘Ponnathmotte’ means ‘Golden Hills’ in the local language. The estate was started over 80 years ago and is now looked after by the owners’ third generation. The region is blessed with adequate rainfall, rich soil, and an ideal climate suited to growing coffee. Thanks to its elevation of 3,6",https://humblebean.com/products/coorg-naturals-100-arabica-1,https://cdn.shopify.com/s/files/1/0699/2841/9608/files/2.png?v=1759828242,Coffee
"Coorg, Naturals (100% Arabica)",Humble Bean,800.0,Channi,Medium Roast,"Ripe strawberry, cherry, tropical fruits, hazelnut, cocoa, warm spice Best For",Coorg,Naturals,"Why You'll Love This Coffee Rich, Naturally Sweet: Sun-dried in its fruit to unlock vibrant notes of ripe strawberry, cherry, and tropical fruit, this coffee is perfectly balanced with hazelnut, cocoa, and warm spice. The syrupy texture and naturally sweet profile make it an exceptional brew. Crafted for Manual Brewing: Choose any manual brewing style—pour over, French press, AeroPress, Siphon, or Chemex—and it will work wonderfully. Each coffee’s distinct flavor profile is brought to life, delivering a rich and aromatic cup that highlights its unique complexity. Freshly Roasted for You: Roasted in small batches and shipped within 1–2 business days to ensure the freshest flavor possible. Quick Details Tasting Notes: Ripe strawberry, cherry, tropical fruits, hazelnut, cocoa, warm spice Best For: Pour Over, French Press, AeroPress, Chemex, Siphon Origin: Coorg, Karnataka Net Weight: 250g Altitude: 900 Meters above sea level Process: Naturals Varietal: SLN-795 Roast Level: Medium What Makes This Limited Edition Unique? Single-Origin Excellence: These limited edition coffees are single-origin, crafted from unique regions, specific processes, and carefully selected farms. Each one offers a distinct flavor profile that reflects its origin and craftsmanship. Commitment to Freshness: We roast to order, ensuring your bag lands fresh, aromatic, and full of flavor. Sustainability Matters: Sourced directly, supporting regenerative farming and environmental stewardship. Estate Information - Ponnathmotte Estate A 20 km drive from the scenic Madikeri town of the Coorg district in Karnataka leads you to the sprawling Ponnathmotte Estate, where the rich aroma of coffee beans engulfs you. The word ‘Ponnathmotte’ means ‘Golden Hills’ in the local language. The estate was started over 80 years ago and is now looked after by the owners’ third generation. The region is blessed with adequate rainfall, rich soil, and an ideal climate suited to growing coffee. Thanks to its elevation of 3,6",https://humblebean.com/products/coorg-naturals-100-arabica-1,https://cdn.shopify.com/s/files/1/0699/2841/9608/files/2.png?v=1759828242,Coffee
"Coorg, Naturals (100% Arabica)",Humble Bean,800.0,,Medium Roast,"Ripe strawberry, cherry, tropical fruits, hazelnut, cocoa, warm spice Best For",Coorg,Naturals,"Why You'll Love This Coffee Rich, Naturally Sweet: Sun-dried in its fruit to unlock vibrant notes of ripe strawberry, cherry, and tropical fruit, this coffee is perfectly balanced with hazelnut, cocoa, and warm spice. The syrupy texture and naturally sweet profile make it an exceptional brew. Crafted for Manual Brewing: Choose any manual brewing style—pour over, French press, AeroPress, Siphon, or Chemex—and it will work wonderfully. Each coffee’s distinct flavor profile is brought to life, delivering a rich and aromatic cup that highlights its unique complexity. Freshly Roasted for You: Roasted in small batches and shipped within 1–2 business days to ensure the freshest flavor possible. Quick Details Tasting Notes: Ripe strawberry, cherry, tropical fruits, hazelnut, cocoa, warm spice Best For: Pour Over, French Press, AeroPress, Chemex, Siphon Origin: Coorg, Karnataka Net Weight: 250g Altitude: 900 Meters above sea level Process: Naturals Varietal: SLN-795 Roast Level: Medium What Makes This Limited Edition Unique? Single-Origin Excellence: These limited edition coffees are single-origin, crafted from unique regions, specific processes, and carefully selected farms. Each one offers a distinct flavor profile that reflects its origin and craftsmanship. Commitment to Freshness: We roast to order, ensuring your bag lands fresh, aromatic, and full of flavor. Sustainability Matters: Sourced directly, supporting regenerative farming and environmental stewardship. Estate Information - Ponnathmotte Estate A 20 km drive from the scenic Madikeri town of the Coorg district in Karnataka leads you to the sprawling Ponnathmotte Estate, where the rich aroma of coffee beans engulfs you. The word ‘Ponnathmotte’ means ‘Golden Hills’ in the local language. The estate was started over 80 years ago and is now looked after by the owners’ third generation. The region is blessed with adequate rainfall, rich soil, and an ideal climate suited to growing coffee. Thanks to its elevation of 3,6",https://humblebean.com/products/coorg-naturals-100-arabica-1,https://cdn.shopify.com/s/files/1/0699/2841/9608/files/2.png?v=1759828242,Coffee
"Coorg, Naturals (100% Arabica)",Humble Bean,800.0,,Medium Roast,"Ripe strawberry, cherry, tropical fruits, hazelnut, cocoa, warm spice Best For",Coorg,Naturals,"Why You'll Love This Coffee Rich, Naturally Sweet: Sun-dried in its fruit to unlock vibrant notes of ripe strawberry, cherry, and tropical fruit, this coffee is perfectly balanced with hazelnut, cocoa, and warm spice. The syrupy texture and naturally sweet profile make it an exceptional brew. Crafted for Manual Brewing: Choose any manual brewing style—pour over, French press, AeroPress, Siphon, or Chemex—and it will work wonderfully. Each coffee’s distinct flavor profile is brought to life, delivering a rich and aromatic cup that highlights its unique complexity. Freshly Roasted for You: Roasted in small batches and shipped within 1–2 business days to ensure the freshest flavor possible. Quick Details Tasting Notes: Ripe strawberry, cherry, tropical fruits, hazelnut, cocoa, warm spice Best For: Pour Over, French Press, AeroPress, Chemex, Siphon Origin: Coorg, Karnataka Net Weight: 250g Altitude: 900 Meters above sea level Process: Naturals Varietal: SLN-795 Roast Level: Medium What Makes This Limited Edition Unique? Single-Origin Excellence: These limited edition coffees are single-origin, crafted from unique regions, specific processes, and carefully selected farms. Each one offers a distinct flavor profile that reflects its origin and craftsmanship. Commitment to Freshness: We roast to order, ensuring your bag lands fresh, aromatic, and full of flavor. Sustainability Matters: Sourced directly, supporting regenerative farming and environmental stewardship. Estate Information - Ponnathmotte Estate A 20 km drive from the scenic Madikeri town of the Coorg district in Karnataka leads you to the sprawling Ponnathmotte Estate, where the rich aroma of coffee beans engulfs you. The word ‘Ponnathmotte’ means ‘Golden Hills’ in the local language. The estate was started over 80 years ago and is now looked after by the owners’ third generation. The region is blessed with adequate rainfall, rich soil, and an ideal climate suited to growing coffee. Thanks to its elevation of 3,6",https://humblebean.com/products/coorg-naturals-100-arabica-1,https://cdn.shopify.com/s/files/1/0699/2841/9608/files/2.png?v=1759828242,Coffee
"Coorg, Naturals (100% Arabica)",Humble Bean,800.0,Aero Press,Medium Roast,"Ripe strawberry, cherry, tropical fruits, hazelnut, cocoa, warm spice Best For",Coorg,Naturals,"Why You'll Love This Coffee Rich, Naturally Sweet: Sun-dried in its fruit to unlock vibrant notes of ripe strawberry, cherry, and tropical fruit, this coffee is perfectly balanced with hazelnut, cocoa, and warm spice. The syrupy texture and naturally sweet profile make it an exceptional brew. Crafted for Manual Brewing: Choose any manual brewing style—pour over, French press, AeroPress, Siphon, or Chemex—and it will work wonderfully. Each coffee’s distinct flavor profile is brought to life, delivering a rich and aromatic cup that highlights its unique complexity. Freshly Roasted for You: Roasted in small batches and shipped within 1–2 business days to ensure the freshest flavor possible. Quick Details Tasting Notes: Ripe strawberry, cherry, tropical fruits, hazelnut, cocoa, warm spice Best For: Pour Over, French Press, AeroPress, Chemex, Siphon Origin: Coorg, Karnataka Net Weight: 250g Altitude: 900 Meters above sea level Process: Naturals Varietal: SLN-795 Roast Level: Medium What Makes This Limited Edition Unique? Single-Origin Excellence: These limited edition coffees are single-origin, crafted from unique regions, specific processes, and carefully selected farms. Each one offers a distinct flavor profile that reflects its origin and craftsmanship. Commitment to Freshness: We roast to order, ensuring your bag lands fresh, aromatic, and full of flavor. Sustainability Matters: Sourced directly, supporting regenerative farming and environmental stewardship. Estate Information - Ponnathmotte Estate A 20 km drive from the scenic Madikeri town of the Coorg district in Karnataka leads you to the sprawling Ponnathmotte Estate, where the rich aroma of coffee beans engulfs you. The word ‘Ponnathmotte’ means ‘Golden Hills’ in the local language. The estate was started over 80 years ago and is now looked after by the owners’ third generation. The region is blessed with adequate rainfall, rich soil, and an ideal climate suited to growing coffee. Thanks to its elevation of 3,6",https://humblebean.com/products/coorg-naturals-100-arabica-1,https://cdn.shopify.com/s/files/1/0699/2841/9608/files/2.png?v=1759828242,Coffee
"Coorg, Naturals (100% Arabica)",Humble Bean,800.0,,Medium Roast,"Ripe strawberry, cherry, tropical fruits, hazelnut, cocoa, warm spice Best For",Coorg,Naturals,"Why You'll Love This Coffee Rich, Naturally Sweet: Sun-dried in its fruit to unlock vibrant notes of ripe strawberry, cherry, and tropical fruit, this coffee is perfectly balanced with hazelnut, cocoa, and warm spice. The syrupy texture and naturally sweet profile make it an exceptional brew. Crafted for Manual Brewing: Choose any manual brewing style—pour over, French press, AeroPress, Siphon, or Chemex—and it will work wonderfully. Each coffee’s distinct flavor profile is brought to life, delivering a rich and aromatic cup that highlights its unique complexity. Freshly Roasted for You: Roasted in small batches and shipped within 1–2 business days to ensure the freshest flavor possible. Quick Details Tasting Notes: Ripe strawberry, cherry, tropical fruits, hazelnut, cocoa, warm spice Best For: Pour Over, French Press, AeroPress, Chemex, Siphon Origin: Coorg, Karnataka Net Weight: 250g Altitude: 900 Meters above sea level Process: Naturals Varietal: SLN-795 Roast Level: Medium What Makes This Limited Edition Unique? Single-Origin Excellence: These limited edition coffees are single-origin, crafted from unique regions, specific processes, and carefully selected farms. Each one offers a distinct flavor profile that reflects its origin and craftsmanship. Commitment to Freshness: We roast to order, ensuring your bag lands fresh, aromatic, and full of flavor. Sustainability Matters: Sourced directly, supporting regenerative farming and environmental stewardship. Estate Information - Ponnathmotte Estate A 20 km drive from the scenic Madikeri town of the Coorg district in Karnataka leads you to the sprawling Ponnathmotte Estate, where the rich aroma of coffee beans engulfs you. The word ‘Ponnathmotte’ means ‘Golden Hills’ in the local language. The estate was started over 80 years ago and is now looked after by the owners’ third generation. The region is blessed with adequate rainfall, rich soil, and an ideal climate suited to growing coffee. Thanks to its elevation of 3,6",https://humblebean.com/products/coorg-naturals-100-arabica-1,https://cdn.shopify.com/s/files/1/0699/2841/9608/files/2.png?v=1759828242,Coffee
"Coorg, Naturals (100% Arabica)",Humble Bean,800.0,,Medium Roast,"Ripe strawberry, cherry, tropical fruits, hazelnut, cocoa, warm spice Best For",Coorg,Naturals,"Why You'll Love This Coffee Rich, Naturally Sweet: Sun-dried in its fruit to unlock vibrant notes of ripe strawberry, cherry, and tropical fruit, this coffee is perfectly balanced with hazelnut, cocoa, and warm spice. The syrupy texture and naturally sweet profile make it an exceptional brew. Crafted for Manual Brewing: Choose any manual brewing style—pour over, French press, AeroPress, Siphon, or Chemex—and it will work wonderfully. Each coffee’s distinct flavor profile is brought to life, delivering a rich and aromatic cup that highlights its unique complexity. Freshly Roasted for You: Roasted in small batches and shipped within 1–2 business days to ensure the freshest flavor possible. Quick Details Tasting Notes: Ripe strawberry, cherry, tropical fruits, hazelnut, cocoa, warm spice Best For: Pour Over, French Press, AeroPress, Chemex, Siphon Origin: Coorg, Karnataka Net Weight: 250g Altitude: 900 Meters above sea level Process: Naturals Varietal: SLN-795 Roast Level: Medium What Makes This Limited Edition Unique? Single-Origin Excellence: These limited edition coffees are single-origin, crafted from unique regions, specific processes, and carefully selected farms. Each one offers a distinct flavor profile that reflects its origin and craftsmanship. Commitment to Freshness: We roast to order, ensuring your bag lands fresh, aromatic, and full of flavor. Sustainability Matters: Sourced directly, supporting regenerative farming and environmental stewardship. Estate Information - Ponnathmotte Estate A 20 km drive from the scenic Madikeri town of the Coorg district in Karnataka leads you to the sprawling Ponnathmotte Estate, where the rich aroma of coffee beans engulfs you. The word ‘Ponnathmotte’ means ‘Golden Hills’ in the local language. The estate was started over 80 years ago and is now looked after by the owners’ third generation. The region is blessed with adequate rainfall, rich soil, and an ideal climate suited to growing coffee. Thanks to its elevation of 3,6",https://humblebean.com/products/coorg-naturals-100-arabica-1,https://cdn.shopify.com/s/files/1/0699/2841/9608/files/2.png?v=1759828242,Coffee
"Coorg, Naturals (100% Robusta)",Humble Bean,800.0,,Medium Roast,"Dried fruit sweetness, molasses",Coorg,Naturals,"Why You'll Love This Coffee Full-Bodied and Creamy: This coffee offers a creamy, full-bodied cup with dark dried fruit sweetness, layered with notes of molasses, roasted nut, and bittersweet cocoa. Its gentle spice and woody undertones linger in a smooth, yet satisfying finish. Crafted for Manual Brewing: Choose any manual brewing style—pour over, French press, AeroPress, Siphon, or Chemex—and it will work wonderfully. Each coffee’s distinct flavor profile is brought to life, delivering a rich and aromatic cup that highlights its unique complexity. Freshly Roasted for You: Roasted in small batches and shipped within 1–2 business days to ensure the freshest flavor possible. Quick Details Tasting Notes: Dried fruit sweetness, molasses, roasted nut, bittersweet cocoa, spice, woody undertones. Best For: Pour Over, French Press, AeroPress, Chemex, Siphon Origin: Coorg, Karnataka Net Weight: 250g Altitude: 1250 Meters above sea level Process: Naturals Varietal: Old Peredinya Roast Level: Medium What Makes This Limited Edition Unique? Single-Origin Excellence: These limited edition coffees are single-origin, crafted from unique regions, specific processes, and carefully selected farms. Each one offers a distinct flavor profile that reflects its origin and craftsmanship. Commitment to Freshness: We roast to order, ensuring your bag lands fresh, aromatic, and full of flavor. Sustainability Matters: Sourced directly, supporting regenerative farming and environmental stewardship. Region Information (As planter hasn't given information) Coorg (Kodagu), in the heart of Karnataka, is famed as the coffee capital of India. Its lush hills grow some of the finest Arabica and Robusta beans under natural shade.The cool climate and rich soil create the perfect conditions for flavorful coffee Spices like pepper and cardamom grow alongside, adding a distinct aroma to the beans.",https://humblebean.com/products/coorg-papaya-fermented-naturals-100-arabica,https://cdn.shopify.com/s/files/1/0699/2841/9608/files/1.png?v=1759828295,Coffee
"Coorg, Naturals (100% Robusta)",Humble Bean,800.0,Channi,Medium Roast,"Dried fruit sweetness, molasses",Coorg,Naturals,"Why You'll Love This Coffee Full-Bodied and Creamy: This coffee offers a creamy, full-bodied cup with dark dried fruit sweetness, layered with notes of molasses, roasted nut, and bittersweet cocoa. Its gentle spice and woody undertones linger in a smooth, yet satisfying finish. Crafted for Manual Brewing: Choose any manual brewing style—pour over, French press, AeroPress, Siphon, or Chemex—and it will work wonderfully. Each coffee’s distinct flavor profile is brought to life, delivering a rich and aromatic cup that highlights its unique complexity. Freshly Roasted for You: Roasted in small batches and shipped within 1–2 business days to ensure the freshest flavor possible. Quick Details Tasting Notes: Dried fruit sweetness, molasses, roasted nut, bittersweet cocoa, spice, woody undertones. Best For: Pour Over, French Press, AeroPress, Chemex, Siphon Origin: Coorg, Karnataka Net Weight: 250g Altitude: 1250 Meters above sea level Process: Naturals Varietal: Old Peredinya Roast Level: Medium What Makes This Limited Edition Unique? Single-Origin Excellence: These limited edition coffees are single-origin, crafted from unique regions, specific processes, and carefully selected farms. Each one offers a distinct flavor profile that reflects its origin and craftsmanship. Commitment to Freshness: We roast to order, ensuring your bag lands fresh, aromatic, and full of flavor. Sustainability Matters: Sourced directly, supporting regenerative farming and environmental stewardship. Region Information (As planter hasn't given information) Coorg (Kodagu), in the heart of Karnataka, is famed as the coffee capital of India. Its lush hills grow some of the finest Arabica and Robusta beans under natural shade.The cool climate and rich soil create the perfect conditions for flavorful coffee Spices like pepper and cardamom grow alongside, adding a distinct aroma to the beans.",https://humblebean.com/products/coorg-papaya-fermented-naturals-100-arabica,https://cdn.shopify.com/s/files/1/0699/2841/9608/files/1.png?v=1759828295,Coffee
"Coorg, Naturals (100% Robusta)",Humble Bean,800.0,,Medium Roast,"Dried fruit sweetness, molasses",Coorg,Naturals,"Why You'll Love This Coffee Full-Bodied and Creamy: This coffee offers a creamy, full-bodied cup with dark dried fruit sweetness, layered with notes of molasses, roasted nut, and bittersweet cocoa. Its gentle spice and woody undertones linger in a smooth, yet satisfying finish. Crafted for Manual Brewing: Choose any manual brewing style—pour over, French press, AeroPress, Siphon, or Chemex—and it will work wonderfully. Each coffee’s distinct flavor profile is brought to life, delivering a rich and aromatic cup that highlights its unique complexity. Freshly Roasted for You: Roasted in small batches and shipped within 1–2 business days to ensure the freshest flavor possible. Quick Details Tasting Notes: Dried fruit sweetness, molasses, roasted nut, bittersweet cocoa, spice, woody undertones. Best For: Pour Over, French Press, AeroPress, Chemex, Siphon Origin: Coorg, Karnataka Net Weight: 250g Altitude: 1250 Meters above sea level Process: Naturals Varietal: Old Peredinya Roast Level: Medium What Makes This Limited Edition Unique? Single-Origin Excellence: These limited edition coffees are single-origin, crafted from unique regions, specific processes, and carefully selected farms. Each one offers a distinct flavor profile that reflects its origin and craftsmanship. Commitment to Freshness: We roast to order, ensuring your bag lands fresh, aromatic, and full of flavor. Sustainability Matters: Sourced directly, supporting regenerative farming and environmental stewardship. Region Information (As planter hasn't given information) Coorg (Kodagu), in the heart of Karnataka, is famed as the coffee capital of India. Its lush hills grow some of the finest Arabica and Robusta beans under natural shade.The cool climate and rich soil create the perfect conditions for flavorful coffee Spices like pepper and cardamom grow alongside, adding a distinct aroma to the beans.",https://humblebean.com/products/coorg-papaya-fermented-naturals-100-arabica,https://cdn.shopify.com/s/files/1/0699/2841/9608/files/1.png?v=1759828295,Coffee
"Coorg, Naturals (100% Robusta)",Humble Bean,800.0,,Medium Roast,"Dried fruit sweetness, molasses",Coorg,Naturals,"Why You'll Love This Coffee Full-Bodied and Creamy: This coffee offers a creamy, full-bodied cup with dark dried fruit sweetness, layered with notes of molasses, roasted nut, and bittersweet cocoa. Its gentle spice and woody undertones linger in a smooth, yet satisfying finish. Crafted for Manual Brewing: Choose any manual brewing style—pour over, French press, AeroPress, Siphon, or Chemex—and it will work wonderfully. Each coffee’s distinct flavor profile is brought to life, delivering a rich and aromatic cup that highlights its unique complexity. Freshly Roasted for You: Roasted in small batches and shipped within 1–2 business days to ensure the freshest flavor possible. Quick Details Tasting Notes: Dried fruit sweetness, molasses, roasted nut, bittersweet cocoa, spice, woody undertones. Best For: Pour Over, French Press, AeroPress, Chemex, Siphon Origin: Coorg, Karnataka Net Weight: 250g Altitude: 1250 Meters above sea level Process: Naturals Varietal: Old Peredinya Roast Level: Medium What Makes This Limited Edition Unique? Single-Origin Excellence: These limited edition coffees are single-origin, crafted from unique regions, specific processes, and carefully selected farms. Each one offers a distinct flavor profile that reflects its origin and craftsmanship. Commitment to Freshness: We roast to order, ensuring your bag lands fresh, aromatic, and full of flavor. Sustainability Matters: Sourced directly, supporting regenerative farming and environmental stewardship. Region Information (As planter hasn't given information) Coorg (Kodagu), in the heart of Karnataka, is famed as the coffee capital of India. Its lush hills grow some of the finest Arabica and Robusta beans under natural shade.The cool climate and rich soil create the perfect conditions for flavorful coffee Spices like pepper and cardamom grow alongside, adding a distinct aroma to the beans.",https://humblebean.com/products/coorg-papaya-fermented-naturals-100-arabica,https://cdn.shopify.com/s/files/1/0699/2841/9608/files/1.png?v=1759828295,Coffee
"Coorg, Naturals (100% Robusta)",Humble Bean,800.0,Aero Press,Medium Roast,"Dried fruit sweetness, molasses",Coorg,Naturals,"Why You'll Love This Coffee Full-Bodied and Creamy: This coffee offers a creamy, full-bodied cup with dark dried fruit sweetness, layered with notes of molasses, roasted nut, and bittersweet cocoa. Its gentle spice and woody undertones linger in a smooth, yet satisfying finish. Crafted for Manual Brewing: Choose any manual brewing style—pour over, French press, AeroPress, Siphon, or Chemex—and it will work wonderfully. Each coffee’s distinct flavor profile is brought to life, delivering a rich and aromatic cup that highlights its unique complexity. Freshly Roasted for You: Roasted in small batches and shipped within 1–2 business days to ensure the freshest flavor possible. Quick Details Tasting Notes: Dried fruit sweetness, molasses, roasted nut, bittersweet cocoa, spice, woody undertones. Best For: Pour Over, French Press, AeroPress, Chemex, Siphon Origin: Coorg, Karnataka Net Weight: 250g Altitude: 1250 Meters above sea level Process: Naturals Varietal: Old Peredinya Roast Level: Medium What Makes This Limited Edition Unique? Single-Origin Excellence: These limited edition coffees are single-origin, crafted from unique regions, specific processes, and carefully selected farms. Each one offers a distinct flavor profile that reflects its origin and craftsmanship. Commitment to Freshness: We roast to order, ensuring your bag lands fresh, aromatic, and full of flavor. Sustainability Matters: Sourced directly, supporting regenerative farming and environmental stewardship. Region Information (As planter hasn't given information) Coorg (Kodagu), in the heart of Karnataka, is famed as the coffee capital of India. Its lush hills grow some of the finest Arabica and Robusta beans under natural shade.The cool climate and rich soil create the perfect conditions for flavorful coffee Spices like pepper and cardamom grow alongside, adding a distinct aroma to the beans.",https://humblebean.com/products/coorg-papaya-fermented-naturals-100-arabica,https://cdn.shopify.com/s/files/1/0699/2841/9608/files/1.png?v=1759828295,Coffee
"Coorg, Naturals (100% Robusta)",Humble Bean,800.0,,Medium Roast,"Dried fruit sweetness, molasses",Coorg,Naturals,"Why You'll Love This Coffee Full-Bodied and Creamy: This coffee offers a creamy, full-bodied cup with dark dried fruit sweetness, layered with notes of molasses, roasted nut, and bittersweet cocoa. Its gentle spice and woody undertones linger in a smooth, yet satisfying finish. Crafted for Manual Brewing: Choose any manual brewing style—pour over, French press, AeroPress, Siphon, or Chemex—and it will work wonderfully. Each coffee’s distinct flavor profile is brought to life, delivering a rich and aromatic cup that highlights its unique complexity. Freshly Roasted for You: Roasted in small batches and shipped within 1–2 business days to ensure the freshest flavor possible. Quick Details Tasting Notes: Dried fruit sweetness, molasses, roasted nut, bittersweet cocoa, spice, woody undertones. Best For: Pour Over, French Press, AeroPress, Chemex, Siphon Origin: Coorg, Karnataka Net Weight: 250g Altitude: 1250 Meters above sea level Process: Naturals Varietal: Old Peredinya Roast Level: Medium What Makes This Limited Edition Unique? Single-Origin Excellence: These limited edition coffees are single-origin, crafted from unique regions, specific processes, and carefully selected farms. Each one offers a distinct flavor profile that reflects its origin and craftsmanship. Commitment to Freshness: We roast to order, ensuring your bag lands fresh, aromatic, and full of flavor. Sustainability Matters: Sourced directly, supporting regenerative farming and environmental stewardship. Region Information (As planter hasn't given information) Coorg (Kodagu), in the heart of Karnataka, is famed as the coffee capital of India. Its lush hills grow some of the finest Arabica and Robusta beans under natural shade.The cool climate and rich soil create the perfect conditions for flavorful coffee Spices like pepper and cardamom grow alongside, adding a distinct aroma to the beans.",https://humblebean.com/products/coorg-papaya-fermented-naturals-100-arabica,https://cdn.shopify.com/s/files/1/0699/2841/9608/files/1.png?v=1759828295,Coffee
"Coorg, Naturals (100% Robusta)",Humble Bean,800.0,,Medium Roast,"Dried fruit sweetness, molasses",Coorg,Naturals,"Why You'll Love This Coffee Full-Bodied and Creamy: This coffee offers a creamy, full-bodied cup with dark dried fruit sweetness, layered with notes of molasses, roasted nut, and bittersweet cocoa. Its gentle spice and woody undertones linger in a smooth, yet satisfying finish. Crafted for Manual Brewing: Choose any manual brewing style—pour over, French press, AeroPress, Siphon, or Chemex—and it will work wonderfully. Each coffee’s distinct flavor profile is brought to life, delivering a rich and aromatic cup that highlights its unique complexity. Freshly Roasted for You: Roasted in small batches and shipped within 1–2 business days to ensure the freshest flavor possible. Quick Details Tasting Notes: Dried fruit sweetness, molasses, roasted nut, bittersweet cocoa, spice, woody undertones. Best For: Pour Over, French Press, AeroPress, Chemex, Siphon Origin: Coorg, Karnataka Net Weight: 250g Altitude: 1250 Meters above sea level Process: Naturals Varietal: Old Peredinya Roast Level: Medium What Makes This Limited Edition Unique? Single-Origin Excellence: These limited edition coffees are single-origin, crafted from unique regions, specific processes, and carefully selected farms. Each one offers a distinct flavor profile that reflects its origin and craftsmanship. Commitment to Freshness: We roast to order, ensuring your bag lands fresh, aromatic, and full of flavor. Sustainability Matters: Sourced directly, supporting regenerative farming and environmental stewardship. Region Information (As planter hasn't given information) Coorg (Kodagu), in the heart of Karnataka, is famed as the coffee capital of India. Its lush hills grow some of the finest Arabica and Robusta beans under natural shade.The cool climate and rich soil create the perfect conditions for flavorful coffee Spices like pepper and cardamom grow alongside, adding a distinct aroma to the beans.",https://humblebean.com/products/coorg-papaya-fermented-naturals-100-arabica,https://cdn.shopify.com/s/files/1/0699/2841/9608/files/1.png?v=1759828295,Coffee
"Manjarabad, Naturals (100% Arabica)",Humble Bean,800.0,,Medium Roast,"Ripe cherry, plum, lychee, orange, apple acidity, honey, milk chocolate, gentle spice, fruit-lingered finish Best For",Manjarabad,Naturals,"Why You'll Love This Coffee Vibrant and Balanced: This coffee delivers a vibrant and well-balanced cup with a velvety body. Layers of ripe cherry, plum, and lychee are lifted by lively orange and apple acidity, while honey sweetness and milk chocolate depth mingle with gentle spice undertones. The cup finishes clean with a lingering fruit sweetness. Crafted for Manual Brewing: Choose any manual brewing style—pour over, French press, AeroPress, Siphon, or Chemex—and it will work wonderfully. Each coffee’s distinct flavor profile is brought to life, delivering a rich and aromatic cup that highlights its unique complexity. Freshly Roasted for You: Roasted in small batches and shipped within 1–2 business days to ensure the freshest flavor possible. Quick Details Tasting Notes: Ripe cherry, plum, lychee, orange, apple acidity, honey, milk chocolate, gentle spice, fruit-lingered finish Best For: Pour Over, French Press, AeroPress, Chemex, Siphon Origin: Manjarabad, Karnataka Net Weight: 250g Altitude: 1000 Meters above sea Level Process: Naturals Varietal: Chandragiri Roast Level: Medium What Makes This Limited Edition Unique? Single-Origin Excellence: These limited edition coffees are single-origin, crafted from unique regions, specific processes, and carefully selected farms. Each one offers a distinct flavor profile that reflects its origin and craftsmanship. Commitment to Freshness: We roast to order, ensuring your bag lands fresh, aromatic, and full of flavor. Sustainability Matters: Sourced directly, supporting regenerative farming and environmental stewardship. Estate Information - Kodaibyle Nestled in the western ghats of India , Kollibyle estate is a three generation long, family- owned estate spanning 180acres at an elevation of 3250 feet. Here, coffee cultivation intertwines seamlessly with the environment, creating a unique and sustainable experience.At lollibylr estate , you’ll ding a variety of both arabica and robusta coffee.These beans are carefully nurtur",https://humblebean.com/products/chikmagalur-tender-coconut-fermented-naturals-100-arabica,https://cdn.shopify.com/s/files/1/0699/2841/9608/files/6.png?v=1759828503,Coffee
"Manjarabad, Naturals (100% Arabica)",Humble Bean,800.0,Channi,Medium Roast,"Ripe cherry, plum, lychee, orange, apple acidity, honey, milk chocolate, gentle spice, fruit-lingered finish Best For",Manjarabad,Naturals,"Why You'll Love This Coffee Vibrant and Balanced: This coffee delivers a vibrant and well-balanced cup with a velvety body. Layers of ripe cherry, plum, and lychee are lifted by lively orange and apple acidity, while honey sweetness and milk chocolate depth mingle with gentle spice undertones. The cup finishes clean with a lingering fruit sweetness. Crafted for Manual Brewing: Choose any manual brewing style—pour over, French press, AeroPress, Siphon, or Chemex—and it will work wonderfully. Each coffee’s distinct flavor profile is brought to life, delivering a rich and aromatic cup that highlights its unique complexity. Freshly Roasted for You: Roasted in small batches and shipped within 1–2 business days to ensure the freshest flavor possible. Quick Details Tasting Notes: Ripe cherry, plum, lychee, orange, apple acidity, honey, milk chocolate, gentle spice, fruit-lingered finish Best For: Pour Over, French Press, AeroPress, Chemex, Siphon Origin: Manjarabad, Karnataka Net Weight: 250g Altitude: 1000 Meters above sea Level Process: Naturals Varietal: Chandragiri Roast Level: Medium What Makes This Limited Edition Unique? Single-Origin Excellence: These limited edition coffees are single-origin, crafted from unique regions, specific processes, and carefully selected farms. Each one offers a distinct flavor profile that reflects its origin and craftsmanship. Commitment to Freshness: We roast to order, ensuring your bag lands fresh, aromatic, and full of flavor. Sustainability Matters: Sourced directly, supporting regenerative farming and environmental stewardship. Estate Information - Kodaibyle Nestled in the western ghats of India , Kollibyle estate is a three generation long, family- owned estate spanning 180acres at an elevation of 3250 feet. Here, coffee cultivation intertwines seamlessly with the environment, creating a unique and sustainable experience.At lollibylr estate , you’ll ding a variety of both arabica and robusta coffee.These beans are carefully nurtur",https://humblebean.com/products/chikmagalur-tender-coconut-fermented-naturals-100-arabica,https://cdn.shopify.com/s/files/1/0699/2841/9608/files/6.png?v=1759828503,Coffee
"Manjarabad, Naturals (100% Arabica)",Humble Bean,800.0,,Medium Roast,"Ripe cherry, plum, lychee, orange, apple acidity, honey, milk chocolate, gentle spice, fruit-lingered finish Best For",Manjarabad,Naturals,"Why You'll Love This Coffee Vibrant and Balanced: This coffee delivers a vibrant and well-balanced cup with a velvety body. Layers of ripe cherry, plum, and lychee are lifted by lively orange and apple acidity, while honey sweetness and milk chocolate depth mingle with gentle spice undertones. The cup finishes clean with a lingering fruit sweetness. Crafted for Manual Brewing: Choose any manual brewing style—pour over, French press, AeroPress, Siphon, or Chemex—and it will work wonderfully. Each coffee’s distinct flavor profile is brought to life, delivering a rich and aromatic cup that highlights its unique complexity. Freshly Roasted for You: Roasted in small batches and shipped within 1–2 business days to ensure the freshest flavor possible. Quick Details Tasting Notes: Ripe cherry, plum, lychee, orange, apple acidity, honey, milk chocolate, gentle spice, fruit-lingered finish Best For: Pour Over, French Press, AeroPress, Chemex, Siphon Origin: Manjarabad, Karnataka Net Weight: 250g Altitude: 1000 Meters above sea Level Process: Naturals Varietal: Chandragiri Roast Level: Medium What Makes This Limited Edition Unique? Single-Origin Excellence: These limited edition coffees are single-origin, crafted from unique regions, specific processes, and carefully selected farms. Each one offers a distinct flavor profile that reflects its origin and craftsmanship. Commitment to Freshness: We roast to order, ensuring your bag lands fresh, aromatic, and full of flavor. Sustainability Matters: Sourced directly, supporting regenerative farming and environmental stewardship. Estate Information - Kodaibyle Nestled in the western ghats of India , Kollibyle estate is a three generation long, family- owned estate spanning 180acres at an elevation of 3250 feet. Here, coffee cultivation intertwines seamlessly with the environment, creating a unique and sustainable experience.At lollibylr estate , you’ll ding a variety of both arabica and robusta coffee.These beans are carefully nurtur",https://humblebean.com/products/chikmagalur-tender-coconut-fermented-naturals-100-arabica,https://cdn.shopify.com/s/files/1/0699/2841/9608/files/6.png?v=1759828503,Coffee
"Manjarabad, Naturals (100% Arabica)",Humble Bean,800.0,,Medium Roast,"Ripe cherry, plum, lychee, orange, apple acidity, honey, milk chocolate, gentle spice, fruit-lingered finish Best For",Manjarabad,Naturals,"Why You'll Love This Coffee Vibrant and Balanced: This coffee delivers a vibrant and well-balanced cup with a velvety body. Layers of ripe cherry, plum, and lychee are lifted by lively orange and apple acidity, while honey sweetness and milk chocolate depth mingle with gentle spice undertones. The cup finishes clean with a lingering fruit sweetness. Crafted for Manual Brewing: Choose any manual brewing style—pour over, French press, AeroPress, Siphon, or Chemex—and it will work wonderfully. Each coffee’s distinct flavor profile is brought to life, delivering a rich and aromatic cup that highlights its unique complexity. Freshly Roasted for You: Roasted in small batches and shipped within 1–2 business days to ensure the freshest flavor possible. Quick Details Tasting Notes: Ripe cherry, plum, lychee, orange, apple acidity, honey, milk chocolate, gentle spice, fruit-lingered finish Best For: Pour Over, French Press, AeroPress, Chemex, Siphon Origin: Manjarabad, Karnataka Net Weight: 250g Altitude: 1000 Meters above sea Level Process: Naturals Varietal: Chandragiri Roast Level: Medium What Makes This Limited Edition Unique? Single-Origin Excellence: These limited edition coffees are single-origin, crafted from unique regions, specific processes, and carefully selected farms. Each one offers a distinct flavor profile that reflects its origin and craftsmanship. Commitment to Freshness: We roast to order, ensuring your bag lands fresh, aromatic, and full of flavor. Sustainability Matters: Sourced directly, supporting regenerative farming and environmental stewardship. Estate Information - Kodaibyle Nestled in the western ghats of India , Kollibyle estate is a three generation long, family- owned estate spanning 180acres at an elevation of 3250 feet. Here, coffee cultivation intertwines seamlessly with the environment, creating a unique and sustainable experience.At lollibylr estate , you’ll ding a variety of both arabica and robusta coffee.These beans are carefully nurtur",https://humblebean.com/products/chikmagalur-tender-coconut-fermented-naturals-100-arabica,https://cdn.shopify.com/s/files/1/0699/2841/9608/files/6.png?v=1759828503,Coffee
"Manjarabad, Naturals (100% Arabica)",Humble Bean,800.0,Aero Press,Medium Roast,"Ripe cherry, plum, lychee, orange, apple acidity, honey, milk chocolate, gentle spice, fruit-lingered finish Best For",Manjarabad,Naturals,"Why You'll Love This Coffee Vibrant and Balanced: This coffee delivers a vibrant and well-balanced cup with a velvety body. Layers of ripe cherry, plum, and lychee are lifted by lively orange and apple acidity, while honey sweetness and milk chocolate depth mingle with gentle spice undertones. The cup finishes clean with a lingering fruit sweetness. Crafted for Manual Brewing: Choose any manual brewing style—pour over, French press, AeroPress, Siphon, or Chemex—and it will work wonderfully. Each coffee’s distinct flavor profile is brought to life, delivering a rich and aromatic cup that highlights its unique complexity. Freshly Roasted for You: Roasted in small batches and shipped within 1–2 business days to ensure the freshest flavor possible. Quick Details Tasting Notes: Ripe cherry, plum, lychee, orange, apple acidity, honey, milk chocolate, gentle spice, fruit-lingered finish Best For: Pour Over, French Press, AeroPress, Chemex, Siphon Origin: Manjarabad, Karnataka Net Weight: 250g Altitude: 1000 Meters above sea Level Process: Naturals Varietal: Chandragiri Roast Level: Medium What Makes This Limited Edition Unique? Single-Origin Excellence: These limited edition coffees are single-origin, crafted from unique regions, specific processes, and carefully selected farms. Each one offers a distinct flavor profile that reflects its origin and craftsmanship. Commitment to Freshness: We roast to order, ensuring your bag lands fresh, aromatic, and full of flavor. Sustainability Matters: Sourced directly, supporting regenerative farming and environmental stewardship. Estate Information - Kodaibyle Nestled in the western ghats of India , Kollibyle estate is a three generation long, family- owned estate spanning 180acres at an elevation of 3250 feet. Here, coffee cultivation intertwines seamlessly with the environment, creating a unique and sustainable experience.At lollibylr estate , you’ll ding a variety of both arabica and robusta coffee.These beans are carefully nurtur",https://humblebean.com/products/chikmagalur-tender-coconut-fermented-naturals-100-arabica,https://cdn.shopify.com/s/files/1/0699/2841/9608/files/6.png?v=1759828503,Coffee
"Manjarabad, Naturals (100% Arabica)",Humble Bean,800.0,,Medium Roast,"Ripe cherry, plum, lychee, orange, apple acidity, honey, milk chocolate, gentle spice, fruit-lingered finish Best For",Manjarabad,Naturals,"Why You'll Love This Coffee Vibrant and Balanced: This coffee delivers a vibrant and well-balanced cup with a velvety body. Layers of ripe cherry, plum, and lychee are lifted by lively orange and apple acidity, while honey sweetness and milk chocolate depth mingle with gentle spice undertones. The cup finishes clean with a lingering fruit sweetness. Crafted for Manual Brewing: Choose any manual brewing style—pour over, French press, AeroPress, Siphon, or Chemex—and it will work wonderfully. Each coffee’s distinct flavor profile is brought to life, delivering a rich and aromatic cup that highlights its unique complexity. Freshly Roasted for You: Roasted in small batches and shipped within 1–2 business days to ensure the freshest flavor possible. Quick Details Tasting Notes: Ripe cherry, plum, lychee, orange, apple acidity, honey, milk chocolate, gentle spice, fruit-lingered finish Best For: Pour Over, French Press, AeroPress, Chemex, Siphon Origin: Manjarabad, Karnataka Net Weight: 250g Altitude: 1000 Meters above sea Level Process: Naturals Varietal: Chandragiri Roast Level: Medium What Makes This Limited Edition Unique? Single-Origin Excellence: These limited edition coffees are single-origin, crafted from unique regions, specific processes, and carefully selected farms. Each one offers a distinct flavor profile that reflects its origin and craftsmanship. Commitment to Freshness: We roast to order, ensuring your bag lands fresh, aromatic, and full of flavor. Sustainability Matters: Sourced directly, supporting regenerative farming and environmental stewardship. Estate Information - Kodaibyle Nestled in the western ghats of India , Kollibyle estate is a three generation long, family- owned estate spanning 180acres at an elevation of 3250 feet. Here, coffee cultivation intertwines seamlessly with the environment, creating a unique and sustainable experience.At lollibylr estate , you’ll ding a variety of both arabica and robusta coffee.These beans are carefully nurtur",https://humblebean.com/products/chikmagalur-tender-coconut-fermented-naturals-100-arabica,https://cdn.shopify.com/s/files/1/0699/2841/9608/files/6.png?v=1759828503,Coffee
"Manjarabad, Naturals (100% Arabica)",Humble Bean,800.0,,Medium Roast,"Ripe cherry, plum, lychee, orange, apple acidity, honey, milk chocolate, gentle spice, fruit-lingered finish Best For",Manjarabad,Naturals,"Why You'll Love This Coffee Vibrant and Balanced: This coffee delivers a vibrant and well-balanced cup with a velvety body. Layers of ripe cherry, plum, and lychee are lifted by lively orange and apple acidity, while honey sweetness and milk chocolate depth mingle with gentle spice undertones. The cup finishes clean with a lingering fruit sweetness. Crafted for Manual Brewing: Choose any manual brewing style—pour over, French press, AeroPress, Siphon, or Chemex—and it will work wonderfully. Each coffee’s distinct flavor profile is brought to life, delivering a rich and aromatic cup that highlights its unique complexity. Freshly Roasted for You: Roasted in small batches and shipped within 1–2 business days to ensure the freshest flavor possible. Quick Details Tasting Notes: Ripe cherry, plum, lychee, orange, apple acidity, honey, milk chocolate, gentle spice, fruit-lingered finish Best For: Pour Over, French Press, AeroPress, Chemex, Siphon Origin: Manjarabad, Karnataka Net Weight: 250g Altitude: 1000 Meters above sea Level Process: Naturals Varietal: Chandragiri Roast Level: Medium What Makes This Limited Edition Unique? Single-Origin Excellence: These limited edition coffees are single-origin, crafted from unique regions, specific processes, and carefully selected farms. Each one offers a distinct flavor profile that reflects its origin and craftsmanship. Commitment to Freshness: We roast to order, ensuring your bag lands fresh, aromatic, and full of flavor. Sustainability Matters: Sourced directly, supporting regenerative farming and environmental stewardship. Estate Information - Kodaibyle Nestled in the western ghats of India , Kollibyle estate is a three generation long, family- owned estate spanning 180acres at an elevation of 3250 feet. Here, coffee cultivation intertwines seamlessly with the environment, creating a unique and sustainable experience.At lollibylr estate , you’ll ding a variety of both arabica and robusta coffee.These beans are carefully nurtur",https://humblebean.com/products/chikmagalur-tender-coconut-fermented-naturals-100-arabica,https://cdn.shopify.com/s/files/1/0699/2841/9608/files/6.png?v=1759828503,Coffee
"Manjarabad, Black Honey Sun Dried (100% Arabica)",Humble Bean,800.0,,Medium Roast,"Ripe cherry, peach, raspberry, honey, hazelnut, milk chocolate, clove Best For",Manjarabad,"s, and carefully selected farms","Why You'll Love This Coffee Syrupy and Balanced: This coffee features a syrupy body and well-balanced acidity. Ripe cherry, peach, and raspberry sweetness merge with honey, hazelnut, and milk chocolate, finishing with a delicate spice clove note. Crafted for Manual Brewing: Choose any manual brewing style—pour over, French press, AeroPress, Siphon, or Chemex—and it will work wonderfully. Each coffee’s distinct flavor profile is brought to life, delivering a rich and aromatic cup that highlights its unique complexity. Freshly Roasted for You: Roasted in small batches and shipped within 1–2 business days to ensure the freshest flavor possible. Quick Details Tasting Notes: Ripe cherry, peach, raspberry, honey, hazelnut, milk chocolate, clove Best For: Pour Over, French Press, AeroPress, Chemex, Siphon Origin: Manjarabad, Karnataka Net Weight: 250g Altitude: 1000 Meters above sea Level Process: HSD (Honey Sun-dried) Varietal: Traditional Arabica Cultivars Roast Level: Medium What Makes This Limited Edition Unique? Single-Origin Excellence: These limited edition coffees are single-origin, crafted from unique regions, specific processes, and carefully selected farms. Each one offers a distinct flavor profile that reflects its origin and craftsmanship. Commitment to Freshness: We roast to order, ensuring your bag lands fresh, aromatic, and full of flavor. Sustainability Matters: Sourced directly, supporting regenerative farming and environmental stewardship. Estate Information - Kollibyle Nestled in the western ghats of India , Kollibyle estate is a three generation long, family- owned estate spanning 180acres at an elevation of 3250feer. Here, coffee cultivation intertwines seamlessly with the environment, creating a unique and sustainable experience.At lollibylr estate , you’ll ding a variety of both arabica and robusta coffee.These beans are carefully nurtured on the estate along with small batches of naturals, honey sun dried and washed coffee. Step onto estate and you",https://humblebean.com/products/giri-black-honey-sun-dried-100-arabica,https://cdn.shopify.com/s/files/1/0699/2841/9608/files/5.png?v=1759828451,Coffee
"Manjarabad, Black Honey Sun Dried (100% Arabica)",Humble Bean,800.0,Channi,Medium Roast,"Ripe cherry, peach, raspberry, honey, hazelnut, milk chocolate, clove Best For",Manjarabad,"s, and carefully selected farms","Why You'll Love This Coffee Syrupy and Balanced: This coffee features a syrupy body and well-balanced acidity. Ripe cherry, peach, and raspberry sweetness merge with honey, hazelnut, and milk chocolate, finishing with a delicate spice clove note. Crafted for Manual Brewing: Choose any manual brewing style—pour over, French press, AeroPress, Siphon, or Chemex—and it will work wonderfully. Each coffee’s distinct flavor profile is brought to life, delivering a rich and aromatic cup that highlights its unique complexity. Freshly Roasted for You: Roasted in small batches and shipped within 1–2 business days to ensure the freshest flavor possible. Quick Details Tasting Notes: Ripe cherry, peach, raspberry, honey, hazelnut, milk chocolate, clove Best For: Pour Over, French Press, AeroPress, Chemex, Siphon Origin: Manjarabad, Karnataka Net Weight: 250g Altitude: 1000 Meters above sea Level Process: HSD (Honey Sun-dried) Varietal: Traditional Arabica Cultivars Roast Level: Medium What Makes This Limited Edition Unique? Single-Origin Excellence: These limited edition coffees are single-origin, crafted from unique regions, specific processes, and carefully selected farms. Each one offers a distinct flavor profile that reflects its origin and craftsmanship. Commitment to Freshness: We roast to order, ensuring your bag lands fresh, aromatic, and full of flavor. Sustainability Matters: Sourced directly, supporting regenerative farming and environmental stewardship. Estate Information - Kollibyle Nestled in the western ghats of India , Kollibyle estate is a three generation long, family- owned estate spanning 180acres at an elevation of 3250feer. Here, coffee cultivation intertwines seamlessly with the environment, creating a unique and sustainable experience.At lollibylr estate , you’ll ding a variety of both arabica and robusta coffee.These beans are carefully nurtured on the estate along with small batches of naturals, honey sun dried and washed coffee. Step onto estate and you",https://humblebean.com/products/giri-black-honey-sun-dried-100-arabica,https://cdn.shopify.com/s/files/1/0699/2841/9608/files/5.png?v=1759828451,Coffee
"Manjarabad, Black Honey Sun Dried (100% Arabica)",Humble Bean,800.0,,Medium Roast,"Ripe cherry, peach, raspberry, honey, hazelnut, milk chocolate, clove Best For",Manjarabad,"s, and carefully selected farms","Why You'll Love This Coffee Syrupy and Balanced: This coffee features a syrupy body and well-balanced acidity. Ripe cherry, peach, and raspberry sweetness merge with honey, hazelnut, and milk chocolate, finishing with a delicate spice clove note. Crafted for Manual Brewing: Choose any manual brewing style—pour over, French press, AeroPress, Siphon, or Chemex—and it will work wonderfully. Each coffee’s distinct flavor profile is brought to life, delivering a rich and aromatic cup that highlights its unique complexity. Freshly Roasted for You: Roasted in small batches and shipped within 1–2 business days to ensure the freshest flavor possible. Quick Details Tasting Notes: Ripe cherry, peach, raspberry, honey, hazelnut, milk chocolate, clove Best For: Pour Over, French Press, AeroPress, Chemex, Siphon Origin: Manjarabad, Karnataka Net Weight: 250g Altitude: 1000 Meters above sea Level Process: HSD (Honey Sun-dried) Varietal: Traditional Arabica Cultivars Roast Level: Medium What Makes This Limited Edition Unique? Single-Origin Excellence: These limited edition coffees are single-origin, crafted from unique regions, specific processes, and carefully selected farms. Each one offers a distinct flavor profile that reflects its origin and craftsmanship. Commitment to Freshness: We roast to order, ensuring your bag lands fresh, aromatic, and full of flavor. Sustainability Matters: Sourced directly, supporting regenerative farming and environmental stewardship. Estate Information - Kollibyle Nestled in the western ghats of India , Kollibyle estate is a three generation long, family- owned estate spanning 180acres at an elevation of 3250feer. Here, coffee cultivation intertwines seamlessly with the environment, creating a unique and sustainable experience.At lollibylr estate , you’ll ding a variety of both arabica and robusta coffee.These beans are carefully nurtured on the estate along with small batches of naturals, honey sun dried and washed coffee. Step onto estate and you",https://humblebean.com/products/giri-black-honey-sun-dried-100-arabica,https://cdn.shopify.com/s/files/1/0699/2841/9608/files/5.png?v=1759828451,Coffee
"Manjarabad, Black Honey Sun Dried (100% Arabica)",Humble Bean,800.0,,Medium Roast,"Ripe cherry, peach, raspberry, honey, hazelnut, milk chocolate, clove Best For",Manjarabad,"s, and carefully selected farms","Why You'll Love This Coffee Syrupy and Balanced: This coffee features a syrupy body and well-balanced acidity. Ripe cherry, peach, and raspberry sweetness merge with honey, hazelnut, and milk chocolate, finishing with a delicate spice clove note. Crafted for Manual Brewing: Choose any manual brewing style—pour over, French press, AeroPress, Siphon, or Chemex—and it will work wonderfully. Each coffee’s distinct flavor profile is brought to life, delivering a rich and aromatic cup that highlights its unique complexity. Freshly Roasted for You: Roasted in small batches and shipped within 1–2 business days to ensure the freshest flavor possible. Quick Details Tasting Notes: Ripe cherry, peach, raspberry, honey, hazelnut, milk chocolate, clove Best For: Pour Over, French Press, AeroPress, Chemex, Siphon Origin: Manjarabad, Karnataka Net Weight: 250g Altitude: 1000 Meters above sea Level Process: HSD (Honey Sun-dried) Varietal: Traditional Arabica Cultivars Roast Level: Medium What Makes This Limited Edition Unique? Single-Origin Excellence: These limited edition coffees are single-origin, crafted from unique regions, specific processes, and carefully selected farms. Each one offers a distinct flavor profile that reflects its origin and craftsmanship. Commitment to Freshness: We roast to order, ensuring your bag lands fresh, aromatic, and full of flavor. Sustainability Matters: Sourced directly, supporting regenerative farming and environmental stewardship. Estate Information - Kollibyle Nestled in the western ghats of India , Kollibyle estate is a three generation long, family- owned estate spanning 180acres at an elevation of 3250feer. Here, coffee cultivation intertwines seamlessly with the environment, creating a unique and sustainable experience.At lollibylr estate , you’ll ding a variety of both arabica and robusta coffee.These beans are carefully nurtured on the estate along with small batches of naturals, honey sun dried and washed coffee. Step onto estate and you",https://humblebean.com/products/giri-black-honey-sun-dried-100-arabica,https://cdn.shopify.com/s/files/1/0699/2841/9608/files/5.png?v=1759828451,Coffee
"Manjarabad, Black Honey Sun Dried (100% Arabica)",Humble Bean,800.0,Aero Press,Medium Roast,"Ripe cherry, peach, raspberry, honey, hazelnut, milk chocolate, clove Best For",Manjarabad,"s, and carefully selected farms","Why You'll Love This Coffee Syrupy and Balanced: This coffee features a syrupy body and well-balanced acidity. Ripe cherry, peach, and raspberry sweetness merge with honey, hazelnut, and milk chocolate, finishing with a delicate spice clove note. Crafted for Manual Brewing: Choose any manual brewing style—pour over, French press, AeroPress, Siphon, or Chemex—and it will work wonderfully. Each coffee’s distinct flavor profile is brought to life, delivering a rich and aromatic cup that highlights its unique complexity. Freshly Roasted for You: Roasted in small batches and shipped within 1–2 business days to ensure the freshest flavor possible. Quick Details Tasting Notes: Ripe cherry, peach, raspberry, honey, hazelnut, milk chocolate, clove Best For: Pour Over, French Press, AeroPress, Chemex, Siphon Origin: Manjarabad, Karnataka Net Weight: 250g Altitude: 1000 Meters above sea Level Process: HSD (Honey Sun-dried) Varietal: Traditional Arabica Cultivars Roast Level: Medium What Makes This Limited Edition Unique? Single-Origin Excellence: These limited edition coffees are single-origin, crafted from unique regions, specific processes, and carefully selected farms. Each one offers a distinct flavor profile that reflects its origin and craftsmanship. Commitment to Freshness: We roast to order, ensuring your bag lands fresh, aromatic, and full of flavor. Sustainability Matters: Sourced directly, supporting regenerative farming and environmental stewardship. Estate Information - Kollibyle Nestled in the western ghats of India , Kollibyle estate is a three generation long, family- owned estate spanning 180acres at an elevation of 3250feer. Here, coffee cultivation intertwines seamlessly with the environment, creating a unique and sustainable experience.At lollibylr estate , you’ll ding a variety of both arabica and robusta coffee.These beans are carefully nurtured on the estate along with small batches of naturals, honey sun dried and washed coffee. Step onto estate and you",https://humblebean.com/products/giri-black-honey-sun-dried-100-arabica,https://cdn.shopify.com/s/files/1/0699/2841/9608/files/5.png?v=1759828451,Coffee
"Manjarabad, Black Honey Sun Dried (100% Arabica)",Humble Bean,800.0,,Medium Roast,"Ripe cherry, peach, raspberry, honey, hazelnut, milk chocolate, clove Best For",Manjarabad,"s, and carefully selected farms","Why You'll Love This Coffee Syrupy and Balanced: This coffee features a syrupy body and well-balanced acidity. Ripe cherry, peach, and raspberry sweetness merge with honey, hazelnut, and milk chocolate, finishing with a delicate spice clove note. Crafted for Manual Brewing: Choose any manual brewing style—pour over, French press, AeroPress, Siphon, or Chemex—and it will work wonderfully. Each coffee’s distinct flavor profile is brought to life, delivering a rich and aromatic cup that highlights its unique complexity. Freshly Roasted for You: Roasted in small batches and shipped within 1–2 business days to ensure the freshest flavor possible. Quick Details Tasting Notes: Ripe cherry, peach, raspberry, honey, hazelnut, milk chocolate, clove Best For: Pour Over, French Press, AeroPress, Chemex, Siphon Origin: Manjarabad, Karnataka Net Weight: 250g Altitude: 1000 Meters above sea Level Process: HSD (Honey Sun-dried) Varietal: Traditional Arabica Cultivars Roast Level: Medium What Makes This Limited Edition Unique? Single-Origin Excellence: These limited edition coffees are single-origin, crafted from unique regions, specific processes, and carefully selected farms. Each one offers a distinct flavor profile that reflects its origin and craftsmanship. Commitment to Freshness: We roast to order, ensuring your bag lands fresh, aromatic, and full of flavor. Sustainability Matters: Sourced directly, supporting regenerative farming and environmental stewardship. Estate Information - Kollibyle Nestled in the western ghats of India , Kollibyle estate is a three generation long, family- owned estate spanning 180acres at an elevation of 3250feer. Here, coffee cultivation intertwines seamlessly with the environment, creating a unique and sustainable experience.At lollibylr estate , you’ll ding a variety of both arabica and robusta coffee.These beans are carefully nurtured on the estate along with small batches of naturals, honey sun dried and washed coffee. Step onto estate and you",https://humblebean.com/products/giri-black-honey-sun-dried-100-arabica,https://cdn.shopify.com/s/files/1/0699/2841/9608/files/5.png?v=1759828451,Coffee
"Manjarabad, Black Honey Sun Dried (100% Arabica)",Humble Bean,800.0,,Medium Roast,"Ripe cherry, peach, raspberry, honey, hazelnut, milk chocolate, clove Best For",Manjarabad,"s, and carefully selected farms","Why You'll Love This Coffee Syrupy and Balanced: This coffee features a syrupy body and well-balanced acidity. Ripe cherry, peach, and raspberry sweetness merge with honey, hazelnut, and milk chocolate, finishing with a delicate spice clove note. Crafted for Manual Brewing: Choose any manual brewing style—pour over, French press, AeroPress, Siphon, or Chemex—and it will work wonderfully. Each coffee’s distinct flavor profile is brought to life, delivering a rich and aromatic cup that highlights its unique complexity. Freshly Roasted for You: Roasted in small batches and shipped within 1–2 business days to ensure the freshest flavor possible. Quick Details Tasting Notes: Ripe cherry, peach, raspberry, honey, hazelnut, milk chocolate, clove Best For: Pour Over, French Press, AeroPress, Chemex, Siphon Origin: Manjarabad, Karnataka Net Weight: 250g Altitude: 1000 Meters above sea Level Process: HSD (Honey Sun-dried) Varietal: Traditional Arabica Cultivars Roast Level: Medium What Makes This Limited Edition Unique? Single-Origin Excellence: These limited edition coffees are single-origin, crafted from unique regions, specific processes, and carefully selected farms. Each one offers a distinct flavor profile that reflects its origin and craftsmanship. Commitment to Freshness: We roast to order, ensuring your bag lands fresh, aromatic, and full of flavor. Sustainability Matters: Sourced directly, supporting regenerative farming and environmental stewardship. Estate Information - Kollibyle Nestled in the western ghats of India , Kollibyle estate is a three generation long, family- owned estate spanning 180acres at an elevation of 3250feer. Here, coffee cultivation intertwines seamlessly with the environment, creating a unique and sustainable experience.At lollibylr estate , you’ll ding a variety of both arabica and robusta coffee.These beans are carefully nurtured on the estate along with small batches of naturals, honey sun dried and washed coffee. Step onto estate and you",https://humblebean.com/products/giri-black-honey-sun-dried-100-arabica,https://cdn.shopify.com/s/files/1/0699/2841/9608/files/5.png?v=1759828451,Coffee
"Nilgiris, Naturals (100% Robusta)",Humble Bean,800.0,,Medium Roast,"Raisin, date, black plum, palm jaggery",Nilgiris,Naturals,"Why You'll Love This Coffee Heavy and Syrupy: This coffee has a heavy, syrupy body and rich sweetness. Layers of raisin, date, and black plum meet palm jaggery and roasted nut, rounded out by the bittersweet notes of cocoa and gentle spice. Woody and earthy undertones linger in a long, satisfying finish. Crafted for Manual Brewing: Choose any manual brewing style—pour over, French press, AeroPress, Siphon, or Chemex—and it will work wonderfully. Each coffee’s distinct flavor profile is brought to life, delivering a rich and aromatic cup that highlights its unique complexity. Freshly Roasted for You: Roasted in small batches and shipped within 1–2 business days to ensure the freshest flavor possible. Quick Details Tasting Notes: Raisin, date, black plum, palm jaggery, roasted nut, bittersweet cocoa, gentle spice, woody and earthy undertones Best For: Pour Over, French Press, AeroPress, Chemex, Siphon Origin: Nilgiris, Tamil Nadu Net Weight: 250g Altitude: 1000 Meters above sea level Process: Naturals Varietal: Traditional Robusta Cultivars Roast Level: Medium What Makes This Limited Edition Unique? Single-Origin Excellence: These limited edition coffees are single-origin, crafted from unique regions, specific processes, and carefully selected farms. Each one offers a distinct flavor profile that reflects its origin and craftsmanship. Commitment to Freshness: We roast to order, ensuring your bag lands fresh, aromatic, and full of flavor. Sustainability Matters: Sourced directly, supporting regenerative farming and environmental stewardship. Estate Information - Northern Hay In the heart of Mudumalai Wildlife Sanctuary, Northern Hay Estate has stood for over a century, harmonizing agriculture and wilderness. Nestled within the vital elephant corridor, it thrives letting wildlife to roam freely—deer tread softly, while leopards and tigers prowl unseen. The gentle breeze carries the essence of an ancient ecosystem in delicate balance.Here, some of India’s oldest coffee p",https://humblebean.com/products/assam-naturals-100-robusta,https://cdn.shopify.com/s/files/1/0699/2841/9608/files/4.png?v=1759828564,Coffee
"Nilgiris, Naturals (100% Robusta)",Humble Bean,800.0,Channi,Medium Roast,"Raisin, date, black plum, palm jaggery",Nilgiris,Naturals,"Why You'll Love This Coffee Heavy and Syrupy: This coffee has a heavy, syrupy body and rich sweetness. Layers of raisin, date, and black plum meet palm jaggery and roasted nut, rounded out by the bittersweet notes of cocoa and gentle spice. Woody and earthy undertones linger in a long, satisfying finish. Crafted for Manual Brewing: Choose any manual brewing style—pour over, French press, AeroPress, Siphon, or Chemex—and it will work wonderfully. Each coffee’s distinct flavor profile is brought to life, delivering a rich and aromatic cup that highlights its unique complexity. Freshly Roasted for You: Roasted in small batches and shipped within 1–2 business days to ensure the freshest flavor possible. Quick Details Tasting Notes: Raisin, date, black plum, palm jaggery, roasted nut, bittersweet cocoa, gentle spice, woody and earthy undertones Best For: Pour Over, French Press, AeroPress, Chemex, Siphon Origin: Nilgiris, Tamil Nadu Net Weight: 250g Altitude: 1000 Meters above sea level Process: Naturals Varietal: Traditional Robusta Cultivars Roast Level: Medium What Makes This Limited Edition Unique? Single-Origin Excellence: These limited edition coffees are single-origin, crafted from unique regions, specific processes, and carefully selected farms. Each one offers a distinct flavor profile that reflects its origin and craftsmanship. Commitment to Freshness: We roast to order, ensuring your bag lands fresh, aromatic, and full of flavor. Sustainability Matters: Sourced directly, supporting regenerative farming and environmental stewardship. Estate Information - Northern Hay In the heart of Mudumalai Wildlife Sanctuary, Northern Hay Estate has stood for over a century, harmonizing agriculture and wilderness. Nestled within the vital elephant corridor, it thrives letting wildlife to roam freely—deer tread softly, while leopards and tigers prowl unseen. The gentle breeze carries the essence of an ancient ecosystem in delicate balance.Here, some of India’s oldest coffee p",https://humblebean.com/products/assam-naturals-100-robusta,https://cdn.shopify.com/s/files/1/0699/2841/9608/files/4.png?v=1759828564,Coffee
"Nilgiris, Naturals (100% Robusta)",Humble Bean,800.0,,Medium Roast,"Raisin, date, black plum, palm jaggery",Nilgiris,Naturals,"Why You'll Love This Coffee Heavy and Syrupy: This coffee has a heavy, syrupy body and rich sweetness. Layers of raisin, date, and black plum meet palm jaggery and roasted nut, rounded out by the bittersweet notes of cocoa and gentle spice. Woody and earthy undertones linger in a long, satisfying finish. Crafted for Manual Brewing: Choose any manual brewing style—pour over, French press, AeroPress, Siphon, or Chemex—and it will work wonderfully. Each coffee’s distinct flavor profile is brought to life, delivering a rich and aromatic cup that highlights its unique complexity. Freshly Roasted for You: Roasted in small batches and shipped within 1–2 business days to ensure the freshest flavor possible. Quick Details Tasting Notes: Raisin, date, black plum, palm jaggery, roasted nut, bittersweet cocoa, gentle spice, woody and earthy undertones Best For: Pour Over, French Press, AeroPress, Chemex, Siphon Origin: Nilgiris, Tamil Nadu Net Weight: 250g Altitude: 1000 Meters above sea level Process: Naturals Varietal: Traditional Robusta Cultivars Roast Level: Medium What Makes This Limited Edition Unique? Single-Origin Excellence: These limited edition coffees are single-origin, crafted from unique regions, specific processes, and carefully selected farms. Each one offers a distinct flavor profile that reflects its origin and craftsmanship. Commitment to Freshness: We roast to order, ensuring your bag lands fresh, aromatic, and full of flavor. Sustainability Matters: Sourced directly, supporting regenerative farming and environmental stewardship. Estate Information - Northern Hay In the heart of Mudumalai Wildlife Sanctuary, Northern Hay Estate has stood for over a century, harmonizing agriculture and wilderness. Nestled within the vital elephant corridor, it thrives letting wildlife to roam freely—deer tread softly, while leopards and tigers prowl unseen. The gentle breeze carries the essence of an ancient ecosystem in delicate balance.Here, some of India’s oldest coffee p",https://humblebean.com/products/assam-naturals-100-robusta,https://cdn.shopify.com/s/files/1/0699/2841/9608/files/4.png?v=1759828564,Coffee
"Nilgiris, Naturals (100% Robusta)",Humble Bean,800.0,,Medium Roast,"Raisin, date, black plum, palm jaggery",Nilgiris,Naturals,"Why You'll Love This Coffee Heavy and Syrupy: This coffee has a heavy, syrupy body and rich sweetness. Layers of raisin, date, and black plum meet palm jaggery and roasted nut, rounded out by the bittersweet notes of cocoa and gentle spice. Woody and earthy undertones linger in a long, satisfying finish. Crafted for Manual Brewing: Choose any manual brewing style—pour over, French press, AeroPress, Siphon, or Chemex—and it will work wonderfully. Each coffee’s distinct flavor profile is brought to life, delivering a rich and aromatic cup that highlights its unique complexity. Freshly Roasted for You: Roasted in small batches and shipped within 1–2 business days to ensure the freshest flavor possible. Quick Details Tasting Notes: Raisin, date, black plum, palm jaggery, roasted nut, bittersweet cocoa, gentle spice, woody and earthy undertones Best For: Pour Over, French Press, AeroPress, Chemex, Siphon Origin: Nilgiris, Tamil Nadu Net Weight: 250g Altitude: 1000 Meters above sea level Process: Naturals Varietal: Traditional Robusta Cultivars Roast Level: Medium What Makes This Limited Edition Unique? Single-Origin Excellence: These limited edition coffees are single-origin, crafted from unique regions, specific processes, and carefully selected farms. Each one offers a distinct flavor profile that reflects its origin and craftsmanship. Commitment to Freshness: We roast to order, ensuring your bag lands fresh, aromatic, and full of flavor. Sustainability Matters: Sourced directly, supporting regenerative farming and environmental stewardship. Estate Information - Northern Hay In the heart of Mudumalai Wildlife Sanctuary, Northern Hay Estate has stood for over a century, harmonizing agriculture and wilderness. Nestled within the vital elephant corridor, it thrives letting wildlife to roam freely—deer tread softly, while leopards and tigers prowl unseen. The gentle breeze carries the essence of an ancient ecosystem in delicate balance.Here, some of India’s oldest coffee p",https://humblebean.com/products/assam-naturals-100-robusta,https://cdn.shopify.com/s/files/1/0699/2841/9608/files/4.png?v=1759828564,Coffee
"Nilgiris, Naturals (100% Robusta)",Humble Bean,800.0,Aero Press,Medium Roast,"Raisin, date, black plum, palm jaggery",Nilgiris,Naturals,"Why You'll Love This Coffee Heavy and Syrupy: This coffee has a heavy, syrupy body and rich sweetness. Layers of raisin, date, and black plum meet palm jaggery and roasted nut, rounded out by the bittersweet notes of cocoa and gentle spice. Woody and earthy undertones linger in a long, satisfying finish. Crafted for Manual Brewing: Choose any manual brewing style—pour over, French press, AeroPress, Siphon, or Chemex—and it will work wonderfully. Each coffee’s distinct flavor profile is brought to life, delivering a rich and aromatic cup that highlights its unique complexity. Freshly Roasted for You: Roasted in small batches and shipped within 1–2 business days to ensure the freshest flavor possible. Quick Details Tasting Notes: Raisin, date, black plum, palm jaggery, roasted nut, bittersweet cocoa, gentle spice, woody and earthy undertones Best For: Pour Over, French Press, AeroPress, Chemex, Siphon Origin: Nilgiris, Tamil Nadu Net Weight: 250g Altitude: 1000 Meters above sea level Process: Naturals Varietal: Traditional Robusta Cultivars Roast Level: Medium What Makes This Limited Edition Unique? Single-Origin Excellence: These limited edition coffees are single-origin, crafted from unique regions, specific processes, and carefully selected farms. Each one offers a distinct flavor profile that reflects its origin and craftsmanship. Commitment to Freshness: We roast to order, ensuring your bag lands fresh, aromatic, and full of flavor. Sustainability Matters: Sourced directly, supporting regenerative farming and environmental stewardship. Estate Information - Northern Hay In the heart of Mudumalai Wildlife Sanctuary, Northern Hay Estate has stood for over a century, harmonizing agriculture and wilderness. Nestled within the vital elephant corridor, it thrives letting wildlife to roam freely—deer tread softly, while leopards and tigers prowl unseen. The gentle breeze carries the essence of an ancient ecosystem in delicate balance.Here, some of India’s oldest coffee p",https://humblebean.com/products/assam-naturals-100-robusta,https://cdn.shopify.com/s/files/1/0699/2841/9608/files/4.png?v=1759828564,Coffee
"Nilgiris, Naturals (100% Robusta)",Humble Bean,800.0,,Medium Roast,"Raisin, date, black plum, palm jaggery",Nilgiris,Naturals,"Why You'll Love This Coffee Heavy and Syrupy: This coffee has a heavy, syrupy body and rich sweetness. Layers of raisin, date, and black plum meet palm jaggery and roasted nut, rounded out by the bittersweet notes of cocoa and gentle spice. Woody and earthy undertones linger in a long, satisfying finish. Crafted for Manual Brewing: Choose any manual brewing style—pour over, French press, AeroPress, Siphon, or Chemex—and it will work wonderfully. Each coffee’s distinct flavor profile is brought to life, delivering a rich and aromatic cup that highlights its unique complexity. Freshly Roasted for You: Roasted in small batches and shipped within 1–2 business days to ensure the freshest flavor possible. Quick Details Tasting Notes: Raisin, date, black plum, palm jaggery, roasted nut, bittersweet cocoa, gentle spice, woody and earthy undertones Best For: Pour Over, French Press, AeroPress, Chemex, Siphon Origin: Nilgiris, Tamil Nadu Net Weight: 250g Altitude: 1000 Meters above sea level Process: Naturals Varietal: Traditional Robusta Cultivars Roast Level: Medium What Makes This Limited Edition Unique? Single-Origin Excellence: These limited edition coffees are single-origin, crafted from unique regions, specific processes, and carefully selected farms. Each one offers a distinct flavor profile that reflects its origin and craftsmanship. Commitment to Freshness: We roast to order, ensuring your bag lands fresh, aromatic, and full of flavor. Sustainability Matters: Sourced directly, supporting regenerative farming and environmental stewardship. Estate Information - Northern Hay In the heart of Mudumalai Wildlife Sanctuary, Northern Hay Estate has stood for over a century, harmonizing agriculture and wilderness. Nestled within the vital elephant corridor, it thrives letting wildlife to roam freely—deer tread softly, while leopards and tigers prowl unseen. The gentle breeze carries the essence of an ancient ecosystem in delicate balance.Here, some of India’s oldest coffee p",https://humblebean.com/products/assam-naturals-100-robusta,https://cdn.shopify.com/s/files/1/0699/2841/9608/files/4.png?v=1759828564,Coffee
"Nilgiris, Naturals (100% Robusta)",Humble Bean,800.0,,Medium Roast,"Raisin, date, black plum, palm jaggery",Nilgiris,Naturals,"Why You'll Love This Coffee Heavy and Syrupy: This coffee has a heavy, syrupy body and rich sweetness. Layers of raisin, date, and black plum meet palm jaggery and roasted nut, rounded out by the bittersweet notes of cocoa and gentle spice. Woody and earthy undertones linger in a long, satisfying finish. Crafted for Manual Brewing: Choose any manual brewing style—pour over, French press, AeroPress, Siphon, or Chemex—and it will work wonderfully. Each coffee’s distinct flavor profile is brought to life, delivering a rich and aromatic cup that highlights its unique complexity. Freshly Roasted for You: Roasted in small batches and shipped within 1–2 business days to ensure the freshest flavor possible. Quick Details Tasting Notes: Raisin, date, black plum, palm jaggery, roasted nut, bittersweet cocoa, gentle spice, woody and earthy undertones Best For: Pour Over, French Press, AeroPress, Chemex, Siphon Origin: Nilgiris, Tamil Nadu Net Weight: 250g Altitude: 1000 Meters above sea level Process: Naturals Varietal: Traditional Robusta Cultivars Roast Level: Medium What Makes This Limited Edition Unique? Single-Origin Excellence: These limited edition coffees are single-origin, crafted from unique regions, specific processes, and carefully selected farms. Each one offers a distinct flavor profile that reflects its origin and craftsmanship. Commitment to Freshness: We roast to order, ensuring your bag lands fresh, aromatic, and full of flavor. Sustainability Matters: Sourced directly, supporting regenerative farming and environmental stewardship. Estate Information - Northern Hay In the heart of Mudumalai Wildlife Sanctuary, Northern Hay Estate has stood for over a century, harmonizing agriculture and wilderness. Nestled within the vital elephant corridor, it thrives letting wildlife to roam freely—deer tread softly, while leopards and tigers prowl unseen. The gentle breeze carries the essence of an ancient ecosystem in delicate balance.Here, some of India’s oldest coffee p",https://humblebean.com/products/assam-naturals-100-robusta,https://cdn.shopify.com/s/files/1/0699/2841/9608/files/4.png?v=1759828564,Coffee
"Coorg, Red Honey Sun Dried (100% Robusta)",Humble Bean,800.0,,Medium Roast,"Dried fig, raisin, black cherry, molasses",Coorg,"s, and carefully selected farms","Why You'll Love This Coffee Bold Yet Refined: This medium roast Robusta offers a syrupy body with deep, natural sweetness. Layers of dried fig, raisin, and black cherry meet molasses, roasted walnut, and dark cocoa, resulting in a rich and lingering finish. A bold yet refined Robusta with unexpected sweetness and depth. Crafted for Manual Brewing: Choose any manual brewing style—pour over, French press, AeroPress, Siphon, or Chemex—and it will work wonderfully. Each coffee’s distinct flavor profile is brought to life, delivering a rich and aromatic cup that highlights its unique complexity. Freshly Roasted for You: Roasted in small batches and shipped within 1–2 business days to ensure the freshest flavor possible. Quick Details Tasting Notes: Dried fig, raisin, black cherry, molasses, roasted walnut, dark cocoa Best For: Pour Over, French Press, AeroPress, Chemex, Siphon Origin: Coorg, Karnataka Net Weight: 250g Altitude: 900 Meters Above sea level Process: HSD (Honey Sun-dried) Varietal: CXR Roast Level: Medium What Makes This Limited Edition Unique? Single-Origin Excellence: These limited edition coffees are single-origin, crafted from unique regions, specific processes, and carefully selected farms. Each one offers a distinct flavor profile that reflects its origin and craftsmanship. Commitment to Freshness: We roast to order, ensuring your bag lands fresh, aromatic, and full of flavor. Sustainability Matters: Sourced directly, supporting regenerative farming and environmental stewardship. Estate Information - Ponnathmotte Estate A 20 km drive from the scenic Madikeri town of the Coorg district in Karnataka leads you to the sprawling Ponnathmotte Estate, where the rich aroma of coffee beans engulfs you. The word ‘Ponnathmotte’ means ‘Golden Hills’ in the local language. The estate was started over 80 years ago and is now looked after by the owners’ third generation. The region is blessed with adequate rainfall, rich soil, and an ideal climate suited to growing c",https://humblebean.com/products/coorg-red-honey-sun-dried-100-robusta-1,https://cdn.shopify.com/s/files/1/0699/2841/9608/files/3.png?v=1759828336,Coffee
"Coorg, Red Honey Sun Dried (100% Robusta)",Humble Bean,800.0,Channi,Medium Roast,"Dried fig, raisin, black cherry, molasses",Coorg,"s, and carefully selected farms","Why You'll Love This Coffee Bold Yet Refined: This medium roast Robusta offers a syrupy body with deep, natural sweetness. Layers of dried fig, raisin, and black cherry meet molasses, roasted walnut, and dark cocoa, resulting in a rich and lingering finish. A bold yet refined Robusta with unexpected sweetness and depth. Crafted for Manual Brewing: Choose any manual brewing style—pour over, French press, AeroPress, Siphon, or Chemex—and it will work wonderfully. Each coffee’s distinct flavor profile is brought to life, delivering a rich and aromatic cup that highlights its unique complexity. Freshly Roasted for You: Roasted in small batches and shipped within 1–2 business days to ensure the freshest flavor possible. Quick Details Tasting Notes: Dried fig, raisin, black cherry, molasses, roasted walnut, dark cocoa Best For: Pour Over, French Press, AeroPress, Chemex, Siphon Origin: Coorg, Karnataka Net Weight: 250g Altitude: 900 Meters Above sea level Process: HSD (Honey Sun-dried) Varietal: CXR Roast Level: Medium What Makes This Limited Edition Unique? Single-Origin Excellence: These limited edition coffees are single-origin, crafted from unique regions, specific processes, and carefully selected farms. Each one offers a distinct flavor profile that reflects its origin and craftsmanship. Commitment to Freshness: We roast to order, ensuring your bag lands fresh, aromatic, and full of flavor. Sustainability Matters: Sourced directly, supporting regenerative farming and environmental stewardship. Estate Information - Ponnathmotte Estate A 20 km drive from the scenic Madikeri town of the Coorg district in Karnataka leads you to the sprawling Ponnathmotte Estate, where the rich aroma of coffee beans engulfs you. The word ‘Ponnathmotte’ means ‘Golden Hills’ in the local language. The estate was started over 80 years ago and is now looked after by the owners’ third generation. The region is blessed with adequate rainfall, rich soil, and an ideal climate suited to growing c",https://humblebean.com/products/coorg-red-honey-sun-dried-100-robusta-1,https://cdn.shopify.com/s/files/1/0699/2841/9608/files/3.png?v=1759828336,Coffee
"Coorg, Red Honey Sun Dried (100% Robusta)",Humble Bean,800.0,,Medium Roast,"Dried fig, raisin, black cherry, molasses",Coorg,"s, and carefully selected farms","Why You'll Love This Coffee Bold Yet Refined: This medium roast Robusta offers a syrupy body with deep, natural sweetness. Layers of dried fig, raisin, and black cherry meet molasses, roasted walnut, and dark cocoa, resulting in a rich and lingering finish. A bold yet refined Robusta with unexpected sweetness and depth. Crafted for Manual Brewing: Choose any manual brewing style—pour over, French press, AeroPress, Siphon, or Chemex—and it will work wonderfully. Each coffee’s distinct flavor profile is brought to life, delivering a rich and aromatic cup that highlights its unique complexity. Freshly Roasted for You: Roasted in small batches and shipped within 1–2 business days to ensure the freshest flavor possible. Quick Details Tasting Notes: Dried fig, raisin, black cherry, molasses, roasted walnut, dark cocoa Best For: Pour Over, French Press, AeroPress, Chemex, Siphon Origin: Coorg, Karnataka Net Weight: 250g Altitude: 900 Meters Above sea level Process: HSD (Honey Sun-dried) Varietal: CXR Roast Level: Medium What Makes This Limited Edition Unique? Single-Origin Excellence: These limited edition coffees are single-origin, crafted from unique regions, specific processes, and carefully selected farms. Each one offers a distinct flavor profile that reflects its origin and craftsmanship. Commitment to Freshness: We roast to order, ensuring your bag lands fresh, aromatic, and full of flavor. Sustainability Matters: Sourced directly, supporting regenerative farming and environmental stewardship. Estate Information - Ponnathmotte Estate A 20 km drive from the scenic Madikeri town of the Coorg district in Karnataka leads you to the sprawling Ponnathmotte Estate, where the rich aroma of coffee beans engulfs you. The word ‘Ponnathmotte’ means ‘Golden Hills’ in the local language. The estate was started over 80 years ago and is now looked after by the owners’ third generation. The region is blessed with adequate rainfall, rich soil, and an ideal climate suited to growing c",https://humblebean.com/products/coorg-red-honey-sun-dried-100-robusta-1,https://cdn.shopify.com/s/files/1/0699/2841/9608/files/3.png?v=1759828336,Coffee
"Coorg, Red Honey Sun Dried (100% Robusta)",Humble Bean,800.0,,Medium Roast,"Dried fig, raisin, black cherry, molasses",Coorg,"s, and carefully selected farms","Why You'll Love This Coffee Bold Yet Refined: This medium roast Robusta offers a syrupy body with deep, natural sweetness. Layers of dried fig, raisin, and black cherry meet molasses, roasted walnut, and dark cocoa, resulting in a rich and lingering finish. A bold yet refined Robusta with unexpected sweetness and depth. Crafted for Manual Brewing: Choose any manual brewing style—pour over, French press, AeroPress, Siphon, or Chemex—and it will work wonderfully. Each coffee’s distinct flavor profile is brought to life, delivering a rich and aromatic cup that highlights its unique complexity. Freshly Roasted for You: Roasted in small batches and shipped within 1–2 business days to ensure the freshest flavor possible. Quick Details Tasting Notes: Dried fig, raisin, black cherry, molasses, roasted walnut, dark cocoa Best For: Pour Over, French Press, AeroPress, Chemex, Siphon Origin: Coorg, Karnataka Net Weight: 250g Altitude: 900 Meters Above sea level Process: HSD (Honey Sun-dried) Varietal: CXR Roast Level: Medium What Makes This Limited Edition Unique? Single-Origin Excellence: These limited edition coffees are single-origin, crafted from unique regions, specific processes, and carefully selected farms. Each one offers a distinct flavor profile that reflects its origin and craftsmanship. Commitment to Freshness: We roast to order, ensuring your bag lands fresh, aromatic, and full of flavor. Sustainability Matters: Sourced directly, supporting regenerative farming and environmental stewardship. Estate Information - Ponnathmotte Estate A 20 km drive from the scenic Madikeri town of the Coorg district in Karnataka leads you to the sprawling Ponnathmotte Estate, where the rich aroma of coffee beans engulfs you. The word ‘Ponnathmotte’ means ‘Golden Hills’ in the local language. The estate was started over 80 years ago and is now looked after by the owners’ third generation. The region is blessed with adequate rainfall, rich soil, and an ideal climate suited to growing c",https://humblebean.com/products/coorg-red-honey-sun-dried-100-robusta-1,https://cdn.shopify.com/s/files/1/0699/2841/9608/files/3.png?v=1759828336,Coffee
"Coorg, Red Honey Sun Dried (100% Robusta)",Humble Bean,800.0,Aero Press,Medium Roast,"Dried fig, raisin, black cherry, molasses",Coorg,"s, and carefully selected farms","Why You'll Love This Coffee Bold Yet Refined: This medium roast Robusta offers a syrupy body with deep, natural sweetness. Layers of dried fig, raisin, and black cherry meet molasses, roasted walnut, and dark cocoa, resulting in a rich and lingering finish. A bold yet refined Robusta with unexpected sweetness and depth. Crafted for Manual Brewing: Choose any manual brewing style—pour over, French press, AeroPress, Siphon, or Chemex—and it will work wonderfully. Each coffee’s distinct flavor profile is brought to life, delivering a rich and aromatic cup that highlights its unique complexity. Freshly Roasted for You: Roasted in small batches and shipped within 1–2 business days to ensure the freshest flavor possible. Quick Details Tasting Notes: Dried fig, raisin, black cherry, molasses, roasted walnut, dark cocoa Best For: Pour Over, French Press, AeroPress, Chemex, Siphon Origin: Coorg, Karnataka Net Weight: 250g Altitude: 900 Meters Above sea level Process: HSD (Honey Sun-dried) Varietal: CXR Roast Level: Medium What Makes This Limited Edition Unique? Single-Origin Excellence: These limited edition coffees are single-origin, crafted from unique regions, specific processes, and carefully selected farms. Each one offers a distinct flavor profile that reflects its origin and craftsmanship. Commitment to Freshness: We roast to order, ensuring your bag lands fresh, aromatic, and full of flavor. Sustainability Matters: Sourced directly, supporting regenerative farming and environmental stewardship. Estate Information - Ponnathmotte Estate A 20 km drive from the scenic Madikeri town of the Coorg district in Karnataka leads you to the sprawling Ponnathmotte Estate, where the rich aroma of coffee beans engulfs you. The word ‘Ponnathmotte’ means ‘Golden Hills’ in the local language. The estate was started over 80 years ago and is now looked after by the owners’ third generation. The region is blessed with adequate rainfall, rich soil, and an ideal climate suited to growing c",https://humblebean.com/products/coorg-red-honey-sun-dried-100-robusta-1,https://cdn.shopify.com/s/files/1/0699/2841/9608/files/3.png?v=1759828336,Coffee
"Coorg, Red Honey Sun Dried (100% Robusta)",Humble Bean,800.0,,Medium Roast,"Dried fig, raisin, black cherry, molasses",Coorg,"s, and carefully selected farms","Why You'll Love This Coffee Bold Yet Refined: This medium roast Robusta offers a syrupy body with deep, natural sweetness. Layers of dried fig, raisin, and black cherry meet molasses, roasted walnut, and dark cocoa, resulting in a rich and lingering finish. A bold yet refined Robusta with unexpected sweetness and depth. Crafted for Manual Brewing: Choose any manual brewing style—pour over, French press, AeroPress, Siphon, or Chemex—and it will work wonderfully. Each coffee’s distinct flavor profile is brought to life, delivering a rich and aromatic cup that highlights its unique complexity. Freshly Roasted for You: Roasted in small batches and shipped within 1–2 business days to ensure the freshest flavor possible. Quick Details Tasting Notes: Dried fig, raisin, black cherry, molasses, roasted walnut, dark cocoa Best For: Pour Over, French Press, AeroPress, Chemex, Siphon Origin: Coorg, Karnataka Net Weight: 250g Altitude: 900 Meters Above sea level Process: HSD (Honey Sun-dried) Varietal: CXR Roast Level: Medium What Makes This Limited Edition Unique? Single-Origin Excellence: These limited edition coffees are single-origin, crafted from unique regions, specific processes, and carefully selected farms. Each one offers a distinct flavor profile that reflects its origin and craftsmanship. Commitment to Freshness: We roast to order, ensuring your bag lands fresh, aromatic, and full of flavor. Sustainability Matters: Sourced directly, supporting regenerative farming and environmental stewardship. Estate Information - Ponnathmotte Estate A 20 km drive from the scenic Madikeri town of the Coorg district in Karnataka leads you to the sprawling Ponnathmotte Estate, where the rich aroma of coffee beans engulfs you. The word ‘Ponnathmotte’ means ‘Golden Hills’ in the local language. The estate was started over 80 years ago and is now looked after by the owners’ third generation. The region is blessed with adequate rainfall, rich soil, and an ideal climate suited to growing c",https://humblebean.com/products/coorg-red-honey-sun-dried-100-robusta-1,https://cdn.shopify.com/s/files/1/0699/2841/9608/files/3.png?v=1759828336,Coffee
"Coorg, Red Honey Sun Dried (100% Robusta)",Humble Bean,800.0,,Medium Roast,"Dried fig, raisin, black cherry, molasses",Coorg,"s, and carefully selected farms","Why You'll Love This Coffee Bold Yet Refined: This medium roast Robusta offers a syrupy body with deep, natural sweetness. Layers of dried fig, raisin, and black cherry meet molasses, roasted walnut, and dark cocoa, resulting in a rich and lingering finish. A bold yet refined Robusta with unexpected sweetness and depth. Crafted for Manual Brewing: Choose any manual brewing style—pour over, French press, AeroPress, Siphon, or Chemex—and it will work wonderfully. Each coffee’s distinct flavor profile is brought to life, delivering a rich and aromatic cup that highlights its unique complexity. Freshly Roasted for You: Roasted in small batches and shipped within 1–2 business days to ensure the freshest flavor possible. Quick Details Tasting Notes: Dried fig, raisin, black cherry, molasses, roasted walnut, dark cocoa Best For: Pour Over, French Press, AeroPress, Chemex, Siphon Origin: Coorg, Karnataka Net Weight: 250g Altitude: 900 Meters Above sea level Process: HSD (Honey Sun-dried) Varietal: CXR Roast Level: Medium What Makes This Limited Edition Unique? Single-Origin Excellence: These limited edition coffees are single-origin, crafted from unique regions, specific processes, and carefully selected farms. Each one offers a distinct flavor profile that reflects its origin and craftsmanship. Commitment to Freshness: We roast to order, ensuring your bag lands fresh, aromatic, and full of flavor. Sustainability Matters: Sourced directly, supporting regenerative farming and environmental stewardship. Estate Information - Ponnathmotte Estate A 20 km drive from the scenic Madikeri town of the Coorg district in Karnataka leads you to the sprawling Ponnathmotte Estate, where the rich aroma of coffee beans engulfs you. The word ‘Ponnathmotte’ means ‘Golden Hills’ in the local language. The estate was started over 80 years ago and is now looked after by the owners’ third generation. The region is blessed with adequate rainfall, rich soil, and an ideal climate suited to growing c",https://humblebean.com/products/coorg-red-honey-sun-dried-100-robusta-1,https://cdn.shopify.com/s/files/1/0699/2841/9608/files/3.png?v=1759828336,Coffee
"Coorg, Washed Whiskey Barrel Aged (100% Arabica)",Humble Bean,1000.0,,Medium Roast,"Bright fruit, vanilla, toasted oak, spice, boozy warmth Best For",Coorg,"s, and carefully selected farms","Why You'll Love This Coffee Bold and Refined: Premium Arabica beans are aged in authentic whiskey barrels to create a smooth, rich, and indulgent cup. Bright fruit notes meet warm vanilla, toasted oak, and a whisper of spice, culminating in a full-bodied coffee with a lingering, boozy warmth, all without any alcohol content. Crafted for Manual Brewing: Choose any manual brewing style—pour over, Frenchpress, AeroPress, Siphon, or Chemex—and it will work wonderfully. Each coffee’s distinct flavor profile is brought to life, delivering a rich and aromatic cup that highlights its unique complexity. Freshly Roasted for You: Roasted in small batches and shipped within 1–2 business days to ensure the freshest flavor possible. Quick Details Tasting Notes: Bright fruit, vanilla, toasted oak, spice, boozy warmth Best For : Pour Over, French Press, AeroPress, Chemex,Siphon Origin: Coorg, Karnataka Net Weight: 250g Altitude: 900 Meters Above sea level Process: Whiskey Barrel Aged (Washed) Varietal: Chandragiri Roast Level: Medium What Makes This Limited Edition Unique? Single-Origin Excellence: These limited edition coffees are single-origin, crafted from unique regions, specific processes, and carefully selected farms. Each one offers a distinct flavor profile that reflects its origin and craftsmanship. Commitment to Freshness: We roast to order, ensuring your bag lands fresh, aromatic, and full of flavor. Sustainability Matters: Sourced directly, supporting regenerative farming and environmental stewardship. Region Information (As planter hasnt given information) Coorg (Kodagu), in the heart of Karnataka, is famed as the coffee capital of India. Its lush hills grow some of the finest Arabica and Robusta beans under natural shade.The cool climate and rich soil create the perfect conditions for flavorful coffee.Spices like pepper and cardamom grow alongside, adding a distinct aroma to the beans.",https://humblebean.com/products/chikmagalur-washed-whiskey-barrel-aged-100-arabica,https://cdn.shopify.com/s/files/1/0699/2841/9608/files/7.png?v=1759828389,Coffee
"Coorg, Washed Whiskey Barrel Aged (100% Arabica)",Humble Bean,1000.0,Channi,Medium Roast,"Bright fruit, vanilla, toasted oak, spice, boozy warmth Best For",Coorg,"s, and carefully selected farms","Why You'll Love This Coffee Bold and Refined: Premium Arabica beans are aged in authentic whiskey barrels to create a smooth, rich, and indulgent cup. Bright fruit notes meet warm vanilla, toasted oak, and a whisper of spice, culminating in a full-bodied coffee with a lingering, boozy warmth, all without any alcohol content. Crafted for Manual Brewing: Choose any manual brewing style—pour over, Frenchpress, AeroPress, Siphon, or Chemex—and it will work wonderfully. Each coffee’s distinct flavor profile is brought to life, delivering a rich and aromatic cup that highlights its unique complexity. Freshly Roasted for You: Roasted in small batches and shipped within 1–2 business days to ensure the freshest flavor possible. Quick Details Tasting Notes: Bright fruit, vanilla, toasted oak, spice, boozy warmth Best For : Pour Over, French Press, AeroPress, Chemex,Siphon Origin: Coorg, Karnataka Net Weight: 250g Altitude: 900 Meters Above sea level Process: Whiskey Barrel Aged (Washed) Varietal: Chandragiri Roast Level: Medium What Makes This Limited Edition Unique? Single-Origin Excellence: These limited edition coffees are single-origin, crafted from unique regions, specific processes, and carefully selected farms. Each one offers a distinct flavor profile that reflects its origin and craftsmanship. Commitment to Freshness: We roast to order, ensuring your bag lands fresh, aromatic, and full of flavor. Sustainability Matters: Sourced directly, supporting regenerative farming and environmental stewardship. Region Information (As planter hasnt given information) Coorg (Kodagu), in the heart of Karnataka, is famed as the coffee capital of India. Its lush hills grow some of the finest Arabica and Robusta beans under natural shade.The cool climate and rich soil create the perfect conditions for flavorful coffee.Spices like pepper and cardamom grow alongside, adding a distinct aroma to the beans.",https://humblebean.com/products/chikmagalur-washed-whiskey-barrel-aged-100-arabica,https://cdn.shopify.com/s/files/1/0699/2841/9608/files/7.png?v=1759828389,Coffee
"Coorg, Washed Whiskey Barrel Aged (100% Arabica)",Humble Bean,1000.0,,Medium Roast,"Bright fruit, vanilla, toasted oak, spice, boozy warmth Best For",Coorg,"s, and carefully selected farms","Why You'll Love This Coffee Bold and Refined: Premium Arabica beans are aged in authentic whiskey barrels to create a smooth, rich, and indulgent cup. Bright fruit notes meet warm vanilla, toasted oak, and a whisper of spice, culminating in a full-bodied coffee with a lingering, boozy warmth, all without any alcohol content. Crafted for Manual Brewing: Choose any manual brewing style—pour over, Frenchpress, AeroPress, Siphon, or Chemex—and it will work wonderfully. Each coffee’s distinct flavor profile is brought to life, delivering a rich and aromatic cup that highlights its unique complexity. Freshly Roasted for You: Roasted in small batches and shipped within 1–2 business days to ensure the freshest flavor possible. Quick Details Tasting Notes: Bright fruit, vanilla, toasted oak, spice, boozy warmth Best For : Pour Over, French Press, AeroPress, Chemex,Siphon Origin: Coorg, Karnataka Net Weight: 250g Altitude: 900 Meters Above sea level Process: Whiskey Barrel Aged (Washed) Varietal: Chandragiri Roast Level: Medium What Makes This Limited Edition Unique? Single-Origin Excellence: These limited edition coffees are single-origin, crafted from unique regions, specific processes, and carefully selected farms. Each one offers a distinct flavor profile that reflects its origin and craftsmanship. Commitment to Freshness: We roast to order, ensuring your bag lands fresh, aromatic, and full of flavor. Sustainability Matters: Sourced directly, supporting regenerative farming and environmental stewardship. Region Information (As planter hasnt given information) Coorg (Kodagu), in the heart of Karnataka, is famed as the coffee capital of India. Its lush hills grow some of the finest Arabica and Robusta beans under natural shade.The cool climate and rich soil create the perfect conditions for flavorful coffee.Spices like pepper and cardamom grow alongside, adding a distinct aroma to the beans.",https://humblebean.com/products/chikmagalur-washed-whiskey-barrel-aged-100-arabica,https://cdn.shopify.com/s/files/1/0699/2841/9608/files/7.png?v=1759828389,Coffee
"Coorg, Washed Whiskey Barrel Aged (100% Arabica)",Humble Bean,1000.0,,Medium Roast,"Bright fruit, vanilla, toasted oak, spice, boozy warmth Best For",Coorg,"s, and carefully selected farms","Why You'll Love This Coffee Bold and Refined: Premium Arabica beans are aged in authentic whiskey barrels to create a smooth, rich, and indulgent cup. Bright fruit notes meet warm vanilla, toasted oak, and a whisper of spice, culminating in a full-bodied coffee with a lingering, boozy warmth, all without any alcohol content. Crafted for Manual Brewing: Choose any manual brewing style—pour over, Frenchpress, AeroPress, Siphon, or Chemex—and it will work wonderfully. Each coffee’s distinct flavor profile is brought to life, delivering a rich and aromatic cup that highlights its unique complexity. Freshly Roasted for You: Roasted in small batches and shipped within 1–2 business days to ensure the freshest flavor possible. Quick Details Tasting Notes: Bright fruit, vanilla, toasted oak, spice, boozy warmth Best For : Pour Over, French Press, AeroPress, Chemex,Siphon Origin: Coorg, Karnataka Net Weight: 250g Altitude: 900 Meters Above sea level Process: Whiskey Barrel Aged (Washed) Varietal: Chandragiri Roast Level: Medium What Makes This Limited Edition Unique? Single-Origin Excellence: These limited edition coffees are single-origin, crafted from unique regions, specific processes, and carefully selected farms. Each one offers a distinct flavor profile that reflects its origin and craftsmanship. Commitment to Freshness: We roast to order, ensuring your bag lands fresh, aromatic, and full of flavor. Sustainability Matters: Sourced directly, supporting regenerative farming and environmental stewardship. Region Information (As planter hasnt given information) Coorg (Kodagu), in the heart of Karnataka, is famed as the coffee capital of India. Its lush hills grow some of the finest Arabica and Robusta beans under natural shade.The cool climate and rich soil create the perfect conditions for flavorful coffee.Spices like pepper and cardamom grow alongside, adding a distinct aroma to the beans.",https://humblebean.com/products/chikmagalur-washed-whiskey-barrel-aged-100-arabica,https://cdn.shopify.com/s/files/1/0699/2841/9608/files/7.png?v=1759828389,Coffee
"Coorg, Washed Whiskey Barrel Aged (100% Arabica)",Humble Bean,1000.0,Aero Press,Medium Roast,"Bright fruit, vanilla, toasted oak, spice, boozy warmth Best For",Coorg,"s, and carefully selected farms","Why You'll Love This Coffee Bold and Refined: Premium Arabica beans are aged in authentic whiskey barrels to create a smooth, rich, and indulgent cup. Bright fruit notes meet warm vanilla, toasted oak, and a whisper of spice, culminating in a full-bodied coffee with a lingering, boozy warmth, all without any alcohol content. Crafted for Manual Brewing: Choose any manual brewing style—pour over, Frenchpress, AeroPress, Siphon, or Chemex—and it will work wonderfully. Each coffee’s distinct flavor profile is brought to life, delivering a rich and aromatic cup that highlights its unique complexity. Freshly Roasted for You: Roasted in small batches and shipped within 1–2 business days to ensure the freshest flavor possible. Quick Details Tasting Notes: Bright fruit, vanilla, toasted oak, spice, boozy warmth Best For : Pour Over, French Press, AeroPress, Chemex,Siphon Origin: Coorg, Karnataka Net Weight: 250g Altitude: 900 Meters Above sea level Process: Whiskey Barrel Aged (Washed) Varietal: Chandragiri Roast Level: Medium What Makes This Limited Edition Unique? Single-Origin Excellence: These limited edition coffees are single-origin, crafted from unique regions, specific processes, and carefully selected farms. Each one offers a distinct flavor profile that reflects its origin and craftsmanship. Commitment to Freshness: We roast to order, ensuring your bag lands fresh, aromatic, and full of flavor. Sustainability Matters: Sourced directly, supporting regenerative farming and environmental stewardship. Region Information (As planter hasnt given information) Coorg (Kodagu), in the heart of Karnataka, is famed as the coffee capital of India. Its lush hills grow some of the finest Arabica and Robusta beans under natural shade.The cool climate and rich soil create the perfect conditions for flavorful coffee.Spices like pepper and cardamom grow alongside, adding a distinct aroma to the beans.",https://humblebean.com/products/chikmagalur-washed-whiskey-barrel-aged-100-arabica,https://cdn.shopify.com/s/files/1/0699/2841/9608/files/7.png?v=1759828389,Coffee
"Coorg, Washed Whiskey Barrel Aged (100% Arabica)",Humble Bean,1000.0,,Medium Roast,"Bright fruit, vanilla, toasted oak, spice, boozy warmth Best For",Coorg,"s, and carefully selected farms","Why You'll Love This Coffee Bold and Refined: Premium Arabica beans are aged in authentic whiskey barrels to create a smooth, rich, and indulgent cup. Bright fruit notes meet warm vanilla, toasted oak, and a whisper of spice, culminating in a full-bodied coffee with a lingering, boozy warmth, all without any alcohol content. Crafted for Manual Brewing: Choose any manual brewing style—pour over, Frenchpress, AeroPress, Siphon, or Chemex—and it will work wonderfully. Each coffee’s distinct flavor profile is brought to life, delivering a rich and aromatic cup that highlights its unique complexity. Freshly Roasted for You: Roasted in small batches and shipped within 1–2 business days to ensure the freshest flavor possible. Quick Details Tasting Notes: Bright fruit, vanilla, toasted oak, spice, boozy warmth Best For : Pour Over, French Press, AeroPress, Chemex,Siphon Origin: Coorg, Karnataka Net Weight: 250g Altitude: 900 Meters Above sea level Process: Whiskey Barrel Aged (Washed) Varietal: Chandragiri Roast Level: Medium What Makes This Limited Edition Unique? Single-Origin Excellence: These limited edition coffees are single-origin, crafted from unique regions, specific processes, and carefully selected farms. Each one offers a distinct flavor profile that reflects its origin and craftsmanship. Commitment to Freshness: We roast to order, ensuring your bag lands fresh, aromatic, and full of flavor. Sustainability Matters: Sourced directly, supporting regenerative farming and environmental stewardship. Region Information (As planter hasnt given information) Coorg (Kodagu), in the heart of Karnataka, is famed as the coffee capital of India. Its lush hills grow some of the finest Arabica and Robusta beans under natural shade.The cool climate and rich soil create the perfect conditions for flavorful coffee.Spices like pepper and cardamom grow alongside, adding a distinct aroma to the beans.",https://humblebean.com/products/chikmagalur-washed-whiskey-barrel-aged-100-arabica,https://cdn.shopify.com/s/files/1/0699/2841/9608/files/7.png?v=1759828389,Coffee
"Coorg, Washed Whiskey Barrel Aged (100% Arabica)",Humble Bean,1000.0,,Medium Roast,"Bright fruit, vanilla, toasted oak, spice, boozy warmth Best For",Coorg,"s, and carefully selected farms","Why You'll Love This Coffee Bold and Refined: Premium Arabica beans are aged in authentic whiskey barrels to create a smooth, rich, and indulgent cup. Bright fruit notes meet warm vanilla, toasted oak, and a whisper of spice, culminating in a full-bodied coffee with a lingering, boozy warmth, all without any alcohol content. Crafted for Manual Brewing: Choose any manual brewing style—pour over, Frenchpress, AeroPress, Siphon, or Chemex—and it will work wonderfully. Each coffee’s distinct flavor profile is brought to life, delivering a rich and aromatic cup that highlights its unique complexity. Freshly Roasted for You: Roasted in small batches and shipped within 1–2 business days to ensure the freshest flavor possible. Quick Details Tasting Notes: Bright fruit, vanilla, toasted oak, spice, boozy warmth Best For : Pour Over, French Press, AeroPress, Chemex,Siphon Origin: Coorg, Karnataka Net Weight: 250g Altitude: 900 Meters Above sea level Process: Whiskey Barrel Aged (Washed) Varietal: Chandragiri Roast Level: Medium What Makes This Limited Edition Unique? Single-Origin Excellence: These limited edition coffees are single-origin, crafted from unique regions, specific processes, and carefully selected farms. Each one offers a distinct flavor profile that reflects its origin and craftsmanship. Commitment to Freshness: We roast to order, ensuring your bag lands fresh, aromatic, and full of flavor. Sustainability Matters: Sourced directly, supporting regenerative farming and environmental stewardship. Region Information (As planter hasnt given information) Coorg (Kodagu), in the heart of Karnataka, is famed as the coffee capital of India. Its lush hills grow some of the finest Arabica and Robusta beans under natural shade.The cool climate and rich soil create the perfect conditions for flavorful coffee.Spices like pepper and cardamom grow alongside, adding a distinct aroma to the beans.",https://humblebean.com/products/chikmagalur-washed-whiskey-barrel-aged-100-arabica,https://cdn.shopify.com/s/files/1/0699/2841/9608/files/7.png?v=1759828389,Coffee
Espresso Blend,Humble Bean,600.0,,Medium-Dark Roast,"Toffee, cocoa, dark chocolate Best For - Flair",Chikmagalur,Washed,"Why You'll Love This Coffee • Bold, Balanced, and Brew-Ready: A rich blend of washed and unwashed Arabicas from Chikmagalur and Coorg, designed for depth and versatility, It is equally delicious as a straight espresso or in milk-based drinks. • Source You Can Trust: Ethically grown at high altitudes by small and medium farms dedicated to sustainable, responsible practices. • Roasted Fresh, Delivered Fast: Roasted in micro-lots and shipped within 1–2 business days to ensure peak flavor and freshness. Quick Details Tasting Notes - Toffee, cocoa, dark chocolate Best For - Flair, Moka Pot, Bean to Cup Machines, All types of Espresso Machines Origin - Chikmagalur, Coorg Net Weight -  250g Altitude - 900–1,200m Process - Washed + Unwashed Arabicas Roast Level - Medium-Dark Varietal - Traditional Arabica Cultivars What Makes Our Espresso Blend Unique? • Optimized for Extraction: Roasted to unlock rich crema, dense body, and aromatic complexity, this blend thrives under pressure. • Milk-Friendly, Yet Bold Solo: Its strong structure holds up beautifully with milk but is equally satisfying as a straight espresso or Moka Pot brew. • Freshness You Can Taste: We roast to order and ship quickly to deliver a full-bodied, aromatic experience in every cup.",https://humblebean.com/products/espresso-blend,https://cdn.shopify.com/s/files/1/0699/2841/9608/files/Gemini_Generated_Image_kj8cwikj8cwikj8c.png?v=1770893797,Coffee
Espresso Blend,Humble Bean,600.0,,Medium-Dark Roast,"Toffee, cocoa, dark chocolate Best For - Flair",Chikmagalur,Washed,"Why You'll Love This Coffee • Bold, Balanced, and Brew-Ready: A rich blend of washed and unwashed Arabicas from Chikmagalur and Coorg, designed for depth and versatility, It is equally delicious as a straight espresso or in milk-based drinks. • Source You Can Trust: Ethically grown at high altitudes by small and medium farms dedicated to sustainable, responsible practices. • Roasted Fresh, Delivered Fast: Roasted in micro-lots and shipped within 1–2 business days to ensure peak flavor and freshness. Quick Details Tasting Notes - Toffee, cocoa, dark chocolate Best For - Flair, Moka Pot, Bean to Cup Machines, All types of Espresso Machines Origin - Chikmagalur, Coorg Net Weight -  250g Altitude - 900–1,200m Process - Washed + Unwashed Arabicas Roast Level - Medium-Dark Varietal - Traditional Arabica Cultivars What Makes Our Espresso Blend Unique? • Optimized for Extraction: Roasted to unlock rich crema, dense body, and aromatic complexity, this blend thrives under pressure. • Milk-Friendly, Yet Bold Solo: Its strong structure holds up beautifully with milk but is equally satisfying as a straight espresso or Moka Pot brew. • Freshness You Can Taste: We roast to order and ship quickly to deliver a full-bodied, aromatic experience in every cup.",https://humblebean.com/products/espresso-blend,https://cdn.shopify.com/s/files/1/0699/2841/9608/files/Gemini_Generated_Image_kj8cwikj8cwikj8c.png?v=1770893797,Coffee
Espresso Blend,Humble Bean,600.0,,Medium-Dark Roast,"Toffee, cocoa, dark chocolate Best For - Flair",Chikmagalur,Washed,"Why You'll Love This Coffee • Bold, Balanced, and Brew-Ready: A rich blend of washed and unwashed Arabicas from Chikmagalur and Coorg, designed for depth and versatility, It is equally delicious as a straight espresso or in milk-based drinks. • Source You Can Trust: Ethically grown at high altitudes by small and medium farms dedicated to sustainable, responsible practices. • Roasted Fresh, Delivered Fast: Roasted in micro-lots and shipped within 1–2 business days to ensure peak flavor and freshness. Quick Details Tasting Notes - Toffee, cocoa, dark chocolate Best For - Flair, Moka Pot, Bean to Cup Machines, All types of Espresso Machines Origin - Chikmagalur, Coorg Net Weight -  250g Altitude - 900–1,200m Process - Washed + Unwashed Arabicas Roast Level - Medium-Dark Varietal - Traditional Arabica Cultivars What Makes Our Espresso Blend Unique? • Optimized for Extraction: Roasted to unlock rich crema, dense body, and aromatic complexity, this blend thrives under pressure. • Milk-Friendly, Yet Bold Solo: Its strong structure holds up beautifully with milk but is equally satisfying as a straight espresso or Moka Pot brew. • Freshness You Can Taste: We roast to order and ship quickly to deliver a full-bodied, aromatic experience in every cup.",https://humblebean.com/products/espresso-blend,https://cdn.shopify.com/s/files/1/0699/2841/9608/files/Gemini_Generated_Image_kj8cwikj8cwikj8c.png?v=1770893797,Coffee
House Blend - Light Roast,Humble Bean,650.0,,Light Roast,Fruity & berry notes with a light body,Coorg,Natural,"Processing : Washed + Unwashed Arabicas Tasting Notes : Fruity & berry notes with a light body. Brewing recommendation : Aero Press | Pour-Over | Chemex Net Weight : 250g Varietal : SLN 795 Altitude : 1000MSL Our house blend is a carefully curated mix of single-origin 100% Arabica coffees grown from single regions in Coorg. Two techniques are employed to process these Arabica cherries – Washed and fermented, Unwashed and naturally sun-dried. This mix of processing techniques is a blender’s delight resulting in a delicious combination of beans that complement each other. This innovative mix of beans when lightly roasted offers distinctive fruit & berry notes with a light, clarified body, and a berry-tea rose aroma. With a slightly higher caffeine content, this light roast house blend is perfect for a drip technique using a Pour-Over or a Chemex.",https://humblebean.com/products/house-blend-light-roast,https://cdn.shopify.com/s/files/1/0699/2841/9608/products/LightRoast.jpg?v=1676292384,Coffee
House Blend - Light Roast,Humble Bean,650.0,Channi,Light Roast,Fruity & berry notes with a light body,Coorg,Natural,"Processing : Washed + Unwashed Arabicas Tasting Notes : Fruity & berry notes with a light body. Brewing recommendation : Aero Press | Pour-Over | Chemex Net Weight : 250g Varietal : SLN 795 Altitude : 1000MSL Our house blend is a carefully curated mix of single-origin 100% Arabica coffees grown from single regions in Coorg. Two techniques are employed to process these Arabica cherries – Washed and fermented, Unwashed and naturally sun-dried. This mix of processing techniques is a blender’s delight resulting in a delicious combination of beans that complement each other. This innovative mix of beans when lightly roasted offers distinctive fruit & berry notes with a light, clarified body, and a berry-tea rose aroma. With a slightly higher caffeine content, this light roast house blend is perfect for a drip technique using a Pour-Over or a Chemex.",https://humblebean.com/products/house-blend-light-roast,https://cdn.shopify.com/s/files/1/0699/2841/9608/products/LightRoast.jpg?v=1676292384,Coffee
House Blend - Light Roast,Humble Bean,650.0,,Light Roast,Fruity & berry notes with a light body,Coorg,Natural,"Processing : Washed + Unwashed Arabicas Tasting Notes : Fruity & berry notes with a light body. Brewing recommendation : Aero Press | Pour-Over | Chemex Net Weight : 250g Varietal : SLN 795 Altitude : 1000MSL Our house blend is a carefully curated mix of single-origin 100% Arabica coffees grown from single regions in Coorg. Two techniques are employed to process these Arabica cherries – Washed and fermented, Unwashed and naturally sun-dried. This mix of processing techniques is a blender’s delight resulting in a delicious combination of beans that complement each other. This innovative mix of beans when lightly roasted offers distinctive fruit & berry notes with a light, clarified body, and a berry-tea rose aroma. With a slightly higher caffeine content, this light roast house blend is perfect for a drip technique using a Pour-Over or a Chemex.",https://humblebean.com/products/house-blend-light-roast,https://cdn.shopify.com/s/files/1/0699/2841/9608/products/LightRoast.jpg?v=1676292384,Coffee
House Blend - Light Roast,Humble Bean,650.0,,Light Roast,Fruity & berry notes with a light body,Coorg,Natural,"Processing : Washed + Unwashed Arabicas Tasting Notes : Fruity & berry notes with a light body. Brewing recommendation : Aero Press | Pour-Over | Chemex Net Weight : 250g Varietal : SLN 795 Altitude : 1000MSL Our house blend is a carefully curated mix of single-origin 100% Arabica coffees grown from single regions in Coorg. Two techniques are employed to process these Arabica cherries – Washed and fermented, Unwashed and naturally sun-dried. This mix of processing techniques is a blender’s delight resulting in a delicious combination of beans that complement each other. This innovative mix of beans when lightly roasted offers distinctive fruit & berry notes with a light, clarified body, and a berry-tea rose aroma. With a slightly higher caffeine content, this light roast house blend is perfect for a drip technique using a Pour-Over or a Chemex.",https://humblebean.com/products/house-blend-light-roast,https://cdn.shopify.com/s/files/1/0699/2841/9608/products/LightRoast.jpg?v=1676292384,Coffee
House Blend - Light Roast,Humble Bean,650.0,,Light Roast,Fruity & berry notes with a light body,Coorg,Natural,"Processing : Washed + Unwashed Arabicas Tasting Notes : Fruity & berry notes with a light body. Brewing recommendation : Aero Press | Pour-Over | Chemex Net Weight : 250g Varietal : SLN 795 Altitude : 1000MSL Our house blend is a carefully curated mix of single-origin 100% Arabica coffees grown from single regions in Coorg. Two techniques are employed to process these Arabica cherries – Washed and fermented, Unwashed and naturally sun-dried. This mix of processing techniques is a blender’s delight resulting in a delicious combination of beans that complement each other. This innovative mix of beans when lightly roasted offers distinctive fruit & berry notes with a light, clarified body, and a berry-tea rose aroma. With a slightly higher caffeine content, this light roast house blend is perfect for a drip technique using a Pour-Over or a Chemex.",https://humblebean.com/products/house-blend-light-roast,https://cdn.shopify.com/s/files/1/0699/2841/9608/products/LightRoast.jpg?v=1676292384,Coffee
House Blend - Light Roast,Humble Bean,650.0,Aero Press,Light Roast,Fruity & berry notes with a light body,Coorg,Natural,"Processing : Washed + Unwashed Arabicas Tasting Notes : Fruity & berry notes with a light body. Brewing recommendation : Aero Press | Pour-Over | Chemex Net Weight : 250g Varietal : SLN 795 Altitude : 1000MSL Our house blend is a carefully curated mix of single-origin 100% Arabica coffees grown from single regions in Coorg. Two techniques are employed to process these Arabica cherries – Washed and fermented, Unwashed and naturally sun-dried. This mix of processing techniques is a blender’s delight resulting in a delicious combination of beans that complement each other. This innovative mix of beans when lightly roasted offers distinctive fruit & berry notes with a light, clarified body, and a berry-tea rose aroma. With a slightly higher caffeine content, this light roast house blend is perfect for a drip technique using a Pour-Over or a Chemex.",https://humblebean.com/products/house-blend-light-roast,https://cdn.shopify.com/s/files/1/0699/2841/9608/products/LightRoast.jpg?v=1676292384,Coffee
House Blend - Light Roast,Humble Bean,650.0,,Light Roast,Fruity & berry notes with a light body,Coorg,Natural,"Processing : Washed + Unwashed Arabicas Tasting Notes : Fruity & berry notes with a light body. Brewing recommendation : Aero Press | Pour-Over | Chemex Net Weight : 250g Varietal : SLN 795 Altitude : 1000MSL Our house blend is a carefully curated mix of single-origin 100% Arabica coffees grown from single regions in Coorg. Two techniques are employed to process these Arabica cherries – Washed and fermented, Unwashed and naturally sun-dried. This mix of processing techniques is a blender’s delight resulting in a delicious combination of beans that complement each other. This innovative mix of beans when lightly roasted offers distinctive fruit & berry notes with a light, clarified body, and a berry-tea rose aroma. With a slightly higher caffeine content, this light roast house blend is perfect for a drip technique using a Pour-Over or a Chemex.",https://humblebean.com/products/house-blend-light-roast,https://cdn.shopify.com/s/files/1/0699/2841/9608/products/LightRoast.jpg?v=1676292384,Coffee
House Blend - Medium Roast,Humble Bean,650.0,,Medium Roast,"Nutty, dark chocolate notes with a balanced body",Coorg,Natural,"Processing : Washed + Unwashed Arabicas Tasting Notes : Nutty, dark chocolate notes with a balanced body. Brewing recommendation : French Press | Pour Over Net Weight : 250g Altitude: 1000- 1200 MSL Varietal: Mix Our house blend is a carefully curated mix of single-origin 100% Arabica coffees grown from single regions in Coorg. Two techniques are employed to process these Arabica cherries – Washed and fermented, Unwashed and naturally sun-dried. This mix of processing techniques is a blender’s delight resulting in a delicious combination of beans that complement each other. This medium roasted blend emanates a beautiful aroma of Lemongrass and walnuts, evocative of its natural surroundings. It has full bodied, dark chocolate notes that linger and finishes off with a smooth, Nutty aftertaste. Our medium roast blend is perfect for a Pour Over or a French Press.",https://humblebean.com/products/house-blend-medium-roast,https://cdn.shopify.com/s/files/1/0699/2841/9608/products/MediumRoast.jpg?v=1676293274,Coffee
House Blend - Medium Roast,Humble Bean,650.0,Channi,Medium Roast,"Nutty, dark chocolate notes with a balanced body",Coorg,Natural,"Processing : Washed + Unwashed Arabicas Tasting Notes : Nutty, dark chocolate notes with a balanced body. Brewing recommendation : French Press | Pour Over Net Weight : 250g Altitude: 1000- 1200 MSL Varietal: Mix Our house blend is a carefully curated mix of single-origin 100% Arabica coffees grown from single regions in Coorg. Two techniques are employed to process these Arabica cherries – Washed and fermented, Unwashed and naturally sun-dried. This mix of processing techniques is a blender’s delight resulting in a delicious combination of beans that complement each other. This medium roasted blend emanates a beautiful aroma of Lemongrass and walnuts, evocative of its natural surroundings. It has full bodied, dark chocolate notes that linger and finishes off with a smooth, Nutty aftertaste. Our medium roast blend is perfect for a Pour Over or a French Press.",https://humblebean.com/products/house-blend-medium-roast,https://cdn.shopify.com/s/files/1/0699/2841/9608/products/MediumRoast.jpg?v=1676293274,Coffee
House Blend - Medium Roast,Humble Bean,650.0,,Medium Roast,"Nutty, dark chocolate notes with a balanced body",Coorg,Natural,"Processing : Washed + Unwashed Arabicas Tasting Notes : Nutty, dark chocolate notes with a balanced body. Brewing recommendation : French Press | Pour Over Net Weight : 250g Altitude: 1000- 1200 MSL Varietal: Mix Our house blend is a carefully curated mix of single-origin 100% Arabica coffees grown from single regions in Coorg. Two techniques are employed to process these Arabica cherries – Washed and fermented, Unwashed and naturally sun-dried. This mix of processing techniques is a blender’s delight resulting in a delicious combination of beans that complement each other. This medium roasted blend emanates a beautiful aroma of Lemongrass and walnuts, evocative of its natural surroundings. It has full bodied, dark chocolate notes that linger and finishes off with a smooth, Nutty aftertaste. Our medium roast blend is perfect for a Pour Over or a French Press.",https://humblebean.com/products/house-blend-medium-roast,https://cdn.shopify.com/s/files/1/0699/2841/9608/products/MediumRoast.jpg?v=1676293274,Coffee
House Blend - Medium Roast,Humble Bean,650.0,,Medium Roast,"Nutty, dark chocolate notes with a balanced body",Coorg,Natural,"Processing : Washed + Unwashed Arabicas Tasting Notes : Nutty, dark chocolate notes with a balanced body. Brewing recommendation : French Press | Pour Over Net Weight : 250g Altitude: 1000- 1200 MSL Varietal: Mix Our house blend is a carefully curated mix of single-origin 100% Arabica coffees grown from single regions in Coorg. Two techniques are employed to process these Arabica cherries – Washed and fermented, Unwashed and naturally sun-dried. This mix of processing techniques is a blender’s delight resulting in a delicious combination of beans that complement each other. This medium roasted blend emanates a beautiful aroma of Lemongrass and walnuts, evocative of its natural surroundings. It has full bodied, dark chocolate notes that linger and finishes off with a smooth, Nutty aftertaste. Our medium roast blend is perfect for a Pour Over or a French Press.",https://humblebean.com/products/house-blend-medium-roast,https://cdn.shopify.com/s/files/1/0699/2841/9608/products/MediumRoast.jpg?v=1676293274,Coffee
House Blend - Medium Roast,Humble Bean,650.0,,Medium Roast,"Nutty, dark chocolate notes with a balanced body",Coorg,Natural,"Processing : Washed + Unwashed Arabicas Tasting Notes : Nutty, dark chocolate notes with a balanced body. Brewing recommendation : French Press | Pour Over Net Weight : 250g Altitude: 1000- 1200 MSL Varietal: Mix Our house blend is a carefully curated mix of single-origin 100% Arabica coffees grown from single regions in Coorg. Two techniques are employed to process these Arabica cherries – Washed and fermented, Unwashed and naturally sun-dried. This mix of processing techniques is a blender’s delight resulting in a delicious combination of beans that complement each other. This medium roasted blend emanates a beautiful aroma of Lemongrass and walnuts, evocative of its natural surroundings. It has full bodied, dark chocolate notes that linger and finishes off with a smooth, Nutty aftertaste. Our medium roast blend is perfect for a Pour Over or a French Press.",https://humblebean.com/products/house-blend-medium-roast,https://cdn.shopify.com/s/files/1/0699/2841/9608/products/MediumRoast.jpg?v=1676293274,Coffee
House Blend - Medium Roast,Humble Bean,650.0,Aero Press,Medium Roast,"Nutty, dark chocolate notes with a balanced body",Coorg,Natural,"Processing : Washed + Unwashed Arabicas Tasting Notes : Nutty, dark chocolate notes with a balanced body. Brewing recommendation : French Press | Pour Over Net Weight : 250g Altitude: 1000- 1200 MSL Varietal: Mix Our house blend is a carefully curated mix of single-origin 100% Arabica coffees grown from single regions in Coorg. Two techniques are employed to process these Arabica cherries – Washed and fermented, Unwashed and naturally sun-dried. This mix of processing techniques is a blender’s delight resulting in a delicious combination of beans that complement each other. This medium roasted blend emanates a beautiful aroma of Lemongrass and walnuts, evocative of its natural surroundings. It has full bodied, dark chocolate notes that linger and finishes off with a smooth, Nutty aftertaste. Our medium roast blend is perfect for a Pour Over or a French Press.",https://humblebean.com/products/house-blend-medium-roast,https://cdn.shopify.com/s/files/1/0699/2841/9608/products/MediumRoast.jpg?v=1676293274,Coffee
House Blend - Medium Roast,Humble Bean,650.0,,Medium Roast,"Nutty, dark chocolate notes with a balanced body",Coorg,Natural,"Processing : Washed + Unwashed Arabicas Tasting Notes : Nutty, dark chocolate notes with a balanced body. Brewing recommendation : French Press | Pour Over Net Weight : 250g Altitude: 1000- 1200 MSL Varietal: Mix Our house blend is a carefully curated mix of single-origin 100% Arabica coffees grown from single regions in Coorg. Two techniques are employed to process these Arabica cherries – Washed and fermented, Unwashed and naturally sun-dried. This mix of processing techniques is a blender’s delight resulting in a delicious combination of beans that complement each other. This medium roasted blend emanates a beautiful aroma of Lemongrass and walnuts, evocative of its natural surroundings. It has full bodied, dark chocolate notes that linger and finishes off with a smooth, Nutty aftertaste. Our medium roast blend is perfect for a Pour Over or a French Press.",https://humblebean.com/products/house-blend-medium-roast,https://cdn.shopify.com/s/files/1/0699/2841/9608/products/MediumRoast.jpg?v=1676293274,Coffee
Cold Brew Blend,Humble Bean,600.0,,Medium-Dark Roast,"Strong cocoa, dark chocolate, creamy mouthfeel Brewing recommendation",Chikmagalur,Washed,"Processing : Washed + Unwashed Arabicas, Unwashed Robusta Tasting Notes: Strong cocoa, dark chocolate, creamy mouthfeel Brewing recommendation : Drip method | Immersion method Net Weight : 250g Varietal : SLN 795 + Peridinial Altitude : 1200MSL Chikmagalur, 1000MSL Coorg Our Cold brew blend is an exquisite mix of single-origin Arabica beans and Robusta beans, processed with washed and unwashed techniques, for maximum aroma and a full body. This Medium-dark roasted blend has whiffs of maple and honey while offering notes of strong Cocoa & dark chocolate, finishing off with a creamy, well-rounded mouthfeel. Best steeped slowly over time using the Drip or Immersion technique.",https://humblebean.com/products/cold-brew-blend,https://cdn.shopify.com/s/files/1/0699/2841/9608/products/ColdBrew.jpg?v=1676293088,Coffee
Cold Brew Blend,Humble Bean,600.0,,Medium-Dark Roast,"Strong cocoa, dark chocolate, creamy mouthfeel Brewing recommendation",Chikmagalur,Washed,"Processing : Washed + Unwashed Arabicas, Unwashed Robusta Tasting Notes: Strong cocoa, dark chocolate, creamy mouthfeel Brewing recommendation : Drip method | Immersion method Net Weight : 250g Varietal : SLN 795 + Peridinial Altitude : 1200MSL Chikmagalur, 1000MSL Coorg Our Cold brew blend is an exquisite mix of single-origin Arabica beans and Robusta beans, processed with washed and unwashed techniques, for maximum aroma and a full body. This Medium-dark roasted blend has whiffs of maple and honey while offering notes of strong Cocoa & dark chocolate, finishing off with a creamy, well-rounded mouthfeel. Best steeped slowly over time using the Drip or Immersion technique.",https://humblebean.com/products/cold-brew-blend,https://cdn.shopify.com/s/files/1/0699/2841/9608/products/ColdBrew.jpg?v=1676293088,Coffee
Cappuccino Blend,Humble Bean,600.0,,,"Caramel, strong cocoa, dark chocolate, with a velvety finish",Chikmagalur,Washed,"Processing: Washed + Unwashed Arabicas, Unwashed Robusta Tasting Notes: Caramel, strong cocoa, dark chocolate, with a velvety finish. Brewing recommendation : Moka Pot | Bean to Cup machine Net Weight : 250g Varietal : SLN 795 + Peridinial Altitude : 1200MSL Chikmagalur, 1000MSL Coorg Our Cappuccino blend brings out the best of both worlds – where two coffee beans combine for an intoxicating brew with a Malty, Raisin-like, and buttery aroma. Single-origin Arabicas and Single-origin Robustas undergo a mix of processing techniques, resulting in a delicious combination of beans that complement each other. This Medium-Dark Roast blend reveals itself with every mouthful. A tango of flavour – salty- sweet Caramel, strong Cocoa, smooth dark chocolate, come together and end in a perfect velvety finish. The flavours of this blend are enhanced when complemented by milk, best brewed through a Moka Pot, or Bean to Cup machine.",https://humblebean.com/products/cappuccino-blend,https://cdn.shopify.com/s/files/1/0699/2841/9608/products/Cappucino.jpg?v=1676292144,Coffee
Cappuccino Blend,Humble Bean,600.0,,,"Caramel, strong cocoa, dark chocolate, with a velvety finish",Chikmagalur,Washed,"Processing: Washed + Unwashed Arabicas, Unwashed Robusta Tasting Notes: Caramel, strong cocoa, dark chocolate, with a velvety finish. Brewing recommendation : Moka Pot | Bean to Cup machine Net Weight : 250g Varietal : SLN 795 + Peridinial Altitude : 1200MSL Chikmagalur, 1000MSL Coorg Our Cappuccino blend brings out the best of both worlds – where two coffee beans combine for an intoxicating brew with a Malty, Raisin-like, and buttery aroma. Single-origin Arabicas and Single-origin Robustas undergo a mix of processing techniques, resulting in a delicious combination of beans that complement each other. This Medium-Dark Roast blend reveals itself with every mouthful. A tango of flavour – salty- sweet Caramel, strong Cocoa, smooth dark chocolate, come together and end in a perfect velvety finish. The flavours of this blend are enhanced when complemented by milk, best brewed through a Moka Pot, or Bean to Cup machine.",https://humblebean.com/products/cappuccino-blend,https://cdn.shopify.com/s/files/1/0699/2841/9608/products/Cappucino.jpg?v=1676292144,Coffee
Cappuccino Blend,Humble Bean,600.0,,,"Caramel, strong cocoa, dark chocolate, with a velvety finish",Chikmagalur,Washed,"Processing: Washed + Unwashed Arabicas, Unwashed Robusta Tasting Notes: Caramel, strong cocoa, dark chocolate, with a velvety finish. Brewing recommendation : Moka Pot | Bean to Cup machine Net Weight : 250g Varietal : SLN 795 + Peridinial Altitude : 1200MSL Chikmagalur, 1000MSL Coorg Our Cappuccino blend brings out the best of both worlds – where two coffee beans combine for an intoxicating brew with a Malty, Raisin-like, and buttery aroma. Single-origin Arabicas and Single-origin Robustas undergo a mix of processing techniques, resulting in a delicious combination of beans that complement each other. This Medium-Dark Roast blend reveals itself with every mouthful. A tango of flavour – salty- sweet Caramel, strong Cocoa, smooth dark chocolate, come together and end in a perfect velvety finish. The flavours of this blend are enhanced when complemented by milk, best brewed through a Moka Pot, or Bean to Cup machine.",https://humblebean.com/products/cappuccino-blend,https://cdn.shopify.com/s/files/1/0699/2841/9608/products/Cappucino.jpg?v=1676292144,Coffee
South Indian Filter Coffee [100% Coffee],Humble Bean,550.0,,,"A morning perk-up drink with a sharp aroma, balanced acidity and mouth- fullness",Chikmagalur,Washed,"Processing: Washed + Unwashed Arabicas, Unwashed Robusta Tasting Notes : A morning perk-up drink with a sharp aroma, balanced acidity and mouth- fullness. Brewing recommendation : Moka Pot | South Indian Filter Net Weight : 250g Varietal : SLN 795 + Peridinial Altitude : 1200MSL Chikmagalur, 1000MSL Coorg Our tribute to the original South Indian coffee blend, with a playful twist – no added Chicory. Single-origin fine Arabicas and Robustas go into the making of our South Indian Blend. Processed to perfection with a combination of washed and unwashed techniques, results in bestowing the beans with a rounded texture and a surprising burst of flavour and spices. This blend is perfect for your morning Pick-me-up with its sharp aroma, balanced acidity and mouth-fullness, and the familiar comfort of South Indian Filter coffee. Perfectly complemented with milk and sugar, excels in a Moka Pot or a South Indian Filter.",https://humblebean.com/products/south-indian-filter-coffee-100-coffee,https://cdn.shopify.com/s/files/1/0699/2841/9608/products/SouthIndia100.jpg?v=1676303299,Coffee
"South Indian Filter Coffee [80% Coffee, 20% Chicory]",Humble Bean,500.0,,Dark Roast,A typical South Indian Filter Coffee with a heavy body for those who like the chicory mix,Chikmagalur,Washed,"Processing : Washed + Unwashed Arabicas, Unwashed Robusta Tasting Notes : A typical South Indian Filter Coffee with a heavy body for those who like the chicory mix. Brewing recommendation : Moka Pot | South Indian Filter Net Weight : 250g Varietal: SLN 795 + Peridinial Altitude : 1200MSL Chikmagalur, 1000MSL Coorg Our homage to the original South Indian coffee blend, has whiffs of dark chocolate and an intoxicating pungency that we have all come to associate with the filter coffee we so love. Single-origin fine Arabicas and Robustas go into the making of our South Indian Blend. Processed to perfection with a combination of washed & unwashed techniques, results in bestowing the beans with a rounded texture and a surprising burst of flavour and spices. The potent notes of unsweetened cocoa, playfully mingle with notes of spices, give this coffee its powerful yet comforting flavor. Blended with 20% Chicory, It holds its own to milk and sugar, and also excels in a Moka Pot or a South Indian Filter.",https://humblebean.com/products/south-indian-filter-coffee-80-coffee-20-chicory,https://cdn.shopify.com/s/files/1/0699/2841/9608/products/South80.jpg?v=1676312594,Coffee
