Name,Roaster,Price,Quantity,Roast_Level,Tasting_Notes,Desc,URL,Image_URL
"1 Coffee Mug 300 ML + 1 Coaster | Made from Coffee Residue [Husk, Unused Coffee Grounds/ Bean] | Available in Pack of 1",Mokka Farms,325.0,,,,"Made from MokkaFarms’ Own Coffee Residue     [ Bean Husk, Roast Husk, Unused Coffee Bean/ Grounds ],  our Combo of 1 Coffee Mug 300 ML + 1 Coaster has a varied set of unique characteristics: 
 
  Lightweight yet Durable/ Unbreakable* [ Normal Floor Drops ]  
  Natural Coffee Colour [ No Artificial Colours ]  
  Permitted for Food Usage [ Formaldehyde Free, BPA Free ]  
  Heat Resistant* [ UV Protection, FMVSS 302, UL 94, ISO 3795 Flammability ]  
  Microwave Safe, Dishwasher Safe, 100% Recyclable  
 
  Proudly Made in India!    
  #Sustainable #ZeroResidueGoals #MokkaFarms",https://www.mokkafarms.com/products/coffeemugcoastercombo,https://cdn.shopify.com/s/files/1/0644/7199/0455/files/Coffee_Mug_Coaster_1.webp?v=1767083785
"1 Dinner Bowl 160ML + 1 Water Glass/ Cup 250ML | Made from Coffee Residue [Husk, Unused Coffee Grounds/ Bean] | Available in Pack of 2 or Pack of 4",Mokka Farms,230.0,Pack of 2,,,"Made from MokkaFarms’ Own Coffee Residue     [ Bean Husk, Roast Husk, Unused Roasted Coffee Bean/ Grounds ],  our Combo of 1 Dinner Bowl 160ML + 1 Water Glass/ Cup 250ML has a varied set of unique characteristics: 
 
  Lightweight yet Durable/ Unbreakable* [ Normal Floor Drops ]  
  Natural Coffee Colour [ No Artificial Colours ]  
  Permitted for Food Usage [ Formaldehyde Free, BPA Free ]  
  Heat Resistant* [ UV Protection, FMVSS 302, UL 94, ISO 3795 Flammability ]  
  Microwave Safe, Dishwasher Safe, 100% Recyclable  
 
  Proudly Made in India!    
  #Sustainable #ZeroResidueGoals #MokkaFarms",https://www.mokkafarms.com/products/combobowlcup,https://cdn.shopify.com/s/files/1/0644/7199/0455/files/CupBowlPk1_-_4inW_x_4inH_-_100_pcs.png?v=1765689627
"1 Dinner Bowl 160ML + 1 Water Glass/ Cup 250ML | Made from Coffee Residue [Husk, Unused Coffee Grounds/ Bean] | Available in Pack of 2 or Pack of 4",Mokka Farms,370.0,Pack of 4,,,"Made from MokkaFarms’ Own Coffee Residue     [ Bean Husk, Roast Husk, Unused Roasted Coffee Bean/ Grounds ],  our Combo of 1 Dinner Bowl 160ML + 1 Water Glass/ Cup 250ML has a varied set of unique characteristics: 
 
  Lightweight yet Durable/ Unbreakable* [ Normal Floor Drops ]  
  Natural Coffee Colour [ No Artificial Colours ]  
  Permitted for Food Usage [ Formaldehyde Free, BPA Free ]  
  Heat Resistant* [ UV Protection, FMVSS 302, UL 94, ISO 3795 Flammability ]  
  Microwave Safe, Dishwasher Safe, 100% Recyclable  
 
  Proudly Made in India!    
  #Sustainable #ZeroResidueGoals #MokkaFarms",https://www.mokkafarms.com/products/combobowlcup,https://cdn.shopify.com/s/files/1/0644/7199/0455/files/CupBowlPk1_-_4inW_x_4inH_-_100_pcs.png?v=1765689627
"100% Arabica | Freshly Roast, A/ AA Whole Coffee Beans",Mokka Farms,1600.0,1kg,,"India's finest Arabica coffee, crafted with care to elevate your coffee moments","MokkaFarms Premium Arabica Coffee Beans  
 Experience the richness of  100% pure, estate-grown Arabica coffee beans  from the lush  Coorg and Chikmagalur regions  of Karnataka, India. Handpicked and graded  A and AA , these beans promise unmatched quality and freshness. 
   
 Each batch is  small-batch roasted to perfection , tailored to your preferred roast level and pack size. The result? A  smooth, balanced cup  with a  unique flavor profile —mild, fruity notes paired with a hint of chocolate, delivering an aromatic and gratifying coffee experience. 
   
  Versatile &amp; Flavorful  Perfect for both hot and cold brews, these beans bring out a full-bodied flavor that suits every coffee style—from a bold black coffee to a creamy latte. Whatever your preference, our premium Arabica beans ensure every cup satisfies your cravings. 
  Proudly Made in India  Indulge in the authentic taste of India's finest Arabica coffee, crafted with care to elevate your coffee moments.",https://www.mokkafarms.com/products/bean100ara,https://cdn.shopify.com/s/files/1/0644/7199/0455/files/6.webp?v=1774596810
"100% Arabica | Freshly Roast, A/ AA Whole Coffee Beans",Mokka Farms,285.0,100g,,"India's finest Arabica coffee, crafted with care to elevate your coffee moments","MokkaFarms Premium Arabica Coffee Beans  
 Experience the richness of  100% pure, estate-grown Arabica coffee beans  from the lush  Coorg and Chikmagalur regions  of Karnataka, India. Handpicked and graded  A and AA , these beans promise unmatched quality and freshness. 
   
 Each batch is  small-batch roasted to perfection , tailored to your preferred roast level and pack size. The result? A  smooth, balanced cup  with a  unique flavor profile —mild, fruity notes paired with a hint of chocolate, delivering an aromatic and gratifying coffee experience. 
   
  Versatile &amp; Flavorful  Perfect for both hot and cold brews, these beans bring out a full-bodied flavor that suits every coffee style—from a bold black coffee to a creamy latte. Whatever your preference, our premium Arabica beans ensure every cup satisfies your cravings. 
  Proudly Made in India  Indulge in the authentic taste of India's finest Arabica coffee, crafted with care to elevate your coffee moments.",https://www.mokkafarms.com/products/bean100ara,https://cdn.shopify.com/s/files/1/0644/7199/0455/files/6.webp?v=1774596810
"100% Arabica | Freshly Roast, A/ AA Whole Coffee Beans",Mokka Farms,450.0,250g,,"India's finest Arabica coffee, crafted with care to elevate your coffee moments","MokkaFarms Premium Arabica Coffee Beans  
 Experience the richness of  100% pure, estate-grown Arabica coffee beans  from the lush  Coorg and Chikmagalur regions  of Karnataka, India. Handpicked and graded  A and AA , these beans promise unmatched quality and freshness. 
   
 Each batch is  small-batch roasted to perfection , tailored to your preferred roast level and pack size. The result? A  smooth, balanced cup  with a  unique flavor profile —mild, fruity notes paired with a hint of chocolate, delivering an aromatic and gratifying coffee experience. 
   
  Versatile &amp; Flavorful  Perfect for both hot and cold brews, these beans bring out a full-bodied flavor that suits every coffee style—from a bold black coffee to a creamy latte. Whatever your preference, our premium Arabica beans ensure every cup satisfies your cravings. 
  Proudly Made in India  Indulge in the authentic taste of India's finest Arabica coffee, crafted with care to elevate your coffee moments.",https://www.mokkafarms.com/products/bean100ara,https://cdn.shopify.com/s/files/1/0644/7199/0455/files/6.webp?v=1774596810
"100% Arabica | Freshly Roast, A/ AA Whole Coffee Beans",Mokka Farms,850.0,500g,,"India's finest Arabica coffee, crafted with care to elevate your coffee moments","MokkaFarms Premium Arabica Coffee Beans  
 Experience the richness of  100% pure, estate-grown Arabica coffee beans  from the lush  Coorg and Chikmagalur regions  of Karnataka, India. Handpicked and graded  A and AA , these beans promise unmatched quality and freshness. 
   
 Each batch is  small-batch roasted to perfection , tailored to your preferred roast level and pack size. The result? A  smooth, balanced cup  with a  unique flavor profile —mild, fruity notes paired with a hint of chocolate, delivering an aromatic and gratifying coffee experience. 
   
  Versatile &amp; Flavorful  Perfect for both hot and cold brews, these beans bring out a full-bodied flavor that suits every coffee style—from a bold black coffee to a creamy latte. Whatever your preference, our premium Arabica beans ensure every cup satisfies your cravings. 
  Proudly Made in India  Indulge in the authentic taste of India's finest Arabica coffee, crafted with care to elevate your coffee moments.",https://www.mokkafarms.com/products/bean100ara,https://cdn.shopify.com/s/files/1/0644/7199/0455/files/6.webp?v=1774596810
100% Pure Arabica | Pure Filter Coffee,Mokka Farms,240.0,100g,,South India with MokkaFarms’ 100% Arabica filter coffee powder,"MokkaFarms Premium South Indian Filter Coffee Powder  
 Indulge in the authentic taste of South India with MokkaFarms’  100% Arabica filter coffee powder . Crafted using the  finest quality coffee beans , this blend is  roasted to perfection  to deliver a rich, aromatic coffee with a distinct and traditional South Indian flavor. 
   
  Why Choose MokkaFarms Filter Coffee?  
 
 
 PURE &amp; NATURAL : Made with  100% natural ingredients , free from preservatives and artificial additives. 
 
 RICH &amp; AROMATIC : A traditional blend offering a bold yet smooth flavor that coffee lovers cherish. 
 
 CUSTOMIZABLE BREW : Adjust the quantity to suit your taste—strong and bold or mild and smooth. 
 
  Long-Lasting Freshness  Our coffee powder is carefully packaged in an  airtight container , preserving its  freshness, aroma, and flavor . Enjoy a freshly brewed cup any time, with the quality and care that only MokkaFarms provides. 
  Proudly Made in India  Celebrate the tradition of South Indian filter coffee with every sip of our premium-quality coffee powder, made with love and dedication.",https://www.mokkafarms.com/products/100arabica,https://cdn.shopify.com/s/files/1/0644/7199/0455/files/1_6f84d33f-8a5e-4ca7-90d9-5fab0fadad21.webp?v=1774600105
100% Pure Arabica | Pure Filter Coffee,Mokka Farms,365.0,250g,,South India with MokkaFarms’ 100% Arabica filter coffee powder,"MokkaFarms Premium South Indian Filter Coffee Powder  
 Indulge in the authentic taste of South India with MokkaFarms’  100% Arabica filter coffee powder . Crafted using the  finest quality coffee beans , this blend is  roasted to perfection  to deliver a rich, aromatic coffee with a distinct and traditional South Indian flavor. 
   
  Why Choose MokkaFarms Filter Coffee?  
 
 
 PURE &amp; NATURAL : Made with  100% natural ingredients , free from preservatives and artificial additives. 
 
 RICH &amp; AROMATIC : A traditional blend offering a bold yet smooth flavor that coffee lovers cherish. 
 
 CUSTOMIZABLE BREW : Adjust the quantity to suit your taste—strong and bold or mild and smooth. 
 
  Long-Lasting Freshness  Our coffee powder is carefully packaged in an  airtight container , preserving its  freshness, aroma, and flavor . Enjoy a freshly brewed cup any time, with the quality and care that only MokkaFarms provides. 
  Proudly Made in India  Celebrate the tradition of South Indian filter coffee with every sip of our premium-quality coffee powder, made with love and dedication.",https://www.mokkafarms.com/products/100arabica,https://cdn.shopify.com/s/files/1/0644/7199/0455/files/1_6f84d33f-8a5e-4ca7-90d9-5fab0fadad21.webp?v=1774600105
100% Pure Arabica | Pure Filter Coffee,Mokka Farms,675.0,500g,,South India with MokkaFarms’ 100% Arabica filter coffee powder,"MokkaFarms Premium South Indian Filter Coffee Powder  
 Indulge in the authentic taste of South India with MokkaFarms’  100% Arabica filter coffee powder . Crafted using the  finest quality coffee beans , this blend is  roasted to perfection  to deliver a rich, aromatic coffee with a distinct and traditional South Indian flavor. 
   
  Why Choose MokkaFarms Filter Coffee?  
 
 
 PURE &amp; NATURAL : Made with  100% natural ingredients , free from preservatives and artificial additives. 
 
 RICH &amp; AROMATIC : A traditional blend offering a bold yet smooth flavor that coffee lovers cherish. 
 
 CUSTOMIZABLE BREW : Adjust the quantity to suit your taste—strong and bold or mild and smooth. 
 
  Long-Lasting Freshness  Our coffee powder is carefully packaged in an  airtight container , preserving its  freshness, aroma, and flavor . Enjoy a freshly brewed cup any time, with the quality and care that only MokkaFarms provides. 
  Proudly Made in India  Celebrate the tradition of South Indian filter coffee with every sip of our premium-quality coffee powder, made with love and dedication.",https://www.mokkafarms.com/products/100arabica,https://cdn.shopify.com/s/files/1/0644/7199/0455/files/1_6f84d33f-8a5e-4ca7-90d9-5fab0fadad21.webp?v=1774600105
100% Pure Arabica | Pure Filter Coffee,Mokka Farms,1250.0,1kg,,South India with MokkaFarms’ 100% Arabica filter coffee powder,"MokkaFarms Premium South Indian Filter Coffee Powder  
 Indulge in the authentic taste of South India with MokkaFarms’  100% Arabica filter coffee powder . Crafted using the  finest quality coffee beans , this blend is  roasted to perfection  to deliver a rich, aromatic coffee with a distinct and traditional South Indian flavor. 
   
  Why Choose MokkaFarms Filter Coffee?  
 
 
 PURE &amp; NATURAL : Made with  100% natural ingredients , free from preservatives and artificial additives. 
 
 RICH &amp; AROMATIC : A traditional blend offering a bold yet smooth flavor that coffee lovers cherish. 
 
 CUSTOMIZABLE BREW : Adjust the quantity to suit your taste—strong and bold or mild and smooth. 
 
  Long-Lasting Freshness  Our coffee powder is carefully packaged in an  airtight container , preserving its  freshness, aroma, and flavor . Enjoy a freshly brewed cup any time, with the quality and care that only MokkaFarms provides. 
  Proudly Made in India  Celebrate the tradition of South Indian filter coffee with every sip of our premium-quality coffee powder, made with love and dedication.",https://www.mokkafarms.com/products/100arabica,https://cdn.shopify.com/s/files/1/0644/7199/0455/files/1_6f84d33f-8a5e-4ca7-90d9-5fab0fadad21.webp?v=1774600105
100% Pure Robusta | Pure Filter Coffee,Mokka Farms,200.0,100g,,"South Indian filter coffee with our premium quality product, made with love and care","MokkaFarms brings you an exclusive High Quality, Estate Coffee, Fresh Roast, 100% Pure, Sundried Robusta from Coorg/ Chikmagalur region of Western Ghats, Karnataka, India. Our coffee beans are further selectively picked to ensure that you have a superior grade coffee beans. The beans are carefully selected and roasted, separately in small batches, to create a strong, flavourful and an extremely gratifying and a rich aromatic coffee experience. The result is a smooth and balanced cup of coffee with a unique flavor profile. The Robusta Coffee from Mokka Farms give the coffee a mild and fruity taste with a hint of chocolate. The brewing method enhances the flavors and aromas, resulting in a full-bodied and satisfying cup of coffee.   Simply adjust the quantity of powder used while brewing to achieve the desired strength. We take pride in offering a high-quality product that contains no preservatives or artificial additives. Experience the authentic taste of South Indian filter coffee with our premium quality product, made with love and care.  
   
  Proudly Made in India!",https://www.mokkafarms.com/products/100robusta,https://cdn.shopify.com/s/files/1/0644/7199/0455/files/1_6f84d33f-8a5e-4ca7-90d9-5fab0fadad21.webp?v=1774600105
100% Pure Robusta | Pure Filter Coffee,Mokka Farms,265.0,250g,,"South Indian filter coffee with our premium quality product, made with love and care","MokkaFarms brings you an exclusive High Quality, Estate Coffee, Fresh Roast, 100% Pure, Sundried Robusta from Coorg/ Chikmagalur region of Western Ghats, Karnataka, India. Our coffee beans are further selectively picked to ensure that you have a superior grade coffee beans. The beans are carefully selected and roasted, separately in small batches, to create a strong, flavourful and an extremely gratifying and a rich aromatic coffee experience. The result is a smooth and balanced cup of coffee with a unique flavor profile. The Robusta Coffee from Mokka Farms give the coffee a mild and fruity taste with a hint of chocolate. The brewing method enhances the flavors and aromas, resulting in a full-bodied and satisfying cup of coffee.   Simply adjust the quantity of powder used while brewing to achieve the desired strength. We take pride in offering a high-quality product that contains no preservatives or artificial additives. Experience the authentic taste of South Indian filter coffee with our premium quality product, made with love and care.  
   
  Proudly Made in India!",https://www.mokkafarms.com/products/100robusta,https://cdn.shopify.com/s/files/1/0644/7199/0455/files/1_6f84d33f-8a5e-4ca7-90d9-5fab0fadad21.webp?v=1774600105
100% Pure Robusta | Pure Filter Coffee,Mokka Farms,475.0,500g,,"South Indian filter coffee with our premium quality product, made with love and care","MokkaFarms brings you an exclusive High Quality, Estate Coffee, Fresh Roast, 100% Pure, Sundried Robusta from Coorg/ Chikmagalur region of Western Ghats, Karnataka, India. Our coffee beans are further selectively picked to ensure that you have a superior grade coffee beans. The beans are carefully selected and roasted, separately in small batches, to create a strong, flavourful and an extremely gratifying and a rich aromatic coffee experience. The result is a smooth and balanced cup of coffee with a unique flavor profile. The Robusta Coffee from Mokka Farms give the coffee a mild and fruity taste with a hint of chocolate. The brewing method enhances the flavors and aromas, resulting in a full-bodied and satisfying cup of coffee.   Simply adjust the quantity of powder used while brewing to achieve the desired strength. We take pride in offering a high-quality product that contains no preservatives or artificial additives. Experience the authentic taste of South Indian filter coffee with our premium quality product, made with love and care.  
   
  Proudly Made in India!",https://www.mokkafarms.com/products/100robusta,https://cdn.shopify.com/s/files/1/0644/7199/0455/files/1_6f84d33f-8a5e-4ca7-90d9-5fab0fadad21.webp?v=1774600105
100% Pure Robusta | Pure Filter Coffee,Mokka Farms,850.0,1kg,,"South Indian filter coffee with our premium quality product, made with love and care","MokkaFarms brings you an exclusive High Quality, Estate Coffee, Fresh Roast, 100% Pure, Sundried Robusta from Coorg/ Chikmagalur region of Western Ghats, Karnataka, India. Our coffee beans are further selectively picked to ensure that you have a superior grade coffee beans. The beans are carefully selected and roasted, separately in small batches, to create a strong, flavourful and an extremely gratifying and a rich aromatic coffee experience. The result is a smooth and balanced cup of coffee with a unique flavor profile. The Robusta Coffee from Mokka Farms give the coffee a mild and fruity taste with a hint of chocolate. The brewing method enhances the flavors and aromas, resulting in a full-bodied and satisfying cup of coffee.   Simply adjust the quantity of powder used while brewing to achieve the desired strength. We take pride in offering a high-quality product that contains no preservatives or artificial additives. Experience the authentic taste of South Indian filter coffee with our premium quality product, made with love and care.  
   
  Proudly Made in India!",https://www.mokkafarms.com/products/100robusta,https://cdn.shopify.com/s/files/1/0644/7199/0455/files/1_6f84d33f-8a5e-4ca7-90d9-5fab0fadad21.webp?v=1774600105
"100% Robusta | Freshly Roast, A/ AA Whole Coffee Beans",Mokka Farms,240.0,100g,,"India's finest Robusta coffee, crafted with care to elevate your coffee moments","MokkaFarms Premium Robusta Whole Coffee Beans  
 Discover the bold and flavorful essence of  100% pure, sundried Robusta coffee beans , sourced exclusively from the lush  Coorg and Chikmagalur regions  of Karnataka, India. Handpicked and meticulously graded, our beans ensure a  superior-quality coffee experience . 
   
  Crafted to Perfection  Each bean is  small-batch roasted  to your preferred roast level and pack size, delivering a strong, flavorful, and aromatic cup of coffee. Enjoy a  smooth, full-bodied profile  with  mild fruity notes  and a  hint of chocolate  for a truly gratifying coffee experience. 
   
  Versatile &amp; Rich  Perfect for both hot and cold brews, MokkaFarms Robusta beans are ideal for coffee lovers who enjoy a robust, flavorful cup. Whether it’s a bold black coffee or a creamy latte, this blend is sure to delight your taste buds. 
   Proudly Made in India   Indulge in the authentic taste of India's finest Robusta coffee, crafted with care to elevate your coffee moments.",https://www.mokkafarms.com/products/bean100rob,https://cdn.shopify.com/s/files/1/0644/7199/0455/files/6_da03ec70-377f-4d78-9509-69cb28aaa692.webp?v=1774597100
"100% Robusta | Freshly Roast, A/ AA Whole Coffee Beans",Mokka Farms,340.0,250g,,"India's finest Robusta coffee, crafted with care to elevate your coffee moments","MokkaFarms Premium Robusta Whole Coffee Beans  
 Discover the bold and flavorful essence of  100% pure, sundried Robusta coffee beans , sourced exclusively from the lush  Coorg and Chikmagalur regions  of Karnataka, India. Handpicked and meticulously graded, our beans ensure a  superior-quality coffee experience . 
   
  Crafted to Perfection  Each bean is  small-batch roasted  to your preferred roast level and pack size, delivering a strong, flavorful, and aromatic cup of coffee. Enjoy a  smooth, full-bodied profile  with  mild fruity notes  and a  hint of chocolate  for a truly gratifying coffee experience. 
   
  Versatile &amp; Rich  Perfect for both hot and cold brews, MokkaFarms Robusta beans are ideal for coffee lovers who enjoy a robust, flavorful cup. Whether it’s a bold black coffee or a creamy latte, this blend is sure to delight your taste buds. 
   Proudly Made in India   Indulge in the authentic taste of India's finest Robusta coffee, crafted with care to elevate your coffee moments.",https://www.mokkafarms.com/products/bean100rob,https://cdn.shopify.com/s/files/1/0644/7199/0455/files/6_da03ec70-377f-4d78-9509-69cb28aaa692.webp?v=1774597100
"100% Robusta | Freshly Roast, A/ AA Whole Coffee Beans",Mokka Farms,630.0,500g,,"India's finest Robusta coffee, crafted with care to elevate your coffee moments","MokkaFarms Premium Robusta Whole Coffee Beans  
 Discover the bold and flavorful essence of  100% pure, sundried Robusta coffee beans , sourced exclusively from the lush  Coorg and Chikmagalur regions  of Karnataka, India. Handpicked and meticulously graded, our beans ensure a  superior-quality coffee experience . 
   
  Crafted to Perfection  Each bean is  small-batch roasted  to your preferred roast level and pack size, delivering a strong, flavorful, and aromatic cup of coffee. Enjoy a  smooth, full-bodied profile  with  mild fruity notes  and a  hint of chocolate  for a truly gratifying coffee experience. 
   
  Versatile &amp; Rich  Perfect for both hot and cold brews, MokkaFarms Robusta beans are ideal for coffee lovers who enjoy a robust, flavorful cup. Whether it’s a bold black coffee or a creamy latte, this blend is sure to delight your taste buds. 
   Proudly Made in India   Indulge in the authentic taste of India's finest Robusta coffee, crafted with care to elevate your coffee moments.",https://www.mokkafarms.com/products/bean100rob,https://cdn.shopify.com/s/files/1/0644/7199/0455/files/6_da03ec70-377f-4d78-9509-69cb28aaa692.webp?v=1774597100
"100% Robusta | Freshly Roast, A/ AA Whole Coffee Beans",Mokka Farms,1160.0,1kg,,"India's finest Robusta coffee, crafted with care to elevate your coffee moments","MokkaFarms Premium Robusta Whole Coffee Beans  
 Discover the bold and flavorful essence of  100% pure, sundried Robusta coffee beans , sourced exclusively from the lush  Coorg and Chikmagalur regions  of Karnataka, India. Handpicked and meticulously graded, our beans ensure a  superior-quality coffee experience . 
   
  Crafted to Perfection  Each bean is  small-batch roasted  to your preferred roast level and pack size, delivering a strong, flavorful, and aromatic cup of coffee. Enjoy a  smooth, full-bodied profile  with  mild fruity notes  and a  hint of chocolate  for a truly gratifying coffee experience. 
   
  Versatile &amp; Rich  Perfect for both hot and cold brews, MokkaFarms Robusta beans are ideal for coffee lovers who enjoy a robust, flavorful cup. Whether it’s a bold black coffee or a creamy latte, this blend is sure to delight your taste buds. 
   Proudly Made in India   Indulge in the authentic taste of India's finest Robusta coffee, crafted with care to elevate your coffee moments.",https://www.mokkafarms.com/products/bean100rob,https://cdn.shopify.com/s/files/1/0644/7199/0455/files/6_da03ec70-377f-4d78-9509-69cb28aaa692.webp?v=1774597100
200ML [2-3 Cups of Filter Coffee] Traditional South Indian Filter Coffee Decoction Maker | Stainless Steel |,Mokka Farms,265.0,,,,"MokkaFarms South Indian Filter Coffee Decoction Maker  is of very high-quality Stainless Steel and lets you brew your morning cup of piping hot filter coffee to perfection.  
       
   Crafted from premium stainless steel, this durable machine withstands daily use and retains heat for long. Its unique filter design ensures your coffee decoction is never bitter.  
       
   With varied options of sizes -  200 ML,225 ML, 350 ML and 400 ML -  capacity kettle and easy-to-use lever mechanism, this coffee maker efficiently extracts maximum flavour from your fresh coffee powder and makes decoction sufficient for multiple cups of coffee within minutes.   
       
  Its compact size fits any kitchen counter. Being fully stainless steel, this coffee maker meets all FSSAI standards for food contact materials. Brew your favourite South Indian filter coffee just the traditional way, every day.  
     
  Proudly Made in India!",https://www.mokkafarms.com/products/filtermaker200,https://cdn.shopify.com/s/files/1/0644/7199/0455/files/4_521fd487-6fab-40fd-bdd6-0d1c38951e7c.png?v=1758198169
225ML [3-4 Cups of Filter Coffee] Traditional South Indian Filter Coffee Decoction Maker | Stainless Steel |,Mokka Farms,285.0,,,,"MokkaFarms South Indian Filter Coffee Decoction Maker  is of very high-quality Stainless Steel and lets you brew your morning cup of piping hot filter coffee to perfection.  
       
   Crafted from premium stainless steel, this durable machine withstands daily use and retains heat for long. Its unique filter design ensures your coffee decoction is never bitter.  
       
   With varied options of sizes -  200 ML,225 ML, 350 ML and 400 ML -  capacity kettle and easy-to-use lever mechanism, this coffee maker efficiently extracts maximum flavour from your fresh coffee powder and makes decoction sufficient for multiple cups of coffee within minutes.   
       
  Its compact size fits any kitchen counter. Being fully stainless steel, this coffee maker meets all FSSAI standards for food contact materials. Brew your favourite South Indian filter coffee just the traditional way, every day.  
     
  Proudly Made in India!",https://www.mokkafarms.com/products/filtermaker225,https://cdn.shopify.com/s/files/1/0644/7199/0455/files/4_521fd487-6fab-40fd-bdd6-0d1c38951e7c.png?v=1758198169
"30% Arabica, 70% Robusta | Freshly Roast, A/ AA Whole Coffee Beans",Mokka Farms,255.0,100g,,"MokkaFarms 100% Pure, 30% Arabica-70% Robusta Roasted Whole Coffee Beans Blend, a sensory experience like no other FARM","MokkaFarms brings you an exclusive High Quality, Estate Coffee, Fresh Roast, 100% Pure, 70% mix each of Robusta Whole Coffee Beans and Arabica Whole Coffee Beans from Coorg/ Chikmagalur region of Western Ghats, Karnataka, India. Our coffee beans are further selectively picked to ensure that you have a superior grade coffee beans. The beans are carefully selected and roasted, separately in small batches, to perfection as per the roast type and pack size that you need, to create a strong, flavourful and an extremely gratifying and a rich aromatic coffee experience. The result is a smooth and balanced cup of coffee with a unique flavor profile. The 80% Arabica-20% Robusta Roasted Whole Coffee Beans Blend from Mokka Farms gives the coffee a strong and fruity taste with a hint of chocolate. The brewing method enhances the flavors and aromas, resulting in a full-bodied and satisfying cup of coffee. The coffee with the blend beans can be enjoyed hot or cold and is perfect for those who appreciate a strong and flavorful coffee. Whether you prefer a classic cup of black coffee or a creamy and sweet latte, this coffee blend will satisfy your cravings. Indulge in the rich and authentic taste of one of the best Arabica-Robusta Coffee Beans Blend that you can find in the country.  Proudly Made in India!   
 
  FLAVOURFUL COFFEE:    Treat yourself to the exquisite flavors of MokkaFarms 100% Pure, 30% Arabica-70% Robusta Roasted Whole Coffee Beans Blend, a sensory experience  like no other  
 
   FARM to FORK: From planting, harvesting, grading, roasting, grinding to processing and packaging, we carefully track every step of the coffee production process to give high quality and maintain consistency   
 
  HANDCRAFTED: Our coffee is carefully handcrafted in small batches to deliver a rich and remarkable flavor, strength and aroma while ensuring consistency  
  AROMATIC, GREAT TASTE, STRONG:    Our 50% Arabica-50% Robusta Roasted Whole Coffee Beans Blend has a toasty aroma and a velvety taste, and is strong yet flavourful  !   
  CONVENIENCE, REUSABLE PACKAGING: Comes in a convenient, tamper-proof, one-way valve, resealable zip-lock pouch for maximum freshness!",https://www.mokkafarms.com/products/bean30ara70rob,https://cdn.shopify.com/s/files/1/0644/7199/0455/files/1_7b337858-7753-4614-b2fb-478ef996ce23.webp?v=1774598067
"30% Arabica, 70% Robusta | Freshly Roast, A/ AA Whole Coffee Beans",Mokka Farms,375.0,250g,,"MokkaFarms 100% Pure, 30% Arabica-70% Robusta Roasted Whole Coffee Beans Blend, a sensory experience like no other FARM","MokkaFarms brings you an exclusive High Quality, Estate Coffee, Fresh Roast, 100% Pure, 70% mix each of Robusta Whole Coffee Beans and Arabica Whole Coffee Beans from Coorg/ Chikmagalur region of Western Ghats, Karnataka, India. Our coffee beans are further selectively picked to ensure that you have a superior grade coffee beans. The beans are carefully selected and roasted, separately in small batches, to perfection as per the roast type and pack size that you need, to create a strong, flavourful and an extremely gratifying and a rich aromatic coffee experience. The result is a smooth and balanced cup of coffee with a unique flavor profile. The 80% Arabica-20% Robusta Roasted Whole Coffee Beans Blend from Mokka Farms gives the coffee a strong and fruity taste with a hint of chocolate. The brewing method enhances the flavors and aromas, resulting in a full-bodied and satisfying cup of coffee. The coffee with the blend beans can be enjoyed hot or cold and is perfect for those who appreciate a strong and flavorful coffee. Whether you prefer a classic cup of black coffee or a creamy and sweet latte, this coffee blend will satisfy your cravings. Indulge in the rich and authentic taste of one of the best Arabica-Robusta Coffee Beans Blend that you can find in the country.  Proudly Made in India!   
 
  FLAVOURFUL COFFEE:    Treat yourself to the exquisite flavors of MokkaFarms 100% Pure, 30% Arabica-70% Robusta Roasted Whole Coffee Beans Blend, a sensory experience  like no other  
 
   FARM to FORK: From planting, harvesting, grading, roasting, grinding to processing and packaging, we carefully track every step of the coffee production process to give high quality and maintain consistency   
 
  HANDCRAFTED: Our coffee is carefully handcrafted in small batches to deliver a rich and remarkable flavor, strength and aroma while ensuring consistency  
  AROMATIC, GREAT TASTE, STRONG:    Our 50% Arabica-50% Robusta Roasted Whole Coffee Beans Blend has a toasty aroma and a velvety taste, and is strong yet flavourful  !   
  CONVENIENCE, REUSABLE PACKAGING: Comes in a convenient, tamper-proof, one-way valve, resealable zip-lock pouch for maximum freshness!",https://www.mokkafarms.com/products/bean30ara70rob,https://cdn.shopify.com/s/files/1/0644/7199/0455/files/1_7b337858-7753-4614-b2fb-478ef996ce23.webp?v=1774598067
"30% Arabica, 70% Robusta | Freshly Roast, A/ AA Whole Coffee Beans",Mokka Farms,700.0,500g,,"MokkaFarms 100% Pure, 30% Arabica-70% Robusta Roasted Whole Coffee Beans Blend, a sensory experience like no other FARM","MokkaFarms brings you an exclusive High Quality, Estate Coffee, Fresh Roast, 100% Pure, 70% mix each of Robusta Whole Coffee Beans and Arabica Whole Coffee Beans from Coorg/ Chikmagalur region of Western Ghats, Karnataka, India. Our coffee beans are further selectively picked to ensure that you have a superior grade coffee beans. The beans are carefully selected and roasted, separately in small batches, to perfection as per the roast type and pack size that you need, to create a strong, flavourful and an extremely gratifying and a rich aromatic coffee experience. The result is a smooth and balanced cup of coffee with a unique flavor profile. The 80% Arabica-20% Robusta Roasted Whole Coffee Beans Blend from Mokka Farms gives the coffee a strong and fruity taste with a hint of chocolate. The brewing method enhances the flavors and aromas, resulting in a full-bodied and satisfying cup of coffee. The coffee with the blend beans can be enjoyed hot or cold and is perfect for those who appreciate a strong and flavorful coffee. Whether you prefer a classic cup of black coffee or a creamy and sweet latte, this coffee blend will satisfy your cravings. Indulge in the rich and authentic taste of one of the best Arabica-Robusta Coffee Beans Blend that you can find in the country.  Proudly Made in India!   
 
  FLAVOURFUL COFFEE:    Treat yourself to the exquisite flavors of MokkaFarms 100% Pure, 30% Arabica-70% Robusta Roasted Whole Coffee Beans Blend, a sensory experience  like no other  
 
   FARM to FORK: From planting, harvesting, grading, roasting, grinding to processing and packaging, we carefully track every step of the coffee production process to give high quality and maintain consistency   
 
  HANDCRAFTED: Our coffee is carefully handcrafted in small batches to deliver a rich and remarkable flavor, strength and aroma while ensuring consistency  
  AROMATIC, GREAT TASTE, STRONG:    Our 50% Arabica-50% Robusta Roasted Whole Coffee Beans Blend has a toasty aroma and a velvety taste, and is strong yet flavourful  !   
  CONVENIENCE, REUSABLE PACKAGING: Comes in a convenient, tamper-proof, one-way valve, resealable zip-lock pouch for maximum freshness!",https://www.mokkafarms.com/products/bean30ara70rob,https://cdn.shopify.com/s/files/1/0644/7199/0455/files/1_7b337858-7753-4614-b2fb-478ef996ce23.webp?v=1774598067
"30% Arabica, 70% Robusta | Freshly Roast, A/ AA Whole Coffee Beans",Mokka Farms,1295.0,1kg,,"MokkaFarms 100% Pure, 30% Arabica-70% Robusta Roasted Whole Coffee Beans Blend, a sensory experience like no other FARM","MokkaFarms brings you an exclusive High Quality, Estate Coffee, Fresh Roast, 100% Pure, 70% mix each of Robusta Whole Coffee Beans and Arabica Whole Coffee Beans from Coorg/ Chikmagalur region of Western Ghats, Karnataka, India. Our coffee beans are further selectively picked to ensure that you have a superior grade coffee beans. The beans are carefully selected and roasted, separately in small batches, to perfection as per the roast type and pack size that you need, to create a strong, flavourful and an extremely gratifying and a rich aromatic coffee experience. The result is a smooth and balanced cup of coffee with a unique flavor profile. The 80% Arabica-20% Robusta Roasted Whole Coffee Beans Blend from Mokka Farms gives the coffee a strong and fruity taste with a hint of chocolate. The brewing method enhances the flavors and aromas, resulting in a full-bodied and satisfying cup of coffee. The coffee with the blend beans can be enjoyed hot or cold and is perfect for those who appreciate a strong and flavorful coffee. Whether you prefer a classic cup of black coffee or a creamy and sweet latte, this coffee blend will satisfy your cravings. Indulge in the rich and authentic taste of one of the best Arabica-Robusta Coffee Beans Blend that you can find in the country.  Proudly Made in India!   
 
  FLAVOURFUL COFFEE:    Treat yourself to the exquisite flavors of MokkaFarms 100% Pure, 30% Arabica-70% Robusta Roasted Whole Coffee Beans Blend, a sensory experience  like no other  
 
   FARM to FORK: From planting, harvesting, grading, roasting, grinding to processing and packaging, we carefully track every step of the coffee production process to give high quality and maintain consistency   
 
  HANDCRAFTED: Our coffee is carefully handcrafted in small batches to deliver a rich and remarkable flavor, strength and aroma while ensuring consistency  
  AROMATIC, GREAT TASTE, STRONG:    Our 50% Arabica-50% Robusta Roasted Whole Coffee Beans Blend has a toasty aroma and a velvety taste, and is strong yet flavourful  !   
  CONVENIENCE, REUSABLE PACKAGING: Comes in a convenient, tamper-proof, one-way valve, resealable zip-lock pouch for maximum freshness!",https://www.mokkafarms.com/products/bean30ara70rob,https://cdn.shopify.com/s/files/1/0644/7199/0455/files/1_7b337858-7753-4614-b2fb-478ef996ce23.webp?v=1774598067
350ML [5-6 Cups of Filter Coffee] Traditional South Indian Filter Coffee Decoction Maker | Stainless Steel |,Mokka Farms,350.0,,,,"MokkaFarms South Indian Filter Coffee Decoction Maker  is of very high-quality Stainless Steel and lets you brew your morning cup of piping hot filter coffee to perfection.  
       
   Crafted from premium stainless steel, this durable machine withstands daily use and retains heat for long. Its unique filter design ensures your coffee decoction is never bitter.  
       
   With varied options of sizes -  200 ML,225 ML, 350 ML and 400 ML -  capacity kettle and easy-to-use lever mechanism, this coffee maker efficiently extracts maximum flavour from your fresh coffee powder and makes decoction sufficient for multiple cups of coffee within minutes.   
       
  Its compact size fits any kitchen counter. Being fully stainless steel, this coffee maker meets all FSSAI standards for food contact materials. Brew your favourite South Indian filter coffee just the traditional way, every day.  
     
  Proudly Made in India!",https://www.mokkafarms.com/products/filtermaker350,https://cdn.shopify.com/s/files/1/0644/7199/0455/files/4_521fd487-6fab-40fd-bdd6-0d1c38951e7c.png?v=1758198169
400ML [6-8 Cups of Filter Coffee] Traditional South Indian Filter Coffee Decoction Maker | Stainless Steel |,Mokka Farms,400.0,,,,"MokkaFarms South Indian Filter Coffee Decoction Maker  is of very high-quality Stainless Steel and lets you brew your morning cup of piping hot filter coffee to perfection.  
       
   Crafted from premium stainless steel, this durable machine withstands daily use and retains heat for long. Its unique filter design ensures your coffee decoction is never bitter.  
       
   With varied options of sizes -  200 ML,225 ML, 350 ML and 400 ML -  capacity kettle and easy-to-use lever mechanism, this coffee maker efficiently extracts maximum flavour from your fresh coffee powder and makes decoction sufficient for multiple cups of coffee within minutes.   
       
  Its compact size fits any kitchen counter. Being fully stainless steel, this coffee maker meets all FSSAI standards for food contact materials. Brew your favourite South Indian filter coffee just the traditional way, every day.  
     
  Proudly Made in India!",https://www.mokkafarms.com/products/filtermaker400,https://cdn.shopify.com/s/files/1/0644/7199/0455/files/4_521fd487-6fab-40fd-bdd6-0d1c38951e7c.png?v=1758198169
"50% Arabica, 50% Robusta | Freshly Roast, A/ AA Whole Coffee Beans",Mokka Farms,265.0,100g,,"MokkaFarms 100% Pure, 50% Arabica-50% Robusta Roasted Whole Coffee Beans Blend, a sensory experience like no other FARM","MokkaFarms brings you an exclusive High Quality, Estate Coffee, Fresh Roast, 100% Pure, 50% mix each of Robusta Whole Coffee Beans and Arabica Whole Coffee Beans from Coorg/ Chikmagalur region of Western Ghats, Karnataka, India. Our coffee beans are further selectively picked to ensure that you have a superior grade coffee beans. The beans are carefully selected and roasted, separately in small batches, to perfection as per the roast type and pack size that you need, to create a strong, flavourful and an extremely gratifying and a rich aromatic coffee experience. The result is a smooth and balanced cup of coffee with a unique flavor profile. The 50% Arabica-50% Robusta Roasted Whole Coffee Beans Blend from Mokka Farms gives the coffee a strong and fruity taste with a hint of chocolate. The brewing method enhances the flavors and aromas, resulting in a full-bodied and satisfying cup of coffee. The coffee with the blend beans can be enjoyed hot or cold and is perfect for those who appreciate a strong and flavorful coffee. Whether you prefer a classic cup of black coffee or a creamy and sweet latte, this coffee blend will satisfy your cravings. Indulge in the rich and authentic taste of one of the best Arabica-Robusta Coffee Beans Blend that you can find in the country.  Proudly Made in India!   
 
  FLAVOURFUL COFFEE:    Treat yourself to the exquisite flavors of MokkaFarms 100% Pure, 50% Arabica-50% Robusta Roasted Whole Coffee Beans Blend, a sensory experience  like no other  
 
   FARM to FORK: From planting, harvesting, grading, roasting, grinding to processing and packaging, we carefully track every step of the coffee production process to give high quality and maintain consistency   
 
  HANDCRAFTED: Our coffee is carefully handcrafted in small batches to deliver a rich and remarkable flavor, strength and aroma while ensuring consistency  
  AROMATIC, GREAT TASTE, STRONG:    Our 50% Arabica-50% Robusta Roasted Whole Coffee Beans Blend has a toasty aroma and a velvety taste, and is strong yet flavourful  !   
  CONVENIENCE, REUSABLE PACKAGING: Comes in a convenient, tamper-proof, one-way valve, resealable zip-lock pouch for maximum freshness!",https://www.mokkafarms.com/products/bean50ara50rob,https://cdn.shopify.com/s/files/1/0644/7199/0455/files/1.webp?v=1774597700
"50% Arabica, 50% Robusta | Freshly Roast, A/ AA Whole Coffee Beans",Mokka Farms,395.0,250g,,"MokkaFarms 100% Pure, 50% Arabica-50% Robusta Roasted Whole Coffee Beans Blend, a sensory experience like no other FARM","MokkaFarms brings you an exclusive High Quality, Estate Coffee, Fresh Roast, 100% Pure, 50% mix each of Robusta Whole Coffee Beans and Arabica Whole Coffee Beans from Coorg/ Chikmagalur region of Western Ghats, Karnataka, India. Our coffee beans are further selectively picked to ensure that you have a superior grade coffee beans. The beans are carefully selected and roasted, separately in small batches, to perfection as per the roast type and pack size that you need, to create a strong, flavourful and an extremely gratifying and a rich aromatic coffee experience. The result is a smooth and balanced cup of coffee with a unique flavor profile. The 50% Arabica-50% Robusta Roasted Whole Coffee Beans Blend from Mokka Farms gives the coffee a strong and fruity taste with a hint of chocolate. The brewing method enhances the flavors and aromas, resulting in a full-bodied and satisfying cup of coffee. The coffee with the blend beans can be enjoyed hot or cold and is perfect for those who appreciate a strong and flavorful coffee. Whether you prefer a classic cup of black coffee or a creamy and sweet latte, this coffee blend will satisfy your cravings. Indulge in the rich and authentic taste of one of the best Arabica-Robusta Coffee Beans Blend that you can find in the country.  Proudly Made in India!   
 
  FLAVOURFUL COFFEE:    Treat yourself to the exquisite flavors of MokkaFarms 100% Pure, 50% Arabica-50% Robusta Roasted Whole Coffee Beans Blend, a sensory experience  like no other  
 
   FARM to FORK: From planting, harvesting, grading, roasting, grinding to processing and packaging, we carefully track every step of the coffee production process to give high quality and maintain consistency   
 
  HANDCRAFTED: Our coffee is carefully handcrafted in small batches to deliver a rich and remarkable flavor, strength and aroma while ensuring consistency  
  AROMATIC, GREAT TASTE, STRONG:    Our 50% Arabica-50% Robusta Roasted Whole Coffee Beans Blend has a toasty aroma and a velvety taste, and is strong yet flavourful  !   
  CONVENIENCE, REUSABLE PACKAGING: Comes in a convenient, tamper-proof, one-way valve, resealable zip-lock pouch for maximum freshness!",https://www.mokkafarms.com/products/bean50ara50rob,https://cdn.shopify.com/s/files/1/0644/7199/0455/files/1.webp?v=1774597700
"50% Arabica, 50% Robusta | Freshly Roast, A/ AA Whole Coffee Beans",Mokka Farms,1175.0,500g,,"MokkaFarms 100% Pure, 50% Arabica-50% Robusta Roasted Whole Coffee Beans Blend, a sensory experience like no other FARM","MokkaFarms brings you an exclusive High Quality, Estate Coffee, Fresh Roast, 100% Pure, 50% mix each of Robusta Whole Coffee Beans and Arabica Whole Coffee Beans from Coorg/ Chikmagalur region of Western Ghats, Karnataka, India. Our coffee beans are further selectively picked to ensure that you have a superior grade coffee beans. The beans are carefully selected and roasted, separately in small batches, to perfection as per the roast type and pack size that you need, to create a strong, flavourful and an extremely gratifying and a rich aromatic coffee experience. The result is a smooth and balanced cup of coffee with a unique flavor profile. The 50% Arabica-50% Robusta Roasted Whole Coffee Beans Blend from Mokka Farms gives the coffee a strong and fruity taste with a hint of chocolate. The brewing method enhances the flavors and aromas, resulting in a full-bodied and satisfying cup of coffee. The coffee with the blend beans can be enjoyed hot or cold and is perfect for those who appreciate a strong and flavorful coffee. Whether you prefer a classic cup of black coffee or a creamy and sweet latte, this coffee blend will satisfy your cravings. Indulge in the rich and authentic taste of one of the best Arabica-Robusta Coffee Beans Blend that you can find in the country.  Proudly Made in India!   
 
  FLAVOURFUL COFFEE:    Treat yourself to the exquisite flavors of MokkaFarms 100% Pure, 50% Arabica-50% Robusta Roasted Whole Coffee Beans Blend, a sensory experience  like no other  
 
   FARM to FORK: From planting, harvesting, grading, roasting, grinding to processing and packaging, we carefully track every step of the coffee production process to give high quality and maintain consistency   
 
  HANDCRAFTED: Our coffee is carefully handcrafted in small batches to deliver a rich and remarkable flavor, strength and aroma while ensuring consistency  
  AROMATIC, GREAT TASTE, STRONG:    Our 50% Arabica-50% Robusta Roasted Whole Coffee Beans Blend has a toasty aroma and a velvety taste, and is strong yet flavourful  !   
  CONVENIENCE, REUSABLE PACKAGING: Comes in a convenient, tamper-proof, one-way valve, resealable zip-lock pouch for maximum freshness!",https://www.mokkafarms.com/products/bean50ara50rob,https://cdn.shopify.com/s/files/1/0644/7199/0455/files/1.webp?v=1774597700
"50% Arabica, 50% Robusta | Freshly Roast, A/ AA Whole Coffee Beans",Mokka Farms,1380.0,1kg,,"MokkaFarms 100% Pure, 50% Arabica-50% Robusta Roasted Whole Coffee Beans Blend, a sensory experience like no other FARM","MokkaFarms brings you an exclusive High Quality, Estate Coffee, Fresh Roast, 100% Pure, 50% mix each of Robusta Whole Coffee Beans and Arabica Whole Coffee Beans from Coorg/ Chikmagalur region of Western Ghats, Karnataka, India. Our coffee beans are further selectively picked to ensure that you have a superior grade coffee beans. The beans are carefully selected and roasted, separately in small batches, to perfection as per the roast type and pack size that you need, to create a strong, flavourful and an extremely gratifying and a rich aromatic coffee experience. The result is a smooth and balanced cup of coffee with a unique flavor profile. The 50% Arabica-50% Robusta Roasted Whole Coffee Beans Blend from Mokka Farms gives the coffee a strong and fruity taste with a hint of chocolate. The brewing method enhances the flavors and aromas, resulting in a full-bodied and satisfying cup of coffee. The coffee with the blend beans can be enjoyed hot or cold and is perfect for those who appreciate a strong and flavorful coffee. Whether you prefer a classic cup of black coffee or a creamy and sweet latte, this coffee blend will satisfy your cravings. Indulge in the rich and authentic taste of one of the best Arabica-Robusta Coffee Beans Blend that you can find in the country.  Proudly Made in India!   
 
  FLAVOURFUL COFFEE:    Treat yourself to the exquisite flavors of MokkaFarms 100% Pure, 50% Arabica-50% Robusta Roasted Whole Coffee Beans Blend, a sensory experience  like no other  
 
   FARM to FORK: From planting, harvesting, grading, roasting, grinding to processing and packaging, we carefully track every step of the coffee production process to give high quality and maintain consistency   
 
  HANDCRAFTED: Our coffee is carefully handcrafted in small batches to deliver a rich and remarkable flavor, strength and aroma while ensuring consistency  
  AROMATIC, GREAT TASTE, STRONG:    Our 50% Arabica-50% Robusta Roasted Whole Coffee Beans Blend has a toasty aroma and a velvety taste, and is strong yet flavourful  !   
  CONVENIENCE, REUSABLE PACKAGING: Comes in a convenient, tamper-proof, one-way valve, resealable zip-lock pouch for maximum freshness!",https://www.mokkafarms.com/products/bean50ara50rob,https://cdn.shopify.com/s/files/1/0644/7199/0455/files/1.webp?v=1774597700
"70% Arabica, 30% Robusta | Freshly Roast, A/ AA Whole Coffee Beans",Mokka Farms,275.0,100g,,"MokkaFarms 100% Pure, 70% Arabica-30% Robusta Roasted Whole Coffee Beans Blend, a sensory experience like no other FARM","MokkaFarms brings you an exclusive High Quality, Estate Coffee, Fresh Roast, 100% Pure, 30% mix each of Robusta Whole Coffee Beans and Arabica Whole Coffee Beans from Coorg/ Chikmagalur region of Western Ghats, Karnataka, India. Our coffee beans are further selectively picked to ensure that you have a superior grade coffee beans. The beans are carefully selected and roasted, separately in small batches, to perfection as per the roast type and pack size that you need, to create a strong, flavorful and an extremely gratifying and a rich aromatic coffee experience. The result is a smooth and balanced cup of coffee with a unique flavor profile. The 80% Arabica-20% Robusta Roasted Whole Coffee Beans Blend from Mokka Farms gives the coffee a strong and fruity taste with a hint of chocolate. The brewing method enhances the flavors and aromas, resulting in a full-bodied and satisfying cup of coffee. The coffee with the blend beans can be enjoyed hot or cold and is perfect for those who appreciate a strong and flavorful coffee. Whether you prefer a classic cup of black coffee or a creamy and sweet latte, this coffee blend will satisfy your cravings. Indulge in the rich and authentic taste of one of the best Arabica-Robusta Coffee Beans Blend that you can find in the country.  Proudly Made in India!   
 
  FLAVOURFUL COFFEE:    Treat yourself to the exquisite flavors of MokkaFarms 100% Pure, 70% Arabica-30% Robusta Roasted Whole Coffee Beans Blend, a sensory experience  like no other  
 
   FARM to FORK: From planting, harvesting, grading, roasting, grinding to processing and packaging, we carefully track every step of the coffee production process to give high quality and maintain consistency   
 
  HANDCRAFTED: Our coffee is carefully handcrafted in small batches to deliver a rich and remarkable flavor, strength and aroma while ensuring consistency  
  AROMATIC, GREAT TASTE, STRONG:    Our 50% Arabica-50% Robusta Roasted Whole Coffee Beans Blend has a toasty aroma and a velvety taste, and is strong yet flavourful  !   
  CONVENIENCE, REUSABLE PACKAGING: Comes in a convenient, tamper-proof, one-way valve, resealable zip-lock pouch for maximum freshness!",https://www.mokkafarms.com/products/bean70ara30rob,https://cdn.shopify.com/s/files/1/0644/7199/0455/files/1_508797d4-f583-49d3-9a8b-c5c233bb44bd.webp?v=1774597953
"70% Arabica, 30% Robusta | Freshly Roast, A/ AA Whole Coffee Beans",Mokka Farms,420.0,250g,,"MokkaFarms 100% Pure, 70% Arabica-30% Robusta Roasted Whole Coffee Beans Blend, a sensory experience like no other FARM","MokkaFarms brings you an exclusive High Quality, Estate Coffee, Fresh Roast, 100% Pure, 30% mix each of Robusta Whole Coffee Beans and Arabica Whole Coffee Beans from Coorg/ Chikmagalur region of Western Ghats, Karnataka, India. Our coffee beans are further selectively picked to ensure that you have a superior grade coffee beans. The beans are carefully selected and roasted, separately in small batches, to perfection as per the roast type and pack size that you need, to create a strong, flavorful and an extremely gratifying and a rich aromatic coffee experience. The result is a smooth and balanced cup of coffee with a unique flavor profile. The 80% Arabica-20% Robusta Roasted Whole Coffee Beans Blend from Mokka Farms gives the coffee a strong and fruity taste with a hint of chocolate. The brewing method enhances the flavors and aromas, resulting in a full-bodied and satisfying cup of coffee. The coffee with the blend beans can be enjoyed hot or cold and is perfect for those who appreciate a strong and flavorful coffee. Whether you prefer a classic cup of black coffee or a creamy and sweet latte, this coffee blend will satisfy your cravings. Indulge in the rich and authentic taste of one of the best Arabica-Robusta Coffee Beans Blend that you can find in the country.  Proudly Made in India!   
 
  FLAVOURFUL COFFEE:    Treat yourself to the exquisite flavors of MokkaFarms 100% Pure, 70% Arabica-30% Robusta Roasted Whole Coffee Beans Blend, a sensory experience  like no other  
 
   FARM to FORK: From planting, harvesting, grading, roasting, grinding to processing and packaging, we carefully track every step of the coffee production process to give high quality and maintain consistency   
 
  HANDCRAFTED: Our coffee is carefully handcrafted in small batches to deliver a rich and remarkable flavor, strength and aroma while ensuring consistency  
  AROMATIC, GREAT TASTE, STRONG:    Our 50% Arabica-50% Robusta Roasted Whole Coffee Beans Blend has a toasty aroma and a velvety taste, and is strong yet flavourful  !   
  CONVENIENCE, REUSABLE PACKAGING: Comes in a convenient, tamper-proof, one-way valve, resealable zip-lock pouch for maximum freshness!",https://www.mokkafarms.com/products/bean70ara30rob,https://cdn.shopify.com/s/files/1/0644/7199/0455/files/1_508797d4-f583-49d3-9a8b-c5c233bb44bd.webp?v=1774597953
"70% Arabica, 30% Robusta | Freshly Roast, A/ AA Whole Coffee Beans",Mokka Farms,785.0,500g,,"MokkaFarms 100% Pure, 70% Arabica-30% Robusta Roasted Whole Coffee Beans Blend, a sensory experience like no other FARM","MokkaFarms brings you an exclusive High Quality, Estate Coffee, Fresh Roast, 100% Pure, 30% mix each of Robusta Whole Coffee Beans and Arabica Whole Coffee Beans from Coorg/ Chikmagalur region of Western Ghats, Karnataka, India. Our coffee beans are further selectively picked to ensure that you have a superior grade coffee beans. The beans are carefully selected and roasted, separately in small batches, to perfection as per the roast type and pack size that you need, to create a strong, flavorful and an extremely gratifying and a rich aromatic coffee experience. The result is a smooth and balanced cup of coffee with a unique flavor profile. The 80% Arabica-20% Robusta Roasted Whole Coffee Beans Blend from Mokka Farms gives the coffee a strong and fruity taste with a hint of chocolate. The brewing method enhances the flavors and aromas, resulting in a full-bodied and satisfying cup of coffee. The coffee with the blend beans can be enjoyed hot or cold and is perfect for those who appreciate a strong and flavorful coffee. Whether you prefer a classic cup of black coffee or a creamy and sweet latte, this coffee blend will satisfy your cravings. Indulge in the rich and authentic taste of one of the best Arabica-Robusta Coffee Beans Blend that you can find in the country.  Proudly Made in India!   
 
  FLAVOURFUL COFFEE:    Treat yourself to the exquisite flavors of MokkaFarms 100% Pure, 70% Arabica-30% Robusta Roasted Whole Coffee Beans Blend, a sensory experience  like no other  
 
   FARM to FORK: From planting, harvesting, grading, roasting, grinding to processing and packaging, we carefully track every step of the coffee production process to give high quality and maintain consistency   
 
  HANDCRAFTED: Our coffee is carefully handcrafted in small batches to deliver a rich and remarkable flavor, strength and aroma while ensuring consistency  
  AROMATIC, GREAT TASTE, STRONG:    Our 50% Arabica-50% Robusta Roasted Whole Coffee Beans Blend has a toasty aroma and a velvety taste, and is strong yet flavourful  !   
  CONVENIENCE, REUSABLE PACKAGING: Comes in a convenient, tamper-proof, one-way valve, resealable zip-lock pouch for maximum freshness!",https://www.mokkafarms.com/products/bean70ara30rob,https://cdn.shopify.com/s/files/1/0644/7199/0455/files/1_508797d4-f583-49d3-9a8b-c5c233bb44bd.webp?v=1774597953
"70% Arabica, 30% Robusta | Freshly Roast, A/ AA Whole Coffee Beans",Mokka Farms,1465.0,1kg,,"MokkaFarms 100% Pure, 70% Arabica-30% Robusta Roasted Whole Coffee Beans Blend, a sensory experience like no other FARM","MokkaFarms brings you an exclusive High Quality, Estate Coffee, Fresh Roast, 100% Pure, 30% mix each of Robusta Whole Coffee Beans and Arabica Whole Coffee Beans from Coorg/ Chikmagalur region of Western Ghats, Karnataka, India. Our coffee beans are further selectively picked to ensure that you have a superior grade coffee beans. The beans are carefully selected and roasted, separately in small batches, to perfection as per the roast type and pack size that you need, to create a strong, flavorful and an extremely gratifying and a rich aromatic coffee experience. The result is a smooth and balanced cup of coffee with a unique flavor profile. The 80% Arabica-20% Robusta Roasted Whole Coffee Beans Blend from Mokka Farms gives the coffee a strong and fruity taste with a hint of chocolate. The brewing method enhances the flavors and aromas, resulting in a full-bodied and satisfying cup of coffee. The coffee with the blend beans can be enjoyed hot or cold and is perfect for those who appreciate a strong and flavorful coffee. Whether you prefer a classic cup of black coffee or a creamy and sweet latte, this coffee blend will satisfy your cravings. Indulge in the rich and authentic taste of one of the best Arabica-Robusta Coffee Beans Blend that you can find in the country.  Proudly Made in India!   
 
  FLAVOURFUL COFFEE:    Treat yourself to the exquisite flavors of MokkaFarms 100% Pure, 70% Arabica-30% Robusta Roasted Whole Coffee Beans Blend, a sensory experience  like no other  
 
   FARM to FORK: From planting, harvesting, grading, roasting, grinding to processing and packaging, we carefully track every step of the coffee production process to give high quality and maintain consistency   
 
  HANDCRAFTED: Our coffee is carefully handcrafted in small batches to deliver a rich and remarkable flavor, strength and aroma while ensuring consistency  
  AROMATIC, GREAT TASTE, STRONG:    Our 50% Arabica-50% Robusta Roasted Whole Coffee Beans Blend has a toasty aroma and a velvety taste, and is strong yet flavourful  !   
  CONVENIENCE, REUSABLE PACKAGING: Comes in a convenient, tamper-proof, one-way valve, resealable zip-lock pouch for maximum freshness!",https://www.mokkafarms.com/products/bean70ara30rob,https://cdn.shopify.com/s/files/1/0644/7199/0455/files/1_508797d4-f583-49d3-9a8b-c5c233bb44bd.webp?v=1774597953
"80% Arabica, 20% Robusta | Freshly Roast, A/ AA Whole Coffee Beans",Mokka Farms,280.0,100g,,"MokkaFarms 100% Pure, 80% Arabica-20% Robusta Roasted Whole Coffee Beans Blend, a sensory experience like no other FARM","MokkaFarms brings you an exclusive High Quality, Estate Coffee, Fresh Roast, 100% Pure, 20% mix each of Robusta Whole Coffee Beans and Arabica Whole Coffee Beans from Coorg/ Chikmagalur region of Western Ghats, Karnataka, India. Our coffee beans are further selectively picked to ensure that you have a superior grade coffee beans. The beans are carefully selected and roasted, separately in small batches, to perfection as per the roast type and pack size that you need, to create a strong, flavorful and an extremely gratifying and a rich aromatic coffee experience. The result is a smooth and balanced cup of coffee with a unique flavor profile. The 80% Arabica-20% Robusta Roasted Whole Coffee Beans Blend from Mokka Farms gives the coffee a strong and fruity taste with a hint of chocolate. The brewing method enhances the flavors and aromas, resulting in a full-bodied and satisfying cup of coffee. The coffee with the blend beans can be enjoyed hot or cold and is perfect for those who appreciate a strong and flavorful coffee. Whether you prefer a classic cup of black coffee or a creamy and sweet latte, this coffee blend will satisfy your cravings. Indulge in the rich and authentic taste of one of the best Arabica-Robusta Coffee Beans Blend that you can find in the country.  Proudly Made in India!   
 
  FLAVOURFUL COFFEE:    Treat yourself to the exquisite flavors of MokkaFarms 100% Pure, 80% Arabica-20% Robusta Roasted Whole Coffee Beans Blend, a sensory experience  like no other  
 
   FARM to FORK: From planting, harvesting, grading, roasting, grinding to processing and packaging, we carefully track every step of the coffee production process to give high quality and maintain consistency   
 
  HANDCRAFTED: Our coffee is carefully handcrafted in small batches to deliver a rich and remarkable flavor, strength and aroma while ensuring consistency  
  AROMATIC, GREAT TASTE, STRONG:    Our 50% Arabica-50% Robusta Roasted Whole Coffee Beans Blend has a toasty aroma and a velvety taste, and is strong yet flavourful  !   
  CONVENIENCE, REUSABLE PACKAGING: Comes in a convenient, tamper-proof, one-way valve, resealable zip-lock pouch for maximum freshness!",https://www.mokkafarms.com/products/bean80ara20rob,https://cdn.shopify.com/s/files/1/0644/7199/0455/files/6_35f1e523-e110-4d99-80d3-86d1b27be974.webp?v=1774597439
"80% Arabica, 20% Robusta | Freshly Roast, A/ AA Whole Coffee Beans",Mokka Farms,430.0,250g,,"MokkaFarms 100% Pure, 80% Arabica-20% Robusta Roasted Whole Coffee Beans Blend, a sensory experience like no other FARM","MokkaFarms brings you an exclusive High Quality, Estate Coffee, Fresh Roast, 100% Pure, 20% mix each of Robusta Whole Coffee Beans and Arabica Whole Coffee Beans from Coorg/ Chikmagalur region of Western Ghats, Karnataka, India. Our coffee beans are further selectively picked to ensure that you have a superior grade coffee beans. The beans are carefully selected and roasted, separately in small batches, to perfection as per the roast type and pack size that you need, to create a strong, flavorful and an extremely gratifying and a rich aromatic coffee experience. The result is a smooth and balanced cup of coffee with a unique flavor profile. The 80% Arabica-20% Robusta Roasted Whole Coffee Beans Blend from Mokka Farms gives the coffee a strong and fruity taste with a hint of chocolate. The brewing method enhances the flavors and aromas, resulting in a full-bodied and satisfying cup of coffee. The coffee with the blend beans can be enjoyed hot or cold and is perfect for those who appreciate a strong and flavorful coffee. Whether you prefer a classic cup of black coffee or a creamy and sweet latte, this coffee blend will satisfy your cravings. Indulge in the rich and authentic taste of one of the best Arabica-Robusta Coffee Beans Blend that you can find in the country.  Proudly Made in India!   
 
  FLAVOURFUL COFFEE:    Treat yourself to the exquisite flavors of MokkaFarms 100% Pure, 80% Arabica-20% Robusta Roasted Whole Coffee Beans Blend, a sensory experience  like no other  
 
   FARM to FORK: From planting, harvesting, grading, roasting, grinding to processing and packaging, we carefully track every step of the coffee production process to give high quality and maintain consistency   
 
  HANDCRAFTED: Our coffee is carefully handcrafted in small batches to deliver a rich and remarkable flavor, strength and aroma while ensuring consistency  
  AROMATIC, GREAT TASTE, STRONG:    Our 50% Arabica-50% Robusta Roasted Whole Coffee Beans Blend has a toasty aroma and a velvety taste, and is strong yet flavourful  !   
  CONVENIENCE, REUSABLE PACKAGING: Comes in a convenient, tamper-proof, one-way valve, resealable zip-lock pouch for maximum freshness!",https://www.mokkafarms.com/products/bean80ara20rob,https://cdn.shopify.com/s/files/1/0644/7199/0455/files/6_35f1e523-e110-4d99-80d3-86d1b27be974.webp?v=1774597439
"80% Arabica, 20% Robusta | Freshly Roast, A/ AA Whole Coffee Beans",Mokka Farms,810.0,500g,,"MokkaFarms 100% Pure, 80% Arabica-20% Robusta Roasted Whole Coffee Beans Blend, a sensory experience like no other FARM","MokkaFarms brings you an exclusive High Quality, Estate Coffee, Fresh Roast, 100% Pure, 20% mix each of Robusta Whole Coffee Beans and Arabica Whole Coffee Beans from Coorg/ Chikmagalur region of Western Ghats, Karnataka, India. Our coffee beans are further selectively picked to ensure that you have a superior grade coffee beans. The beans are carefully selected and roasted, separately in small batches, to perfection as per the roast type and pack size that you need, to create a strong, flavorful and an extremely gratifying and a rich aromatic coffee experience. The result is a smooth and balanced cup of coffee with a unique flavor profile. The 80% Arabica-20% Robusta Roasted Whole Coffee Beans Blend from Mokka Farms gives the coffee a strong and fruity taste with a hint of chocolate. The brewing method enhances the flavors and aromas, resulting in a full-bodied and satisfying cup of coffee. The coffee with the blend beans can be enjoyed hot or cold and is perfect for those who appreciate a strong and flavorful coffee. Whether you prefer a classic cup of black coffee or a creamy and sweet latte, this coffee blend will satisfy your cravings. Indulge in the rich and authentic taste of one of the best Arabica-Robusta Coffee Beans Blend that you can find in the country.  Proudly Made in India!   
 
  FLAVOURFUL COFFEE:    Treat yourself to the exquisite flavors of MokkaFarms 100% Pure, 80% Arabica-20% Robusta Roasted Whole Coffee Beans Blend, a sensory experience  like no other  
 
   FARM to FORK: From planting, harvesting, grading, roasting, grinding to processing and packaging, we carefully track every step of the coffee production process to give high quality and maintain consistency   
 
  HANDCRAFTED: Our coffee is carefully handcrafted in small batches to deliver a rich and remarkable flavor, strength and aroma while ensuring consistency  
  AROMATIC, GREAT TASTE, STRONG:    Our 50% Arabica-50% Robusta Roasted Whole Coffee Beans Blend has a toasty aroma and a velvety taste, and is strong yet flavourful  !   
  CONVENIENCE, REUSABLE PACKAGING: Comes in a convenient, tamper-proof, one-way valve, resealable zip-lock pouch for maximum freshness!",https://www.mokkafarms.com/products/bean80ara20rob,https://cdn.shopify.com/s/files/1/0644/7199/0455/files/6_35f1e523-e110-4d99-80d3-86d1b27be974.webp?v=1774597439
"80% Arabica, 20% Robusta | Freshly Roast, A/ AA Whole Coffee Beans",Mokka Farms,1510.0,1kg,,"MokkaFarms 100% Pure, 80% Arabica-20% Robusta Roasted Whole Coffee Beans Blend, a sensory experience like no other FARM","MokkaFarms brings you an exclusive High Quality, Estate Coffee, Fresh Roast, 100% Pure, 20% mix each of Robusta Whole Coffee Beans and Arabica Whole Coffee Beans from Coorg/ Chikmagalur region of Western Ghats, Karnataka, India. Our coffee beans are further selectively picked to ensure that you have a superior grade coffee beans. The beans are carefully selected and roasted, separately in small batches, to perfection as per the roast type and pack size that you need, to create a strong, flavorful and an extremely gratifying and a rich aromatic coffee experience. The result is a smooth and balanced cup of coffee with a unique flavor profile. The 80% Arabica-20% Robusta Roasted Whole Coffee Beans Blend from Mokka Farms gives the coffee a strong and fruity taste with a hint of chocolate. The brewing method enhances the flavors and aromas, resulting in a full-bodied and satisfying cup of coffee. The coffee with the blend beans can be enjoyed hot or cold and is perfect for those who appreciate a strong and flavorful coffee. Whether you prefer a classic cup of black coffee or a creamy and sweet latte, this coffee blend will satisfy your cravings. Indulge in the rich and authentic taste of one of the best Arabica-Robusta Coffee Beans Blend that you can find in the country.  Proudly Made in India!   
 
  FLAVOURFUL COFFEE:    Treat yourself to the exquisite flavors of MokkaFarms 100% Pure, 80% Arabica-20% Robusta Roasted Whole Coffee Beans Blend, a sensory experience  like no other  
 
   FARM to FORK: From planting, harvesting, grading, roasting, grinding to processing and packaging, we carefully track every step of the coffee production process to give high quality and maintain consistency   
 
  HANDCRAFTED: Our coffee is carefully handcrafted in small batches to deliver a rich and remarkable flavor, strength and aroma while ensuring consistency  
  AROMATIC, GREAT TASTE, STRONG:    Our 50% Arabica-50% Robusta Roasted Whole Coffee Beans Blend has a toasty aroma and a velvety taste, and is strong yet flavourful  !   
  CONVENIENCE, REUSABLE PACKAGING: Comes in a convenient, tamper-proof, one-way valve, resealable zip-lock pouch for maximum freshness!",https://www.mokkafarms.com/products/bean80ara20rob,https://cdn.shopify.com/s/files/1/0644/7199/0455/files/6_35f1e523-e110-4d99-80d3-86d1b27be974.webp?v=1774597439
Aero Press - 100% Pure Arabica | Premium Ground Coffee,Mokka Farms,290.0,100g,Light Roast,"MokkaFarms Premium Ground Coffee – made from 100% pure, sun-dried Arabica beans handpicked from the lush plantations of Coorg and Chikmagalur in Karnataka’s Western Ghats","☕  Premium Ground Coffee – 100% Pure Arabica by MokkaFarms 
 
    🇮🇳 Made with love in India, for true coffee lovers.  

   Discover the luxurious taste of  MokkaFarms Premium Ground Coffee  – made from  100% pure, sun-dried Arabica beans  handpicked from the lush plantations of  Coorg and Chikmagalur  in Karnataka’s Western Ghats. 

   Each batch is  carefully sorted, graded, and roasted in small batches  to perfection, preserving the bean’s natural aroma and rich flavor. Whether you enjoy a  light roast for its brightness  or a  dark roast for bold intensity , our ground coffee delivers a truly customized experience. 

   ☕  The result?  A full-bodied,  smooth and aromatic cup  with  mild fruity notes  and a  hint of chocolate  – perfect for your morning kick or evening unwind. 

   🌿  What Makes It Special? 
 
   
     🌱  100% Estate-Grown Arabica  – Single-origin beans from premium Indian coffee estates. 
     🔁  Farm-to-Fork Control  – From plantation to packaging, we ensure quality, freshness, and consistency. 
     🔥  Handcrafted Roasts  – Roasted fresh in small batches to unlock peak flavor and aroma. 
     ☕  Versatile Brewing  – French Press, Espresso, Moka Pot, Pour Over, or South Indian Filter – you name it! 
     📦  Smart Packaging  – Resealable, one-way valve pouch locks in aroma till the last scoop. 
   

    Whether you like it hot or cold, black or with milk – this blend delivers a  premium café-style experience  right at home.  

    ✨ Indulge in the best of Indian Arabica. Taste it, sip by sip.",https://www.mokkafarms.com/products/aero-press-100-pure-arabica-premium-ground-coffee,https://cdn.shopify.com/s/files/1/0644/7199/0455/files/0.png?v=1762440726
Aero Press - 100% Pure Arabica | Premium Ground Coffee,Mokka Farms,460.0,250g,Light Roast,"MokkaFarms Premium Ground Coffee – made from 100% pure, sun-dried Arabica beans handpicked from the lush plantations of Coorg and Chikmagalur in Karnataka’s Western Ghats","☕  Premium Ground Coffee – 100% Pure Arabica by MokkaFarms 
 
    🇮🇳 Made with love in India, for true coffee lovers.  

   Discover the luxurious taste of  MokkaFarms Premium Ground Coffee  – made from  100% pure, sun-dried Arabica beans  handpicked from the lush plantations of  Coorg and Chikmagalur  in Karnataka’s Western Ghats. 

   Each batch is  carefully sorted, graded, and roasted in small batches  to perfection, preserving the bean’s natural aroma and rich flavor. Whether you enjoy a  light roast for its brightness  or a  dark roast for bold intensity , our ground coffee delivers a truly customized experience. 

   ☕  The result?  A full-bodied,  smooth and aromatic cup  with  mild fruity notes  and a  hint of chocolate  – perfect for your morning kick or evening unwind. 

   🌿  What Makes It Special? 
 
   
     🌱  100% Estate-Grown Arabica  – Single-origin beans from premium Indian coffee estates. 
     🔁  Farm-to-Fork Control  – From plantation to packaging, we ensure quality, freshness, and consistency. 
     🔥  Handcrafted Roasts  – Roasted fresh in small batches to unlock peak flavor and aroma. 
     ☕  Versatile Brewing  – French Press, Espresso, Moka Pot, Pour Over, or South Indian Filter – you name it! 
     📦  Smart Packaging  – Resealable, one-way valve pouch locks in aroma till the last scoop. 
   

    Whether you like it hot or cold, black or with milk – this blend delivers a  premium café-style experience  right at home.  

    ✨ Indulge in the best of Indian Arabica. Taste it, sip by sip.",https://www.mokkafarms.com/products/aero-press-100-pure-arabica-premium-ground-coffee,https://cdn.shopify.com/s/files/1/0644/7199/0455/files/0.png?v=1762440726
Aero Press - 100% Pure Arabica | Premium Ground Coffee,Mokka Farms,870.0,500g,Light Roast,"MokkaFarms Premium Ground Coffee – made from 100% pure, sun-dried Arabica beans handpicked from the lush plantations of Coorg and Chikmagalur in Karnataka’s Western Ghats","☕  Premium Ground Coffee – 100% Pure Arabica by MokkaFarms 
 
    🇮🇳 Made with love in India, for true coffee lovers.  

   Discover the luxurious taste of  MokkaFarms Premium Ground Coffee  – made from  100% pure, sun-dried Arabica beans  handpicked from the lush plantations of  Coorg and Chikmagalur  in Karnataka’s Western Ghats. 

   Each batch is  carefully sorted, graded, and roasted in small batches  to perfection, preserving the bean’s natural aroma and rich flavor. Whether you enjoy a  light roast for its brightness  or a  dark roast for bold intensity , our ground coffee delivers a truly customized experience. 

   ☕  The result?  A full-bodied,  smooth and aromatic cup  with  mild fruity notes  and a  hint of chocolate  – perfect for your morning kick or evening unwind. 

   🌿  What Makes It Special? 
 
   
     🌱  100% Estate-Grown Arabica  – Single-origin beans from premium Indian coffee estates. 
     🔁  Farm-to-Fork Control  – From plantation to packaging, we ensure quality, freshness, and consistency. 
     🔥  Handcrafted Roasts  – Roasted fresh in small batches to unlock peak flavor and aroma. 
     ☕  Versatile Brewing  – French Press, Espresso, Moka Pot, Pour Over, or South Indian Filter – you name it! 
     📦  Smart Packaging  – Resealable, one-way valve pouch locks in aroma till the last scoop. 
   

    Whether you like it hot or cold, black or with milk – this blend delivers a  premium café-style experience  right at home.  

    ✨ Indulge in the best of Indian Arabica. Taste it, sip by sip.",https://www.mokkafarms.com/products/aero-press-100-pure-arabica-premium-ground-coffee,https://cdn.shopify.com/s/files/1/0644/7199/0455/files/0.png?v=1762440726
Aero Press - 100% Pure Arabica | Premium Ground Coffee,Mokka Farms,1640.0,1kg,Light Roast,"MokkaFarms Premium Ground Coffee – made from 100% pure, sun-dried Arabica beans handpicked from the lush plantations of Coorg and Chikmagalur in Karnataka’s Western Ghats","☕  Premium Ground Coffee – 100% Pure Arabica by MokkaFarms 
 
    🇮🇳 Made with love in India, for true coffee lovers.  

   Discover the luxurious taste of  MokkaFarms Premium Ground Coffee  – made from  100% pure, sun-dried Arabica beans  handpicked from the lush plantations of  Coorg and Chikmagalur  in Karnataka’s Western Ghats. 

   Each batch is  carefully sorted, graded, and roasted in small batches  to perfection, preserving the bean’s natural aroma and rich flavor. Whether you enjoy a  light roast for its brightness  or a  dark roast for bold intensity , our ground coffee delivers a truly customized experience. 

   ☕  The result?  A full-bodied,  smooth and aromatic cup  with  mild fruity notes  and a  hint of chocolate  – perfect for your morning kick or evening unwind. 

   🌿  What Makes It Special? 
 
   
     🌱  100% Estate-Grown Arabica  – Single-origin beans from premium Indian coffee estates. 
     🔁  Farm-to-Fork Control  – From plantation to packaging, we ensure quality, freshness, and consistency. 
     🔥  Handcrafted Roasts  – Roasted fresh in small batches to unlock peak flavor and aroma. 
     ☕  Versatile Brewing  – French Press, Espresso, Moka Pot, Pour Over, or South Indian Filter – you name it! 
     📦  Smart Packaging  – Resealable, one-way valve pouch locks in aroma till the last scoop. 
   

    Whether you like it hot or cold, black or with milk – this blend delivers a  premium café-style experience  right at home.  

    ✨ Indulge in the best of Indian Arabica. Taste it, sip by sip.",https://www.mokkafarms.com/products/aero-press-100-pure-arabica-premium-ground-coffee,https://cdn.shopify.com/s/files/1/0644/7199/0455/files/0.png?v=1762440726
Aero Press - 100% Pure Robusta | Premium Ground Coffee,Mokka Farms,245.0,100g,Light Roast,"MokkaFarms Premium Ground Coffee – made from 100% pure, sun-dried Robusta beans handpicked from the rich plantations of Coorg and Chikmagalur in Karnataka’s Western Ghats","☕  Premium Ground Coffee – 100% Pure Robusta by MokkaFarms 
 

    🇮🇳 Made with love in India, for true coffee lovers.  

   Discover the bold and intense taste of  MokkaFarms Premium Ground Coffee  – made from  100% pure, sun-dried Robusta beans  handpicked from the rich plantations of  Coorg and Chikmagalur  in Karnataka’s Western Ghats. 

   Each batch is  carefully sorted, graded, and roasted in small batches  to perfection, preserving the bean’s natural strength and earthy flavor. Whether you enjoy a  light roast for a smoother body  or a  dark roast for a robust kick , our ground coffee delivers a truly bold and satisfying experience. 

   ☕  The result?  A strong-bodied,  aromatic and powerful cup  with  earthy undertones  and a  bittersweet chocolate finish  – perfect to energize your day. 

   🌿  What Makes It Special? 
 
   
     🌱  100% Estate-Grown Robusta  – Single-origin beans from premium Indian coffee estates. 
     🔁  Farm-to-Fork Control  – From plantation to packaging, we ensure quality, freshness, and consistency. 
     🔥  Handcrafted Roasts  – Roasted fresh in small batches to unlock peak flavor and aroma. 
     ☕  Versatile Brewing  – French Press, Espresso, Moka Pot, Pour Over, or South Indian Filter – you name it! 
     📦  Smart Packaging  – Resealable, one-way valve pouch locks in aroma till the last scoop. 
   

    Whether you like it hot or cold, black or with milk – this blend delivers a  strong, café-style experience  right at home.  

    ✨ Enjoy the bold and authentic taste of Indian Robusta. Taste it, sip by sip.",https://www.mokkafarms.com/products/aero-press-100-pure-robusta-premium-ground-coffee,https://cdn.shopify.com/s/files/1/0644/7199/0455/files/0_3961d9de-ad09-4a68-96c3-1e0ea4eb0d8f.png?v=1762440947
Aero Press - 100% Pure Robusta | Premium Ground Coffee,Mokka Farms,350.0,250g,Light Roast,"MokkaFarms Premium Ground Coffee – made from 100% pure, sun-dried Robusta beans handpicked from the rich plantations of Coorg and Chikmagalur in Karnataka’s Western Ghats","☕  Premium Ground Coffee – 100% Pure Robusta by MokkaFarms 
 

    🇮🇳 Made with love in India, for true coffee lovers.  

   Discover the bold and intense taste of  MokkaFarms Premium Ground Coffee  – made from  100% pure, sun-dried Robusta beans  handpicked from the rich plantations of  Coorg and Chikmagalur  in Karnataka’s Western Ghats. 

   Each batch is  carefully sorted, graded, and roasted in small batches  to perfection, preserving the bean’s natural strength and earthy flavor. Whether you enjoy a  light roast for a smoother body  or a  dark roast for a robust kick , our ground coffee delivers a truly bold and satisfying experience. 

   ☕  The result?  A strong-bodied,  aromatic and powerful cup  with  earthy undertones  and a  bittersweet chocolate finish  – perfect to energize your day. 

   🌿  What Makes It Special? 
 
   
     🌱  100% Estate-Grown Robusta  – Single-origin beans from premium Indian coffee estates. 
     🔁  Farm-to-Fork Control  – From plantation to packaging, we ensure quality, freshness, and consistency. 
     🔥  Handcrafted Roasts  – Roasted fresh in small batches to unlock peak flavor and aroma. 
     ☕  Versatile Brewing  – French Press, Espresso, Moka Pot, Pour Over, or South Indian Filter – you name it! 
     📦  Smart Packaging  – Resealable, one-way valve pouch locks in aroma till the last scoop. 
   

    Whether you like it hot or cold, black or with milk – this blend delivers a  strong, café-style experience  right at home.  

    ✨ Enjoy the bold and authentic taste of Indian Robusta. Taste it, sip by sip.",https://www.mokkafarms.com/products/aero-press-100-pure-robusta-premium-ground-coffee,https://cdn.shopify.com/s/files/1/0644/7199/0455/files/0_3961d9de-ad09-4a68-96c3-1e0ea4eb0d8f.png?v=1762440947
Aero Press - 100% Pure Robusta | Premium Ground Coffee,Mokka Farms,650.0,500g,Light Roast,"MokkaFarms Premium Ground Coffee – made from 100% pure, sun-dried Robusta beans handpicked from the rich plantations of Coorg and Chikmagalur in Karnataka’s Western Ghats","☕  Premium Ground Coffee – 100% Pure Robusta by MokkaFarms 
 

    🇮🇳 Made with love in India, for true coffee lovers.  

   Discover the bold and intense taste of  MokkaFarms Premium Ground Coffee  – made from  100% pure, sun-dried Robusta beans  handpicked from the rich plantations of  Coorg and Chikmagalur  in Karnataka’s Western Ghats. 

   Each batch is  carefully sorted, graded, and roasted in small batches  to perfection, preserving the bean’s natural strength and earthy flavor. Whether you enjoy a  light roast for a smoother body  or a  dark roast for a robust kick , our ground coffee delivers a truly bold and satisfying experience. 

   ☕  The result?  A strong-bodied,  aromatic and powerful cup  with  earthy undertones  and a  bittersweet chocolate finish  – perfect to energize your day. 

   🌿  What Makes It Special? 
 
   
     🌱  100% Estate-Grown Robusta  – Single-origin beans from premium Indian coffee estates. 
     🔁  Farm-to-Fork Control  – From plantation to packaging, we ensure quality, freshness, and consistency. 
     🔥  Handcrafted Roasts  – Roasted fresh in small batches to unlock peak flavor and aroma. 
     ☕  Versatile Brewing  – French Press, Espresso, Moka Pot, Pour Over, or South Indian Filter – you name it! 
     📦  Smart Packaging  – Resealable, one-way valve pouch locks in aroma till the last scoop. 
   

    Whether you like it hot or cold, black or with milk – this blend delivers a  strong, café-style experience  right at home.  

    ✨ Enjoy the bold and authentic taste of Indian Robusta. Taste it, sip by sip.",https://www.mokkafarms.com/products/aero-press-100-pure-robusta-premium-ground-coffee,https://cdn.shopify.com/s/files/1/0644/7199/0455/files/0_3961d9de-ad09-4a68-96c3-1e0ea4eb0d8f.png?v=1762440947
Aero Press - 100% Pure Robusta | Premium Ground Coffee,Mokka Farms,1200.0,1kg,Light Roast,"MokkaFarms Premium Ground Coffee – made from 100% pure, sun-dried Robusta beans handpicked from the rich plantations of Coorg and Chikmagalur in Karnataka’s Western Ghats","☕  Premium Ground Coffee – 100% Pure Robusta by MokkaFarms 
 

    🇮🇳 Made with love in India, for true coffee lovers.  

   Discover the bold and intense taste of  MokkaFarms Premium Ground Coffee  – made from  100% pure, sun-dried Robusta beans  handpicked from the rich plantations of  Coorg and Chikmagalur  in Karnataka’s Western Ghats. 

   Each batch is  carefully sorted, graded, and roasted in small batches  to perfection, preserving the bean’s natural strength and earthy flavor. Whether you enjoy a  light roast for a smoother body  or a  dark roast for a robust kick , our ground coffee delivers a truly bold and satisfying experience. 

   ☕  The result?  A strong-bodied,  aromatic and powerful cup  with  earthy undertones  and a  bittersweet chocolate finish  – perfect to energize your day. 

   🌿  What Makes It Special? 
 
   
     🌱  100% Estate-Grown Robusta  – Single-origin beans from premium Indian coffee estates. 
     🔁  Farm-to-Fork Control  – From plantation to packaging, we ensure quality, freshness, and consistency. 
     🔥  Handcrafted Roasts  – Roasted fresh in small batches to unlock peak flavor and aroma. 
     ☕  Versatile Brewing  – French Press, Espresso, Moka Pot, Pour Over, or South Indian Filter – you name it! 
     📦  Smart Packaging  – Resealable, one-way valve pouch locks in aroma till the last scoop. 
   

    Whether you like it hot or cold, black or with milk – this blend delivers a  strong, café-style experience  right at home.  

    ✨ Enjoy the bold and authentic taste of Indian Robusta. Taste it, sip by sip.",https://www.mokkafarms.com/products/aero-press-100-pure-robusta-premium-ground-coffee,https://cdn.shopify.com/s/files/1/0644/7199/0455/files/0_3961d9de-ad09-4a68-96c3-1e0ea4eb0d8f.png?v=1762440947
Aero Press- Arabica-Robusta Premium Blend Ground Coffee,Mokka Farms,270.0,100g,,"MokkaFarms 100% Arabica Robusta Blend Roasted Whole Coffee Beans, a sensory experience like no other FARM to FORK: From","MokkaFarms brings you an exclusive High Quality, Estate Coffee, Fresh Roast, 100% Pure, Sundried Arabica &amp; Robusta Whole Coffee Beans from Coorg/ Chikmagalur region of Western Ghats, Karnataka, India. Our coffee beans are further selectively picked to ensure that you have a superior grade coffee beans. The beans are carefully selected and roasted, separately in small batches, to perfection as per the roast type and pack size that you need, to create a strong, flavourful and an extremely gratifying and a rich aromatic coffee experience. The result is a smooth and balanced cup of coffee with a unique flavor profile. The Roasted Whole Coffee Beans from Mokka Farms give the coffee a mild and fruity taste with a hint of chocolate. The brewing method enhances the flavors and aromas, resulting in a full-bodied and satisfying cup of coffee. The coffee can be enjoyed hot or cold and is perfect for those who appreciate a strong and flavorful coffee. Whether you prefer a classic cup of black coffee or a creamy and sweet latte, this coffee blend will satisfy your cravings. Indulge in the rich and authentic taste of one of the best Robusta Coffee Beans that you can find in the country.  Proudly Made in India!   
 
  FLAVOURFUL COFFEE: Treat yourself to the exquisite flavors of MokkaFarms 100% Arabica Robusta Blend Roasted Whole Coffee Beans, a sensory experience like no other  
 
   FARM to FORK: From planting, harvesting, grading, roasting, grinding to processing and packaging, we carefully track every step of the coffee production process to give high quality and maintain consistency   
 
  HANDCRAFTED: Our coffee is carefully handcrafted in small batches to deliver a rich and remarkable flavor, strength and aroma while ensuring consistency  
  AROMATIC, GREAT TASTE, STRONG:    Our 100% Robusta Roasted Whole Coffee Beans has a toasty aroma and a velvety taste, and feels like a strong punch!   
  CONVENIENCE, REUSABLE PACKAGING: Comes in a convenient, tamper-proof, one-way valve, resealable zip-lock pouch for maximum freshness!",https://www.mokkafarms.com/products/mokkafarms-premium-100-pure-robusta-ground-coffee-espresso-fresh-single-origin-plantation-a-aa-beans-rich-flavourful-aromatic-one-way-valve-zip-lock-bag-copy,https://cdn.shopify.com/s/files/1/0644/7199/0455/files/0_abb32761-efef-4be1-a47a-21964d9bea21.png?v=1762441141
Aero Press- Arabica-Robusta Premium Blend Ground Coffee,Mokka Farms,405.0,250g,,"MokkaFarms 100% Arabica Robusta Blend Roasted Whole Coffee Beans, a sensory experience like no other FARM to FORK: From","MokkaFarms brings you an exclusive High Quality, Estate Coffee, Fresh Roast, 100% Pure, Sundried Arabica &amp; Robusta Whole Coffee Beans from Coorg/ Chikmagalur region of Western Ghats, Karnataka, India. Our coffee beans are further selectively picked to ensure that you have a superior grade coffee beans. The beans are carefully selected and roasted, separately in small batches, to perfection as per the roast type and pack size that you need, to create a strong, flavourful and an extremely gratifying and a rich aromatic coffee experience. The result is a smooth and balanced cup of coffee with a unique flavor profile. The Roasted Whole Coffee Beans from Mokka Farms give the coffee a mild and fruity taste with a hint of chocolate. The brewing method enhances the flavors and aromas, resulting in a full-bodied and satisfying cup of coffee. The coffee can be enjoyed hot or cold and is perfect for those who appreciate a strong and flavorful coffee. Whether you prefer a classic cup of black coffee or a creamy and sweet latte, this coffee blend will satisfy your cravings. Indulge in the rich and authentic taste of one of the best Robusta Coffee Beans that you can find in the country.  Proudly Made in India!   
 
  FLAVOURFUL COFFEE: Treat yourself to the exquisite flavors of MokkaFarms 100% Arabica Robusta Blend Roasted Whole Coffee Beans, a sensory experience like no other  
 
   FARM to FORK: From planting, harvesting, grading, roasting, grinding to processing and packaging, we carefully track every step of the coffee production process to give high quality and maintain consistency   
 
  HANDCRAFTED: Our coffee is carefully handcrafted in small batches to deliver a rich and remarkable flavor, strength and aroma while ensuring consistency  
  AROMATIC, GREAT TASTE, STRONG:    Our 100% Robusta Roasted Whole Coffee Beans has a toasty aroma and a velvety taste, and feels like a strong punch!   
  CONVENIENCE, REUSABLE PACKAGING: Comes in a convenient, tamper-proof, one-way valve, resealable zip-lock pouch for maximum freshness!",https://www.mokkafarms.com/products/mokkafarms-premium-100-pure-robusta-ground-coffee-espresso-fresh-single-origin-plantation-a-aa-beans-rich-flavourful-aromatic-one-way-valve-zip-lock-bag-copy,https://cdn.shopify.com/s/files/1/0644/7199/0455/files/0_abb32761-efef-4be1-a47a-21964d9bea21.png?v=1762441141
Aero Press- Arabica-Robusta Premium Blend Ground Coffee,Mokka Farms,760.0,500g,,"MokkaFarms 100% Arabica Robusta Blend Roasted Whole Coffee Beans, a sensory experience like no other FARM to FORK: From","MokkaFarms brings you an exclusive High Quality, Estate Coffee, Fresh Roast, 100% Pure, Sundried Arabica &amp; Robusta Whole Coffee Beans from Coorg/ Chikmagalur region of Western Ghats, Karnataka, India. Our coffee beans are further selectively picked to ensure that you have a superior grade coffee beans. The beans are carefully selected and roasted, separately in small batches, to perfection as per the roast type and pack size that you need, to create a strong, flavourful and an extremely gratifying and a rich aromatic coffee experience. The result is a smooth and balanced cup of coffee with a unique flavor profile. The Roasted Whole Coffee Beans from Mokka Farms give the coffee a mild and fruity taste with a hint of chocolate. The brewing method enhances the flavors and aromas, resulting in a full-bodied and satisfying cup of coffee. The coffee can be enjoyed hot or cold and is perfect for those who appreciate a strong and flavorful coffee. Whether you prefer a classic cup of black coffee or a creamy and sweet latte, this coffee blend will satisfy your cravings. Indulge in the rich and authentic taste of one of the best Robusta Coffee Beans that you can find in the country.  Proudly Made in India!   
 
  FLAVOURFUL COFFEE: Treat yourself to the exquisite flavors of MokkaFarms 100% Arabica Robusta Blend Roasted Whole Coffee Beans, a sensory experience like no other  
 
   FARM to FORK: From planting, harvesting, grading, roasting, grinding to processing and packaging, we carefully track every step of the coffee production process to give high quality and maintain consistency   
 
  HANDCRAFTED: Our coffee is carefully handcrafted in small batches to deliver a rich and remarkable flavor, strength and aroma while ensuring consistency  
  AROMATIC, GREAT TASTE, STRONG:    Our 100% Robusta Roasted Whole Coffee Beans has a toasty aroma and a velvety taste, and feels like a strong punch!   
  CONVENIENCE, REUSABLE PACKAGING: Comes in a convenient, tamper-proof, one-way valve, resealable zip-lock pouch for maximum freshness!",https://www.mokkafarms.com/products/mokkafarms-premium-100-pure-robusta-ground-coffee-espresso-fresh-single-origin-plantation-a-aa-beans-rich-flavourful-aromatic-one-way-valve-zip-lock-bag-copy,https://cdn.shopify.com/s/files/1/0644/7199/0455/files/0_abb32761-efef-4be1-a47a-21964d9bea21.png?v=1762441141
Aero Press- Arabica-Robusta Premium Blend Ground Coffee,Mokka Farms,1420.0,1kg,,"MokkaFarms 100% Arabica Robusta Blend Roasted Whole Coffee Beans, a sensory experience like no other FARM to FORK: From","MokkaFarms brings you an exclusive High Quality, Estate Coffee, Fresh Roast, 100% Pure, Sundried Arabica &amp; Robusta Whole Coffee Beans from Coorg/ Chikmagalur region of Western Ghats, Karnataka, India. Our coffee beans are further selectively picked to ensure that you have a superior grade coffee beans. The beans are carefully selected and roasted, separately in small batches, to perfection as per the roast type and pack size that you need, to create a strong, flavourful and an extremely gratifying and a rich aromatic coffee experience. The result is a smooth and balanced cup of coffee with a unique flavor profile. The Roasted Whole Coffee Beans from Mokka Farms give the coffee a mild and fruity taste with a hint of chocolate. The brewing method enhances the flavors and aromas, resulting in a full-bodied and satisfying cup of coffee. The coffee can be enjoyed hot or cold and is perfect for those who appreciate a strong and flavorful coffee. Whether you prefer a classic cup of black coffee or a creamy and sweet latte, this coffee blend will satisfy your cravings. Indulge in the rich and authentic taste of one of the best Robusta Coffee Beans that you can find in the country.  Proudly Made in India!   
 
  FLAVOURFUL COFFEE: Treat yourself to the exquisite flavors of MokkaFarms 100% Arabica Robusta Blend Roasted Whole Coffee Beans, a sensory experience like no other  
 
   FARM to FORK: From planting, harvesting, grading, roasting, grinding to processing and packaging, we carefully track every step of the coffee production process to give high quality and maintain consistency   
 
  HANDCRAFTED: Our coffee is carefully handcrafted in small batches to deliver a rich and remarkable flavor, strength and aroma while ensuring consistency  
  AROMATIC, GREAT TASTE, STRONG:    Our 100% Robusta Roasted Whole Coffee Beans has a toasty aroma and a velvety taste, and feels like a strong punch!   
  CONVENIENCE, REUSABLE PACKAGING: Comes in a convenient, tamper-proof, one-way valve, resealable zip-lock pouch for maximum freshness!",https://www.mokkafarms.com/products/mokkafarms-premium-100-pure-robusta-ground-coffee-espresso-fresh-single-origin-plantation-a-aa-beans-rich-flavourful-aromatic-one-way-valve-zip-lock-bag-copy,https://cdn.shopify.com/s/files/1/0644/7199/0455/files/0_abb32761-efef-4be1-a47a-21964d9bea21.png?v=1762441141
"Black | 20% Arabica, 80% Robusta | Pure Filter Coffee",Mokka Farms,210.0,100g,,"South Indian filter coffee with our premium quality product, made with love and care","MokkaFarms South Indian filter coffee powder is a delicious blend of 20% Arabica coffee and 80% Robusta. It is made using the one of the finest quality coffee beans, which are carefully roasted to perfection. This traditional blend creates a rich and aromatic coffee with a distinct South Indian flavor. We take pride in offering a high-quality product that contains no preservatives or artificial additives. Our coffee powder is made with natural ingredients and has a long shelf life without the need for any synthetic additives. To ensure the freshness and flavor of our coffee powder, it is carefully packaged in an airtight container. This helps to preserve the aroma and taste, allowing you to enjoy a freshly brewed cup of filter coffee at any time. Whether you prefer a strong and bold cup of coffee or a milder taste, our South Indian filter coffee powder can be customized to suit your preference. Simply adjust the quantity of powder used while brewing to achieve the desired strength. Experience the authentic taste of South Indian filter coffee with our premium quality product, made with love and care.  
  Proudly Made in India!",https://www.mokkafarms.com/products/black,https://cdn.shopify.com/s/files/1/0644/7199/0455/files/1_fd97c14b-caf4-49d9-a518-a2ec8334f6d0.webp?v=1774600458
"Black | 20% Arabica, 80% Robusta | Pure Filter Coffee",Mokka Farms,305.0,250g,,"South Indian filter coffee with our premium quality product, made with love and care","MokkaFarms South Indian filter coffee powder is a delicious blend of 20% Arabica coffee and 80% Robusta. It is made using the one of the finest quality coffee beans, which are carefully roasted to perfection. This traditional blend creates a rich and aromatic coffee with a distinct South Indian flavor. We take pride in offering a high-quality product that contains no preservatives or artificial additives. Our coffee powder is made with natural ingredients and has a long shelf life without the need for any synthetic additives. To ensure the freshness and flavor of our coffee powder, it is carefully packaged in an airtight container. This helps to preserve the aroma and taste, allowing you to enjoy a freshly brewed cup of filter coffee at any time. Whether you prefer a strong and bold cup of coffee or a milder taste, our South Indian filter coffee powder can be customized to suit your preference. Simply adjust the quantity of powder used while brewing to achieve the desired strength. Experience the authentic taste of South Indian filter coffee with our premium quality product, made with love and care.  
  Proudly Made in India!",https://www.mokkafarms.com/products/black,https://cdn.shopify.com/s/files/1/0644/7199/0455/files/1_fd97c14b-caf4-49d9-a518-a2ec8334f6d0.webp?v=1774600458
"Black | 20% Arabica, 80% Robusta | Pure Filter Coffee",Mokka Farms,555.0,500g,,"South Indian filter coffee with our premium quality product, made with love and care","MokkaFarms South Indian filter coffee powder is a delicious blend of 20% Arabica coffee and 80% Robusta. It is made using the one of the finest quality coffee beans, which are carefully roasted to perfection. This traditional blend creates a rich and aromatic coffee with a distinct South Indian flavor. We take pride in offering a high-quality product that contains no preservatives or artificial additives. Our coffee powder is made with natural ingredients and has a long shelf life without the need for any synthetic additives. To ensure the freshness and flavor of our coffee powder, it is carefully packaged in an airtight container. This helps to preserve the aroma and taste, allowing you to enjoy a freshly brewed cup of filter coffee at any time. Whether you prefer a strong and bold cup of coffee or a milder taste, our South Indian filter coffee powder can be customized to suit your preference. Simply adjust the quantity of powder used while brewing to achieve the desired strength. Experience the authentic taste of South Indian filter coffee with our premium quality product, made with love and care.  
  Proudly Made in India!",https://www.mokkafarms.com/products/black,https://cdn.shopify.com/s/files/1/0644/7199/0455/files/1_fd97c14b-caf4-49d9-a518-a2ec8334f6d0.webp?v=1774600458
"Black | 20% Arabica, 80% Robusta | Pure Filter Coffee",Mokka Farms,1010.0,1kg,,"South Indian filter coffee with our premium quality product, made with love and care","MokkaFarms South Indian filter coffee powder is a delicious blend of 20% Arabica coffee and 80% Robusta. It is made using the one of the finest quality coffee beans, which are carefully roasted to perfection. This traditional blend creates a rich and aromatic coffee with a distinct South Indian flavor. We take pride in offering a high-quality product that contains no preservatives or artificial additives. Our coffee powder is made with natural ingredients and has a long shelf life without the need for any synthetic additives. To ensure the freshness and flavor of our coffee powder, it is carefully packaged in an airtight container. This helps to preserve the aroma and taste, allowing you to enjoy a freshly brewed cup of filter coffee at any time. Whether you prefer a strong and bold cup of coffee or a milder taste, our South Indian filter coffee powder can be customized to suit your preference. Simply adjust the quantity of powder used while brewing to achieve the desired strength. Experience the authentic taste of South Indian filter coffee with our premium quality product, made with love and care.  
  Proudly Made in India!",https://www.mokkafarms.com/products/black,https://cdn.shopify.com/s/files/1/0644/7199/0455/files/1_fd97c14b-caf4-49d9-a518-a2ec8334f6d0.webp?v=1774600458
"Coasters | Made from Coffee Residue [Husk, Unused Coffee Grounds/ Bean] | Available in Pack of 4 or Pack of 6",Mokka Farms,235.0,Pack of 4,,,"Made from MokkaFarms’ Own Coffee Residue     [ Bean Husk, Roast Husk, Unused Coffee Bean/ Grounds ],  our Coasters has a varied set of unique characteristics: 
 
  Lightweight yet Durable/ Unbreakable* [ Normal Floor Drops ]  
  Natural Coffee Colour [ No Artificial Colours ]  
  Permitted for Food Usage [ Formaldehyde Free, BPA Free ]  
  Heat Resistant* [ UV Protection, FMVSS 302, UL 94, ISO 3795 Flammability ]  
  Microwave Safe, Dishwasher Safe, 100% Recyclable  
 
  Proudly Made in India!    
  #Sustainable #ZeroResidueGoals #MokkaFarms",https://www.mokkafarms.com/products/coaster,https://cdn.shopify.com/s/files/1/0644/7199/0455/files/C0_bf8e0ac0-6e43-4b2d-a55b-17ca04db6ec2.png?v=1760465462
"Coasters | Made from Coffee Residue [Husk, Unused Coffee Grounds/ Bean] | Available in Pack of 4 or Pack of 6",Mokka Farms,300.0,Pack of 6,,,"Made from MokkaFarms’ Own Coffee Residue     [ Bean Husk, Roast Husk, Unused Coffee Bean/ Grounds ],  our Coasters has a varied set of unique characteristics: 
 
  Lightweight yet Durable/ Unbreakable* [ Normal Floor Drops ]  
  Natural Coffee Colour [ No Artificial Colours ]  
  Permitted for Food Usage [ Formaldehyde Free, BPA Free ]  
  Heat Resistant* [ UV Protection, FMVSS 302, UL 94, ISO 3795 Flammability ]  
  Microwave Safe, Dishwasher Safe, 100% Recyclable  
 
  Proudly Made in India!    
  #Sustainable #ZeroResidueGoals #MokkaFarms",https://www.mokkafarms.com/products/coaster,https://cdn.shopify.com/s/files/1/0644/7199/0455/files/C0_bf8e0ac0-6e43-4b2d-a55b-17ca04db6ec2.png?v=1760465462
"Coffee Mug 300 ML | Made from Coffee Residue [Husk, Unused Coffee Grounds/ Bean] | Available in Pack of 1",Mokka Farms,270.0,,,,"Made from MokkaFarms’ Own Coffee Residue     [ Bean Husk, Roast Husk, Unused Coffee Bean/ Grounds ],  our Coffee Mug 300 ML has a varied set of unique characteristics: 
 
  Lightweight yet Durable/ Unbreakable* [ Normal Floor Drops ]  
  Natural Coffee Colour [ No Artificial Colours ]  
  Permitted for Food Usage [ Formaldehyde Free, BPA Free ]  
  Heat Resistant* [ UV Protection, FMVSS 302, UL 94, ISO 3795 Flammability ]  
  Microwave Safe, Dishwasher Safe, 100% Recyclable  
 
  Proudly Made in India!    
  #Sustainable #ZeroResidueGoals #MokkaFarms",https://www.mokkafarms.com/products/coffeemug,https://cdn.shopify.com/s/files/1/0644/7199/0455/files/M0.png?v=1760464822
Cold Brew - 100% Pure Arabica | Premium Ground Coffee,Mokka Farms,290.0,100g,Light Roast,"MokkaFarms Premium Ground Coffee – made from 100% pure, sun-dried Arabica beans handpicked from the lush plantations of Coorg and Chikmagalur in Karnataka’s Western Ghats","☕  Premium Ground Coffee – 100% Pure Arabica by MokkaFarms 
 
    🇮🇳 Made with love in India, for true coffee lovers.  

   Discover the luxurious taste of  MokkaFarms Premium Ground Coffee  – made from  100% pure, sun-dried Arabica beans  handpicked from the lush plantations of  Coorg and Chikmagalur  in Karnataka’s Western Ghats. 

   Each batch is  carefully sorted, graded, and roasted in small batches  to perfection, preserving the bean’s natural aroma and rich flavor. Whether you enjoy a  light roast for its brightness  or a  dark roast for bold intensity , our ground coffee delivers a truly customized experience. 

   ☕  The result?  A full-bodied,  smooth and aromatic cup  with  mild fruity notes  and a  hint of chocolate  – perfect for your morning kick or evening unwind. 

   🌿  What Makes It Special? 
 
   
     🌱  100% Estate-Grown Arabica  – Single-origin beans from premium Indian coffee estates. 
     🔁  Farm-to-Fork Control  – From plantation to packaging, we ensure quality, freshness, and consistency. 
     🔥  Handcrafted Roasts  – Roasted fresh in small batches to unlock peak flavor and aroma. 
     ☕  Versatile Brewing  – French Press, Espresso, Moka Pot, Pour Over, or South Indian Filter – you name it! 
     📦  Smart Packaging  – Resealable, one-way valve pouch locks in aroma till the last scoop. 
   

    Whether you like it hot or cold, black or with milk – this blend delivers a  premium café-style experience  right at home.  

    ✨ Indulge in the best of Indian Arabica. Taste it, sip by sip.",https://www.mokkafarms.com/products/cold-brew-100-pure-arabica-premium-ground-coffee,https://cdn.shopify.com/s/files/1/0644/7199/0455/files/0_edc1eaf0-4bb2-4871-b406-33ca03c0b127.png?v=1762440815
Cold Brew - 100% Pure Arabica | Premium Ground Coffee,Mokka Farms,460.0,250g,Light Roast,"MokkaFarms Premium Ground Coffee – made from 100% pure, sun-dried Arabica beans handpicked from the lush plantations of Coorg and Chikmagalur in Karnataka’s Western Ghats","☕  Premium Ground Coffee – 100% Pure Arabica by MokkaFarms 
 
    🇮🇳 Made with love in India, for true coffee lovers.  

   Discover the luxurious taste of  MokkaFarms Premium Ground Coffee  – made from  100% pure, sun-dried Arabica beans  handpicked from the lush plantations of  Coorg and Chikmagalur  in Karnataka’s Western Ghats. 

   Each batch is  carefully sorted, graded, and roasted in small batches  to perfection, preserving the bean’s natural aroma and rich flavor. Whether you enjoy a  light roast for its brightness  or a  dark roast for bold intensity , our ground coffee delivers a truly customized experience. 

   ☕  The result?  A full-bodied,  smooth and aromatic cup  with  mild fruity notes  and a  hint of chocolate  – perfect for your morning kick or evening unwind. 

   🌿  What Makes It Special? 
 
   
     🌱  100% Estate-Grown Arabica  – Single-origin beans from premium Indian coffee estates. 
     🔁  Farm-to-Fork Control  – From plantation to packaging, we ensure quality, freshness, and consistency. 
     🔥  Handcrafted Roasts  – Roasted fresh in small batches to unlock peak flavor and aroma. 
     ☕  Versatile Brewing  – French Press, Espresso, Moka Pot, Pour Over, or South Indian Filter – you name it! 
     📦  Smart Packaging  – Resealable, one-way valve pouch locks in aroma till the last scoop. 
   

    Whether you like it hot or cold, black or with milk – this blend delivers a  premium café-style experience  right at home.  

    ✨ Indulge in the best of Indian Arabica. Taste it, sip by sip.",https://www.mokkafarms.com/products/cold-brew-100-pure-arabica-premium-ground-coffee,https://cdn.shopify.com/s/files/1/0644/7199/0455/files/0_edc1eaf0-4bb2-4871-b406-33ca03c0b127.png?v=1762440815
Cold Brew - 100% Pure Arabica | Premium Ground Coffee,Mokka Farms,1000.0,500g,Light Roast,"MokkaFarms Premium Ground Coffee – made from 100% pure, sun-dried Arabica beans handpicked from the lush plantations of Coorg and Chikmagalur in Karnataka’s Western Ghats","☕  Premium Ground Coffee – 100% Pure Arabica by MokkaFarms 
 
    🇮🇳 Made with love in India, for true coffee lovers.  

   Discover the luxurious taste of  MokkaFarms Premium Ground Coffee  – made from  100% pure, sun-dried Arabica beans  handpicked from the lush plantations of  Coorg and Chikmagalur  in Karnataka’s Western Ghats. 

   Each batch is  carefully sorted, graded, and roasted in small batches  to perfection, preserving the bean’s natural aroma and rich flavor. Whether you enjoy a  light roast for its brightness  or a  dark roast for bold intensity , our ground coffee delivers a truly customized experience. 

   ☕  The result?  A full-bodied,  smooth and aromatic cup  with  mild fruity notes  and a  hint of chocolate  – perfect for your morning kick or evening unwind. 

   🌿  What Makes It Special? 
 
   
     🌱  100% Estate-Grown Arabica  – Single-origin beans from premium Indian coffee estates. 
     🔁  Farm-to-Fork Control  – From plantation to packaging, we ensure quality, freshness, and consistency. 
     🔥  Handcrafted Roasts  – Roasted fresh in small batches to unlock peak flavor and aroma. 
     ☕  Versatile Brewing  – French Press, Espresso, Moka Pot, Pour Over, or South Indian Filter – you name it! 
     📦  Smart Packaging  – Resealable, one-way valve pouch locks in aroma till the last scoop. 
   

    Whether you like it hot or cold, black or with milk – this blend delivers a  premium café-style experience  right at home.  

    ✨ Indulge in the best of Indian Arabica. Taste it, sip by sip.",https://www.mokkafarms.com/products/cold-brew-100-pure-arabica-premium-ground-coffee,https://cdn.shopify.com/s/files/1/0644/7199/0455/files/0_edc1eaf0-4bb2-4871-b406-33ca03c0b127.png?v=1762440815
Cold Brew - 100% Pure Arabica | Premium Ground Coffee,Mokka Farms,1945.0,1kg,Light Roast,"MokkaFarms Premium Ground Coffee – made from 100% pure, sun-dried Arabica beans handpicked from the lush plantations of Coorg and Chikmagalur in Karnataka’s Western Ghats","☕  Premium Ground Coffee – 100% Pure Arabica by MokkaFarms 
 
    🇮🇳 Made with love in India, for true coffee lovers.  

   Discover the luxurious taste of  MokkaFarms Premium Ground Coffee  – made from  100% pure, sun-dried Arabica beans  handpicked from the lush plantations of  Coorg and Chikmagalur  in Karnataka’s Western Ghats. 

   Each batch is  carefully sorted, graded, and roasted in small batches  to perfection, preserving the bean’s natural aroma and rich flavor. Whether you enjoy a  light roast for its brightness  or a  dark roast for bold intensity , our ground coffee delivers a truly customized experience. 

   ☕  The result?  A full-bodied,  smooth and aromatic cup  with  mild fruity notes  and a  hint of chocolate  – perfect for your morning kick or evening unwind. 

   🌿  What Makes It Special? 
 
   
     🌱  100% Estate-Grown Arabica  – Single-origin beans from premium Indian coffee estates. 
     🔁  Farm-to-Fork Control  – From plantation to packaging, we ensure quality, freshness, and consistency. 
     🔥  Handcrafted Roasts  – Roasted fresh in small batches to unlock peak flavor and aroma. 
     ☕  Versatile Brewing  – French Press, Espresso, Moka Pot, Pour Over, or South Indian Filter – you name it! 
     📦  Smart Packaging  – Resealable, one-way valve pouch locks in aroma till the last scoop. 
   

    Whether you like it hot or cold, black or with milk – this blend delivers a  premium café-style experience  right at home.  

    ✨ Indulge in the best of Indian Arabica. Taste it, sip by sip.",https://www.mokkafarms.com/products/cold-brew-100-pure-arabica-premium-ground-coffee,https://cdn.shopify.com/s/files/1/0644/7199/0455/files/0_edc1eaf0-4bb2-4871-b406-33ca03c0b127.png?v=1762440815
Cold Brew - 100% Pure Robusta | Premium Ground Coffee,Mokka Farms,245.0,100g,Light Roast,"MokkaFarms Premium Ground Coffee – made from 100% pure, sun-dried Robusta beans handpicked from the rich plantations of Coorg and Chikmagalur in Karnataka’s Western Ghats","☕  Premium Ground Coffee – 100% Pure Robusta by MokkaFarms 
 

    🇮🇳 Made with love in India, for true coffee lovers.  

   Discover the bold and intense taste of  MokkaFarms Premium Ground Coffee  – made from  100% pure, sun-dried Robusta beans  handpicked from the rich plantations of  Coorg and Chikmagalur  in Karnataka’s Western Ghats. 

   Each batch is  carefully sorted, graded, and roasted in small batches  to perfection, preserving the bean’s natural strength and earthy flavor. Whether you enjoy a  light roast for a smoother body  or a  dark roast for a robust kick , our ground coffee delivers a truly bold and satisfying experience. 

   ☕  The result?  A strong-bodied,  aromatic and powerful cup  with  earthy undertones  and a  bittersweet chocolate finish  – perfect to energize your day. 

   🌿  What Makes It Special? 
 
   
     🌱  100% Estate-Grown Robusta  – Single-origin beans from premium Indian coffee estates. 
     🔁  Farm-to-Fork Control  – From plantation to packaging, we ensure quality, freshness, and consistency. 
     🔥  Handcrafted Roasts  – Roasted fresh in small batches to unlock peak flavor and aroma. 
     ☕  Versatile Brewing  – French Press, Espresso, Moka Pot, Pour Over, or South Indian Filter – you name it! 
     📦  Smart Packaging  – Resealable, one-way valve pouch locks in aroma till the last scoop. 
   

    Whether you like it hot or cold, black or with milk – this blend delivers a  strong, café-style experience  right at home.  

    ✨ Enjoy the bold and authentic taste of Indian Robusta. Taste it, sip by sip.",https://www.mokkafarms.com/products/cold-brew-100-robusta-premium-ground-coffee,https://cdn.shopify.com/s/files/1/0644/7199/0455/files/0_d487a37b-e500-4581-8284-f851507a48f5.png?v=1762440966
Cold Brew - 100% Pure Robusta | Premium Ground Coffee,Mokka Farms,350.0,250g,Light Roast,"MokkaFarms Premium Ground Coffee – made from 100% pure, sun-dried Robusta beans handpicked from the rich plantations of Coorg and Chikmagalur in Karnataka’s Western Ghats","☕  Premium Ground Coffee – 100% Pure Robusta by MokkaFarms 
 

    🇮🇳 Made with love in India, for true coffee lovers.  

   Discover the bold and intense taste of  MokkaFarms Premium Ground Coffee  – made from  100% pure, sun-dried Robusta beans  handpicked from the rich plantations of  Coorg and Chikmagalur  in Karnataka’s Western Ghats. 

   Each batch is  carefully sorted, graded, and roasted in small batches  to perfection, preserving the bean’s natural strength and earthy flavor. Whether you enjoy a  light roast for a smoother body  or a  dark roast for a robust kick , our ground coffee delivers a truly bold and satisfying experience. 

   ☕  The result?  A strong-bodied,  aromatic and powerful cup  with  earthy undertones  and a  bittersweet chocolate finish  – perfect to energize your day. 

   🌿  What Makes It Special? 
 
   
     🌱  100% Estate-Grown Robusta  – Single-origin beans from premium Indian coffee estates. 
     🔁  Farm-to-Fork Control  – From plantation to packaging, we ensure quality, freshness, and consistency. 
     🔥  Handcrafted Roasts  – Roasted fresh in small batches to unlock peak flavor and aroma. 
     ☕  Versatile Brewing  – French Press, Espresso, Moka Pot, Pour Over, or South Indian Filter – you name it! 
     📦  Smart Packaging  – Resealable, one-way valve pouch locks in aroma till the last scoop. 
   

    Whether you like it hot or cold, black or with milk – this blend delivers a  strong, café-style experience  right at home.  

    ✨ Enjoy the bold and authentic taste of Indian Robusta. Taste it, sip by sip.",https://www.mokkafarms.com/products/cold-brew-100-robusta-premium-ground-coffee,https://cdn.shopify.com/s/files/1/0644/7199/0455/files/0_d487a37b-e500-4581-8284-f851507a48f5.png?v=1762440966
Cold Brew - 100% Pure Robusta | Premium Ground Coffee,Mokka Farms,650.0,500g,Light Roast,"MokkaFarms Premium Ground Coffee – made from 100% pure, sun-dried Robusta beans handpicked from the rich plantations of Coorg and Chikmagalur in Karnataka’s Western Ghats","☕  Premium Ground Coffee – 100% Pure Robusta by MokkaFarms 
 

    🇮🇳 Made with love in India, for true coffee lovers.  

   Discover the bold and intense taste of  MokkaFarms Premium Ground Coffee  – made from  100% pure, sun-dried Robusta beans  handpicked from the rich plantations of  Coorg and Chikmagalur  in Karnataka’s Western Ghats. 

   Each batch is  carefully sorted, graded, and roasted in small batches  to perfection, preserving the bean’s natural strength and earthy flavor. Whether you enjoy a  light roast for a smoother body  or a  dark roast for a robust kick , our ground coffee delivers a truly bold and satisfying experience. 

   ☕  The result?  A strong-bodied,  aromatic and powerful cup  with  earthy undertones  and a  bittersweet chocolate finish  – perfect to energize your day. 

   🌿  What Makes It Special? 
 
   
     🌱  100% Estate-Grown Robusta  – Single-origin beans from premium Indian coffee estates. 
     🔁  Farm-to-Fork Control  – From plantation to packaging, we ensure quality, freshness, and consistency. 
     🔥  Handcrafted Roasts  – Roasted fresh in small batches to unlock peak flavor and aroma. 
     ☕  Versatile Brewing  – French Press, Espresso, Moka Pot, Pour Over, or South Indian Filter – you name it! 
     📦  Smart Packaging  – Resealable, one-way valve pouch locks in aroma till the last scoop. 
   

    Whether you like it hot or cold, black or with milk – this blend delivers a  strong, café-style experience  right at home.  

    ✨ Enjoy the bold and authentic taste of Indian Robusta. Taste it, sip by sip.",https://www.mokkafarms.com/products/cold-brew-100-robusta-premium-ground-coffee,https://cdn.shopify.com/s/files/1/0644/7199/0455/files/0_d487a37b-e500-4581-8284-f851507a48f5.png?v=1762440966
Cold Brew - 100% Pure Robusta | Premium Ground Coffee,Mokka Farms,1200.0,1kg,Light Roast,"MokkaFarms Premium Ground Coffee – made from 100% pure, sun-dried Robusta beans handpicked from the rich plantations of Coorg and Chikmagalur in Karnataka’s Western Ghats","☕  Premium Ground Coffee – 100% Pure Robusta by MokkaFarms 
 

    🇮🇳 Made with love in India, for true coffee lovers.  

   Discover the bold and intense taste of  MokkaFarms Premium Ground Coffee  – made from  100% pure, sun-dried Robusta beans  handpicked from the rich plantations of  Coorg and Chikmagalur  in Karnataka’s Western Ghats. 

   Each batch is  carefully sorted, graded, and roasted in small batches  to perfection, preserving the bean’s natural strength and earthy flavor. Whether you enjoy a  light roast for a smoother body  or a  dark roast for a robust kick , our ground coffee delivers a truly bold and satisfying experience. 

   ☕  The result?  A strong-bodied,  aromatic and powerful cup  with  earthy undertones  and a  bittersweet chocolate finish  – perfect to energize your day. 

   🌿  What Makes It Special? 
 
   
     🌱  100% Estate-Grown Robusta  – Single-origin beans from premium Indian coffee estates. 
     🔁  Farm-to-Fork Control  – From plantation to packaging, we ensure quality, freshness, and consistency. 
     🔥  Handcrafted Roasts  – Roasted fresh in small batches to unlock peak flavor and aroma. 
     ☕  Versatile Brewing  – French Press, Espresso, Moka Pot, Pour Over, or South Indian Filter – you name it! 
     📦  Smart Packaging  – Resealable, one-way valve pouch locks in aroma till the last scoop. 
   

    Whether you like it hot or cold, black or with milk – this blend delivers a  strong, café-style experience  right at home.  

    ✨ Enjoy the bold and authentic taste of Indian Robusta. Taste it, sip by sip.",https://www.mokkafarms.com/products/cold-brew-100-robusta-premium-ground-coffee,https://cdn.shopify.com/s/files/1/0644/7199/0455/files/0_d487a37b-e500-4581-8284-f851507a48f5.png?v=1762440966
Cold Brew - Arabica-Robusta Blend | Premium Ground Coffee,Mokka Farms,270.0,100g,,"MokkaFarms 100% Arabica Robusta Blend Roasted Whole Coffee Beans, a sensory experience like no other FARM to FORK: From","MokkaFarms brings you an exclusive High Quality, Estate Coffee, Fresh Roast, 100% Pure, Sundried Arabica &amp; Robusta Whole Coffee Beans from Coorg/ Chikmagalur region of Western Ghats, Karnataka, India. Our coffee beans are further selectively picked to ensure that you have a superior grade coffee beans. The beans are carefully selected and roasted, separately in small batches, to perfection as per the roast type and pack size that you need, to create a strong, flavourful and an extremely gratifying and a rich aromatic coffee experience. The result is a smooth and balanced cup of coffee with a unique flavor profile. The Roasted Whole Coffee Beans from Mokka Farms give the coffee a mild and fruity taste with a hint of chocolate. The brewing method enhances the flavors and aromas, resulting in a full-bodied and satisfying cup of coffee. The coffee can be enjoyed hot or cold and is perfect for those who appreciate a strong and flavorful coffee. Whether you prefer a classic cup of black coffee or a creamy and sweet latte, this coffee blend will satisfy your cravings. Indulge in the rich and authentic taste of one of the best Robusta Coffee Beans that you can find in the country.  Proudly Made in India!   
 
  FLAVOURFUL COFFEE: Treat yourself to the exquisite flavors of MokkaFarms 100% Arabica Robusta Blend Roasted Whole Coffee Beans, a sensory experience like no other  
 
   FARM to FORK: From planting, harvesting, grading, roasting, grinding to processing and packaging, we carefully track every step of the coffee production process to give high quality and maintain consistency   
 
  HANDCRAFTED: Our coffee is carefully handcrafted in small batches to deliver a rich and remarkable flavor, strength and aroma while ensuring consistency  
  AROMATIC, GREAT TASTE, STRONG:    Our 100% Robusta Roasted Whole Coffee Beans has a toasty aroma and a velvety taste, and feels like a strong punch!   
  CONVENIENCE, REUSABLE PACKAGING: Comes in a convenient, tamper-proof, one-way valve, resealable zip-lock pouch for maximum freshness!",https://www.mokkafarms.com/products/cold-brew-arabica-robusta-blend-premium-ground-coffee,https://cdn.shopify.com/s/files/1/0644/7199/0455/files/0_1cfd0802-216a-4207-8193-c6f1a5c640e5.png?v=1762441161
Cold Brew - Arabica-Robusta Blend | Premium Ground Coffee,Mokka Farms,405.0,250g,,"MokkaFarms 100% Arabica Robusta Blend Roasted Whole Coffee Beans, a sensory experience like no other FARM to FORK: From","MokkaFarms brings you an exclusive High Quality, Estate Coffee, Fresh Roast, 100% Pure, Sundried Arabica &amp; Robusta Whole Coffee Beans from Coorg/ Chikmagalur region of Western Ghats, Karnataka, India. Our coffee beans are further selectively picked to ensure that you have a superior grade coffee beans. The beans are carefully selected and roasted, separately in small batches, to perfection as per the roast type and pack size that you need, to create a strong, flavourful and an extremely gratifying and a rich aromatic coffee experience. The result is a smooth and balanced cup of coffee with a unique flavor profile. The Roasted Whole Coffee Beans from Mokka Farms give the coffee a mild and fruity taste with a hint of chocolate. The brewing method enhances the flavors and aromas, resulting in a full-bodied and satisfying cup of coffee. The coffee can be enjoyed hot or cold and is perfect for those who appreciate a strong and flavorful coffee. Whether you prefer a classic cup of black coffee or a creamy and sweet latte, this coffee blend will satisfy your cravings. Indulge in the rich and authentic taste of one of the best Robusta Coffee Beans that you can find in the country.  Proudly Made in India!   
 
  FLAVOURFUL COFFEE: Treat yourself to the exquisite flavors of MokkaFarms 100% Arabica Robusta Blend Roasted Whole Coffee Beans, a sensory experience like no other  
 
   FARM to FORK: From planting, harvesting, grading, roasting, grinding to processing and packaging, we carefully track every step of the coffee production process to give high quality and maintain consistency   
 
  HANDCRAFTED: Our coffee is carefully handcrafted in small batches to deliver a rich and remarkable flavor, strength and aroma while ensuring consistency  
  AROMATIC, GREAT TASTE, STRONG:    Our 100% Robusta Roasted Whole Coffee Beans has a toasty aroma and a velvety taste, and feels like a strong punch!   
  CONVENIENCE, REUSABLE PACKAGING: Comes in a convenient, tamper-proof, one-way valve, resealable zip-lock pouch for maximum freshness!",https://www.mokkafarms.com/products/cold-brew-arabica-robusta-blend-premium-ground-coffee,https://cdn.shopify.com/s/files/1/0644/7199/0455/files/0_1cfd0802-216a-4207-8193-c6f1a5c640e5.png?v=1762441161
Cold Brew - Arabica-Robusta Blend | Premium Ground Coffee,Mokka Farms,760.0,500g,,"MokkaFarms 100% Arabica Robusta Blend Roasted Whole Coffee Beans, a sensory experience like no other FARM to FORK: From","MokkaFarms brings you an exclusive High Quality, Estate Coffee, Fresh Roast, 100% Pure, Sundried Arabica &amp; Robusta Whole Coffee Beans from Coorg/ Chikmagalur region of Western Ghats, Karnataka, India. Our coffee beans are further selectively picked to ensure that you have a superior grade coffee beans. The beans are carefully selected and roasted, separately in small batches, to perfection as per the roast type and pack size that you need, to create a strong, flavourful and an extremely gratifying and a rich aromatic coffee experience. The result is a smooth and balanced cup of coffee with a unique flavor profile. The Roasted Whole Coffee Beans from Mokka Farms give the coffee a mild and fruity taste with a hint of chocolate. The brewing method enhances the flavors and aromas, resulting in a full-bodied and satisfying cup of coffee. The coffee can be enjoyed hot or cold and is perfect for those who appreciate a strong and flavorful coffee. Whether you prefer a classic cup of black coffee or a creamy and sweet latte, this coffee blend will satisfy your cravings. Indulge in the rich and authentic taste of one of the best Robusta Coffee Beans that you can find in the country.  Proudly Made in India!   
 
  FLAVOURFUL COFFEE: Treat yourself to the exquisite flavors of MokkaFarms 100% Arabica Robusta Blend Roasted Whole Coffee Beans, a sensory experience like no other  
 
   FARM to FORK: From planting, harvesting, grading, roasting, grinding to processing and packaging, we carefully track every step of the coffee production process to give high quality and maintain consistency   
 
  HANDCRAFTED: Our coffee is carefully handcrafted in small batches to deliver a rich and remarkable flavor, strength and aroma while ensuring consistency  
  AROMATIC, GREAT TASTE, STRONG:    Our 100% Robusta Roasted Whole Coffee Beans has a toasty aroma and a velvety taste, and feels like a strong punch!   
  CONVENIENCE, REUSABLE PACKAGING: Comes in a convenient, tamper-proof, one-way valve, resealable zip-lock pouch for maximum freshness!",https://www.mokkafarms.com/products/cold-brew-arabica-robusta-blend-premium-ground-coffee,https://cdn.shopify.com/s/files/1/0644/7199/0455/files/0_1cfd0802-216a-4207-8193-c6f1a5c640e5.png?v=1762441161
Cold Brew - Arabica-Robusta Blend | Premium Ground Coffee,Mokka Farms,1420.0,1kg,,"MokkaFarms 100% Arabica Robusta Blend Roasted Whole Coffee Beans, a sensory experience like no other FARM to FORK: From","MokkaFarms brings you an exclusive High Quality, Estate Coffee, Fresh Roast, 100% Pure, Sundried Arabica &amp; Robusta Whole Coffee Beans from Coorg/ Chikmagalur region of Western Ghats, Karnataka, India. Our coffee beans are further selectively picked to ensure that you have a superior grade coffee beans. The beans are carefully selected and roasted, separately in small batches, to perfection as per the roast type and pack size that you need, to create a strong, flavourful and an extremely gratifying and a rich aromatic coffee experience. The result is a smooth and balanced cup of coffee with a unique flavor profile. The Roasted Whole Coffee Beans from Mokka Farms give the coffee a mild and fruity taste with a hint of chocolate. The brewing method enhances the flavors and aromas, resulting in a full-bodied and satisfying cup of coffee. The coffee can be enjoyed hot or cold and is perfect for those who appreciate a strong and flavorful coffee. Whether you prefer a classic cup of black coffee or a creamy and sweet latte, this coffee blend will satisfy your cravings. Indulge in the rich and authentic taste of one of the best Robusta Coffee Beans that you can find in the country.  Proudly Made in India!   
 
  FLAVOURFUL COFFEE: Treat yourself to the exquisite flavors of MokkaFarms 100% Arabica Robusta Blend Roasted Whole Coffee Beans, a sensory experience like no other  
 
   FARM to FORK: From planting, harvesting, grading, roasting, grinding to processing and packaging, we carefully track every step of the coffee production process to give high quality and maintain consistency   
 
  HANDCRAFTED: Our coffee is carefully handcrafted in small batches to deliver a rich and remarkable flavor, strength and aroma while ensuring consistency  
  AROMATIC, GREAT TASTE, STRONG:    Our 100% Robusta Roasted Whole Coffee Beans has a toasty aroma and a velvety taste, and feels like a strong punch!   
  CONVENIENCE, REUSABLE PACKAGING: Comes in a convenient, tamper-proof, one-way valve, resealable zip-lock pouch for maximum freshness!",https://www.mokkafarms.com/products/cold-brew-arabica-robusta-blend-premium-ground-coffee,https://cdn.shopify.com/s/files/1/0644/7199/0455/files/0_1cfd0802-216a-4207-8193-c6f1a5c640e5.png?v=1762441161
"Decadence | 53% Coffee, 47% Chicory | Chicory Filter Coffee",Mokka Farms,170.0,100g,,"South Indian filter coffee with our premium quality product, made with love and care","MokkaFarms South Indian filter coffee powder is a delicious blend of 53% coffee and 47% chicory. It is made using the one of the finest quality coffee beans and chicory, which are carefully roasted to perfection. This traditional blend creates a rich and aromatic coffee with a distinct South Indian flavor. We take pride in offering a high-quality product that contains no preservatives or artificial additives. Our coffee powder is made with natural ingredients and has a long shelf life without the need for any synthetic additives. To ensure the freshness and flavor of our coffee powder, it is carefully packaged in an airtight container. This helps to preserve the aroma and taste, allowing you to enjoy a freshly brewed cup of filter coffee at any time. Whether you prefer a strong and bold cup of coffee or a milder taste, our South Indian filter coffee powder can be customized to suit your preference. Simply adjust the quantity of powder used while brewing to achieve the desired strength. Experience the authentic taste of South Indian filter coffee with our premium quality product, made with love and care.  
  Proudly Made in India!",https://www.mokkafarms.com/products/decadence,https://cdn.shopify.com/s/files/1/0644/7199/0455/files/1_2f7edb31-c3cc-4321-ba0d-02bb2b85a5be.webp?v=1774602742
"Decadence | 53% Coffee, 47% Chicory | Chicory Filter Coffee",Mokka Farms,200.0,250g,,"South Indian filter coffee with our premium quality product, made with love and care","MokkaFarms South Indian filter coffee powder is a delicious blend of 53% coffee and 47% chicory. It is made using the one of the finest quality coffee beans and chicory, which are carefully roasted to perfection. This traditional blend creates a rich and aromatic coffee with a distinct South Indian flavor. We take pride in offering a high-quality product that contains no preservatives or artificial additives. Our coffee powder is made with natural ingredients and has a long shelf life without the need for any synthetic additives. To ensure the freshness and flavor of our coffee powder, it is carefully packaged in an airtight container. This helps to preserve the aroma and taste, allowing you to enjoy a freshly brewed cup of filter coffee at any time. Whether you prefer a strong and bold cup of coffee or a milder taste, our South Indian filter coffee powder can be customized to suit your preference. Simply adjust the quantity of powder used while brewing to achieve the desired strength. Experience the authentic taste of South Indian filter coffee with our premium quality product, made with love and care.  
  Proudly Made in India!",https://www.mokkafarms.com/products/decadence,https://cdn.shopify.com/s/files/1/0644/7199/0455/files/1_2f7edb31-c3cc-4321-ba0d-02bb2b85a5be.webp?v=1774602742
"Decadence | 53% Coffee, 47% Chicory | Chicory Filter Coffee",Mokka Farms,350.0,500g,,"South Indian filter coffee with our premium quality product, made with love and care","MokkaFarms South Indian filter coffee powder is a delicious blend of 53% coffee and 47% chicory. It is made using the one of the finest quality coffee beans and chicory, which are carefully roasted to perfection. This traditional blend creates a rich and aromatic coffee with a distinct South Indian flavor. We take pride in offering a high-quality product that contains no preservatives or artificial additives. Our coffee powder is made with natural ingredients and has a long shelf life without the need for any synthetic additives. To ensure the freshness and flavor of our coffee powder, it is carefully packaged in an airtight container. This helps to preserve the aroma and taste, allowing you to enjoy a freshly brewed cup of filter coffee at any time. Whether you prefer a strong and bold cup of coffee or a milder taste, our South Indian filter coffee powder can be customized to suit your preference. Simply adjust the quantity of powder used while brewing to achieve the desired strength. Experience the authentic taste of South Indian filter coffee with our premium quality product, made with love and care.  
  Proudly Made in India!",https://www.mokkafarms.com/products/decadence,https://cdn.shopify.com/s/files/1/0644/7199/0455/files/1_2f7edb31-c3cc-4321-ba0d-02bb2b85a5be.webp?v=1774602742
"Decadence | 53% Coffee, 47% Chicory | Chicory Filter Coffee",Mokka Farms,600.0,1kg,,"South Indian filter coffee with our premium quality product, made with love and care","MokkaFarms South Indian filter coffee powder is a delicious blend of 53% coffee and 47% chicory. It is made using the one of the finest quality coffee beans and chicory, which are carefully roasted to perfection. This traditional blend creates a rich and aromatic coffee with a distinct South Indian flavor. We take pride in offering a high-quality product that contains no preservatives or artificial additives. Our coffee powder is made with natural ingredients and has a long shelf life without the need for any synthetic additives. To ensure the freshness and flavor of our coffee powder, it is carefully packaged in an airtight container. This helps to preserve the aroma and taste, allowing you to enjoy a freshly brewed cup of filter coffee at any time. Whether you prefer a strong and bold cup of coffee or a milder taste, our South Indian filter coffee powder can be customized to suit your preference. Simply adjust the quantity of powder used while brewing to achieve the desired strength. Experience the authentic taste of South Indian filter coffee with our premium quality product, made with love and care.  
  Proudly Made in India!",https://www.mokkafarms.com/products/decadence,https://cdn.shopify.com/s/files/1/0644/7199/0455/files/1_2f7edb31-c3cc-4321-ba0d-02bb2b85a5be.webp?v=1774602742
"Dinner Bowl 160 ML | Made from Coffee Residue [Husk, Unused Coffee Grounds/ Bean] | Available in Pack of 2 or Pack of 4",Mokka Farms,210.0,Pack of 2,,,"Made from MokkaFarms’ Own Coffee Residue     [ Bean Husk, Roast Husk, Unused Coffee Bean/ Grounds ],  our Dinner Bowl 160 ML has a varied set of unique characteristics: 
 
  Lightweight yet Durable/ Unbreakable* [ Normal Floor Drops ]  
  Natural Coffee Colour [ No Artificial Colours ]  
  Permitted for Food Usage [ Formaldehyde Free, BPA Free ]  
  Heat Resistant* [ UV Protection, FMVSS 302, UL 94, ISO 3795 Flammability ]  
  Microwave Safe, Dishwasher Safe, 100% Recyclable  
 
  Proudly Made in India!    
  #Sustainable #ZeroResidueGoals #MokkaFarms",https://www.mokkafarms.com/products/dinnerbowl,https://cdn.shopify.com/s/files/1/0644/7199/0455/files/B0.png?v=1760465111
"Dinner Bowl 160 ML | Made from Coffee Residue [Husk, Unused Coffee Grounds/ Bean] | Available in Pack of 2 or Pack of 4",Mokka Farms,335.0,Pack of 4,,,"Made from MokkaFarms’ Own Coffee Residue     [ Bean Husk, Roast Husk, Unused Coffee Bean/ Grounds ],  our Dinner Bowl 160 ML has a varied set of unique characteristics: 
 
  Lightweight yet Durable/ Unbreakable* [ Normal Floor Drops ]  
  Natural Coffee Colour [ No Artificial Colours ]  
  Permitted for Food Usage [ Formaldehyde Free, BPA Free ]  
  Heat Resistant* [ UV Protection, FMVSS 302, UL 94, ISO 3795 Flammability ]  
  Microwave Safe, Dishwasher Safe, 100% Recyclable  
 
  Proudly Made in India!    
  #Sustainable #ZeroResidueGoals #MokkaFarms",https://www.mokkafarms.com/products/dinnerbowl,https://cdn.shopify.com/s/files/1/0644/7199/0455/files/B0.png?v=1760465111
Dyumni | 70% Arabica - 30% Chicory | Chicory Filter Coffee,Mokka Farms,215.0,100g,,"South Indian filter coffee with our premium quality product, made with love and care","MokkaFarms South Indian filter coffee powder is a delicious blend of 70% Arabica coffee and 30% chicory. It is made using the one of the finest quality coffee beans and chicory, which are carefully roasted to perfection. This traditional blend creates a rich and aromatic coffee with a distinct South Indian flavor. We take pride in offering a high-quality product that contains no preservatives or artificial additives. Our coffee powder is made with natural ingredients and has a long shelf life without the need for any synthetic additives. To ensure the freshness and flavor of our coffee powder, it is carefully packaged in an airtight container. This helps to preserve the aroma and taste, allowing you to enjoy a freshly brewed cup of filter coffee at any time. Whether you prefer a strong and bold cup of coffee or a milder taste, our South Indian filter coffee powder can be customized to suit your preference. Simply adjust the quantity of powder used while brewing to achieve the desired strength. Experience the authentic taste of South Indian filter coffee with our premium quality product, made with love and care.  
  Proudly Made in India!",https://www.mokkafarms.com/products/dyumni,https://cdn.shopify.com/s/files/1/0644/7199/0455/files/1_7049d455-7e6d-47de-a48f-f6695a05efff.webp?v=1774603460
Dyumni | 70% Arabica - 30% Chicory | Chicory Filter Coffee,Mokka Farms,315.0,250g,,"South Indian filter coffee with our premium quality product, made with love and care","MokkaFarms South Indian filter coffee powder is a delicious blend of 70% Arabica coffee and 30% chicory. It is made using the one of the finest quality coffee beans and chicory, which are carefully roasted to perfection. This traditional blend creates a rich and aromatic coffee with a distinct South Indian flavor. We take pride in offering a high-quality product that contains no preservatives or artificial additives. Our coffee powder is made with natural ingredients and has a long shelf life without the need for any synthetic additives. To ensure the freshness and flavor of our coffee powder, it is carefully packaged in an airtight container. This helps to preserve the aroma and taste, allowing you to enjoy a freshly brewed cup of filter coffee at any time. Whether you prefer a strong and bold cup of coffee or a milder taste, our South Indian filter coffee powder can be customized to suit your preference. Simply adjust the quantity of powder used while brewing to achieve the desired strength. Experience the authentic taste of South Indian filter coffee with our premium quality product, made with love and care.  
  Proudly Made in India!",https://www.mokkafarms.com/products/dyumni,https://cdn.shopify.com/s/files/1/0644/7199/0455/files/1_7049d455-7e6d-47de-a48f-f6695a05efff.webp?v=1774603460
Dyumni | 70% Arabica - 30% Chicory | Chicory Filter Coffee,Mokka Farms,575.0,500g,,"South Indian filter coffee with our premium quality product, made with love and care","MokkaFarms South Indian filter coffee powder is a delicious blend of 70% Arabica coffee and 30% chicory. It is made using the one of the finest quality coffee beans and chicory, which are carefully roasted to perfection. This traditional blend creates a rich and aromatic coffee with a distinct South Indian flavor. We take pride in offering a high-quality product that contains no preservatives or artificial additives. Our coffee powder is made with natural ingredients and has a long shelf life without the need for any synthetic additives. To ensure the freshness and flavor of our coffee powder, it is carefully packaged in an airtight container. This helps to preserve the aroma and taste, allowing you to enjoy a freshly brewed cup of filter coffee at any time. Whether you prefer a strong and bold cup of coffee or a milder taste, our South Indian filter coffee powder can be customized to suit your preference. Simply adjust the quantity of powder used while brewing to achieve the desired strength. Experience the authentic taste of South Indian filter coffee with our premium quality product, made with love and care.  
  Proudly Made in India!",https://www.mokkafarms.com/products/dyumni,https://cdn.shopify.com/s/files/1/0644/7199/0455/files/1_7049d455-7e6d-47de-a48f-f6695a05efff.webp?v=1774603460
Dyumni | 70% Arabica - 30% Chicory | Chicory Filter Coffee,Mokka Farms,1050.0,1kg,,"South Indian filter coffee with our premium quality product, made with love and care","MokkaFarms South Indian filter coffee powder is a delicious blend of 70% Arabica coffee and 30% chicory. It is made using the one of the finest quality coffee beans and chicory, which are carefully roasted to perfection. This traditional blend creates a rich and aromatic coffee with a distinct South Indian flavor. We take pride in offering a high-quality product that contains no preservatives or artificial additives. Our coffee powder is made with natural ingredients and has a long shelf life without the need for any synthetic additives. To ensure the freshness and flavor of our coffee powder, it is carefully packaged in an airtight container. This helps to preserve the aroma and taste, allowing you to enjoy a freshly brewed cup of filter coffee at any time. Whether you prefer a strong and bold cup of coffee or a milder taste, our South Indian filter coffee powder can be customized to suit your preference. Simply adjust the quantity of powder used while brewing to achieve the desired strength. Experience the authentic taste of South Indian filter coffee with our premium quality product, made with love and care.  
  Proudly Made in India!",https://www.mokkafarms.com/products/dyumni,https://cdn.shopify.com/s/files/1/0644/7199/0455/files/1_7049d455-7e6d-47de-a48f-f6695a05efff.webp?v=1774603460
Espresso - 100% Pure Arabica | Premium Ground Coffee,Mokka Farms,290.0,100g,Light Roast,"MokkaFarms Premium Ground Coffee – made from 100% pure, sun-dried Arabica beans handpicked from the lush plantations of Coorg and Chikmagalur in Karnataka’s Western Ghats","☕  Premium Ground Coffee – 100% Pure Arabica by MokkaFarms 
 
    🇮🇳 Made with love in India, for true coffee lovers.  

   Discover the luxurious taste of  MokkaFarms Premium Ground Coffee  – made from  100% pure, sun-dried Arabica beans  handpicked from the lush plantations of  Coorg and Chikmagalur  in Karnataka’s Western Ghats. 

   Each batch is  carefully sorted, graded, and roasted in small batches  to perfection, preserving the bean’s natural aroma and rich flavor. Whether you enjoy a  light roast for its brightness  or a  dark roast for bold intensity , our ground coffee delivers a truly customized experience. 

   ☕  The result?  A full-bodied,  smooth and aromatic cup  with  mild fruity notes  and a  hint of chocolate  – perfect for your morning kick or evening unwind. 

   🌿  What Makes It Special? 
 
   
     🌱  100% Estate-Grown Arabica  – Single-origin beans from premium Indian coffee estates. 
     🔁  Farm-to-Fork Control  – From plantation to packaging, we ensure quality, freshness, and consistency. 
     🔥  Handcrafted Roasts  – Roasted fresh in small batches to unlock peak flavor and aroma. 
     ☕  Versatile Brewing  – French Press, Espresso, Moka Pot, Pour Over, or South Indian Filter – you name it! 
     📦  Smart Packaging  – Resealable, one-way valve pouch locks in aroma till the last scoop. 
   

    Whether you like it hot or cold, black or with milk – this blend delivers a  premium café-style experience  right at home.  

    ✨ Indulge in the best of Indian Arabica. Taste it, sip by sip.",https://www.mokkafarms.com/products/espresso-100-pure-arabica-premium-ground-coffee,https://cdn.shopify.com/s/files/1/0644/7199/0455/files/0_edc1eaf0-4bb2-4871-b406-33ca03c0b127.png?v=1762440815
Espresso - 100% Pure Arabica | Premium Ground Coffee,Mokka Farms,460.0,250g,Light Roast,"MokkaFarms Premium Ground Coffee – made from 100% pure, sun-dried Arabica beans handpicked from the lush plantations of Coorg and Chikmagalur in Karnataka’s Western Ghats","☕  Premium Ground Coffee – 100% Pure Arabica by MokkaFarms 
 
    🇮🇳 Made with love in India, for true coffee lovers.  

   Discover the luxurious taste of  MokkaFarms Premium Ground Coffee  – made from  100% pure, sun-dried Arabica beans  handpicked from the lush plantations of  Coorg and Chikmagalur  in Karnataka’s Western Ghats. 

   Each batch is  carefully sorted, graded, and roasted in small batches  to perfection, preserving the bean’s natural aroma and rich flavor. Whether you enjoy a  light roast for its brightness  or a  dark roast for bold intensity , our ground coffee delivers a truly customized experience. 

   ☕  The result?  A full-bodied,  smooth and aromatic cup  with  mild fruity notes  and a  hint of chocolate  – perfect for your morning kick or evening unwind. 

   🌿  What Makes It Special? 
 
   
     🌱  100% Estate-Grown Arabica  – Single-origin beans from premium Indian coffee estates. 
     🔁  Farm-to-Fork Control  – From plantation to packaging, we ensure quality, freshness, and consistency. 
     🔥  Handcrafted Roasts  – Roasted fresh in small batches to unlock peak flavor and aroma. 
     ☕  Versatile Brewing  – French Press, Espresso, Moka Pot, Pour Over, or South Indian Filter – you name it! 
     📦  Smart Packaging  – Resealable, one-way valve pouch locks in aroma till the last scoop. 
   

    Whether you like it hot or cold, black or with milk – this blend delivers a  premium café-style experience  right at home.  

    ✨ Indulge in the best of Indian Arabica. Taste it, sip by sip.",https://www.mokkafarms.com/products/espresso-100-pure-arabica-premium-ground-coffee,https://cdn.shopify.com/s/files/1/0644/7199/0455/files/0_edc1eaf0-4bb2-4871-b406-33ca03c0b127.png?v=1762440815
Espresso - 100% Pure Arabica | Premium Ground Coffee,Mokka Farms,870.0,500g,Light Roast,"MokkaFarms Premium Ground Coffee – made from 100% pure, sun-dried Arabica beans handpicked from the lush plantations of Coorg and Chikmagalur in Karnataka’s Western Ghats","☕  Premium Ground Coffee – 100% Pure Arabica by MokkaFarms 
 
    🇮🇳 Made with love in India, for true coffee lovers.  

   Discover the luxurious taste of  MokkaFarms Premium Ground Coffee  – made from  100% pure, sun-dried Arabica beans  handpicked from the lush plantations of  Coorg and Chikmagalur  in Karnataka’s Western Ghats. 

   Each batch is  carefully sorted, graded, and roasted in small batches  to perfection, preserving the bean’s natural aroma and rich flavor. Whether you enjoy a  light roast for its brightness  or a  dark roast for bold intensity , our ground coffee delivers a truly customized experience. 

   ☕  The result?  A full-bodied,  smooth and aromatic cup  with  mild fruity notes  and a  hint of chocolate  – perfect for your morning kick or evening unwind. 

   🌿  What Makes It Special? 
 
   
     🌱  100% Estate-Grown Arabica  – Single-origin beans from premium Indian coffee estates. 
     🔁  Farm-to-Fork Control  – From plantation to packaging, we ensure quality, freshness, and consistency. 
     🔥  Handcrafted Roasts  – Roasted fresh in small batches to unlock peak flavor and aroma. 
     ☕  Versatile Brewing  – French Press, Espresso, Moka Pot, Pour Over, or South Indian Filter – you name it! 
     📦  Smart Packaging  – Resealable, one-way valve pouch locks in aroma till the last scoop. 
   

    Whether you like it hot or cold, black or with milk – this blend delivers a  premium café-style experience  right at home.  

    ✨ Indulge in the best of Indian Arabica. Taste it, sip by sip.",https://www.mokkafarms.com/products/espresso-100-pure-arabica-premium-ground-coffee,https://cdn.shopify.com/s/files/1/0644/7199/0455/files/0_edc1eaf0-4bb2-4871-b406-33ca03c0b127.png?v=1762440815
Espresso - 100% Pure Arabica | Premium Ground Coffee,Mokka Farms,1640.0,1kg,Light Roast,"MokkaFarms Premium Ground Coffee – made from 100% pure, sun-dried Arabica beans handpicked from the lush plantations of Coorg and Chikmagalur in Karnataka’s Western Ghats","☕  Premium Ground Coffee – 100% Pure Arabica by MokkaFarms 
 
    🇮🇳 Made with love in India, for true coffee lovers.  

   Discover the luxurious taste of  MokkaFarms Premium Ground Coffee  – made from  100% pure, sun-dried Arabica beans  handpicked from the lush plantations of  Coorg and Chikmagalur  in Karnataka’s Western Ghats. 

   Each batch is  carefully sorted, graded, and roasted in small batches  to perfection, preserving the bean’s natural aroma and rich flavor. Whether you enjoy a  light roast for its brightness  or a  dark roast for bold intensity , our ground coffee delivers a truly customized experience. 

   ☕  The result?  A full-bodied,  smooth and aromatic cup  with  mild fruity notes  and a  hint of chocolate  – perfect for your morning kick or evening unwind. 

   🌿  What Makes It Special? 
 
   
     🌱  100% Estate-Grown Arabica  – Single-origin beans from premium Indian coffee estates. 
     🔁  Farm-to-Fork Control  – From plantation to packaging, we ensure quality, freshness, and consistency. 
     🔥  Handcrafted Roasts  – Roasted fresh in small batches to unlock peak flavor and aroma. 
     ☕  Versatile Brewing  – French Press, Espresso, Moka Pot, Pour Over, or South Indian Filter – you name it! 
     📦  Smart Packaging  – Resealable, one-way valve pouch locks in aroma till the last scoop. 
   

    Whether you like it hot or cold, black or with milk – this blend delivers a  premium café-style experience  right at home.  

    ✨ Indulge in the best of Indian Arabica. Taste it, sip by sip.",https://www.mokkafarms.com/products/espresso-100-pure-arabica-premium-ground-coffee,https://cdn.shopify.com/s/files/1/0644/7199/0455/files/0_edc1eaf0-4bb2-4871-b406-33ca03c0b127.png?v=1762440815
Espresso - 100% Pure Robusta | Premium Ground Coffee,Mokka Farms,245.0,100g,Light Roast,"MokkaFarms Premium Ground Coffee – made from 100% pure, sun-dried Robusta beans handpicked from the rich plantations of Coorg and Chikmagalur in Karnataka’s Western Ghats","☕  Premium Ground Coffee – 100% Pure Robusta by MokkaFarms 
 

    🇮🇳 Made with love in India, for true coffee lovers.  

   Discover the bold and intense taste of  MokkaFarms Premium Ground Coffee  – made from  100% pure, sun-dried Robusta beans  handpicked from the rich plantations of  Coorg and Chikmagalur  in Karnataka’s Western Ghats. 

   Each batch is  carefully sorted, graded, and roasted in small batches  to perfection, preserving the bean’s natural strength and earthy flavor. Whether you enjoy a  light roast for a smoother body  or a  dark roast for a robust kick , our ground coffee delivers a truly bold and satisfying experience. 

   ☕  The result?  A strong-bodied,  aromatic and powerful cup  with  earthy undertones  and a  bittersweet chocolate finish  – perfect to energize your day. 

   🌿  What Makes It Special? 
 
   
     🌱  100% Estate-Grown Robusta  – Single-origin beans from premium Indian coffee estates. 
     🔁  Farm-to-Fork Control  – From plantation to packaging, we ensure quality, freshness, and consistency. 
     🔥  Handcrafted Roasts  – Roasted fresh in small batches to unlock peak flavor and aroma. 
     ☕  Versatile Brewing  – French Press, Espresso, Moka Pot, Pour Over, or South Indian Filter – you name it! 
     📦  Smart Packaging  – Resealable, one-way valve pouch locks in aroma till the last scoop. 
   

    Whether you like it hot or cold, black or with milk – this blend delivers a  strong, café-style experience  right at home.  

    ✨ Enjoy the bold and authentic taste of Indian Robusta. Taste it, sip by sip.",https://www.mokkafarms.com/products/espresso-100-robusta-premium-ground-coffee,https://cdn.shopify.com/s/files/1/0644/7199/0455/files/0_4572bef5-8b84-4ca3-a71f-20a770760e26.png?v=1762440986
Espresso - 100% Pure Robusta | Premium Ground Coffee,Mokka Farms,350.0,250g,Light Roast,"MokkaFarms Premium Ground Coffee – made from 100% pure, sun-dried Robusta beans handpicked from the rich plantations of Coorg and Chikmagalur in Karnataka’s Western Ghats","☕  Premium Ground Coffee – 100% Pure Robusta by MokkaFarms 
 

    🇮🇳 Made with love in India, for true coffee lovers.  

   Discover the bold and intense taste of  MokkaFarms Premium Ground Coffee  – made from  100% pure, sun-dried Robusta beans  handpicked from the rich plantations of  Coorg and Chikmagalur  in Karnataka’s Western Ghats. 

   Each batch is  carefully sorted, graded, and roasted in small batches  to perfection, preserving the bean’s natural strength and earthy flavor. Whether you enjoy a  light roast for a smoother body  or a  dark roast for a robust kick , our ground coffee delivers a truly bold and satisfying experience. 

   ☕  The result?  A strong-bodied,  aromatic and powerful cup  with  earthy undertones  and a  bittersweet chocolate finish  – perfect to energize your day. 

   🌿  What Makes It Special? 
 
   
     🌱  100% Estate-Grown Robusta  – Single-origin beans from premium Indian coffee estates. 
     🔁  Farm-to-Fork Control  – From plantation to packaging, we ensure quality, freshness, and consistency. 
     🔥  Handcrafted Roasts  – Roasted fresh in small batches to unlock peak flavor and aroma. 
     ☕  Versatile Brewing  – French Press, Espresso, Moka Pot, Pour Over, or South Indian Filter – you name it! 
     📦  Smart Packaging  – Resealable, one-way valve pouch locks in aroma till the last scoop. 
   

    Whether you like it hot or cold, black or with milk – this blend delivers a  strong, café-style experience  right at home.  

    ✨ Enjoy the bold and authentic taste of Indian Robusta. Taste it, sip by sip.",https://www.mokkafarms.com/products/espresso-100-robusta-premium-ground-coffee,https://cdn.shopify.com/s/files/1/0644/7199/0455/files/0_4572bef5-8b84-4ca3-a71f-20a770760e26.png?v=1762440986
Espresso - 100% Pure Robusta | Premium Ground Coffee,Mokka Farms,650.0,500g,Light Roast,"MokkaFarms Premium Ground Coffee – made from 100% pure, sun-dried Robusta beans handpicked from the rich plantations of Coorg and Chikmagalur in Karnataka’s Western Ghats","☕  Premium Ground Coffee – 100% Pure Robusta by MokkaFarms 
 

    🇮🇳 Made with love in India, for true coffee lovers.  

   Discover the bold and intense taste of  MokkaFarms Premium Ground Coffee  – made from  100% pure, sun-dried Robusta beans  handpicked from the rich plantations of  Coorg and Chikmagalur  in Karnataka’s Western Ghats. 

   Each batch is  carefully sorted, graded, and roasted in small batches  to perfection, preserving the bean’s natural strength and earthy flavor. Whether you enjoy a  light roast for a smoother body  or a  dark roast for a robust kick , our ground coffee delivers a truly bold and satisfying experience. 

   ☕  The result?  A strong-bodied,  aromatic and powerful cup  with  earthy undertones  and a  bittersweet chocolate finish  – perfect to energize your day. 

   🌿  What Makes It Special? 
 
   
     🌱  100% Estate-Grown Robusta  – Single-origin beans from premium Indian coffee estates. 
     🔁  Farm-to-Fork Control  – From plantation to packaging, we ensure quality, freshness, and consistency. 
     🔥  Handcrafted Roasts  – Roasted fresh in small batches to unlock peak flavor and aroma. 
     ☕  Versatile Brewing  – French Press, Espresso, Moka Pot, Pour Over, or South Indian Filter – you name it! 
     📦  Smart Packaging  – Resealable, one-way valve pouch locks in aroma till the last scoop. 
   

    Whether you like it hot or cold, black or with milk – this blend delivers a  strong, café-style experience  right at home.  

    ✨ Enjoy the bold and authentic taste of Indian Robusta. Taste it, sip by sip.",https://www.mokkafarms.com/products/espresso-100-robusta-premium-ground-coffee,https://cdn.shopify.com/s/files/1/0644/7199/0455/files/0_4572bef5-8b84-4ca3-a71f-20a770760e26.png?v=1762440986
Espresso - 100% Pure Robusta | Premium Ground Coffee,Mokka Farms,1200.0,1kg,Light Roast,"MokkaFarms Premium Ground Coffee – made from 100% pure, sun-dried Robusta beans handpicked from the rich plantations of Coorg and Chikmagalur in Karnataka’s Western Ghats","☕  Premium Ground Coffee – 100% Pure Robusta by MokkaFarms 
 

    🇮🇳 Made with love in India, for true coffee lovers.  

   Discover the bold and intense taste of  MokkaFarms Premium Ground Coffee  – made from  100% pure, sun-dried Robusta beans  handpicked from the rich plantations of  Coorg and Chikmagalur  in Karnataka’s Western Ghats. 

   Each batch is  carefully sorted, graded, and roasted in small batches  to perfection, preserving the bean’s natural strength and earthy flavor. Whether you enjoy a  light roast for a smoother body  or a  dark roast for a robust kick , our ground coffee delivers a truly bold and satisfying experience. 

   ☕  The result?  A strong-bodied,  aromatic and powerful cup  with  earthy undertones  and a  bittersweet chocolate finish  – perfect to energize your day. 

   🌿  What Makes It Special? 
 
   
     🌱  100% Estate-Grown Robusta  – Single-origin beans from premium Indian coffee estates. 
     🔁  Farm-to-Fork Control  – From plantation to packaging, we ensure quality, freshness, and consistency. 
     🔥  Handcrafted Roasts  – Roasted fresh in small batches to unlock peak flavor and aroma. 
     ☕  Versatile Brewing  – French Press, Espresso, Moka Pot, Pour Over, or South Indian Filter – you name it! 
     📦  Smart Packaging  – Resealable, one-way valve pouch locks in aroma till the last scoop. 
   

    Whether you like it hot or cold, black or with milk – this blend delivers a  strong, café-style experience  right at home.  

    ✨ Enjoy the bold and authentic taste of Indian Robusta. Taste it, sip by sip.",https://www.mokkafarms.com/products/espresso-100-robusta-premium-ground-coffee,https://cdn.shopify.com/s/files/1/0644/7199/0455/files/0_4572bef5-8b84-4ca3-a71f-20a770760e26.png?v=1762440986
Espresso- Arabica-Robusta Blend | Premium Ground Coffee,Mokka Farms,270.0,100g,,"MokkaFarms 100% Arabica Robusta Blend Roasted Whole Coffee Beans, a sensory experience like no other FARM to FORK: From","MokkaFarms brings you an exclusive High Quality, Estate Coffee, Fresh Roast, 100% Pure, Sundried Arabica &amp; Robusta Whole Coffee Beans from Coorg/ Chikmagalur region of Western Ghats, Karnataka, India. Our coffee beans are further selectively picked to ensure that you have a superior grade coffee beans. The beans are carefully selected and roasted, separately in small batches, to perfection as per the roast type and pack size that you need, to create a strong, flavourful and an extremely gratifying and a rich aromatic coffee experience. The result is a smooth and balanced cup of coffee with a unique flavor profile. The Roasted Whole Coffee Beans from Mokka Farms give the coffee a mild and fruity taste with a hint of chocolate. The brewing method enhances the flavors and aromas, resulting in a full-bodied and satisfying cup of coffee. The coffee can be enjoyed hot or cold and is perfect for those who appreciate a strong and flavorful coffee. Whether you prefer a classic cup of black coffee or a creamy and sweet latte, this coffee blend will satisfy your cravings. Indulge in the rich and authentic taste of one of the best Robusta Coffee Beans that you can find in the country.  Proudly Made in India!   
 
  FLAVOURFUL COFFEE: Treat yourself to the exquisite flavors of MokkaFarms 100% Arabica Robusta Blend Roasted Whole Coffee Beans, a sensory experience like no other  
 
   FARM to FORK: From planting, harvesting, grading, roasting, grinding to processing and packaging, we carefully track every step of the coffee production process to give high quality and maintain consistency   
 
  HANDCRAFTED: Our coffee is carefully handcrafted in small batches to deliver a rich and remarkable flavor, strength and aroma while ensuring consistency  
  AROMATIC, GREAT TASTE, STRONG:    Our 100% Robusta Roasted Whole Coffee Beans has a toasty aroma and a velvety taste, and feels like a strong punch!   
  CONVENIENCE, REUSABLE PACKAGING: Comes in a convenient, tamper-proof, one-way valve, resealable zip-lock pouch for maximum freshness!",https://www.mokkafarms.com/products/espresso-arabica-robusta-blend-premium-ground-coffee,https://cdn.shopify.com/s/files/1/0644/7199/0455/files/0_9ecda36a-72a6-49a0-be77-8674ba077092.png?v=1762441179
Espresso- Arabica-Robusta Blend | Premium Ground Coffee,Mokka Farms,405.0,250g,,"MokkaFarms 100% Arabica Robusta Blend Roasted Whole Coffee Beans, a sensory experience like no other FARM to FORK: From","MokkaFarms brings you an exclusive High Quality, Estate Coffee, Fresh Roast, 100% Pure, Sundried Arabica &amp; Robusta Whole Coffee Beans from Coorg/ Chikmagalur region of Western Ghats, Karnataka, India. Our coffee beans are further selectively picked to ensure that you have a superior grade coffee beans. The beans are carefully selected and roasted, separately in small batches, to perfection as per the roast type and pack size that you need, to create a strong, flavourful and an extremely gratifying and a rich aromatic coffee experience. The result is a smooth and balanced cup of coffee with a unique flavor profile. The Roasted Whole Coffee Beans from Mokka Farms give the coffee a mild and fruity taste with a hint of chocolate. The brewing method enhances the flavors and aromas, resulting in a full-bodied and satisfying cup of coffee. The coffee can be enjoyed hot or cold and is perfect for those who appreciate a strong and flavorful coffee. Whether you prefer a classic cup of black coffee or a creamy and sweet latte, this coffee blend will satisfy your cravings. Indulge in the rich and authentic taste of one of the best Robusta Coffee Beans that you can find in the country.  Proudly Made in India!   
 
  FLAVOURFUL COFFEE: Treat yourself to the exquisite flavors of MokkaFarms 100% Arabica Robusta Blend Roasted Whole Coffee Beans, a sensory experience like no other  
 
   FARM to FORK: From planting, harvesting, grading, roasting, grinding to processing and packaging, we carefully track every step of the coffee production process to give high quality and maintain consistency   
 
  HANDCRAFTED: Our coffee is carefully handcrafted in small batches to deliver a rich and remarkable flavor, strength and aroma while ensuring consistency  
  AROMATIC, GREAT TASTE, STRONG:    Our 100% Robusta Roasted Whole Coffee Beans has a toasty aroma and a velvety taste, and feels like a strong punch!   
  CONVENIENCE, REUSABLE PACKAGING: Comes in a convenient, tamper-proof, one-way valve, resealable zip-lock pouch for maximum freshness!",https://www.mokkafarms.com/products/espresso-arabica-robusta-blend-premium-ground-coffee,https://cdn.shopify.com/s/files/1/0644/7199/0455/files/0_9ecda36a-72a6-49a0-be77-8674ba077092.png?v=1762441179
Espresso- Arabica-Robusta Blend | Premium Ground Coffee,Mokka Farms,760.0,500g,,"MokkaFarms 100% Arabica Robusta Blend Roasted Whole Coffee Beans, a sensory experience like no other FARM to FORK: From","MokkaFarms brings you an exclusive High Quality, Estate Coffee, Fresh Roast, 100% Pure, Sundried Arabica &amp; Robusta Whole Coffee Beans from Coorg/ Chikmagalur region of Western Ghats, Karnataka, India. Our coffee beans are further selectively picked to ensure that you have a superior grade coffee beans. The beans are carefully selected and roasted, separately in small batches, to perfection as per the roast type and pack size that you need, to create a strong, flavourful and an extremely gratifying and a rich aromatic coffee experience. The result is a smooth and balanced cup of coffee with a unique flavor profile. The Roasted Whole Coffee Beans from Mokka Farms give the coffee a mild and fruity taste with a hint of chocolate. The brewing method enhances the flavors and aromas, resulting in a full-bodied and satisfying cup of coffee. The coffee can be enjoyed hot or cold and is perfect for those who appreciate a strong and flavorful coffee. Whether you prefer a classic cup of black coffee or a creamy and sweet latte, this coffee blend will satisfy your cravings. Indulge in the rich and authentic taste of one of the best Robusta Coffee Beans that you can find in the country.  Proudly Made in India!   
 
  FLAVOURFUL COFFEE: Treat yourself to the exquisite flavors of MokkaFarms 100% Arabica Robusta Blend Roasted Whole Coffee Beans, a sensory experience like no other  
 
   FARM to FORK: From planting, harvesting, grading, roasting, grinding to processing and packaging, we carefully track every step of the coffee production process to give high quality and maintain consistency   
 
  HANDCRAFTED: Our coffee is carefully handcrafted in small batches to deliver a rich and remarkable flavor, strength and aroma while ensuring consistency  
  AROMATIC, GREAT TASTE, STRONG:    Our 100% Robusta Roasted Whole Coffee Beans has a toasty aroma and a velvety taste, and feels like a strong punch!   
  CONVENIENCE, REUSABLE PACKAGING: Comes in a convenient, tamper-proof, one-way valve, resealable zip-lock pouch for maximum freshness!",https://www.mokkafarms.com/products/espresso-arabica-robusta-blend-premium-ground-coffee,https://cdn.shopify.com/s/files/1/0644/7199/0455/files/0_9ecda36a-72a6-49a0-be77-8674ba077092.png?v=1762441179
Espresso- Arabica-Robusta Blend | Premium Ground Coffee,Mokka Farms,1420.0,1kg,,"MokkaFarms 100% Arabica Robusta Blend Roasted Whole Coffee Beans, a sensory experience like no other FARM to FORK: From","MokkaFarms brings you an exclusive High Quality, Estate Coffee, Fresh Roast, 100% Pure, Sundried Arabica &amp; Robusta Whole Coffee Beans from Coorg/ Chikmagalur region of Western Ghats, Karnataka, India. Our coffee beans are further selectively picked to ensure that you have a superior grade coffee beans. The beans are carefully selected and roasted, separately in small batches, to perfection as per the roast type and pack size that you need, to create a strong, flavourful and an extremely gratifying and a rich aromatic coffee experience. The result is a smooth and balanced cup of coffee with a unique flavor profile. The Roasted Whole Coffee Beans from Mokka Farms give the coffee a mild and fruity taste with a hint of chocolate. The brewing method enhances the flavors and aromas, resulting in a full-bodied and satisfying cup of coffee. The coffee can be enjoyed hot or cold and is perfect for those who appreciate a strong and flavorful coffee. Whether you prefer a classic cup of black coffee or a creamy and sweet latte, this coffee blend will satisfy your cravings. Indulge in the rich and authentic taste of one of the best Robusta Coffee Beans that you can find in the country.  Proudly Made in India!   
 
  FLAVOURFUL COFFEE: Treat yourself to the exquisite flavors of MokkaFarms 100% Arabica Robusta Blend Roasted Whole Coffee Beans, a sensory experience like no other  
 
   FARM to FORK: From planting, harvesting, grading, roasting, grinding to processing and packaging, we carefully track every step of the coffee production process to give high quality and maintain consistency   
 
  HANDCRAFTED: Our coffee is carefully handcrafted in small batches to deliver a rich and remarkable flavor, strength and aroma while ensuring consistency  
  AROMATIC, GREAT TASTE, STRONG:    Our 100% Robusta Roasted Whole Coffee Beans has a toasty aroma and a velvety taste, and feels like a strong punch!   
  CONVENIENCE, REUSABLE PACKAGING: Comes in a convenient, tamper-proof, one-way valve, resealable zip-lock pouch for maximum freshness!",https://www.mokkafarms.com/products/espresso-arabica-robusta-blend-premium-ground-coffee,https://cdn.shopify.com/s/files/1/0644/7199/0455/files/0_9ecda36a-72a6-49a0-be77-8674ba077092.png?v=1762441179
"Exuberance | 90% Coffee, 10% Chicory | Chicory Filter Coffee",Mokka Farms,195.0,100g,,this authentic South Indian coffee,"MokkaFarms South Indian Filter Coffee Powder - Exuberance variant - is made with the perfect blend of 90% coffee mix and 10% chicory to create a rich and robust flavor. This traditional South Indian style coffee is known for its unique brewing process and distinct taste. The coffee mix used in this powder is carefully selected to ensure a high-quality and aromatic experience. It is sourced from one of the finest coffee beans, which are roasted to perfection to bring out their natural flavors. The addition of chicory adds a deep and earthy flavor that complements the coffee and enhances its overall taste. Our South Indian filter coffee powder is ideal for those who appreciate a strong and flavorful cup of coffee. It is specifically designed to be used with the traditional filter coffee method, which allows the flavors to fully develop and provides a smooth and satisfying texture. To prepare the perfect cup of South Indian filter coffee, simply add the desired amount of coffee powder to a coffee filter and pour hot water over it. Allow the coffee to drip slowly and collect in a separate vessel or cup. Finally, add milk and sugar to taste, and enjoy the rich and aromatic flavors of this authentic South Indian coffee. Experience the taste of South India with our premium quality filter coffee powder, carefully crafted to deliver a truly special coffee drinking experience.  
  Proudly Made in India!",https://www.mokkafarms.com/products/exuberance,https://cdn.shopify.com/s/files/1/0644/7199/0455/files/1_15c27f8c-552e-4c4c-9fdd-c4ca122a6c5f.webp?v=1774602653
"Exuberance | 90% Coffee, 10% Chicory | Chicory Filter Coffee",Mokka Farms,250.0,250g,,this authentic South Indian coffee,"MokkaFarms South Indian Filter Coffee Powder - Exuberance variant - is made with the perfect blend of 90% coffee mix and 10% chicory to create a rich and robust flavor. This traditional South Indian style coffee is known for its unique brewing process and distinct taste. The coffee mix used in this powder is carefully selected to ensure a high-quality and aromatic experience. It is sourced from one of the finest coffee beans, which are roasted to perfection to bring out their natural flavors. The addition of chicory adds a deep and earthy flavor that complements the coffee and enhances its overall taste. Our South Indian filter coffee powder is ideal for those who appreciate a strong and flavorful cup of coffee. It is specifically designed to be used with the traditional filter coffee method, which allows the flavors to fully develop and provides a smooth and satisfying texture. To prepare the perfect cup of South Indian filter coffee, simply add the desired amount of coffee powder to a coffee filter and pour hot water over it. Allow the coffee to drip slowly and collect in a separate vessel or cup. Finally, add milk and sugar to taste, and enjoy the rich and aromatic flavors of this authentic South Indian coffee. Experience the taste of South India with our premium quality filter coffee powder, carefully crafted to deliver a truly special coffee drinking experience.  
  Proudly Made in India!",https://www.mokkafarms.com/products/exuberance,https://cdn.shopify.com/s/files/1/0644/7199/0455/files/1_15c27f8c-552e-4c4c-9fdd-c4ca122a6c5f.webp?v=1774602653
"Exuberance | 90% Coffee, 10% Chicory | Chicory Filter Coffee",Mokka Farms,450.0,500g,,this authentic South Indian coffee,"MokkaFarms South Indian Filter Coffee Powder - Exuberance variant - is made with the perfect blend of 90% coffee mix and 10% chicory to create a rich and robust flavor. This traditional South Indian style coffee is known for its unique brewing process and distinct taste. The coffee mix used in this powder is carefully selected to ensure a high-quality and aromatic experience. It is sourced from one of the finest coffee beans, which are roasted to perfection to bring out their natural flavors. The addition of chicory adds a deep and earthy flavor that complements the coffee and enhances its overall taste. Our South Indian filter coffee powder is ideal for those who appreciate a strong and flavorful cup of coffee. It is specifically designed to be used with the traditional filter coffee method, which allows the flavors to fully develop and provides a smooth and satisfying texture. To prepare the perfect cup of South Indian filter coffee, simply add the desired amount of coffee powder to a coffee filter and pour hot water over it. Allow the coffee to drip slowly and collect in a separate vessel or cup. Finally, add milk and sugar to taste, and enjoy the rich and aromatic flavors of this authentic South Indian coffee. Experience the taste of South India with our premium quality filter coffee powder, carefully crafted to deliver a truly special coffee drinking experience.  
  Proudly Made in India!",https://www.mokkafarms.com/products/exuberance,https://cdn.shopify.com/s/files/1/0644/7199/0455/files/1_15c27f8c-552e-4c4c-9fdd-c4ca122a6c5f.webp?v=1774602653
"Exuberance | 90% Coffee, 10% Chicory | Chicory Filter Coffee",Mokka Farms,795.0,1kg,,this authentic South Indian coffee,"MokkaFarms South Indian Filter Coffee Powder - Exuberance variant - is made with the perfect blend of 90% coffee mix and 10% chicory to create a rich and robust flavor. This traditional South Indian style coffee is known for its unique brewing process and distinct taste. The coffee mix used in this powder is carefully selected to ensure a high-quality and aromatic experience. It is sourced from one of the finest coffee beans, which are roasted to perfection to bring out their natural flavors. The addition of chicory adds a deep and earthy flavor that complements the coffee and enhances its overall taste. Our South Indian filter coffee powder is ideal for those who appreciate a strong and flavorful cup of coffee. It is specifically designed to be used with the traditional filter coffee method, which allows the flavors to fully develop and provides a smooth and satisfying texture. To prepare the perfect cup of South Indian filter coffee, simply add the desired amount of coffee powder to a coffee filter and pour hot water over it. Allow the coffee to drip slowly and collect in a separate vessel or cup. Finally, add milk and sugar to taste, and enjoy the rich and aromatic flavors of this authentic South Indian coffee. Experience the taste of South India with our premium quality filter coffee powder, carefully crafted to deliver a truly special coffee drinking experience.  
  Proudly Made in India!",https://www.mokkafarms.com/products/exuberance,https://cdn.shopify.com/s/files/1/0644/7199/0455/files/1_15c27f8c-552e-4c4c-9fdd-c4ca122a6c5f.webp?v=1774602653
French Press - 100% Pure Arabica | Premium Ground Coffee,Mokka Farms,290.0,100g,Light Roast,"MokkaFarms Premium Ground Coffee – made from 100% pure, sun-dried Arabica beans handpicked from the lush plantations of Coorg and Chikmagalur in Karnataka’s Western Ghats","☕  Premium Ground Coffee – 100% Pure Arabica by MokkaFarms 
 
    🇮🇳 Made with love in India, for true coffee lovers.  

   Discover the luxurious taste of  MokkaFarms Premium Ground Coffee  – made from  100% pure, sun-dried Arabica beans  handpicked from the lush plantations of  Coorg and Chikmagalur  in Karnataka’s Western Ghats. 

   Each batch is  carefully sorted, graded, and roasted in small batches  to perfection, preserving the bean’s natural aroma and rich flavor. Whether you enjoy a  light roast for its brightness  or a  dark roast for bold intensity , our ground coffee delivers a truly customized experience. 

   ☕  The result?  A full-bodied,  smooth and aromatic cup  with  mild fruity notes  and a  hint of chocolate  – perfect for your morning kick or evening unwind. 

   🌿  What Makes It Special? 
 
   
     🌱  100% Estate-Grown Arabica  – Single-origin beans from premium Indian coffee estates. 
     🔁  Farm-to-Fork Control  – From plantation to packaging, we ensure quality, freshness, and consistency. 
     🔥  Handcrafted Roasts  – Roasted fresh in small batches to unlock peak flavor and aroma. 
     ☕  Versatile Brewing  – French Press, Espresso, Moka Pot, Pour Over, or South Indian Filter – you name it! 
     📦  Smart Packaging  – Resealable, one-way valve pouch locks in aroma till the last scoop. 
   

    Whether you like it hot or cold, black or with milk – this blend delivers a  premium café-style experience  right at home.  

    ✨ Indulge in the best of Indian Arabica. Taste it, sip by sip.",https://www.mokkafarms.com/products/french-press-100-pure-arabica-premium-ground-coffee,https://cdn.shopify.com/s/files/1/0644/7199/0455/files/0_edc1eaf0-4bb2-4871-b406-33ca03c0b127.png?v=1762440815
French Press - 100% Pure Arabica | Premium Ground Coffee,Mokka Farms,460.0,250g,Light Roast,"MokkaFarms Premium Ground Coffee – made from 100% pure, sun-dried Arabica beans handpicked from the lush plantations of Coorg and Chikmagalur in Karnataka’s Western Ghats","☕  Premium Ground Coffee – 100% Pure Arabica by MokkaFarms 
 
    🇮🇳 Made with love in India, for true coffee lovers.  

   Discover the luxurious taste of  MokkaFarms Premium Ground Coffee  – made from  100% pure, sun-dried Arabica beans  handpicked from the lush plantations of  Coorg and Chikmagalur  in Karnataka’s Western Ghats. 

   Each batch is  carefully sorted, graded, and roasted in small batches  to perfection, preserving the bean’s natural aroma and rich flavor. Whether you enjoy a  light roast for its brightness  or a  dark roast for bold intensity , our ground coffee delivers a truly customized experience. 

   ☕  The result?  A full-bodied,  smooth and aromatic cup  with  mild fruity notes  and a  hint of chocolate  – perfect for your morning kick or evening unwind. 

   🌿  What Makes It Special? 
 
   
     🌱  100% Estate-Grown Arabica  – Single-origin beans from premium Indian coffee estates. 
     🔁  Farm-to-Fork Control  – From plantation to packaging, we ensure quality, freshness, and consistency. 
     🔥  Handcrafted Roasts  – Roasted fresh in small batches to unlock peak flavor and aroma. 
     ☕  Versatile Brewing  – French Press, Espresso, Moka Pot, Pour Over, or South Indian Filter – you name it! 
     📦  Smart Packaging  – Resealable, one-way valve pouch locks in aroma till the last scoop. 
   

    Whether you like it hot or cold, black or with milk – this blend delivers a  premium café-style experience  right at home.  

    ✨ Indulge in the best of Indian Arabica. Taste it, sip by sip.",https://www.mokkafarms.com/products/french-press-100-pure-arabica-premium-ground-coffee,https://cdn.shopify.com/s/files/1/0644/7199/0455/files/0_edc1eaf0-4bb2-4871-b406-33ca03c0b127.png?v=1762440815
French Press - 100% Pure Arabica | Premium Ground Coffee,Mokka Farms,870.0,500g,Light Roast,"MokkaFarms Premium Ground Coffee – made from 100% pure, sun-dried Arabica beans handpicked from the lush plantations of Coorg and Chikmagalur in Karnataka’s Western Ghats","☕  Premium Ground Coffee – 100% Pure Arabica by MokkaFarms 
 
    🇮🇳 Made with love in India, for true coffee lovers.  

   Discover the luxurious taste of  MokkaFarms Premium Ground Coffee  – made from  100% pure, sun-dried Arabica beans  handpicked from the lush plantations of  Coorg and Chikmagalur  in Karnataka’s Western Ghats. 

   Each batch is  carefully sorted, graded, and roasted in small batches  to perfection, preserving the bean’s natural aroma and rich flavor. Whether you enjoy a  light roast for its brightness  or a  dark roast for bold intensity , our ground coffee delivers a truly customized experience. 

   ☕  The result?  A full-bodied,  smooth and aromatic cup  with  mild fruity notes  and a  hint of chocolate  – perfect for your morning kick or evening unwind. 

   🌿  What Makes It Special? 
 
   
     🌱  100% Estate-Grown Arabica  – Single-origin beans from premium Indian coffee estates. 
     🔁  Farm-to-Fork Control  – From plantation to packaging, we ensure quality, freshness, and consistency. 
     🔥  Handcrafted Roasts  – Roasted fresh in small batches to unlock peak flavor and aroma. 
     ☕  Versatile Brewing  – French Press, Espresso, Moka Pot, Pour Over, or South Indian Filter – you name it! 
     📦  Smart Packaging  – Resealable, one-way valve pouch locks in aroma till the last scoop. 
   

    Whether you like it hot or cold, black or with milk – this blend delivers a  premium café-style experience  right at home.  

    ✨ Indulge in the best of Indian Arabica. Taste it, sip by sip.",https://www.mokkafarms.com/products/french-press-100-pure-arabica-premium-ground-coffee,https://cdn.shopify.com/s/files/1/0644/7199/0455/files/0_edc1eaf0-4bb2-4871-b406-33ca03c0b127.png?v=1762440815
French Press - 100% Pure Arabica | Premium Ground Coffee,Mokka Farms,1640.0,1kg,Light Roast,"MokkaFarms Premium Ground Coffee – made from 100% pure, sun-dried Arabica beans handpicked from the lush plantations of Coorg and Chikmagalur in Karnataka’s Western Ghats","☕  Premium Ground Coffee – 100% Pure Arabica by MokkaFarms 
 
    🇮🇳 Made with love in India, for true coffee lovers.  

   Discover the luxurious taste of  MokkaFarms Premium Ground Coffee  – made from  100% pure, sun-dried Arabica beans  handpicked from the lush plantations of  Coorg and Chikmagalur  in Karnataka’s Western Ghats. 

   Each batch is  carefully sorted, graded, and roasted in small batches  to perfection, preserving the bean’s natural aroma and rich flavor. Whether you enjoy a  light roast for its brightness  or a  dark roast for bold intensity , our ground coffee delivers a truly customized experience. 

   ☕  The result?  A full-bodied,  smooth and aromatic cup  with  mild fruity notes  and a  hint of chocolate  – perfect for your morning kick or evening unwind. 

   🌿  What Makes It Special? 
 
   
     🌱  100% Estate-Grown Arabica  – Single-origin beans from premium Indian coffee estates. 
     🔁  Farm-to-Fork Control  – From plantation to packaging, we ensure quality, freshness, and consistency. 
     🔥  Handcrafted Roasts  – Roasted fresh in small batches to unlock peak flavor and aroma. 
     ☕  Versatile Brewing  – French Press, Espresso, Moka Pot, Pour Over, or South Indian Filter – you name it! 
     📦  Smart Packaging  – Resealable, one-way valve pouch locks in aroma till the last scoop. 
   

    Whether you like it hot or cold, black or with milk – this blend delivers a  premium café-style experience  right at home.  

    ✨ Indulge in the best of Indian Arabica. Taste it, sip by sip.",https://www.mokkafarms.com/products/french-press-100-pure-arabica-premium-ground-coffee,https://cdn.shopify.com/s/files/1/0644/7199/0455/files/0_edc1eaf0-4bb2-4871-b406-33ca03c0b127.png?v=1762440815
French Press - 100% Pure Robusta | Premium Ground Coffee,Mokka Farms,245.0,100g,Light Roast,"MokkaFarms Premium Ground Coffee – made from 100% pure, sun-dried Robusta beans handpicked from the rich plantations of Coorg and Chikmagalur in Karnataka’s Western Ghats","☕  Premium Ground Coffee – 100% Pure Robusta by MokkaFarms 
 

    🇮🇳 Made with love in India, for true coffee lovers.  

   Discover the bold and intense taste of  MokkaFarms Premium Ground Coffee  – made from  100% pure, sun-dried Robusta beans  handpicked from the rich plantations of  Coorg and Chikmagalur  in Karnataka’s Western Ghats. 

   Each batch is  carefully sorted, graded, and roasted in small batches  to perfection, preserving the bean’s natural strength and earthy flavor. Whether you enjoy a  light roast for a smoother body  or a  dark roast for a robust kick , our ground coffee delivers a truly bold and satisfying experience. 

   ☕  The result?  A strong-bodied,  aromatic and powerful cup  with  earthy undertones  and a  bittersweet chocolate finish  – perfect to energize your day. 

   🌿  What Makes It Special? 
 
   
     🌱  100% Estate-Grown Robusta  – Single-origin beans from premium Indian coffee estates. 
     🔁  Farm-to-Fork Control  – From plantation to packaging, we ensure quality, freshness, and consistency. 
     🔥  Handcrafted Roasts  – Roasted fresh in small batches to unlock peak flavor and aroma. 
     ☕  Versatile Brewing  – French Press, Espresso, Moka Pot, Pour Over, or South Indian Filter – you name it! 
     📦  Smart Packaging  – Resealable, one-way valve pouch locks in aroma till the last scoop. 
   

    Whether you like it hot or cold, black or with milk – this blend delivers a  strong, café-style experience  right at home.  

    ✨ Enjoy the bold and authentic taste of Indian Robusta. Taste it, sip by sip.",https://www.mokkafarms.com/products/moka-pot-100-robusta-premium-ground-coffee,https://cdn.shopify.com/s/files/1/0644/7199/0455/files/0_975e7de1-ab76-44bf-b677-e931c03437e5.png?v=1762441007
French Press - 100% Pure Robusta | Premium Ground Coffee,Mokka Farms,350.0,250g,Light Roast,"MokkaFarms Premium Ground Coffee – made from 100% pure, sun-dried Robusta beans handpicked from the rich plantations of Coorg and Chikmagalur in Karnataka’s Western Ghats","☕  Premium Ground Coffee – 100% Pure Robusta by MokkaFarms 
 

    🇮🇳 Made with love in India, for true coffee lovers.  

   Discover the bold and intense taste of  MokkaFarms Premium Ground Coffee  – made from  100% pure, sun-dried Robusta beans  handpicked from the rich plantations of  Coorg and Chikmagalur  in Karnataka’s Western Ghats. 

   Each batch is  carefully sorted, graded, and roasted in small batches  to perfection, preserving the bean’s natural strength and earthy flavor. Whether you enjoy a  light roast for a smoother body  or a  dark roast for a robust kick , our ground coffee delivers a truly bold and satisfying experience. 

   ☕  The result?  A strong-bodied,  aromatic and powerful cup  with  earthy undertones  and a  bittersweet chocolate finish  – perfect to energize your day. 

   🌿  What Makes It Special? 
 
   
     🌱  100% Estate-Grown Robusta  – Single-origin beans from premium Indian coffee estates. 
     🔁  Farm-to-Fork Control  – From plantation to packaging, we ensure quality, freshness, and consistency. 
     🔥  Handcrafted Roasts  – Roasted fresh in small batches to unlock peak flavor and aroma. 
     ☕  Versatile Brewing  – French Press, Espresso, Moka Pot, Pour Over, or South Indian Filter – you name it! 
     📦  Smart Packaging  – Resealable, one-way valve pouch locks in aroma till the last scoop. 
   

    Whether you like it hot or cold, black or with milk – this blend delivers a  strong, café-style experience  right at home.  

    ✨ Enjoy the bold and authentic taste of Indian Robusta. Taste it, sip by sip.",https://www.mokkafarms.com/products/moka-pot-100-robusta-premium-ground-coffee,https://cdn.shopify.com/s/files/1/0644/7199/0455/files/0_975e7de1-ab76-44bf-b677-e931c03437e5.png?v=1762441007
French Press - 100% Pure Robusta | Premium Ground Coffee,Mokka Farms,650.0,500g,Light Roast,"MokkaFarms Premium Ground Coffee – made from 100% pure, sun-dried Robusta beans handpicked from the rich plantations of Coorg and Chikmagalur in Karnataka’s Western Ghats","☕  Premium Ground Coffee – 100% Pure Robusta by MokkaFarms 
 

    🇮🇳 Made with love in India, for true coffee lovers.  

   Discover the bold and intense taste of  MokkaFarms Premium Ground Coffee  – made from  100% pure, sun-dried Robusta beans  handpicked from the rich plantations of  Coorg and Chikmagalur  in Karnataka’s Western Ghats. 

   Each batch is  carefully sorted, graded, and roasted in small batches  to perfection, preserving the bean’s natural strength and earthy flavor. Whether you enjoy a  light roast for a smoother body  or a  dark roast for a robust kick , our ground coffee delivers a truly bold and satisfying experience. 

   ☕  The result?  A strong-bodied,  aromatic and powerful cup  with  earthy undertones  and a  bittersweet chocolate finish  – perfect to energize your day. 

   🌿  What Makes It Special? 
 
   
     🌱  100% Estate-Grown Robusta  – Single-origin beans from premium Indian coffee estates. 
     🔁  Farm-to-Fork Control  – From plantation to packaging, we ensure quality, freshness, and consistency. 
     🔥  Handcrafted Roasts  – Roasted fresh in small batches to unlock peak flavor and aroma. 
     ☕  Versatile Brewing  – French Press, Espresso, Moka Pot, Pour Over, or South Indian Filter – you name it! 
     📦  Smart Packaging  – Resealable, one-way valve pouch locks in aroma till the last scoop. 
   

    Whether you like it hot or cold, black or with milk – this blend delivers a  strong, café-style experience  right at home.  

    ✨ Enjoy the bold and authentic taste of Indian Robusta. Taste it, sip by sip.",https://www.mokkafarms.com/products/moka-pot-100-robusta-premium-ground-coffee,https://cdn.shopify.com/s/files/1/0644/7199/0455/files/0_975e7de1-ab76-44bf-b677-e931c03437e5.png?v=1762441007
French Press - 100% Pure Robusta | Premium Ground Coffee,Mokka Farms,1200.0,1kg,Light Roast,"MokkaFarms Premium Ground Coffee – made from 100% pure, sun-dried Robusta beans handpicked from the rich plantations of Coorg and Chikmagalur in Karnataka’s Western Ghats","☕  Premium Ground Coffee – 100% Pure Robusta by MokkaFarms 
 

    🇮🇳 Made with love in India, for true coffee lovers.  

   Discover the bold and intense taste of  MokkaFarms Premium Ground Coffee  – made from  100% pure, sun-dried Robusta beans  handpicked from the rich plantations of  Coorg and Chikmagalur  in Karnataka’s Western Ghats. 

   Each batch is  carefully sorted, graded, and roasted in small batches  to perfection, preserving the bean’s natural strength and earthy flavor. Whether you enjoy a  light roast for a smoother body  or a  dark roast for a robust kick , our ground coffee delivers a truly bold and satisfying experience. 

   ☕  The result?  A strong-bodied,  aromatic and powerful cup  with  earthy undertones  and a  bittersweet chocolate finish  – perfect to energize your day. 

   🌿  What Makes It Special? 
 
   
     🌱  100% Estate-Grown Robusta  – Single-origin beans from premium Indian coffee estates. 
     🔁  Farm-to-Fork Control  – From plantation to packaging, we ensure quality, freshness, and consistency. 
     🔥  Handcrafted Roasts  – Roasted fresh in small batches to unlock peak flavor and aroma. 
     ☕  Versatile Brewing  – French Press, Espresso, Moka Pot, Pour Over, or South Indian Filter – you name it! 
     📦  Smart Packaging  – Resealable, one-way valve pouch locks in aroma till the last scoop. 
   

    Whether you like it hot or cold, black or with milk – this blend delivers a  strong, café-style experience  right at home.  

    ✨ Enjoy the bold and authentic taste of Indian Robusta. Taste it, sip by sip.",https://www.mokkafarms.com/products/moka-pot-100-robusta-premium-ground-coffee,https://cdn.shopify.com/s/files/1/0644/7199/0455/files/0_975e7de1-ab76-44bf-b677-e931c03437e5.png?v=1762441007
French Press - Arabica-Robusta Blend | Premium Ground Coffee,Mokka Farms,270.0,100g,,"MokkaFarms 100% Arabica Robusta Blend Roasted Whole Coffee Beans, a sensory experience like no other FARM to FORK: From","MokkaFarms brings you an exclusive High Quality, Estate Coffee, Fresh Roast, 100% Pure, Sundried Arabica &amp; Robusta Whole Coffee Beans from Coorg/ Chikmagalur region of Western Ghats, Karnataka, India. Our coffee beans are further selectively picked to ensure that you have a superior grade coffee beans. The beans are carefully selected and roasted, separately in small batches, to perfection as per the roast type and pack size that you need, to create a strong, flavourful and an extremely gratifying and a rich aromatic coffee experience. The result is a smooth and balanced cup of coffee with a unique flavor profile. The Roasted Whole Coffee Beans from Mokka Farms give the coffee a mild and fruity taste with a hint of chocolate. The brewing method enhances the flavors and aromas, resulting in a full-bodied and satisfying cup of coffee. The coffee can be enjoyed hot or cold and is perfect for those who appreciate a strong and flavorful coffee. Whether you prefer a classic cup of black coffee or a creamy and sweet latte, this coffee blend will satisfy your cravings. Indulge in the rich and authentic taste of one of the best Robusta Coffee Beans that you can find in the country.  Proudly Made in India!   
 
  FLAVOURFUL COFFEE: Treat yourself to the exquisite flavors of MokkaFarms 100% Arabica Robusta Blend Roasted Whole Coffee Beans, a sensory experience like no other  
 
   FARM to FORK: From planting, harvesting, grading, roasting, grinding to processing and packaging, we carefully track every step of the coffee production process to give high quality and maintain consistency   
 
  HANDCRAFTED: Our coffee is carefully handcrafted in small batches to deliver a rich and remarkable flavor, strength and aroma while ensuring consistency  
  AROMATIC, GREAT TASTE, STRONG:    Our 100% Robusta Roasted Whole Coffee Beans has a toasty aroma and a velvety taste, and feels like a strong punch!   
  CONVENIENCE, REUSABLE PACKAGING: Comes in a convenient, tamper-proof, one-way valve, resealable zip-lock pouch for maximum freshness!",https://www.mokkafarms.com/products/french-press-arabica-robusta-blend-premium-ground-coffee,https://cdn.shopify.com/s/files/1/0644/7199/0455/files/0_6fe2e572-1838-41d6-8f0f-e7eaee4f1867.png?v=1762441196
French Press - Arabica-Robusta Blend | Premium Ground Coffee,Mokka Farms,405.0,250g,,"MokkaFarms 100% Arabica Robusta Blend Roasted Whole Coffee Beans, a sensory experience like no other FARM to FORK: From","MokkaFarms brings you an exclusive High Quality, Estate Coffee, Fresh Roast, 100% Pure, Sundried Arabica &amp; Robusta Whole Coffee Beans from Coorg/ Chikmagalur region of Western Ghats, Karnataka, India. Our coffee beans are further selectively picked to ensure that you have a superior grade coffee beans. The beans are carefully selected and roasted, separately in small batches, to perfection as per the roast type and pack size that you need, to create a strong, flavourful and an extremely gratifying and a rich aromatic coffee experience. The result is a smooth and balanced cup of coffee with a unique flavor profile. The Roasted Whole Coffee Beans from Mokka Farms give the coffee a mild and fruity taste with a hint of chocolate. The brewing method enhances the flavors and aromas, resulting in a full-bodied and satisfying cup of coffee. The coffee can be enjoyed hot or cold and is perfect for those who appreciate a strong and flavorful coffee. Whether you prefer a classic cup of black coffee or a creamy and sweet latte, this coffee blend will satisfy your cravings. Indulge in the rich and authentic taste of one of the best Robusta Coffee Beans that you can find in the country.  Proudly Made in India!   
 
  FLAVOURFUL COFFEE: Treat yourself to the exquisite flavors of MokkaFarms 100% Arabica Robusta Blend Roasted Whole Coffee Beans, a sensory experience like no other  
 
   FARM to FORK: From planting, harvesting, grading, roasting, grinding to processing and packaging, we carefully track every step of the coffee production process to give high quality and maintain consistency   
 
  HANDCRAFTED: Our coffee is carefully handcrafted in small batches to deliver a rich and remarkable flavor, strength and aroma while ensuring consistency  
  AROMATIC, GREAT TASTE, STRONG:    Our 100% Robusta Roasted Whole Coffee Beans has a toasty aroma and a velvety taste, and feels like a strong punch!   
  CONVENIENCE, REUSABLE PACKAGING: Comes in a convenient, tamper-proof, one-way valve, resealable zip-lock pouch for maximum freshness!",https://www.mokkafarms.com/products/french-press-arabica-robusta-blend-premium-ground-coffee,https://cdn.shopify.com/s/files/1/0644/7199/0455/files/0_6fe2e572-1838-41d6-8f0f-e7eaee4f1867.png?v=1762441196
French Press - Arabica-Robusta Blend | Premium Ground Coffee,Mokka Farms,760.0,500g,,"MokkaFarms 100% Arabica Robusta Blend Roasted Whole Coffee Beans, a sensory experience like no other FARM to FORK: From","MokkaFarms brings you an exclusive High Quality, Estate Coffee, Fresh Roast, 100% Pure, Sundried Arabica &amp; Robusta Whole Coffee Beans from Coorg/ Chikmagalur region of Western Ghats, Karnataka, India. Our coffee beans are further selectively picked to ensure that you have a superior grade coffee beans. The beans are carefully selected and roasted, separately in small batches, to perfection as per the roast type and pack size that you need, to create a strong, flavourful and an extremely gratifying and a rich aromatic coffee experience. The result is a smooth and balanced cup of coffee with a unique flavor profile. The Roasted Whole Coffee Beans from Mokka Farms give the coffee a mild and fruity taste with a hint of chocolate. The brewing method enhances the flavors and aromas, resulting in a full-bodied and satisfying cup of coffee. The coffee can be enjoyed hot or cold and is perfect for those who appreciate a strong and flavorful coffee. Whether you prefer a classic cup of black coffee or a creamy and sweet latte, this coffee blend will satisfy your cravings. Indulge in the rich and authentic taste of one of the best Robusta Coffee Beans that you can find in the country.  Proudly Made in India!   
 
  FLAVOURFUL COFFEE: Treat yourself to the exquisite flavors of MokkaFarms 100% Arabica Robusta Blend Roasted Whole Coffee Beans, a sensory experience like no other  
 
   FARM to FORK: From planting, harvesting, grading, roasting, grinding to processing and packaging, we carefully track every step of the coffee production process to give high quality and maintain consistency   
 
  HANDCRAFTED: Our coffee is carefully handcrafted in small batches to deliver a rich and remarkable flavor, strength and aroma while ensuring consistency  
  AROMATIC, GREAT TASTE, STRONG:    Our 100% Robusta Roasted Whole Coffee Beans has a toasty aroma and a velvety taste, and feels like a strong punch!   
  CONVENIENCE, REUSABLE PACKAGING: Comes in a convenient, tamper-proof, one-way valve, resealable zip-lock pouch for maximum freshness!",https://www.mokkafarms.com/products/french-press-arabica-robusta-blend-premium-ground-coffee,https://cdn.shopify.com/s/files/1/0644/7199/0455/files/0_6fe2e572-1838-41d6-8f0f-e7eaee4f1867.png?v=1762441196
French Press - Arabica-Robusta Blend | Premium Ground Coffee,Mokka Farms,1420.0,1kg,,"MokkaFarms 100% Arabica Robusta Blend Roasted Whole Coffee Beans, a sensory experience like no other FARM to FORK: From","MokkaFarms brings you an exclusive High Quality, Estate Coffee, Fresh Roast, 100% Pure, Sundried Arabica &amp; Robusta Whole Coffee Beans from Coorg/ Chikmagalur region of Western Ghats, Karnataka, India. Our coffee beans are further selectively picked to ensure that you have a superior grade coffee beans. The beans are carefully selected and roasted, separately in small batches, to perfection as per the roast type and pack size that you need, to create a strong, flavourful and an extremely gratifying and a rich aromatic coffee experience. The result is a smooth and balanced cup of coffee with a unique flavor profile. The Roasted Whole Coffee Beans from Mokka Farms give the coffee a mild and fruity taste with a hint of chocolate. The brewing method enhances the flavors and aromas, resulting in a full-bodied and satisfying cup of coffee. The coffee can be enjoyed hot or cold and is perfect for those who appreciate a strong and flavorful coffee. Whether you prefer a classic cup of black coffee or a creamy and sweet latte, this coffee blend will satisfy your cravings. Indulge in the rich and authentic taste of one of the best Robusta Coffee Beans that you can find in the country.  Proudly Made in India!   
 
  FLAVOURFUL COFFEE: Treat yourself to the exquisite flavors of MokkaFarms 100% Arabica Robusta Blend Roasted Whole Coffee Beans, a sensory experience like no other  
 
   FARM to FORK: From planting, harvesting, grading, roasting, grinding to processing and packaging, we carefully track every step of the coffee production process to give high quality and maintain consistency   
 
  HANDCRAFTED: Our coffee is carefully handcrafted in small batches to deliver a rich and remarkable flavor, strength and aroma while ensuring consistency  
  AROMATIC, GREAT TASTE, STRONG:    Our 100% Robusta Roasted Whole Coffee Beans has a toasty aroma and a velvety taste, and feels like a strong punch!   
  CONVENIENCE, REUSABLE PACKAGING: Comes in a convenient, tamper-proof, one-way valve, resealable zip-lock pouch for maximum freshness!",https://www.mokkafarms.com/products/french-press-arabica-robusta-blend-premium-ground-coffee,https://cdn.shopify.com/s/files/1/0644/7199/0455/files/0_6fe2e572-1838-41d6-8f0f-e7eaee4f1867.png?v=1762441196
"Indulgence | 70% Coffee, 30% Chicory | Chicory Filter Coffee",Mokka Farms,180.0,100g,,this authentic South Indian coffee,"This traditional South Indian style coffee is known for its unique brewing process and distinct taste. The coffee mix used in this powder is carefully selected to ensure a high-quality and aromatic experience. It is sourced from one of the finest coffee beans, which are roasted to perfection to bring out their natural flavors. The addition of chicory adds a deep and earthy flavor that complements the coffee and enhances its overall taste. Our coffee powder is free from any preservatives or artificial additives.  Our South Indian filter coffee powder is ideal for those who appreciate a strong and flavorful cup of coffee. It is specifically designed to be used with the traditional filter coffee method, which allows the flavors to fully develop and provides a smooth and satisfying texture. To prepare the perfect cup of South Indian filter coffee, simply add the desired amount of coffee powder to a coffee filter and pour hot water over it. Allow the coffee to drip slowly and collect in a separate vessel or cup. Finally, add milk and sugar to taste, and enjoy the rich and aromatic flavors of this authentic South Indian coffee. Experience the taste of South India with our premium quality filter coffee powder, carefully crafted to deliver a truly special coffee drinking experience.   
  Proudly Made in India!",https://www.mokkafarms.com/products/indulgence,https://cdn.shopify.com/s/files/1/0644/7199/0455/files/1_ea6543a0-a9e2-4eeb-94de-86183211471a.webp?v=1774602719
"Indulgence | 70% Coffee, 30% Chicory | Chicory Filter Coffee",Mokka Farms,230.0,250g,,this authentic South Indian coffee,"This traditional South Indian style coffee is known for its unique brewing process and distinct taste. The coffee mix used in this powder is carefully selected to ensure a high-quality and aromatic experience. It is sourced from one of the finest coffee beans, which are roasted to perfection to bring out their natural flavors. The addition of chicory adds a deep and earthy flavor that complements the coffee and enhances its overall taste. Our coffee powder is free from any preservatives or artificial additives.  Our South Indian filter coffee powder is ideal for those who appreciate a strong and flavorful cup of coffee. It is specifically designed to be used with the traditional filter coffee method, which allows the flavors to fully develop and provides a smooth and satisfying texture. To prepare the perfect cup of South Indian filter coffee, simply add the desired amount of coffee powder to a coffee filter and pour hot water over it. Allow the coffee to drip slowly and collect in a separate vessel or cup. Finally, add milk and sugar to taste, and enjoy the rich and aromatic flavors of this authentic South Indian coffee. Experience the taste of South India with our premium quality filter coffee powder, carefully crafted to deliver a truly special coffee drinking experience.   
  Proudly Made in India!",https://www.mokkafarms.com/products/indulgence,https://cdn.shopify.com/s/files/1/0644/7199/0455/files/1_ea6543a0-a9e2-4eeb-94de-86183211471a.webp?v=1774602719
"Indulgence | 70% Coffee, 30% Chicory | Chicory Filter Coffee",Mokka Farms,405.0,500g,,this authentic South Indian coffee,"This traditional South Indian style coffee is known for its unique brewing process and distinct taste. The coffee mix used in this powder is carefully selected to ensure a high-quality and aromatic experience. It is sourced from one of the finest coffee beans, which are roasted to perfection to bring out their natural flavors. The addition of chicory adds a deep and earthy flavor that complements the coffee and enhances its overall taste. Our coffee powder is free from any preservatives or artificial additives.  Our South Indian filter coffee powder is ideal for those who appreciate a strong and flavorful cup of coffee. It is specifically designed to be used with the traditional filter coffee method, which allows the flavors to fully develop and provides a smooth and satisfying texture. To prepare the perfect cup of South Indian filter coffee, simply add the desired amount of coffee powder to a coffee filter and pour hot water over it. Allow the coffee to drip slowly and collect in a separate vessel or cup. Finally, add milk and sugar to taste, and enjoy the rich and aromatic flavors of this authentic South Indian coffee. Experience the taste of South India with our premium quality filter coffee powder, carefully crafted to deliver a truly special coffee drinking experience.   
  Proudly Made in India!",https://www.mokkafarms.com/products/indulgence,https://cdn.shopify.com/s/files/1/0644/7199/0455/files/1_ea6543a0-a9e2-4eeb-94de-86183211471a.webp?v=1774602719
"Indulgence | 70% Coffee, 30% Chicory | Chicory Filter Coffee",Mokka Farms,705.0,1kg,,this authentic South Indian coffee,"This traditional South Indian style coffee is known for its unique brewing process and distinct taste. The coffee mix used in this powder is carefully selected to ensure a high-quality and aromatic experience. It is sourced from one of the finest coffee beans, which are roasted to perfection to bring out their natural flavors. The addition of chicory adds a deep and earthy flavor that complements the coffee and enhances its overall taste. Our coffee powder is free from any preservatives or artificial additives.  Our South Indian filter coffee powder is ideal for those who appreciate a strong and flavorful cup of coffee. It is specifically designed to be used with the traditional filter coffee method, which allows the flavors to fully develop and provides a smooth and satisfying texture. To prepare the perfect cup of South Indian filter coffee, simply add the desired amount of coffee powder to a coffee filter and pour hot water over it. Allow the coffee to drip slowly and collect in a separate vessel or cup. Finally, add milk and sugar to taste, and enjoy the rich and aromatic flavors of this authentic South Indian coffee. Experience the taste of South India with our premium quality filter coffee powder, carefully crafted to deliver a truly special coffee drinking experience.   
  Proudly Made in India!",https://www.mokkafarms.com/products/indulgence,https://cdn.shopify.com/s/files/1/0644/7199/0455/files/1_ea6543a0-a9e2-4eeb-94de-86183211471a.webp?v=1774602719
"Intense | 60% Coffee, 40% Chicory | Chicory Filter Coffee",Mokka Farms,380.0,500g,,South India with MokkaFarms’ Intense,"MokkaFarms South Indian Filter Coffee Powder – Intense  
 Immerse yourself in the bold flavors of South India with MokkaFarms’  Intense . Crafted with a  60% coffee mix  and  40% chicory , this blend delivers a  rich, robust, and aromatic experience  that coffee lovers will cherish. 
   
  Crafted to Perfection  
 
 Made from  premium coffee beans , meticulously selected and roasted to highlight their natural flavors. 
 
 Chicory  adds a deep, earthy richness, perfectly complementing the coffee for an enhanced flavor profile. 
 
  Authentic South Indian Coffee Experience  Specially created for the  traditional filter coffee method , the Intense Variant offers a  smooth texture  and  full-bodied taste , ideal for those who appreciate a  strong and flavorful cup of coffee . 
  How to Brew  
 
 Add your preferred amount of coffee powder to a coffee filter. 
 Pour hot water over the powder and let it  drip slowly  into a vessel or cup. 
 Add milk and sugar to taste, and savor the  authentic flavors of South Indian coffee . 
 
  Proudly Made in India  Experience the essence of South India in every cup with MokkaFarms’  Intense Variant , carefully crafted to provide a unique and satisfying coffee experience.",https://www.mokkafarms.com/products/intense,https://cdn.shopify.com/s/files/1/0644/7199/0455/files/1_33793b86-7341-42a9-95eb-fd11630950de.webp?v=1774602378
"Intense | 60% Coffee, 40% Chicory | Chicory Filter Coffee",Mokka Farms,175.0,100g,,South India with MokkaFarms’ Intense,"MokkaFarms South Indian Filter Coffee Powder – Intense  
 Immerse yourself in the bold flavors of South India with MokkaFarms’  Intense . Crafted with a  60% coffee mix  and  40% chicory , this blend delivers a  rich, robust, and aromatic experience  that coffee lovers will cherish. 
   
  Crafted to Perfection  
 
 Made from  premium coffee beans , meticulously selected and roasted to highlight their natural flavors. 
 
 Chicory  adds a deep, earthy richness, perfectly complementing the coffee for an enhanced flavor profile. 
 
  Authentic South Indian Coffee Experience  Specially created for the  traditional filter coffee method , the Intense Variant offers a  smooth texture  and  full-bodied taste , ideal for those who appreciate a  strong and flavorful cup of coffee . 
  How to Brew  
 
 Add your preferred amount of coffee powder to a coffee filter. 
 Pour hot water over the powder and let it  drip slowly  into a vessel or cup. 
 Add milk and sugar to taste, and savor the  authentic flavors of South Indian coffee . 
 
  Proudly Made in India  Experience the essence of South India in every cup with MokkaFarms’  Intense Variant , carefully crafted to provide a unique and satisfying coffee experience.",https://www.mokkafarms.com/products/intense,https://cdn.shopify.com/s/files/1/0644/7199/0455/files/1_33793b86-7341-42a9-95eb-fd11630950de.webp?v=1774602378
"Intense | 60% Coffee, 40% Chicory | Chicory Filter Coffee",Mokka Farms,215.0,250g,,South India with MokkaFarms’ Intense,"MokkaFarms South Indian Filter Coffee Powder – Intense  
 Immerse yourself in the bold flavors of South India with MokkaFarms’  Intense . Crafted with a  60% coffee mix  and  40% chicory , this blend delivers a  rich, robust, and aromatic experience  that coffee lovers will cherish. 
   
  Crafted to Perfection  
 
 Made from  premium coffee beans , meticulously selected and roasted to highlight their natural flavors. 
 
 Chicory  adds a deep, earthy richness, perfectly complementing the coffee for an enhanced flavor profile. 
 
  Authentic South Indian Coffee Experience  Specially created for the  traditional filter coffee method , the Intense Variant offers a  smooth texture  and  full-bodied taste , ideal for those who appreciate a  strong and flavorful cup of coffee . 
  How to Brew  
 
 Add your preferred amount of coffee powder to a coffee filter. 
 Pour hot water over the powder and let it  drip slowly  into a vessel or cup. 
 Add milk and sugar to taste, and savor the  authentic flavors of South Indian coffee . 
 
  Proudly Made in India  Experience the essence of South India in every cup with MokkaFarms’  Intense Variant , carefully crafted to provide a unique and satisfying coffee experience.",https://www.mokkafarms.com/products/intense,https://cdn.shopify.com/s/files/1/0644/7199/0455/files/1_33793b86-7341-42a9-95eb-fd11630950de.webp?v=1774602378
"Intense | 60% Coffee, 40% Chicory | Chicory Filter Coffee",Mokka Farms,655.0,1kg,,South India with MokkaFarms’ Intense,"MokkaFarms South Indian Filter Coffee Powder – Intense  
 Immerse yourself in the bold flavors of South India with MokkaFarms’  Intense . Crafted with a  60% coffee mix  and  40% chicory , this blend delivers a  rich, robust, and aromatic experience  that coffee lovers will cherish. 
   
  Crafted to Perfection  
 
 Made from  premium coffee beans , meticulously selected and roasted to highlight their natural flavors. 
 
 Chicory  adds a deep, earthy richness, perfectly complementing the coffee for an enhanced flavor profile. 
 
  Authentic South Indian Coffee Experience  Specially created for the  traditional filter coffee method , the Intense Variant offers a  smooth texture  and  full-bodied taste , ideal for those who appreciate a  strong and flavorful cup of coffee . 
  How to Brew  
 
 Add your preferred amount of coffee powder to a coffee filter. 
 Pour hot water over the powder and let it  drip slowly  into a vessel or cup. 
 Add milk and sugar to taste, and savor the  authentic flavors of South Indian coffee . 
 
  Proudly Made in India  Experience the essence of South India in every cup with MokkaFarms’  Intense Variant , carefully crafted to provide a unique and satisfying coffee experience.",https://www.mokkafarms.com/products/intense,https://cdn.shopify.com/s/files/1/0644/7199/0455/files/1_33793b86-7341-42a9-95eb-fd11630950de.webp?v=1774602378
Isayu | 80% Arabica - 20% Chicory Blend | Chicory Filter Coffee,Mokka Farms,225.0,100g,,"South Indian filter coffee with our premium quality product, made with love and care","MokkaFarms South Indian filter coffee powder is a delicious blend of 80% Arabica coffee and 20% chicory. It is made using the one of the finest quality coffee beans and chicory, which are carefully roasted to perfection. This traditional blend creates a rich and aromatic coffee with a distinct South Indian flavor. We take pride in offering a high-quality product that contains no preservatives or artificial additives. Our coffee powder is made with natural ingredients and has a long shelf life without the need for any synthetic additives. To ensure the freshness and flavor of our coffee powder, it is carefully packaged in an airtight container. This helps to preserve the aroma and taste, allowing you to enjoy a freshly brewed cup of filter coffee at any time. Whether you prefer a strong and bold cup of coffee or a milder taste, our South Indian filter coffee powder can be customized to suit your preference. Simply adjust the quantity of powder used while brewing to achieve the desired strength. Experience the authentic taste of South Indian filter coffee with our premium quality product, made with love and care.  
  Proudly Made in India!",https://www.mokkafarms.com/products/isayu,https://cdn.shopify.com/s/files/1/0644/7199/0455/files/1_a12b2e6e-a322-46e0-ac2f-230f185179eb.webp?v=1774603400
Isayu | 80% Arabica - 20% Chicory Blend | Chicory Filter Coffee,Mokka Farms,335.0,250g,,"South Indian filter coffee with our premium quality product, made with love and care","MokkaFarms South Indian filter coffee powder is a delicious blend of 80% Arabica coffee and 20% chicory. It is made using the one of the finest quality coffee beans and chicory, which are carefully roasted to perfection. This traditional blend creates a rich and aromatic coffee with a distinct South Indian flavor. We take pride in offering a high-quality product that contains no preservatives or artificial additives. Our coffee powder is made with natural ingredients and has a long shelf life without the need for any synthetic additives. To ensure the freshness and flavor of our coffee powder, it is carefully packaged in an airtight container. This helps to preserve the aroma and taste, allowing you to enjoy a freshly brewed cup of filter coffee at any time. Whether you prefer a strong and bold cup of coffee or a milder taste, our South Indian filter coffee powder can be customized to suit your preference. Simply adjust the quantity of powder used while brewing to achieve the desired strength. Experience the authentic taste of South Indian filter coffee with our premium quality product, made with love and care.  
  Proudly Made in India!",https://www.mokkafarms.com/products/isayu,https://cdn.shopify.com/s/files/1/0644/7199/0455/files/1_a12b2e6e-a322-46e0-ac2f-230f185179eb.webp?v=1774603400
Isayu | 80% Arabica - 20% Chicory Blend | Chicory Filter Coffee,Mokka Farms,620.0,500g,,"South Indian filter coffee with our premium quality product, made with love and care","MokkaFarms South Indian filter coffee powder is a delicious blend of 80% Arabica coffee and 20% chicory. It is made using the one of the finest quality coffee beans and chicory, which are carefully roasted to perfection. This traditional blend creates a rich and aromatic coffee with a distinct South Indian flavor. We take pride in offering a high-quality product that contains no preservatives or artificial additives. Our coffee powder is made with natural ingredients and has a long shelf life without the need for any synthetic additives. To ensure the freshness and flavor of our coffee powder, it is carefully packaged in an airtight container. This helps to preserve the aroma and taste, allowing you to enjoy a freshly brewed cup of filter coffee at any time. Whether you prefer a strong and bold cup of coffee or a milder taste, our South Indian filter coffee powder can be customized to suit your preference. Simply adjust the quantity of powder used while brewing to achieve the desired strength. Experience the authentic taste of South Indian filter coffee with our premium quality product, made with love and care.  
  Proudly Made in India!",https://www.mokkafarms.com/products/isayu,https://cdn.shopify.com/s/files/1/0644/7199/0455/files/1_a12b2e6e-a322-46e0-ac2f-230f185179eb.webp?v=1774603400
Isayu | 80% Arabica - 20% Chicory Blend | Chicory Filter Coffee,Mokka Farms,1135.0,1kg,,"South Indian filter coffee with our premium quality product, made with love and care","MokkaFarms South Indian filter coffee powder is a delicious blend of 80% Arabica coffee and 20% chicory. It is made using the one of the finest quality coffee beans and chicory, which are carefully roasted to perfection. This traditional blend creates a rich and aromatic coffee with a distinct South Indian flavor. We take pride in offering a high-quality product that contains no preservatives or artificial additives. Our coffee powder is made with natural ingredients and has a long shelf life without the need for any synthetic additives. To ensure the freshness and flavor of our coffee powder, it is carefully packaged in an airtight container. This helps to preserve the aroma and taste, allowing you to enjoy a freshly brewed cup of filter coffee at any time. Whether you prefer a strong and bold cup of coffee or a milder taste, our South Indian filter coffee powder can be customized to suit your preference. Simply adjust the quantity of powder used while brewing to achieve the desired strength. Experience the authentic taste of South Indian filter coffee with our premium quality product, made with love and care.  
  Proudly Made in India!",https://www.mokkafarms.com/products/isayu,https://cdn.shopify.com/s/files/1/0644/7199/0455/files/1_a12b2e6e-a322-46e0-ac2f-230f185179eb.webp?v=1774603400
"Mista | 40% Arabica, 40% Robusta, 20% Chicory | Chicory Filter Coffee",Mokka Farms,215.0,100g,,"South Indian filter coffee with our premium quality product, made with love and care","MokkaFarms South Indian filter coffee powder is a delicious blend of 40% Arabica, 40% Robusta and 20% chicory. It is made using the one of the finest quality coffee beans and chicory, which are carefully roasted to perfection. This traditional blend creates a rich and aromatic coffee with a distinct South Indian flavor. We take pride in offering a high-quality product that contains no preservatives or artificial additives. Our coffee powder is made with natural ingredients and has a long shelf life without the need for any synthetic additives. To ensure the freshness and flavor of our coffee powder, it is carefully packaged in an airtight container. This helps to preserve the aroma and taste, allowing you to enjoy a freshly brewed cup of filter coffee at any time. Whether you prefer a strong and bold cup of coffee or a milder taste, our South Indian filter coffee powder can be customized to suit your preference. Simply adjust the quantity of powder used while brewing to achieve the desired strength. Experience the authentic taste of South Indian filter coffee with our premium quality product, made with love and care.  
  Proudly Made in India!",https://www.mokkafarms.com/products/mista,https://cdn.shopify.com/s/files/1/0644/7199/0455/files/1_b7177b6d-f077-4451-8f0b-9d8be58de50b.webp?v=1774603329
"Mista | 40% Arabica, 40% Robusta, 20% Chicory | Chicory Filter Coffee",Mokka Farms,300.0,250g,,"South Indian filter coffee with our premium quality product, made with love and care","MokkaFarms South Indian filter coffee powder is a delicious blend of 40% Arabica, 40% Robusta and 20% chicory. It is made using the one of the finest quality coffee beans and chicory, which are carefully roasted to perfection. This traditional blend creates a rich and aromatic coffee with a distinct South Indian flavor. We take pride in offering a high-quality product that contains no preservatives or artificial additives. Our coffee powder is made with natural ingredients and has a long shelf life without the need for any synthetic additives. To ensure the freshness and flavor of our coffee powder, it is carefully packaged in an airtight container. This helps to preserve the aroma and taste, allowing you to enjoy a freshly brewed cup of filter coffee at any time. Whether you prefer a strong and bold cup of coffee or a milder taste, our South Indian filter coffee powder can be customized to suit your preference. Simply adjust the quantity of powder used while brewing to achieve the desired strength. Experience the authentic taste of South Indian filter coffee with our premium quality product, made with love and care.  
  Proudly Made in India!",https://www.mokkafarms.com/products/mista,https://cdn.shopify.com/s/files/1/0644/7199/0455/files/1_b7177b6d-f077-4451-8f0b-9d8be58de50b.webp?v=1774603329
"Mista | 40% Arabica, 40% Robusta, 20% Chicory | Chicory Filter Coffee",Mokka Farms,545.0,500g,,"South Indian filter coffee with our premium quality product, made with love and care","MokkaFarms South Indian filter coffee powder is a delicious blend of 40% Arabica, 40% Robusta and 20% chicory. It is made using the one of the finest quality coffee beans and chicory, which are carefully roasted to perfection. This traditional blend creates a rich and aromatic coffee with a distinct South Indian flavor. We take pride in offering a high-quality product that contains no preservatives or artificial additives. Our coffee powder is made with natural ingredients and has a long shelf life without the need for any synthetic additives. To ensure the freshness and flavor of our coffee powder, it is carefully packaged in an airtight container. This helps to preserve the aroma and taste, allowing you to enjoy a freshly brewed cup of filter coffee at any time. Whether you prefer a strong and bold cup of coffee or a milder taste, our South Indian filter coffee powder can be customized to suit your preference. Simply adjust the quantity of powder used while brewing to achieve the desired strength. Experience the authentic taste of South Indian filter coffee with our premium quality product, made with love and care.  
  Proudly Made in India!",https://www.mokkafarms.com/products/mista,https://cdn.shopify.com/s/files/1/0644/7199/0455/files/1_b7177b6d-f077-4451-8f0b-9d8be58de50b.webp?v=1774603329
"Mista | 40% Arabica, 40% Robusta, 20% Chicory | Chicory Filter Coffee",Mokka Farms,985.0,1kg,,"South Indian filter coffee with our premium quality product, made with love and care","MokkaFarms South Indian filter coffee powder is a delicious blend of 40% Arabica, 40% Robusta and 20% chicory. It is made using the one of the finest quality coffee beans and chicory, which are carefully roasted to perfection. This traditional blend creates a rich and aromatic coffee with a distinct South Indian flavor. We take pride in offering a high-quality product that contains no preservatives or artificial additives. Our coffee powder is made with natural ingredients and has a long shelf life without the need for any synthetic additives. To ensure the freshness and flavor of our coffee powder, it is carefully packaged in an airtight container. This helps to preserve the aroma and taste, allowing you to enjoy a freshly brewed cup of filter coffee at any time. Whether you prefer a strong and bold cup of coffee or a milder taste, our South Indian filter coffee powder can be customized to suit your preference. Simply adjust the quantity of powder used while brewing to achieve the desired strength. Experience the authentic taste of South Indian filter coffee with our premium quality product, made with love and care.  
  Proudly Made in India!",https://www.mokkafarms.com/products/mista,https://cdn.shopify.com/s/files/1/0644/7199/0455/files/1_b7177b6d-f077-4451-8f0b-9d8be58de50b.webp?v=1774603329
Moka Pot - 100% Pure Arabica | Premium Ground Coffee,Mokka Farms,290.0,100g,Light Roast,"MokkaFarms Premium Ground Coffee – made from 100% pure, sun-dried Arabica beans handpicked from the lush plantations of Coorg and Chikmagalur in Karnataka’s Western Ghats","☕  Premium Ground Coffee – 100% Pure Arabica by MokkaFarms 
 
    🇮🇳 Made with love in India, for true coffee lovers.  

   Discover the luxurious taste of  MokkaFarms Premium Ground Coffee  – made from  100% pure, sun-dried Arabica beans  handpicked from the lush plantations of  Coorg and Chikmagalur  in Karnataka’s Western Ghats. 

   Each batch is  carefully sorted, graded, and roasted in small batches  to perfection, preserving the bean’s natural aroma and rich flavor. Whether you enjoy a  light roast for its brightness  or a  dark roast for bold intensity , our ground coffee delivers a truly customized experience. 

   ☕  The result?  A full-bodied,  smooth and aromatic cup  with  mild fruity notes  and a  hint of chocolate  – perfect for your morning kick or evening unwind. 

   🌿  What Makes It Special? 
 
   
     🌱  100% Estate-Grown Arabica  – Single-origin beans from premium Indian coffee estates. 
     🔁  Farm-to-Fork Control  – From plantation to packaging, we ensure quality, freshness, and consistency. 
     🔥  Handcrafted Roasts  – Roasted fresh in small batches to unlock peak flavor and aroma. 
     ☕  Versatile Brewing  – French Press, Espresso, Moka Pot, Pour Over, or South Indian Filter – you name it! 
     📦  Smart Packaging  – Resealable, one-way valve pouch locks in aroma till the last scoop. 
   

    Whether you like it hot or cold, black or with milk – this blend delivers a  premium café-style experience  right at home.  

    ✨ Indulge in the best of Indian Arabica. Taste it, sip by sip.",https://www.mokkafarms.com/products/moka-pot-100-pure-arabica-premium-ground-coffee,https://cdn.shopify.com/s/files/1/0644/7199/0455/files/0_d7dca7fb-8a17-4c8b-904d-0dddb65b692c.png?v=1762440836
Moka Pot - 100% Pure Arabica | Premium Ground Coffee,Mokka Farms,460.0,250g,Light Roast,"MokkaFarms Premium Ground Coffee – made from 100% pure, sun-dried Arabica beans handpicked from the lush plantations of Coorg and Chikmagalur in Karnataka’s Western Ghats","☕  Premium Ground Coffee – 100% Pure Arabica by MokkaFarms 
 
    🇮🇳 Made with love in India, for true coffee lovers.  

   Discover the luxurious taste of  MokkaFarms Premium Ground Coffee  – made from  100% pure, sun-dried Arabica beans  handpicked from the lush plantations of  Coorg and Chikmagalur  in Karnataka’s Western Ghats. 

   Each batch is  carefully sorted, graded, and roasted in small batches  to perfection, preserving the bean’s natural aroma and rich flavor. Whether you enjoy a  light roast for its brightness  or a  dark roast for bold intensity , our ground coffee delivers a truly customized experience. 

   ☕  The result?  A full-bodied,  smooth and aromatic cup  with  mild fruity notes  and a  hint of chocolate  – perfect for your morning kick or evening unwind. 

   🌿  What Makes It Special? 
 
   
     🌱  100% Estate-Grown Arabica  – Single-origin beans from premium Indian coffee estates. 
     🔁  Farm-to-Fork Control  – From plantation to packaging, we ensure quality, freshness, and consistency. 
     🔥  Handcrafted Roasts  – Roasted fresh in small batches to unlock peak flavor and aroma. 
     ☕  Versatile Brewing  – French Press, Espresso, Moka Pot, Pour Over, or South Indian Filter – you name it! 
     📦  Smart Packaging  – Resealable, one-way valve pouch locks in aroma till the last scoop. 
   

    Whether you like it hot or cold, black or with milk – this blend delivers a  premium café-style experience  right at home.  

    ✨ Indulge in the best of Indian Arabica. Taste it, sip by sip.",https://www.mokkafarms.com/products/moka-pot-100-pure-arabica-premium-ground-coffee,https://cdn.shopify.com/s/files/1/0644/7199/0455/files/0_d7dca7fb-8a17-4c8b-904d-0dddb65b692c.png?v=1762440836
Moka Pot - 100% Pure Arabica | Premium Ground Coffee,Mokka Farms,870.0,500g,Light Roast,"MokkaFarms Premium Ground Coffee – made from 100% pure, sun-dried Arabica beans handpicked from the lush plantations of Coorg and Chikmagalur in Karnataka’s Western Ghats","☕  Premium Ground Coffee – 100% Pure Arabica by MokkaFarms 
 
    🇮🇳 Made with love in India, for true coffee lovers.  

   Discover the luxurious taste of  MokkaFarms Premium Ground Coffee  – made from  100% pure, sun-dried Arabica beans  handpicked from the lush plantations of  Coorg and Chikmagalur  in Karnataka’s Western Ghats. 

   Each batch is  carefully sorted, graded, and roasted in small batches  to perfection, preserving the bean’s natural aroma and rich flavor. Whether you enjoy a  light roast for its brightness  or a  dark roast for bold intensity , our ground coffee delivers a truly customized experience. 

   ☕  The result?  A full-bodied,  smooth and aromatic cup  with  mild fruity notes  and a  hint of chocolate  – perfect for your morning kick or evening unwind. 

   🌿  What Makes It Special? 
 
   
     🌱  100% Estate-Grown Arabica  – Single-origin beans from premium Indian coffee estates. 
     🔁  Farm-to-Fork Control  – From plantation to packaging, we ensure quality, freshness, and consistency. 
     🔥  Handcrafted Roasts  – Roasted fresh in small batches to unlock peak flavor and aroma. 
     ☕  Versatile Brewing  – French Press, Espresso, Moka Pot, Pour Over, or South Indian Filter – you name it! 
     📦  Smart Packaging  – Resealable, one-way valve pouch locks in aroma till the last scoop. 
   

    Whether you like it hot or cold, black or with milk – this blend delivers a  premium café-style experience  right at home.  

    ✨ Indulge in the best of Indian Arabica. Taste it, sip by sip.",https://www.mokkafarms.com/products/moka-pot-100-pure-arabica-premium-ground-coffee,https://cdn.shopify.com/s/files/1/0644/7199/0455/files/0_d7dca7fb-8a17-4c8b-904d-0dddb65b692c.png?v=1762440836
Moka Pot - 100% Pure Arabica | Premium Ground Coffee,Mokka Farms,1640.0,1kg,Light Roast,"MokkaFarms Premium Ground Coffee – made from 100% pure, sun-dried Arabica beans handpicked from the lush plantations of Coorg and Chikmagalur in Karnataka’s Western Ghats","☕  Premium Ground Coffee – 100% Pure Arabica by MokkaFarms 
 
    🇮🇳 Made with love in India, for true coffee lovers.  

   Discover the luxurious taste of  MokkaFarms Premium Ground Coffee  – made from  100% pure, sun-dried Arabica beans  handpicked from the lush plantations of  Coorg and Chikmagalur  in Karnataka’s Western Ghats. 

   Each batch is  carefully sorted, graded, and roasted in small batches  to perfection, preserving the bean’s natural aroma and rich flavor. Whether you enjoy a  light roast for its brightness  or a  dark roast for bold intensity , our ground coffee delivers a truly customized experience. 

   ☕  The result?  A full-bodied,  smooth and aromatic cup  with  mild fruity notes  and a  hint of chocolate  – perfect for your morning kick or evening unwind. 

   🌿  What Makes It Special? 
 
   
     🌱  100% Estate-Grown Arabica  – Single-origin beans from premium Indian coffee estates. 
     🔁  Farm-to-Fork Control  – From plantation to packaging, we ensure quality, freshness, and consistency. 
     🔥  Handcrafted Roasts  – Roasted fresh in small batches to unlock peak flavor and aroma. 
     ☕  Versatile Brewing  – French Press, Espresso, Moka Pot, Pour Over, or South Indian Filter – you name it! 
     📦  Smart Packaging  – Resealable, one-way valve pouch locks in aroma till the last scoop. 
   

    Whether you like it hot or cold, black or with milk – this blend delivers a  premium café-style experience  right at home.  

    ✨ Indulge in the best of Indian Arabica. Taste it, sip by sip.",https://www.mokkafarms.com/products/moka-pot-100-pure-arabica-premium-ground-coffee,https://cdn.shopify.com/s/files/1/0644/7199/0455/files/0_d7dca7fb-8a17-4c8b-904d-0dddb65b692c.png?v=1762440836
Moka Pot - 100% Robusta | Premium Ground Coffee,Mokka Farms,245.0,100g,Light Roast,"MokkaFarms Premium Ground Coffee – made from 100% pure, sun-dried Robusta beans handpicked from the rich plantations of Coorg and Chikmagalur in Karnataka’s Western Ghats","☕  Premium Ground Coffee – 100% Pure Robusta by MokkaFarms 
 

    🇮🇳 Made with love in India, for true coffee lovers.  

   Discover the bold and intense taste of  MokkaFarms Premium Ground Coffee  – made from  100% pure, sun-dried Robusta beans  handpicked from the rich plantations of  Coorg and Chikmagalur  in Karnataka’s Western Ghats. 

   Each batch is  carefully sorted, graded, and roasted in small batches  to perfection, preserving the bean’s natural strength and earthy flavor. Whether you enjoy a  light roast for a smoother body  or a  dark roast for a robust kick , our ground coffee delivers a truly bold and satisfying experience. 

   ☕  The result?  A strong-bodied,  aromatic and powerful cup  with  earthy undertones  and a  bittersweet chocolate finish  – perfect to energize your day. 

   🌿  What Makes It Special? 
 
   
     🌱  100% Estate-Grown Robusta  – Single-origin beans from premium Indian coffee estates. 
     🔁  Farm-to-Fork Control  – From plantation to packaging, we ensure quality, freshness, and consistency. 
     🔥  Handcrafted Roasts  – Roasted fresh in small batches to unlock peak flavor and aroma. 
     ☕  Versatile Brewing  – French Press, Espresso, Moka Pot, Pour Over, or South Indian Filter – you name it! 
     📦  Smart Packaging  – Resealable, one-way valve pouch locks in aroma till the last scoop. 
   

    Whether you like it hot or cold, black or with milk – this blend delivers a  strong, café-style experience  right at home.  

    ✨ Enjoy the bold and authentic taste of Indian Robusta. Taste it, sip by sip.",https://www.mokkafarms.com/products/moka-pot-100-robusta-premium-ground-coffee-fresh-single-origin-plantation-a-aa-beans,https://cdn.shopify.com/s/files/1/0644/7199/0455/files/0_13dc9d73-8914-41b5-8b3f-5ff347c901a3.png?v=1762441028
Moka Pot - 100% Robusta | Premium Ground Coffee,Mokka Farms,350.0,250g,Light Roast,"MokkaFarms Premium Ground Coffee – made from 100% pure, sun-dried Robusta beans handpicked from the rich plantations of Coorg and Chikmagalur in Karnataka’s Western Ghats","☕  Premium Ground Coffee – 100% Pure Robusta by MokkaFarms 
 

    🇮🇳 Made with love in India, for true coffee lovers.  

   Discover the bold and intense taste of  MokkaFarms Premium Ground Coffee  – made from  100% pure, sun-dried Robusta beans  handpicked from the rich plantations of  Coorg and Chikmagalur  in Karnataka’s Western Ghats. 

   Each batch is  carefully sorted, graded, and roasted in small batches  to perfection, preserving the bean’s natural strength and earthy flavor. Whether you enjoy a  light roast for a smoother body  or a  dark roast for a robust kick , our ground coffee delivers a truly bold and satisfying experience. 

   ☕  The result?  A strong-bodied,  aromatic and powerful cup  with  earthy undertones  and a  bittersweet chocolate finish  – perfect to energize your day. 

   🌿  What Makes It Special? 
 
   
     🌱  100% Estate-Grown Robusta  – Single-origin beans from premium Indian coffee estates. 
     🔁  Farm-to-Fork Control  – From plantation to packaging, we ensure quality, freshness, and consistency. 
     🔥  Handcrafted Roasts  – Roasted fresh in small batches to unlock peak flavor and aroma. 
     ☕  Versatile Brewing  – French Press, Espresso, Moka Pot, Pour Over, or South Indian Filter – you name it! 
     📦  Smart Packaging  – Resealable, one-way valve pouch locks in aroma till the last scoop. 
   

    Whether you like it hot or cold, black or with milk – this blend delivers a  strong, café-style experience  right at home.  

    ✨ Enjoy the bold and authentic taste of Indian Robusta. Taste it, sip by sip.",https://www.mokkafarms.com/products/moka-pot-100-robusta-premium-ground-coffee-fresh-single-origin-plantation-a-aa-beans,https://cdn.shopify.com/s/files/1/0644/7199/0455/files/0_13dc9d73-8914-41b5-8b3f-5ff347c901a3.png?v=1762441028
Moka Pot - 100% Robusta | Premium Ground Coffee,Mokka Farms,650.0,500g,Light Roast,"MokkaFarms Premium Ground Coffee – made from 100% pure, sun-dried Robusta beans handpicked from the rich plantations of Coorg and Chikmagalur in Karnataka’s Western Ghats","☕  Premium Ground Coffee – 100% Pure Robusta by MokkaFarms 
 

    🇮🇳 Made with love in India, for true coffee lovers.  

   Discover the bold and intense taste of  MokkaFarms Premium Ground Coffee  – made from  100% pure, sun-dried Robusta beans  handpicked from the rich plantations of  Coorg and Chikmagalur  in Karnataka’s Western Ghats. 

   Each batch is  carefully sorted, graded, and roasted in small batches  to perfection, preserving the bean’s natural strength and earthy flavor. Whether you enjoy a  light roast for a smoother body  or a  dark roast for a robust kick , our ground coffee delivers a truly bold and satisfying experience. 

   ☕  The result?  A strong-bodied,  aromatic and powerful cup  with  earthy undertones  and a  bittersweet chocolate finish  – perfect to energize your day. 

   🌿  What Makes It Special? 
 
   
     🌱  100% Estate-Grown Robusta  – Single-origin beans from premium Indian coffee estates. 
     🔁  Farm-to-Fork Control  – From plantation to packaging, we ensure quality, freshness, and consistency. 
     🔥  Handcrafted Roasts  – Roasted fresh in small batches to unlock peak flavor and aroma. 
     ☕  Versatile Brewing  – French Press, Espresso, Moka Pot, Pour Over, or South Indian Filter – you name it! 
     📦  Smart Packaging  – Resealable, one-way valve pouch locks in aroma till the last scoop. 
   

    Whether you like it hot or cold, black or with milk – this blend delivers a  strong, café-style experience  right at home.  

    ✨ Enjoy the bold and authentic taste of Indian Robusta. Taste it, sip by sip.",https://www.mokkafarms.com/products/moka-pot-100-robusta-premium-ground-coffee-fresh-single-origin-plantation-a-aa-beans,https://cdn.shopify.com/s/files/1/0644/7199/0455/files/0_13dc9d73-8914-41b5-8b3f-5ff347c901a3.png?v=1762441028
Moka Pot - 100% Robusta | Premium Ground Coffee,Mokka Farms,1200.0,1kg,Light Roast,"MokkaFarms Premium Ground Coffee – made from 100% pure, sun-dried Robusta beans handpicked from the rich plantations of Coorg and Chikmagalur in Karnataka’s Western Ghats","☕  Premium Ground Coffee – 100% Pure Robusta by MokkaFarms 
 

    🇮🇳 Made with love in India, for true coffee lovers.  

   Discover the bold and intense taste of  MokkaFarms Premium Ground Coffee  – made from  100% pure, sun-dried Robusta beans  handpicked from the rich plantations of  Coorg and Chikmagalur  in Karnataka’s Western Ghats. 

   Each batch is  carefully sorted, graded, and roasted in small batches  to perfection, preserving the bean’s natural strength and earthy flavor. Whether you enjoy a  light roast for a smoother body  or a  dark roast for a robust kick , our ground coffee delivers a truly bold and satisfying experience. 

   ☕  The result?  A strong-bodied,  aromatic and powerful cup  with  earthy undertones  and a  bittersweet chocolate finish  – perfect to energize your day. 

   🌿  What Makes It Special? 
 
   
     🌱  100% Estate-Grown Robusta  – Single-origin beans from premium Indian coffee estates. 
     🔁  Farm-to-Fork Control  – From plantation to packaging, we ensure quality, freshness, and consistency. 
     🔥  Handcrafted Roasts  – Roasted fresh in small batches to unlock peak flavor and aroma. 
     ☕  Versatile Brewing  – French Press, Espresso, Moka Pot, Pour Over, or South Indian Filter – you name it! 
     📦  Smart Packaging  – Resealable, one-way valve pouch locks in aroma till the last scoop. 
   

    Whether you like it hot or cold, black or with milk – this blend delivers a  strong, café-style experience  right at home.  

    ✨ Enjoy the bold and authentic taste of Indian Robusta. Taste it, sip by sip.",https://www.mokkafarms.com/products/moka-pot-100-robusta-premium-ground-coffee-fresh-single-origin-plantation-a-aa-beans,https://cdn.shopify.com/s/files/1/0644/7199/0455/files/0_13dc9d73-8914-41b5-8b3f-5ff347c901a3.png?v=1762441028
Moka Pot- Arabica-Robusta Blend | Premium Ground Coffee,Mokka Farms,270.0,100g,,"MokkaFarms 100% Arabica Robusta Blend Roasted Whole Coffee Beans, a sensory experience like no other FARM to FORK: From","MokkaFarms brings you an exclusive High Quality, Estate Coffee, Fresh Roast, 100% Pure, Sundried Arabica &amp; Robusta Whole Coffee Beans from Coorg/ Chikmagalur region of Western Ghats, Karnataka, India. Our coffee beans are further selectively picked to ensure that you have a superior grade coffee beans. The beans are carefully selected and roasted, separately in small batches, to perfection as per the roast type and pack size that you need, to create a strong, flavourful and an extremely gratifying and a rich aromatic coffee experience. The result is a smooth and balanced cup of coffee with a unique flavor profile. The Roasted Whole Coffee Beans from Mokka Farms give the coffee a mild and fruity taste with a hint of chocolate. The brewing method enhances the flavors and aromas, resulting in a full-bodied and satisfying cup of coffee. The coffee can be enjoyed hot or cold and is perfect for those who appreciate a strong and flavorful coffee. Whether you prefer a classic cup of black coffee or a creamy and sweet latte, this coffee blend will satisfy your cravings. Indulge in the rich and authentic taste of one of the best Robusta Coffee Beans that you can find in the country.  Proudly Made in India!   
 
  FLAVOURFUL COFFEE: Treat yourself to the exquisite flavors of MokkaFarms 100% Arabica Robusta Blend Roasted Whole Coffee Beans, a sensory experience like no other  
 
   FARM to FORK: From planting, harvesting, grading, roasting, grinding to processing and packaging, we carefully track every step of the coffee production process to give high quality and maintain consistency   
 
  HANDCRAFTED: Our coffee is carefully handcrafted in small batches to deliver a rich and remarkable flavor, strength and aroma while ensuring consistency  
  AROMATIC, GREAT TASTE, STRONG:    Our 100% Robusta Roasted Whole Coffee Beans has a toasty aroma and a velvety taste, and feels like a strong punch!   
  CONVENIENCE, REUSABLE PACKAGING: Comes in a convenient, tamper-proof, one-way valve, resealable zip-lock pouch for maximum freshness!",https://www.mokkafarms.com/products/moka-pot-arabica-robusta-blend-premium-ground-coffee,https://cdn.shopify.com/s/files/1/0644/7199/0455/files/0_84071bef-4bcb-4228-83a2-d6b25967a392.png?v=1762441214
Moka Pot- Arabica-Robusta Blend | Premium Ground Coffee,Mokka Farms,405.0,250g,,"MokkaFarms 100% Arabica Robusta Blend Roasted Whole Coffee Beans, a sensory experience like no other FARM to FORK: From","MokkaFarms brings you an exclusive High Quality, Estate Coffee, Fresh Roast, 100% Pure, Sundried Arabica &amp; Robusta Whole Coffee Beans from Coorg/ Chikmagalur region of Western Ghats, Karnataka, India. Our coffee beans are further selectively picked to ensure that you have a superior grade coffee beans. The beans are carefully selected and roasted, separately in small batches, to perfection as per the roast type and pack size that you need, to create a strong, flavourful and an extremely gratifying and a rich aromatic coffee experience. The result is a smooth and balanced cup of coffee with a unique flavor profile. The Roasted Whole Coffee Beans from Mokka Farms give the coffee a mild and fruity taste with a hint of chocolate. The brewing method enhances the flavors and aromas, resulting in a full-bodied and satisfying cup of coffee. The coffee can be enjoyed hot or cold and is perfect for those who appreciate a strong and flavorful coffee. Whether you prefer a classic cup of black coffee or a creamy and sweet latte, this coffee blend will satisfy your cravings. Indulge in the rich and authentic taste of one of the best Robusta Coffee Beans that you can find in the country.  Proudly Made in India!   
 
  FLAVOURFUL COFFEE: Treat yourself to the exquisite flavors of MokkaFarms 100% Arabica Robusta Blend Roasted Whole Coffee Beans, a sensory experience like no other  
 
   FARM to FORK: From planting, harvesting, grading, roasting, grinding to processing and packaging, we carefully track every step of the coffee production process to give high quality and maintain consistency   
 
  HANDCRAFTED: Our coffee is carefully handcrafted in small batches to deliver a rich and remarkable flavor, strength and aroma while ensuring consistency  
  AROMATIC, GREAT TASTE, STRONG:    Our 100% Robusta Roasted Whole Coffee Beans has a toasty aroma and a velvety taste, and feels like a strong punch!   
  CONVENIENCE, REUSABLE PACKAGING: Comes in a convenient, tamper-proof, one-way valve, resealable zip-lock pouch for maximum freshness!",https://www.mokkafarms.com/products/moka-pot-arabica-robusta-blend-premium-ground-coffee,https://cdn.shopify.com/s/files/1/0644/7199/0455/files/0_84071bef-4bcb-4228-83a2-d6b25967a392.png?v=1762441214
Moka Pot- Arabica-Robusta Blend | Premium Ground Coffee,Mokka Farms,760.0,500g,,"MokkaFarms 100% Arabica Robusta Blend Roasted Whole Coffee Beans, a sensory experience like no other FARM to FORK: From","MokkaFarms brings you an exclusive High Quality, Estate Coffee, Fresh Roast, 100% Pure, Sundried Arabica &amp; Robusta Whole Coffee Beans from Coorg/ Chikmagalur region of Western Ghats, Karnataka, India. Our coffee beans are further selectively picked to ensure that you have a superior grade coffee beans. The beans are carefully selected and roasted, separately in small batches, to perfection as per the roast type and pack size that you need, to create a strong, flavourful and an extremely gratifying and a rich aromatic coffee experience. The result is a smooth and balanced cup of coffee with a unique flavor profile. The Roasted Whole Coffee Beans from Mokka Farms give the coffee a mild and fruity taste with a hint of chocolate. The brewing method enhances the flavors and aromas, resulting in a full-bodied and satisfying cup of coffee. The coffee can be enjoyed hot or cold and is perfect for those who appreciate a strong and flavorful coffee. Whether you prefer a classic cup of black coffee or a creamy and sweet latte, this coffee blend will satisfy your cravings. Indulge in the rich and authentic taste of one of the best Robusta Coffee Beans that you can find in the country.  Proudly Made in India!   
 
  FLAVOURFUL COFFEE: Treat yourself to the exquisite flavors of MokkaFarms 100% Arabica Robusta Blend Roasted Whole Coffee Beans, a sensory experience like no other  
 
   FARM to FORK: From planting, harvesting, grading, roasting, grinding to processing and packaging, we carefully track every step of the coffee production process to give high quality and maintain consistency   
 
  HANDCRAFTED: Our coffee is carefully handcrafted in small batches to deliver a rich and remarkable flavor, strength and aroma while ensuring consistency  
  AROMATIC, GREAT TASTE, STRONG:    Our 100% Robusta Roasted Whole Coffee Beans has a toasty aroma and a velvety taste, and feels like a strong punch!   
  CONVENIENCE, REUSABLE PACKAGING: Comes in a convenient, tamper-proof, one-way valve, resealable zip-lock pouch for maximum freshness!",https://www.mokkafarms.com/products/moka-pot-arabica-robusta-blend-premium-ground-coffee,https://cdn.shopify.com/s/files/1/0644/7199/0455/files/0_84071bef-4bcb-4228-83a2-d6b25967a392.png?v=1762441214
Moka Pot- Arabica-Robusta Blend | Premium Ground Coffee,Mokka Farms,1420.0,1kg,,"MokkaFarms 100% Arabica Robusta Blend Roasted Whole Coffee Beans, a sensory experience like no other FARM to FORK: From","MokkaFarms brings you an exclusive High Quality, Estate Coffee, Fresh Roast, 100% Pure, Sundried Arabica &amp; Robusta Whole Coffee Beans from Coorg/ Chikmagalur region of Western Ghats, Karnataka, India. Our coffee beans are further selectively picked to ensure that you have a superior grade coffee beans. The beans are carefully selected and roasted, separately in small batches, to perfection as per the roast type and pack size that you need, to create a strong, flavourful and an extremely gratifying and a rich aromatic coffee experience. The result is a smooth and balanced cup of coffee with a unique flavor profile. The Roasted Whole Coffee Beans from Mokka Farms give the coffee a mild and fruity taste with a hint of chocolate. The brewing method enhances the flavors and aromas, resulting in a full-bodied and satisfying cup of coffee. The coffee can be enjoyed hot or cold and is perfect for those who appreciate a strong and flavorful coffee. Whether you prefer a classic cup of black coffee or a creamy and sweet latte, this coffee blend will satisfy your cravings. Indulge in the rich and authentic taste of one of the best Robusta Coffee Beans that you can find in the country.  Proudly Made in India!   
 
  FLAVOURFUL COFFEE: Treat yourself to the exquisite flavors of MokkaFarms 100% Arabica Robusta Blend Roasted Whole Coffee Beans, a sensory experience like no other  
 
   FARM to FORK: From planting, harvesting, grading, roasting, grinding to processing and packaging, we carefully track every step of the coffee production process to give high quality and maintain consistency   
 
  HANDCRAFTED: Our coffee is carefully handcrafted in small batches to deliver a rich and remarkable flavor, strength and aroma while ensuring consistency  
  AROMATIC, GREAT TASTE, STRONG:    Our 100% Robusta Roasted Whole Coffee Beans has a toasty aroma and a velvety taste, and feels like a strong punch!   
  CONVENIENCE, REUSABLE PACKAGING: Comes in a convenient, tamper-proof, one-way valve, resealable zip-lock pouch for maximum freshness!",https://www.mokkafarms.com/products/moka-pot-arabica-robusta-blend-premium-ground-coffee,https://cdn.shopify.com/s/files/1/0644/7199/0455/files/0_84071bef-4bcb-4228-83a2-d6b25967a392.png?v=1762441214
MOKKAFARMS 100% Jute Eco Bag - 11.5in x 9.5in x 3.5in Vertical Tiffin/Lunch Bag with Zip | Food Safe |  Water Resistant | Women Entrepreneurs |,Mokka Farms,205.0,,,,"Introducing our jute bag, a sustainable and eco-friendly accessory that not only offers great functionality but also supports women entrepreneurs. This bag is designed to be your go-to companion for shopping trips, daily errands, or even as an everyday tote. This bag is made by women entrepreneurs who have put their heart into creating a functional and stylish product. Furthermore, our commitment to sustainability doesn't stop at the material choice. Jute is a renewable and biodegradable fiber, making our bag an environmentally friendly alternative to plastic or synthetic bags. By opting for our jute bag, you're making a conscious choice towards reducing your carbon footprint. The bag is designed with a water-resistant film, ensuring that your belongings are protected even in rainy weather. Its sturdy base provides stability, so you can confidently place it on any surface without worry. To secure your belongings, this bag comes with a convenient closure mechanism. You can trust that everything inside will stay in place, allowing you to confidently go about your day without any worries. Additionally, our bag is designed with strong handles that can withstand the weight of your everyday essentials. Whether you're carrying groceries, books, tiffin, water bottles or other items, you can trust that our handles won't let you down. Comfortably carry your belongings and rely on reliable support from our bag.   
  Proudly Made in India!  
 
  100% PURE JUTE, LIGHTWEIGHT: In addition to being durable and eco-friendly, our products are lightweight and easy to fold and store when not in use, and are made from 100% Pure Jute.  
 
 
  HANDCRAFTED BY WOMEN ENTREPRENEURS: Our bags are handcrafted made exclusively by women entrepreneurs, empowering them.  
 
 
  FOOD SAFE, WATER RESISTANT: Food-safe water-resistant film coating on the bag's interior, protecting your items from moisture.  
 
 
  SECURE CLOSURE: Secure closure to keep your belongings safe and secure, can be used for shopping, grocery, short travel,etc  
 
 
  STRONG HANDLES: Strong cotton (nawar) handles to hold the items in a secure way",https://www.mokkafarms.com/products/mokkafarms-100-jute-eco-bag-11-5in-x-9-5in-x-3-5in-vertical-tiffin-lunch-bag-with-zip-light-weight-food-safe-strong-handle-water-resistant-secure-women-entrepreneurs,https://cdn.shopify.com/s/files/1/0644/7199/0455/files/Lunch-bag.jpg?v=1717436385
"MOKKAFARMS 100% Jute Eco Bag - 12.5in x 16in x 3.5in Tote Bag with Button | Shopping, Grocery Bag | Water Resistant | Women Entrepreneurs |",Mokka Farms,220.0,,,,"Introducing our jute bag, a sustainable and eco-friendly accessory that not only offers great functionality but also supports women entrepreneurs. This bag is designed to be your go-to companion for shopping trips, daily errands, or even as an everyday tote. This bag is made by women entrepreneurs who have put their heart into creating a functional and stylish product. Furthermore, our commitment to sustainability doesn't stop at the material choice. Jute is a renewable and biodegradable fiber, making our bag an environmentally friendly alternative to plastic or synthetic bags. By opting for our jute bag, you're making a conscious choice towards reducing your carbon footprint. The bag is designed with a water-resistant film, ensuring that your belongings are protected even in rainy weather. Its sturdy base provides stability, so you can confidently place it on any surface without worry. To secure your belongings, this bag comes with a convenient closure mechanism. You can trust that everything inside will stay in place, allowing you to confidently go about your day without any worries. Additionally, our bag is designed with strong handles that can withstand the weight of your everyday essentials. Whether you're carrying groceries, books, tiffin, water bottles or other items, you can trust that our handles won't let you down. Comfortably carry your belongings and rely on reliable support from our bag.   
  Proudly Made in India!  
 
  100% PURE JUTE, LIGHTWEIGHT: In addition to being durable and eco-friendly, our products are lightweight and easy to fold and store when not in use, and are made from 100% Pure Jute.  
 
 
  HANDCRAFTED BY WOMEN ENTREPRENEURS: Our bags are handcrafted made exclusively by women entrepreneurs, empowering them.  
 
 
  FOOD SAFE, WATER RESISTANT: Food-safe water-resistant film coating on the bag's interior, protecting your items from moisture.  
 
 
  SECURE CLOSURE: Secure closure to keep your belongings safe and secure, can be used for shopping, grocery, short travel,etc  
 
 
  STRONG HANDLES: Strong cotton (nawar) handles to hold the items in a secure way",https://www.mokkafarms.com/products/mokkafarms-100-jute-eco-bag-12-5in-x-16in-x-3-5in-tote-bag-with-velcro-flap-shopping-grocery-bag-light-weight-food-safe-strong-handle-water-resistant-secure-women-entrepreneurs-copy,https://cdn.shopify.com/s/files/1/0644/7199/0455/files/BagwithButton.png?v=1718882889
"MOKKAFARMS 100% Jute Eco Bag - 12.5in x 16in x 3.5in Tote Bag with Velcro Flap | Shopping, Grocery Bag | Water Resistant | Women Entrepreneurs |",Mokka Farms,225.0,,,,"Introducing our jute bag, a sustainable and eco-friendly accessory that not only offers great functionality but also supports women entrepreneurs. This bag is designed to be your go-to companion for shopping trips, daily errands, or even as an everyday tote. This bag is made by women entrepreneurs who have put their heart into creating a functional and stylish product. Furthermore, our commitment to sustainability doesn't stop at the material choice. Jute is a renewable and biodegradable fiber, making our bag an environmentally friendly alternative to plastic or synthetic bags. By opting for our jute bag, you're making a conscious choice towards reducing your carbon footprint. The bag is designed with a water-resistant film, ensuring that your belongings are protected even in rainy weather. Its sturdy base provides stability, so you can confidently place it on any surface without worry. To secure your belongings, this bag comes with a convenient closure mechanism. You can trust that everything inside will stay in place, allowing you to confidently go about your day without any worries. Additionally, our bag is designed with strong handles that can withstand the weight of your everyday essentials. Whether you're carrying groceries, books, tiffin, water bottles or other items, you can trust that our handles won't let you down. Comfortably carry your belongings and rely on reliable support from our bag.   
  Proudly Made in India!  
 
  100% PURE JUTE, LIGHTWEIGHT: In addition to being durable and eco-friendly, our products are lightweight and easy to fold and store when not in use, and are made from 100% Pure Jute.  
 
 
  HANDCRAFTED BY WOMEN ENTREPRENEURS: Our bags are handcrafted made exclusively by women entrepreneurs, empowering them.  
 
 
  FOOD SAFE, WATER RESISTANT: Food-safe water-resistant film coating on the bag's interior, protecting your items from moisture.  
 
 
  SECURE CLOSURE: Secure closure to keep your belongings safe and secure, can be used for shopping, grocery, short travel,etc  
 
 
  STRONG HANDLES: Strong cotton (nawar) handles to hold the items in a secure way",https://www.mokkafarms.com/products/mokkafarms-100-jute-eco-bag-15in-x-12-5in-x-7-5in-carry-all-large-bag-with-zipper-shopping-grocery-bag-light-weight-food-safe-strong-handle-water-resistant-secure-women-entrepreneurs-copy,https://cdn.shopify.com/s/files/1/0644/7199/0455/files/B2-a.jpg?v=1717438081
"MOKKAFARMS 100% Jute Eco Bag - 15in x 12.5in x 7.5in Carry All Large Bag with Zipper | Shopping, Grocery Bag | Water Resistant | Women Entrepreneurs |",Mokka Farms,280.0,,,,"Introducing our jute bag, a sustainable and eco-friendly accessory that not only offers great functionality but also supports women entrepreneurs. This bag is designed to be your go-to companion for shopping trips, daily errands, or even as an everyday tote. This bag is made by women entrepreneurs who have put their heart into creating a functional and stylish product. Furthermore, our commitment to sustainability doesn't stop at the material choice. Jute is a renewable and biodegradable fiber, making our bag an environmentally friendly alternative to plastic or synthetic bags. By opting for our jute bag, you're making a conscious choice towards reducing your carbon footprint. The bag is designed with a water-resistant film, ensuring that your belongings are protected even in rainy weather. Its sturdy base provides stability, so you can confidently place it on any surface without worry. To secure your belongings, this bag comes with a convenient closure mechanism. You can trust that everything inside will stay in place, allowing you to confidently go about your day without any worries. Additionally, our bag is designed with strong handles that can withstand the weight of your everyday essentials. Whether you're carrying groceries, books, tiffin, water bottles or other items, you can trust that our handles won't let you down. Comfortably carry your belongings and rely on reliable support from our bag.   
  Proudly Made in India!  
 
  100% PURE JUTE, LIGHTWEIGHT: In addition to being durable and eco-friendly, our products are lightweight and easy to fold and store when not in use, and are made from 100% Pure Jute.  
 
 
  HANDCRAFTED BY WOMEN ENTREPRENEURS: Our bags are handcrafted made exclusively by women entrepreneurs, empowering them.  
 
 
  FOOD SAFE, WATER RESISTANT: Food-safe water-resistant film coating on the bag's interior, protecting your items from moisture.  
 
 
  SECURE CLOSURE: Secure closure to keep your belongings safe and secure, can be used for shopping, grocery, short travel,etc  
 
 
  STRONG HANDLES: Strong cotton (nawar) handles to hold the items in a secure way",https://www.mokkafarms.com/products/mokkafarms-100-jute-eco-bag-9-5in-x-11-5in-x-3-5in-horizontal-tiffin-lunch-bag-with-zip-light-weight-food-safe-strong-handle-water-resistant-secure-women-entrepreneurs-copy,https://cdn.shopify.com/s/files/1/0644/7199/0455/files/B3-a.jpg?v=1717437694
MOKKAFARMS 100% Jute Eco Bag - 9.5in x 11.5in x 3.5in Horizontal Tiffin/Lunch Bag with Zip | Food Safe | Water Resistant | Women Entrepreneurs |,Mokka Farms,205.0,,,,"Introducing our jute bag, a sustainable and eco-friendly accessory that not only offers great functionality but also supports women entrepreneurs. This bag is designed to be your go-to companion for shopping trips, daily errands, or even as an everyday tote. This bag is made by women entrepreneurs who have put their heart into creating a functional and stylish product. Furthermore, our commitment to sustainability doesn't stop at the material choice. Jute is a renewable and biodegradable fiber, making our bag an environmentally friendly alternative to plastic or synthetic bags. By opting for our jute bag, you're making a conscious choice towards reducing your carbon footprint. The bag is designed with a water-resistant film, ensuring that your belongings are protected even in rainy weather. Its sturdy base provides stability, so you can confidently place it on any surface without worry. To secure your belongings, this bag comes with a convenient closure mechanism. You can trust that everything inside will stay in place, allowing you to confidently go about your day without any worries. Additionally, our bag is designed with strong handles that can withstand the weight of your everyday essentials. Whether you're carrying groceries, books, tiffin, water bottles or other items, you can trust that our handles won't let you down. Comfortably carry your belongings and rely on reliable support from our bag.   Proudly Made in India!  
 
  100% PURE JUTE, LIGHTWEIGHT: In addition to being durable and eco-friendly, our products are lightweight and easy to fold and store when not in use, and are made from 100% Pure Jute.  
 
 
  HANDCRAFTED BY WOMEN ENTREPRENEURS: Our bags are handcrafted made exclusively by women entrepreneurs, empowering them.  
 
 
  FOOD SAFE, WATER RESISTANT: Food-safe water-resistant film coating on the bag's interior, protecting your items from moisture.  
 
 
  SECURE CLOSURE: Secure closure to keep your belongings safe and secure, can be used for shopping, grocery, short travel,etc  
 
 
  STRONG HANDLES: Strong cotton (nawar) handles to hold the items in a secure way",https://www.mokkafarms.com/products/mokkafarms-100-jute-eco-bag-11-5in-x-9-5in-x-3-5in-vertical-tiffin-lunch-bag-with-zip-light-weight-food-safe-strong-handle-water-resistant-secure-women-entrepreneurs-copy,https://cdn.shopify.com/s/files/1/0644/7199/0455/files/lunchbags-horizontal.png?v=1718882844
Monsoon Malabar Coffee - 100% Arabica [Specialty Coffee],Mokka Farms,550.0,250g,,,"Monsoon Malabar Specialty Coffee - A 100% Arabica A Grade coffee sourced by MokkaFarms, is available in various  coffee roasts, varieties and packaging sizes.   Proudly Made in India!",https://www.mokkafarms.com/products/mokkafarms-monsoon-malabar-coffee,https://cdn.shopify.com/s/files/1/0644/7199/0455/files/MonsoonMalabar.webp?v=1774603765
Monsoon Malabar Coffee - 100% Arabica [Specialty Coffee],Mokka Farms,1000.0,500g,,,"Monsoon Malabar Specialty Coffee - A 100% Arabica A Grade coffee sourced by MokkaFarms, is available in various  coffee roasts, varieties and packaging sizes.   Proudly Made in India!",https://www.mokkafarms.com/products/mokkafarms-monsoon-malabar-coffee,https://cdn.shopify.com/s/files/1/0644/7199/0455/files/MonsoonMalabar.webp?v=1774603765
Pour over - 100% Pure Arabica | Premium Ground Coffee,Mokka Farms,290.0,100g,Light Roast,"MokkaFarms Premium Ground Coffee – made from 100% pure, sun-dried Arabica beans handpicked from the lush plantations of Coorg and Chikmagalur in Karnataka’s Western Ghats","☕  Premium Ground Coffee – 100% Pure Arabica by MokkaFarms 
 
    🇮🇳 Made with love in India, for true coffee lovers.  

   Discover the luxurious taste of  MokkaFarms Premium Ground Coffee  – made from  100% pure, sun-dried Arabica beans  handpicked from the lush plantations of  Coorg and Chikmagalur  in Karnataka’s Western Ghats. 

   Each batch is  carefully sorted, graded, and roasted in small batches  to perfection, preserving the bean’s natural aroma and rich flavor. Whether you enjoy a  light roast for its brightness  or a  dark roast for bold intensity , our ground coffee delivers a truly customized experience. 

   ☕  The result?  A full-bodied,  smooth and aromatic cup  with  mild fruity notes  and a  hint of chocolate  – perfect for your morning kick or evening unwind. 

   🌿  What Makes It Special? 
 
   
     🌱  100% Estate-Grown Arabica  – Single-origin beans from premium Indian coffee estates. 
     🔁  Farm-to-Fork Control  – From plantation to packaging, we ensure quality, freshness, and consistency. 
     🔥  Handcrafted Roasts  – Roasted fresh in small batches to unlock peak flavor and aroma. 
     ☕  Versatile Brewing  – French Press, Espresso, Moka Pot, Pour Over, or South Indian Filter – you name it! 
     📦  Smart Packaging  – Resealable, one-way valve pouch locks in aroma till the last scoop. 
   

    Whether you like it hot or cold, black or with milk – this blend delivers a  premium café-style experience  right at home.  

    ✨ Indulge in the best of Indian Arabica. Taste it, sip by sip.",https://www.mokkafarms.com/products/pour-over-100-pure-arabica-premium-ground-coffee,https://cdn.shopify.com/s/files/1/0644/7199/0455/files/0_53fe2c34-71e1-44eb-971a-65d54234db90.png?v=1762440861
Pour over - 100% Pure Arabica | Premium Ground Coffee,Mokka Farms,460.0,250g,Light Roast,"MokkaFarms Premium Ground Coffee – made from 100% pure, sun-dried Arabica beans handpicked from the lush plantations of Coorg and Chikmagalur in Karnataka’s Western Ghats","☕  Premium Ground Coffee – 100% Pure Arabica by MokkaFarms 
 
    🇮🇳 Made with love in India, for true coffee lovers.  

   Discover the luxurious taste of  MokkaFarms Premium Ground Coffee  – made from  100% pure, sun-dried Arabica beans  handpicked from the lush plantations of  Coorg and Chikmagalur  in Karnataka’s Western Ghats. 

   Each batch is  carefully sorted, graded, and roasted in small batches  to perfection, preserving the bean’s natural aroma and rich flavor. Whether you enjoy a  light roast for its brightness  or a  dark roast for bold intensity , our ground coffee delivers a truly customized experience. 

   ☕  The result?  A full-bodied,  smooth and aromatic cup  with  mild fruity notes  and a  hint of chocolate  – perfect for your morning kick or evening unwind. 

   🌿  What Makes It Special? 
 
   
     🌱  100% Estate-Grown Arabica  – Single-origin beans from premium Indian coffee estates. 
     🔁  Farm-to-Fork Control  – From plantation to packaging, we ensure quality, freshness, and consistency. 
     🔥  Handcrafted Roasts  – Roasted fresh in small batches to unlock peak flavor and aroma. 
     ☕  Versatile Brewing  – French Press, Espresso, Moka Pot, Pour Over, or South Indian Filter – you name it! 
     📦  Smart Packaging  – Resealable, one-way valve pouch locks in aroma till the last scoop. 
   

    Whether you like it hot or cold, black or with milk – this blend delivers a  premium café-style experience  right at home.  

    ✨ Indulge in the best of Indian Arabica. Taste it, sip by sip.",https://www.mokkafarms.com/products/pour-over-100-pure-arabica-premium-ground-coffee,https://cdn.shopify.com/s/files/1/0644/7199/0455/files/0_53fe2c34-71e1-44eb-971a-65d54234db90.png?v=1762440861
Pour over - 100% Pure Arabica | Premium Ground Coffee,Mokka Farms,870.0,500g,Light Roast,"MokkaFarms Premium Ground Coffee – made from 100% pure, sun-dried Arabica beans handpicked from the lush plantations of Coorg and Chikmagalur in Karnataka’s Western Ghats","☕  Premium Ground Coffee – 100% Pure Arabica by MokkaFarms 
 
    🇮🇳 Made with love in India, for true coffee lovers.  

   Discover the luxurious taste of  MokkaFarms Premium Ground Coffee  – made from  100% pure, sun-dried Arabica beans  handpicked from the lush plantations of  Coorg and Chikmagalur  in Karnataka’s Western Ghats. 

   Each batch is  carefully sorted, graded, and roasted in small batches  to perfection, preserving the bean’s natural aroma and rich flavor. Whether you enjoy a  light roast for its brightness  or a  dark roast for bold intensity , our ground coffee delivers a truly customized experience. 

   ☕  The result?  A full-bodied,  smooth and aromatic cup  with  mild fruity notes  and a  hint of chocolate  – perfect for your morning kick or evening unwind. 

   🌿  What Makes It Special? 
 
   
     🌱  100% Estate-Grown Arabica  – Single-origin beans from premium Indian coffee estates. 
     🔁  Farm-to-Fork Control  – From plantation to packaging, we ensure quality, freshness, and consistency. 
     🔥  Handcrafted Roasts  – Roasted fresh in small batches to unlock peak flavor and aroma. 
     ☕  Versatile Brewing  – French Press, Espresso, Moka Pot, Pour Over, or South Indian Filter – you name it! 
     📦  Smart Packaging  – Resealable, one-way valve pouch locks in aroma till the last scoop. 
   

    Whether you like it hot or cold, black or with milk – this blend delivers a  premium café-style experience  right at home.  

    ✨ Indulge in the best of Indian Arabica. Taste it, sip by sip.",https://www.mokkafarms.com/products/pour-over-100-pure-arabica-premium-ground-coffee,https://cdn.shopify.com/s/files/1/0644/7199/0455/files/0_53fe2c34-71e1-44eb-971a-65d54234db90.png?v=1762440861
Pour over - 100% Pure Arabica | Premium Ground Coffee,Mokka Farms,1640.0,1kg,Light Roast,"MokkaFarms Premium Ground Coffee – made from 100% pure, sun-dried Arabica beans handpicked from the lush plantations of Coorg and Chikmagalur in Karnataka’s Western Ghats","☕  Premium Ground Coffee – 100% Pure Arabica by MokkaFarms 
 
    🇮🇳 Made with love in India, for true coffee lovers.  

   Discover the luxurious taste of  MokkaFarms Premium Ground Coffee  – made from  100% pure, sun-dried Arabica beans  handpicked from the lush plantations of  Coorg and Chikmagalur  in Karnataka’s Western Ghats. 

   Each batch is  carefully sorted, graded, and roasted in small batches  to perfection, preserving the bean’s natural aroma and rich flavor. Whether you enjoy a  light roast for its brightness  or a  dark roast for bold intensity , our ground coffee delivers a truly customized experience. 

   ☕  The result?  A full-bodied,  smooth and aromatic cup  with  mild fruity notes  and a  hint of chocolate  – perfect for your morning kick or evening unwind. 

   🌿  What Makes It Special? 
 
   
     🌱  100% Estate-Grown Arabica  – Single-origin beans from premium Indian coffee estates. 
     🔁  Farm-to-Fork Control  – From plantation to packaging, we ensure quality, freshness, and consistency. 
     🔥  Handcrafted Roasts  – Roasted fresh in small batches to unlock peak flavor and aroma. 
     ☕  Versatile Brewing  – French Press, Espresso, Moka Pot, Pour Over, or South Indian Filter – you name it! 
     📦  Smart Packaging  – Resealable, one-way valve pouch locks in aroma till the last scoop. 
   

    Whether you like it hot or cold, black or with milk – this blend delivers a  premium café-style experience  right at home.  

    ✨ Indulge in the best of Indian Arabica. Taste it, sip by sip.",https://www.mokkafarms.com/products/pour-over-100-pure-arabica-premium-ground-coffee,https://cdn.shopify.com/s/files/1/0644/7199/0455/files/0_53fe2c34-71e1-44eb-971a-65d54234db90.png?v=1762440861
Pour Over - 100% Pure Robusta | Premium Ground Coffee,Mokka Farms,235.0,100g,Light Roast,"MokkaFarms Premium Ground Coffee – made from 100% pure, sun-dried Robusta beans handpicked from the rich plantations of Coorg and Chikmagalur in Karnataka’s Western Ghats","☕  Premium Ground Coffee – 100% Pure Robusta by MokkaFarms 
 

    🇮🇳 Made with love in India, for true coffee lovers.  

   Discover the bold and intense taste of  MokkaFarms Premium Ground Coffee  – made from  100% pure, sun-dried Robusta beans  handpicked from the rich plantations of  Coorg and Chikmagalur  in Karnataka’s Western Ghats. 

   Each batch is  carefully sorted, graded, and roasted in small batches  to perfection, preserving the bean’s natural strength and earthy flavor. Whether you enjoy a  light roast for a smoother body  or a  dark roast for a robust kick , our ground coffee delivers a truly bold and satisfying experience. 

   ☕  The result?  A strong-bodied,  aromatic and powerful cup  with  earthy undertones  and a  bittersweet chocolate finish  – perfect to energize your day. 

   🌿  What Makes It Special? 
 
   
     🌱  100% Estate-Grown Robusta  – Single-origin beans from premium Indian coffee estates. 
     🔁  Farm-to-Fork Control  – From plantation to packaging, we ensure quality, freshness, and consistency. 
     🔥  Handcrafted Roasts  – Roasted fresh in small batches to unlock peak flavor and aroma. 
     ☕  Versatile Brewing  – French Press, Espresso, Moka Pot, Pour Over, or South Indian Filter – you name it! 
     📦  Smart Packaging  – Resealable, one-way valve pouch locks in aroma till the last scoop. 
   

    Whether you like it hot or cold, black or with milk – this blend delivers a  strong, café-style experience  right at home.  

    ✨ Enjoy the bold and authentic taste of Indian Robusta. Taste it, sip by sip.",https://www.mokkafarms.com/products/pour-over-100-robusta-premium-ground-coffee,https://cdn.shopify.com/s/files/1/0644/7199/0455/files/0_342487a2-91b8-4ce9-963c-711dd20845ce.png?v=1762441053
Pour Over - 100% Pure Robusta | Premium Ground Coffee,Mokka Farms,395.0,250g,Light Roast,"MokkaFarms Premium Ground Coffee – made from 100% pure, sun-dried Robusta beans handpicked from the rich plantations of Coorg and Chikmagalur in Karnataka’s Western Ghats","☕  Premium Ground Coffee – 100% Pure Robusta by MokkaFarms 
 

    🇮🇳 Made with love in India, for true coffee lovers.  

   Discover the bold and intense taste of  MokkaFarms Premium Ground Coffee  – made from  100% pure, sun-dried Robusta beans  handpicked from the rich plantations of  Coorg and Chikmagalur  in Karnataka’s Western Ghats. 

   Each batch is  carefully sorted, graded, and roasted in small batches  to perfection, preserving the bean’s natural strength and earthy flavor. Whether you enjoy a  light roast for a smoother body  or a  dark roast for a robust kick , our ground coffee delivers a truly bold and satisfying experience. 

   ☕  The result?  A strong-bodied,  aromatic and powerful cup  with  earthy undertones  and a  bittersweet chocolate finish  – perfect to energize your day. 

   🌿  What Makes It Special? 
 
   
     🌱  100% Estate-Grown Robusta  – Single-origin beans from premium Indian coffee estates. 
     🔁  Farm-to-Fork Control  – From plantation to packaging, we ensure quality, freshness, and consistency. 
     🔥  Handcrafted Roasts  – Roasted fresh in small batches to unlock peak flavor and aroma. 
     ☕  Versatile Brewing  – French Press, Espresso, Moka Pot, Pour Over, or South Indian Filter – you name it! 
     📦  Smart Packaging  – Resealable, one-way valve pouch locks in aroma till the last scoop. 
   

    Whether you like it hot or cold, black or with milk – this blend delivers a  strong, café-style experience  right at home.  

    ✨ Enjoy the bold and authentic taste of Indian Robusta. Taste it, sip by sip.",https://www.mokkafarms.com/products/pour-over-100-robusta-premium-ground-coffee,https://cdn.shopify.com/s/files/1/0644/7199/0455/files/0_342487a2-91b8-4ce9-963c-711dd20845ce.png?v=1762441053
Pour Over - 100% Pure Robusta | Premium Ground Coffee,Mokka Farms,695.0,500g,Light Roast,"MokkaFarms Premium Ground Coffee – made from 100% pure, sun-dried Robusta beans handpicked from the rich plantations of Coorg and Chikmagalur in Karnataka’s Western Ghats","☕  Premium Ground Coffee – 100% Pure Robusta by MokkaFarms 
 

    🇮🇳 Made with love in India, for true coffee lovers.  

   Discover the bold and intense taste of  MokkaFarms Premium Ground Coffee  – made from  100% pure, sun-dried Robusta beans  handpicked from the rich plantations of  Coorg and Chikmagalur  in Karnataka’s Western Ghats. 

   Each batch is  carefully sorted, graded, and roasted in small batches  to perfection, preserving the bean’s natural strength and earthy flavor. Whether you enjoy a  light roast for a smoother body  or a  dark roast for a robust kick , our ground coffee delivers a truly bold and satisfying experience. 

   ☕  The result?  A strong-bodied,  aromatic and powerful cup  with  earthy undertones  and a  bittersweet chocolate finish  – perfect to energize your day. 

   🌿  What Makes It Special? 
 
   
     🌱  100% Estate-Grown Robusta  – Single-origin beans from premium Indian coffee estates. 
     🔁  Farm-to-Fork Control  – From plantation to packaging, we ensure quality, freshness, and consistency. 
     🔥  Handcrafted Roasts  – Roasted fresh in small batches to unlock peak flavor and aroma. 
     ☕  Versatile Brewing  – French Press, Espresso, Moka Pot, Pour Over, or South Indian Filter – you name it! 
     📦  Smart Packaging  – Resealable, one-way valve pouch locks in aroma till the last scoop. 
   

    Whether you like it hot or cold, black or with milk – this blend delivers a  strong, café-style experience  right at home.  

    ✨ Enjoy the bold and authentic taste of Indian Robusta. Taste it, sip by sip.",https://www.mokkafarms.com/products/pour-over-100-robusta-premium-ground-coffee,https://cdn.shopify.com/s/files/1/0644/7199/0455/files/0_342487a2-91b8-4ce9-963c-711dd20845ce.png?v=1762441053
Pour Over - 100% Pure Robusta | Premium Ground Coffee,Mokka Farms,1345.0,1kg,Light Roast,"MokkaFarms Premium Ground Coffee – made from 100% pure, sun-dried Robusta beans handpicked from the rich plantations of Coorg and Chikmagalur in Karnataka’s Western Ghats","☕  Premium Ground Coffee – 100% Pure Robusta by MokkaFarms 
 

    🇮🇳 Made with love in India, for true coffee lovers.  

   Discover the bold and intense taste of  MokkaFarms Premium Ground Coffee  – made from  100% pure, sun-dried Robusta beans  handpicked from the rich plantations of  Coorg and Chikmagalur  in Karnataka’s Western Ghats. 

   Each batch is  carefully sorted, graded, and roasted in small batches  to perfection, preserving the bean’s natural strength and earthy flavor. Whether you enjoy a  light roast for a smoother body  or a  dark roast for a robust kick , our ground coffee delivers a truly bold and satisfying experience. 

   ☕  The result?  A strong-bodied,  aromatic and powerful cup  with  earthy undertones  and a  bittersweet chocolate finish  – perfect to energize your day. 

   🌿  What Makes It Special? 
 
   
     🌱  100% Estate-Grown Robusta  – Single-origin beans from premium Indian coffee estates. 
     🔁  Farm-to-Fork Control  – From plantation to packaging, we ensure quality, freshness, and consistency. 
     🔥  Handcrafted Roasts  – Roasted fresh in small batches to unlock peak flavor and aroma. 
     ☕  Versatile Brewing  – French Press, Espresso, Moka Pot, Pour Over, or South Indian Filter – you name it! 
     📦  Smart Packaging  – Resealable, one-way valve pouch locks in aroma till the last scoop. 
   

    Whether you like it hot or cold, black or with milk – this blend delivers a  strong, café-style experience  right at home.  

    ✨ Enjoy the bold and authentic taste of Indian Robusta. Taste it, sip by sip.",https://www.mokkafarms.com/products/pour-over-100-robusta-premium-ground-coffee,https://cdn.shopify.com/s/files/1/0644/7199/0455/files/0_342487a2-91b8-4ce9-963c-711dd20845ce.png?v=1762441053
Pour Over - Arabica-Robusta Blend | Premium Ground Coffee,Mokka Farms,270.0,100g,,"MokkaFarms 100% Arabica Robusta Blend Roasted Whole Coffee Beans, a sensory experience like no other FARM to FORK: From","MokkaFarms brings you an exclusive High Quality, Estate Coffee, Fresh Roast, 100% Pure, Sundried Arabica &amp; Robusta Whole Coffee Beans from Coorg/ Chikmagalur region of Western Ghats, Karnataka, India. Our coffee beans are further selectively picked to ensure that you have a superior grade coffee beans. The beans are carefully selected and roasted, separately in small batches, to perfection as per the roast type and pack size that you need, to create a strong, flavourful and an extremely gratifying and a rich aromatic coffee experience. The result is a smooth and balanced cup of coffee with a unique flavor profile. The Roasted Whole Coffee Beans from Mokka Farms give the coffee a mild and fruity taste with a hint of chocolate. The brewing method enhances the flavors and aromas, resulting in a full-bodied and satisfying cup of coffee. The coffee can be enjoyed hot or cold and is perfect for those who appreciate a strong and flavorful coffee. Whether you prefer a classic cup of black coffee or a creamy and sweet latte, this coffee blend will satisfy your cravings. Indulge in the rich and authentic taste of one of the best Robusta Coffee Beans that you can find in the country.  Proudly Made in India!   
 
  FLAVOURFUL COFFEE: Treat yourself to the exquisite flavors of MokkaFarms 100% Arabica Robusta Blend Roasted Whole Coffee Beans, a sensory experience like no other  
 
   FARM to FORK: From planting, harvesting, grading, roasting, grinding to processing and packaging, we carefully track every step of the coffee production process to give high quality and maintain consistency   
 
  HANDCRAFTED: Our coffee is carefully handcrafted in small batches to deliver a rich and remarkable flavor, strength and aroma while ensuring consistency  
  AROMATIC, GREAT TASTE, STRONG:    Our 100% Robusta Roasted Whole Coffee Beans has a toasty aroma and a velvety taste, and feels like a strong punch!   
  CONVENIENCE, REUSABLE PACKAGING: Comes in a convenient, tamper-proof, one-way valve, resealable zip-lock pouch for maximum freshness!",https://www.mokkafarms.com/products/pour-over-100-pure-arabica-robusta-blend-premium-ground-coffee,https://cdn.shopify.com/s/files/1/0644/7199/0455/files/0_2aa9ae82-53c2-4ac0-97b5-fbe2554e97fa.png?v=1762441240
Pour Over - Arabica-Robusta Blend | Premium Ground Coffee,Mokka Farms,405.0,250g,,"MokkaFarms 100% Arabica Robusta Blend Roasted Whole Coffee Beans, a sensory experience like no other FARM to FORK: From","MokkaFarms brings you an exclusive High Quality, Estate Coffee, Fresh Roast, 100% Pure, Sundried Arabica &amp; Robusta Whole Coffee Beans from Coorg/ Chikmagalur region of Western Ghats, Karnataka, India. Our coffee beans are further selectively picked to ensure that you have a superior grade coffee beans. The beans are carefully selected and roasted, separately in small batches, to perfection as per the roast type and pack size that you need, to create a strong, flavourful and an extremely gratifying and a rich aromatic coffee experience. The result is a smooth and balanced cup of coffee with a unique flavor profile. The Roasted Whole Coffee Beans from Mokka Farms give the coffee a mild and fruity taste with a hint of chocolate. The brewing method enhances the flavors and aromas, resulting in a full-bodied and satisfying cup of coffee. The coffee can be enjoyed hot or cold and is perfect for those who appreciate a strong and flavorful coffee. Whether you prefer a classic cup of black coffee or a creamy and sweet latte, this coffee blend will satisfy your cravings. Indulge in the rich and authentic taste of one of the best Robusta Coffee Beans that you can find in the country.  Proudly Made in India!   
 
  FLAVOURFUL COFFEE: Treat yourself to the exquisite flavors of MokkaFarms 100% Arabica Robusta Blend Roasted Whole Coffee Beans, a sensory experience like no other  
 
   FARM to FORK: From planting, harvesting, grading, roasting, grinding to processing and packaging, we carefully track every step of the coffee production process to give high quality and maintain consistency   
 
  HANDCRAFTED: Our coffee is carefully handcrafted in small batches to deliver a rich and remarkable flavor, strength and aroma while ensuring consistency  
  AROMATIC, GREAT TASTE, STRONG:    Our 100% Robusta Roasted Whole Coffee Beans has a toasty aroma and a velvety taste, and feels like a strong punch!   
  CONVENIENCE, REUSABLE PACKAGING: Comes in a convenient, tamper-proof, one-way valve, resealable zip-lock pouch for maximum freshness!",https://www.mokkafarms.com/products/pour-over-100-pure-arabica-robusta-blend-premium-ground-coffee,https://cdn.shopify.com/s/files/1/0644/7199/0455/files/0_2aa9ae82-53c2-4ac0-97b5-fbe2554e97fa.png?v=1762441240
Pour Over - Arabica-Robusta Blend | Premium Ground Coffee,Mokka Farms,760.0,500g,,"MokkaFarms 100% Arabica Robusta Blend Roasted Whole Coffee Beans, a sensory experience like no other FARM to FORK: From","MokkaFarms brings you an exclusive High Quality, Estate Coffee, Fresh Roast, 100% Pure, Sundried Arabica &amp; Robusta Whole Coffee Beans from Coorg/ Chikmagalur region of Western Ghats, Karnataka, India. Our coffee beans are further selectively picked to ensure that you have a superior grade coffee beans. The beans are carefully selected and roasted, separately in small batches, to perfection as per the roast type and pack size that you need, to create a strong, flavourful and an extremely gratifying and a rich aromatic coffee experience. The result is a smooth and balanced cup of coffee with a unique flavor profile. The Roasted Whole Coffee Beans from Mokka Farms give the coffee a mild and fruity taste with a hint of chocolate. The brewing method enhances the flavors and aromas, resulting in a full-bodied and satisfying cup of coffee. The coffee can be enjoyed hot or cold and is perfect for those who appreciate a strong and flavorful coffee. Whether you prefer a classic cup of black coffee or a creamy and sweet latte, this coffee blend will satisfy your cravings. Indulge in the rich and authentic taste of one of the best Robusta Coffee Beans that you can find in the country.  Proudly Made in India!   
 
  FLAVOURFUL COFFEE: Treat yourself to the exquisite flavors of MokkaFarms 100% Arabica Robusta Blend Roasted Whole Coffee Beans, a sensory experience like no other  
 
   FARM to FORK: From planting, harvesting, grading, roasting, grinding to processing and packaging, we carefully track every step of the coffee production process to give high quality and maintain consistency   
 
  HANDCRAFTED: Our coffee is carefully handcrafted in small batches to deliver a rich and remarkable flavor, strength and aroma while ensuring consistency  
  AROMATIC, GREAT TASTE, STRONG:    Our 100% Robusta Roasted Whole Coffee Beans has a toasty aroma and a velvety taste, and feels like a strong punch!   
  CONVENIENCE, REUSABLE PACKAGING: Comes in a convenient, tamper-proof, one-way valve, resealable zip-lock pouch for maximum freshness!",https://www.mokkafarms.com/products/pour-over-100-pure-arabica-robusta-blend-premium-ground-coffee,https://cdn.shopify.com/s/files/1/0644/7199/0455/files/0_2aa9ae82-53c2-4ac0-97b5-fbe2554e97fa.png?v=1762441240
Pour Over - Arabica-Robusta Blend | Premium Ground Coffee,Mokka Farms,1420.0,1kg,,"MokkaFarms 100% Arabica Robusta Blend Roasted Whole Coffee Beans, a sensory experience like no other FARM to FORK: From","MokkaFarms brings you an exclusive High Quality, Estate Coffee, Fresh Roast, 100% Pure, Sundried Arabica &amp; Robusta Whole Coffee Beans from Coorg/ Chikmagalur region of Western Ghats, Karnataka, India. Our coffee beans are further selectively picked to ensure that you have a superior grade coffee beans. The beans are carefully selected and roasted, separately in small batches, to perfection as per the roast type and pack size that you need, to create a strong, flavourful and an extremely gratifying and a rich aromatic coffee experience. The result is a smooth and balanced cup of coffee with a unique flavor profile. The Roasted Whole Coffee Beans from Mokka Farms give the coffee a mild and fruity taste with a hint of chocolate. The brewing method enhances the flavors and aromas, resulting in a full-bodied and satisfying cup of coffee. The coffee can be enjoyed hot or cold and is perfect for those who appreciate a strong and flavorful coffee. Whether you prefer a classic cup of black coffee or a creamy and sweet latte, this coffee blend will satisfy your cravings. Indulge in the rich and authentic taste of one of the best Robusta Coffee Beans that you can find in the country.  Proudly Made in India!   
 
  FLAVOURFUL COFFEE: Treat yourself to the exquisite flavors of MokkaFarms 100% Arabica Robusta Blend Roasted Whole Coffee Beans, a sensory experience like no other  
 
   FARM to FORK: From planting, harvesting, grading, roasting, grinding to processing and packaging, we carefully track every step of the coffee production process to give high quality and maintain consistency   
 
  HANDCRAFTED: Our coffee is carefully handcrafted in small batches to deliver a rich and remarkable flavor, strength and aroma while ensuring consistency  
  AROMATIC, GREAT TASTE, STRONG:    Our 100% Robusta Roasted Whole Coffee Beans has a toasty aroma and a velvety taste, and feels like a strong punch!   
  CONVENIENCE, REUSABLE PACKAGING: Comes in a convenient, tamper-proof, one-way valve, resealable zip-lock pouch for maximum freshness!",https://www.mokkafarms.com/products/pour-over-100-pure-arabica-robusta-blend-premium-ground-coffee,https://cdn.shopify.com/s/files/1/0644/7199/0455/files/0_2aa9ae82-53c2-4ac0-97b5-fbe2554e97fa.png?v=1762441240
"Ranya | 60% Arabica, 35% Robusta, 5% Chicory | Chicory Filter Coffee",Mokka Farms,225.0,100g,,"South Indian filter coffee with our premium quality product, made with love and care","MokkaFarms South Indian filter coffee powder is a delicious blend of 60% Arabica coffee, 35% Robusta and 5% chicory. It is made using the one of the finest quality coffee beans and chicory, which are carefully roasted to perfection. This traditional blend creates a rich and aromatic coffee with a distinct South Indian flavor. We take pride in offering a high-quality product that contains no preservatives or artificial additives. Our coffee powder is made with natural ingredients and has a long shelf life without the need for any synthetic additives. To ensure the freshness and flavor of our coffee powder, it is carefully packaged in an airtight container. This helps to preserve the aroma and taste, allowing you to enjoy a freshly brewed cup of filter coffee at any time. Whether you prefer a strong and bold cup of coffee or a milder taste, our South Indian filter coffee powder can be customized to suit your preference. Simply adjust the quantity of powder used while brewing to achieve the desired strength. Experience the authentic taste of South Indian filter coffee with our premium quality product, made with love and care.  
  Proudly Made in India!",https://www.mokkafarms.com/products/ranya,https://cdn.shopify.com/s/files/1/0644/7199/0455/files/1_b789b64e-9c14-44ea-9f32-492a7d0b2fe8.webp?v=1774603425
"Ranya | 60% Arabica, 35% Robusta, 5% Chicory | Chicory Filter Coffee",Mokka Farms,335.0,250g,,"South Indian filter coffee with our premium quality product, made with love and care","MokkaFarms South Indian filter coffee powder is a delicious blend of 60% Arabica coffee, 35% Robusta and 5% chicory. It is made using the one of the finest quality coffee beans and chicory, which are carefully roasted to perfection. This traditional blend creates a rich and aromatic coffee with a distinct South Indian flavor. We take pride in offering a high-quality product that contains no preservatives or artificial additives. Our coffee powder is made with natural ingredients and has a long shelf life without the need for any synthetic additives. To ensure the freshness and flavor of our coffee powder, it is carefully packaged in an airtight container. This helps to preserve the aroma and taste, allowing you to enjoy a freshly brewed cup of filter coffee at any time. Whether you prefer a strong and bold cup of coffee or a milder taste, our South Indian filter coffee powder can be customized to suit your preference. Simply adjust the quantity of powder used while brewing to achieve the desired strength. Experience the authentic taste of South Indian filter coffee with our premium quality product, made with love and care.  
  Proudly Made in India!",https://www.mokkafarms.com/products/ranya,https://cdn.shopify.com/s/files/1/0644/7199/0455/files/1_b789b64e-9c14-44ea-9f32-492a7d0b2fe8.webp?v=1774603425
"Ranya | 60% Arabica, 35% Robusta, 5% Chicory | Chicory Filter Coffee",Mokka Farms,620.0,500g,,"South Indian filter coffee with our premium quality product, made with love and care","MokkaFarms South Indian filter coffee powder is a delicious blend of 60% Arabica coffee, 35% Robusta and 5% chicory. It is made using the one of the finest quality coffee beans and chicory, which are carefully roasted to perfection. This traditional blend creates a rich and aromatic coffee with a distinct South Indian flavor. We take pride in offering a high-quality product that contains no preservatives or artificial additives. Our coffee powder is made with natural ingredients and has a long shelf life without the need for any synthetic additives. To ensure the freshness and flavor of our coffee powder, it is carefully packaged in an airtight container. This helps to preserve the aroma and taste, allowing you to enjoy a freshly brewed cup of filter coffee at any time. Whether you prefer a strong and bold cup of coffee or a milder taste, our South Indian filter coffee powder can be customized to suit your preference. Simply adjust the quantity of powder used while brewing to achieve the desired strength. Experience the authentic taste of South Indian filter coffee with our premium quality product, made with love and care.  
  Proudly Made in India!",https://www.mokkafarms.com/products/ranya,https://cdn.shopify.com/s/files/1/0644/7199/0455/files/1_b789b64e-9c14-44ea-9f32-492a7d0b2fe8.webp?v=1774603425
"Ranya | 60% Arabica, 35% Robusta, 5% Chicory | Chicory Filter Coffee",Mokka Farms,1135.0,1kg,,"South Indian filter coffee with our premium quality product, made with love and care","MokkaFarms South Indian filter coffee powder is a delicious blend of 60% Arabica coffee, 35% Robusta and 5% chicory. It is made using the one of the finest quality coffee beans and chicory, which are carefully roasted to perfection. This traditional blend creates a rich and aromatic coffee with a distinct South Indian flavor. We take pride in offering a high-quality product that contains no preservatives or artificial additives. Our coffee powder is made with natural ingredients and has a long shelf life without the need for any synthetic additives. To ensure the freshness and flavor of our coffee powder, it is carefully packaged in an airtight container. This helps to preserve the aroma and taste, allowing you to enjoy a freshly brewed cup of filter coffee at any time. Whether you prefer a strong and bold cup of coffee or a milder taste, our South Indian filter coffee powder can be customized to suit your preference. Simply adjust the quantity of powder used while brewing to achieve the desired strength. Experience the authentic taste of South Indian filter coffee with our premium quality product, made with love and care.  
  Proudly Made in India!",https://www.mokkafarms.com/products/ranya,https://cdn.shopify.com/s/files/1/0644/7199/0455/files/1_b789b64e-9c14-44ea-9f32-492a7d0b2fe8.webp?v=1774603425
Robusta Kaapi Royale Coffee - 100% Robusta [Specialty Coffee],Mokka Farms,405.0,250g,,,"Robusta Kaapi Royale Specialty Coffee - A 100% Robusta SC 17 coffee sourced by MokkaFarms, is available in various  coffee roasts, varieties and packaging sizes.  
 Shipped out in less than 36 hours from placing your order, and delivered right at your doorstep in a hassle-free manner. 
  Proudly Made in India!",https://www.mokkafarms.com/products/rkr,https://cdn.shopify.com/s/files/1/0644/7199/0455/files/RobustaKaapi250gFront.jpg?v=1774603819
Robusta Kaapi Royale Coffee - 100% Robusta [Specialty Coffee],Mokka Farms,730.0,500g,,,"Robusta Kaapi Royale Specialty Coffee - A 100% Robusta SC 17 coffee sourced by MokkaFarms, is available in various  coffee roasts, varieties and packaging sizes.  
 Shipped out in less than 36 hours from placing your order, and delivered right at your doorstep in a hassle-free manner. 
  Proudly Made in India!",https://www.mokkafarms.com/products/rkr,https://cdn.shopify.com/s/files/1/0644/7199/0455/files/RobustaKaapi250gFront.jpg?v=1774603819
"Serene | 80% Arabica, 20% Robusta | Pure Filter Coffee",Mokka Farms,645.0,500g,,"South Indian filter coffee with our premium quality product, made with love and care","MokkaFarms South Indian filter coffee powder is a delicious blend of 80% Arabica coffee and 20% Robusta. It is made using the one of the finest quality coffee beans, which are carefully roasted to perfection. This traditional blend creates a rich and aromatic coffee with a distinct South Indian flavor. We take pride in offering a high-quality product that contains no preservatives or artificial additives. Our coffee powder is made with natural ingredients and has a long shelf life without the need for any synthetic additives. To ensure the freshness and flavor of our coffee powder, it is carefully packaged in an airtight container. This helps to preserve the aroma and taste, allowing you to enjoy a freshly brewed cup of filter coffee at any time. Whether you prefer a strong and bold cup of coffee or a milder taste, our South Indian filter coffee powder can be customized to suit your preference. Simply adjust the quantity of powder used while brewing to achieve the desired strength. Experience the authentic taste of South Indian filter coffee with our premium quality product, made with love and care.  
  Proudly Made in India!",https://www.mokkafarms.com/products/serene,https://cdn.shopify.com/s/files/1/0644/7199/0455/files/1_91f4b0f4-43aa-4388-b4cc-e4fc89e93dc2.webp?v=1774600360
"Serene | 80% Arabica, 20% Robusta | Pure Filter Coffee",Mokka Farms,235.0,100g,,"South Indian filter coffee with our premium quality product, made with love and care","MokkaFarms South Indian filter coffee powder is a delicious blend of 80% Arabica coffee and 20% Robusta. It is made using the one of the finest quality coffee beans, which are carefully roasted to perfection. This traditional blend creates a rich and aromatic coffee with a distinct South Indian flavor. We take pride in offering a high-quality product that contains no preservatives or artificial additives. Our coffee powder is made with natural ingredients and has a long shelf life without the need for any synthetic additives. To ensure the freshness and flavor of our coffee powder, it is carefully packaged in an airtight container. This helps to preserve the aroma and taste, allowing you to enjoy a freshly brewed cup of filter coffee at any time. Whether you prefer a strong and bold cup of coffee or a milder taste, our South Indian filter coffee powder can be customized to suit your preference. Simply adjust the quantity of powder used while brewing to achieve the desired strength. Experience the authentic taste of South Indian filter coffee with our premium quality product, made with love and care.  
  Proudly Made in India!",https://www.mokkafarms.com/products/serene,https://cdn.shopify.com/s/files/1/0644/7199/0455/files/1_91f4b0f4-43aa-4388-b4cc-e4fc89e93dc2.webp?v=1774600360
"Serene | 80% Arabica, 20% Robusta | Pure Filter Coffee",Mokka Farms,350.0,250g,,"South Indian filter coffee with our premium quality product, made with love and care","MokkaFarms South Indian filter coffee powder is a delicious blend of 80% Arabica coffee and 20% Robusta. It is made using the one of the finest quality coffee beans, which are carefully roasted to perfection. This traditional blend creates a rich and aromatic coffee with a distinct South Indian flavor. We take pride in offering a high-quality product that contains no preservatives or artificial additives. Our coffee powder is made with natural ingredients and has a long shelf life without the need for any synthetic additives. To ensure the freshness and flavor of our coffee powder, it is carefully packaged in an airtight container. This helps to preserve the aroma and taste, allowing you to enjoy a freshly brewed cup of filter coffee at any time. Whether you prefer a strong and bold cup of coffee or a milder taste, our South Indian filter coffee powder can be customized to suit your preference. Simply adjust the quantity of powder used while brewing to achieve the desired strength. Experience the authentic taste of South Indian filter coffee with our premium quality product, made with love and care.  
  Proudly Made in India!",https://www.mokkafarms.com/products/serene,https://cdn.shopify.com/s/files/1/0644/7199/0455/files/1_91f4b0f4-43aa-4388-b4cc-e4fc89e93dc2.webp?v=1774600360
"Serene | 80% Arabica, 20% Robusta | Pure Filter Coffee",Mokka Farms,1190.0,1kg,,"South Indian filter coffee with our premium quality product, made with love and care","MokkaFarms South Indian filter coffee powder is a delicious blend of 80% Arabica coffee and 20% Robusta. It is made using the one of the finest quality coffee beans, which are carefully roasted to perfection. This traditional blend creates a rich and aromatic coffee with a distinct South Indian flavor. We take pride in offering a high-quality product that contains no preservatives or artificial additives. Our coffee powder is made with natural ingredients and has a long shelf life without the need for any synthetic additives. To ensure the freshness and flavor of our coffee powder, it is carefully packaged in an airtight container. This helps to preserve the aroma and taste, allowing you to enjoy a freshly brewed cup of filter coffee at any time. Whether you prefer a strong and bold cup of coffee or a milder taste, our South Indian filter coffee powder can be customized to suit your preference. Simply adjust the quantity of powder used while brewing to achieve the desired strength. Experience the authentic taste of South Indian filter coffee with our premium quality product, made with love and care.  
  Proudly Made in India!",https://www.mokkafarms.com/products/serene,https://cdn.shopify.com/s/files/1/0644/7199/0455/files/1_91f4b0f4-43aa-4388-b4cc-e4fc89e93dc2.webp?v=1774600360
Signature  | 60% Arabica - 40% Robusta | Pure Filter Coffee,Mokka Farms,225.0,100g,,"South Indian filter coffee with our premium quality product, made with love and care","MokkaFarms South Indian filter coffee powder is a delicious blend of 60% Arabica coffee and 40% Robusta. It is made using the one of the finest quality coffee beans, which are carefully roasted to perfection. This traditional blend creates a rich and aromatic coffee with a distinct South Indian flavor. We take pride in offering a high-quality product that contains no preservatives or artificial additives. Our coffee powder is made with natural ingredients and has a long shelf life without the need for any synthetic additives. To ensure the freshness and flavor of our coffee powder, it is carefully packaged in an airtight container. This helps to preserve the aroma and taste, allowing you to enjoy a freshly brewed cup of filter coffee at any time. Whether you prefer a strong and bold cup of coffee or a milder taste, our South Indian filter coffee powder can be customized to suit your preference. Simply adjust the quantity of powder used while brewing to achieve the desired strength. Experience the authentic taste of South Indian filter coffee with our premium quality product, made with love and care.  
  Proudly Made in India!",https://www.mokkafarms.com/products/signature,https://cdn.shopify.com/s/files/1/0644/7199/0455/files/1_81e14431-c389-4595-8374-8bad638b9585.webp?v=1774600323
Signature  | 60% Arabica - 40% Robusta | Pure Filter Coffee,Mokka Farms,335.0,250g,,"South Indian filter coffee with our premium quality product, made with love and care","MokkaFarms South Indian filter coffee powder is a delicious blend of 60% Arabica coffee and 40% Robusta. It is made using the one of the finest quality coffee beans, which are carefully roasted to perfection. This traditional blend creates a rich and aromatic coffee with a distinct South Indian flavor. We take pride in offering a high-quality product that contains no preservatives or artificial additives. Our coffee powder is made with natural ingredients and has a long shelf life without the need for any synthetic additives. To ensure the freshness and flavor of our coffee powder, it is carefully packaged in an airtight container. This helps to preserve the aroma and taste, allowing you to enjoy a freshly brewed cup of filter coffee at any time. Whether you prefer a strong and bold cup of coffee or a milder taste, our South Indian filter coffee powder can be customized to suit your preference. Simply adjust the quantity of powder used while brewing to achieve the desired strength. Experience the authentic taste of South Indian filter coffee with our premium quality product, made with love and care.  
  Proudly Made in India!",https://www.mokkafarms.com/products/signature,https://cdn.shopify.com/s/files/1/0644/7199/0455/files/1_81e14431-c389-4595-8374-8bad638b9585.webp?v=1774600323
Signature  | 60% Arabica - 40% Robusta | Pure Filter Coffee,Mokka Farms,615.0,500g,,"South Indian filter coffee with our premium quality product, made with love and care","MokkaFarms South Indian filter coffee powder is a delicious blend of 60% Arabica coffee and 40% Robusta. It is made using the one of the finest quality coffee beans, which are carefully roasted to perfection. This traditional blend creates a rich and aromatic coffee with a distinct South Indian flavor. We take pride in offering a high-quality product that contains no preservatives or artificial additives. Our coffee powder is made with natural ingredients and has a long shelf life without the need for any synthetic additives. To ensure the freshness and flavor of our coffee powder, it is carefully packaged in an airtight container. This helps to preserve the aroma and taste, allowing you to enjoy a freshly brewed cup of filter coffee at any time. Whether you prefer a strong and bold cup of coffee or a milder taste, our South Indian filter coffee powder can be customized to suit your preference. Simply adjust the quantity of powder used while brewing to achieve the desired strength. Experience the authentic taste of South Indian filter coffee with our premium quality product, made with love and care.  
  Proudly Made in India!",https://www.mokkafarms.com/products/signature,https://cdn.shopify.com/s/files/1/0644/7199/0455/files/1_81e14431-c389-4595-8374-8bad638b9585.webp?v=1774600323
Signature  | 60% Arabica - 40% Robusta | Pure Filter Coffee,Mokka Farms,1130.0,1kg,,"South Indian filter coffee with our premium quality product, made with love and care","MokkaFarms South Indian filter coffee powder is a delicious blend of 60% Arabica coffee and 40% Robusta. It is made using the one of the finest quality coffee beans, which are carefully roasted to perfection. This traditional blend creates a rich and aromatic coffee with a distinct South Indian flavor. We take pride in offering a high-quality product that contains no preservatives or artificial additives. Our coffee powder is made with natural ingredients and has a long shelf life without the need for any synthetic additives. To ensure the freshness and flavor of our coffee powder, it is carefully packaged in an airtight container. This helps to preserve the aroma and taste, allowing you to enjoy a freshly brewed cup of filter coffee at any time. Whether you prefer a strong and bold cup of coffee or a milder taste, our South Indian filter coffee powder can be customized to suit your preference. Simply adjust the quantity of powder used while brewing to achieve the desired strength. Experience the authentic taste of South Indian filter coffee with our premium quality product, made with love and care.  
  Proudly Made in India!",https://www.mokkafarms.com/products/signature,https://cdn.shopify.com/s/files/1/0644/7199/0455/files/1_81e14431-c389-4595-8374-8bad638b9585.webp?v=1774600323
Supreme  | 40% Arabica - 60% Robusta | Pure Filter Coffee,Mokka Farms,220.0,100g,,"South Indian filter coffee with our premium quality product, made with love and care","MokkaFarms South Indian filter coffee powder is a delicious blend of 40% Arabica coffee and 60% Robusta. It is made using the one of the finest quality coffee beans, which are carefully roasted to perfection. This traditional blend creates a rich and aromatic coffee with a distinct South Indian flavor. We take pride in offering a high-quality product that contains no preservatives or artificial additives. Our coffee powder is made with natural ingredients and has a long shelf life without the need for any synthetic additives. To ensure the freshness and flavor of our coffee powder, it is carefully packaged in an airtight container. This helps to preserve the aroma and taste, allowing you to enjoy a freshly brewed cup of filter coffee at any time. Whether you prefer a strong and bold cup of coffee or a milder taste, our South Indian filter coffee powder can be customized to suit your preference. Simply adjust the quantity of powder used while brewing to achieve the desired strength. Experience the authentic taste of South Indian filter coffee with our premium quality product, made with love and care.  
  Proudly Made in India!",https://www.mokkafarms.com/products/supreme,https://cdn.shopify.com/s/files/1/0644/7199/0455/files/1_08d2dbe4-2784-4549-bea5-fa77347b8bd4.webp?v=1774600427
Supreme  | 40% Arabica - 60% Robusta | Pure Filter Coffee,Mokka Farms,320.0,250g,,"South Indian filter coffee with our premium quality product, made with love and care","MokkaFarms South Indian filter coffee powder is a delicious blend of 40% Arabica coffee and 60% Robusta. It is made using the one of the finest quality coffee beans, which are carefully roasted to perfection. This traditional blend creates a rich and aromatic coffee with a distinct South Indian flavor. We take pride in offering a high-quality product that contains no preservatives or artificial additives. Our coffee powder is made with natural ingredients and has a long shelf life without the need for any synthetic additives. To ensure the freshness and flavor of our coffee powder, it is carefully packaged in an airtight container. This helps to preserve the aroma and taste, allowing you to enjoy a freshly brewed cup of filter coffee at any time. Whether you prefer a strong and bold cup of coffee or a milder taste, our South Indian filter coffee powder can be customized to suit your preference. Simply adjust the quantity of powder used while brewing to achieve the desired strength. Experience the authentic taste of South Indian filter coffee with our premium quality product, made with love and care.  
  Proudly Made in India!",https://www.mokkafarms.com/products/supreme,https://cdn.shopify.com/s/files/1/0644/7199/0455/files/1_08d2dbe4-2784-4549-bea5-fa77347b8bd4.webp?v=1774600427
Supreme  | 40% Arabica - 60% Robusta | Pure Filter Coffee,Mokka Farms,585.0,500g,,"South Indian filter coffee with our premium quality product, made with love and care","MokkaFarms South Indian filter coffee powder is a delicious blend of 40% Arabica coffee and 60% Robusta. It is made using the one of the finest quality coffee beans, which are carefully roasted to perfection. This traditional blend creates a rich and aromatic coffee with a distinct South Indian flavor. We take pride in offering a high-quality product that contains no preservatives or artificial additives. Our coffee powder is made with natural ingredients and has a long shelf life without the need for any synthetic additives. To ensure the freshness and flavor of our coffee powder, it is carefully packaged in an airtight container. This helps to preserve the aroma and taste, allowing you to enjoy a freshly brewed cup of filter coffee at any time. Whether you prefer a strong and bold cup of coffee or a milder taste, our South Indian filter coffee powder can be customized to suit your preference. Simply adjust the quantity of powder used while brewing to achieve the desired strength. Experience the authentic taste of South Indian filter coffee with our premium quality product, made with love and care.  
  Proudly Made in India!",https://www.mokkafarms.com/products/supreme,https://cdn.shopify.com/s/files/1/0644/7199/0455/files/1_08d2dbe4-2784-4549-bea5-fa77347b8bd4.webp?v=1774600427
Supreme  | 40% Arabica - 60% Robusta | Pure Filter Coffee,Mokka Farms,1065.0,1kg,,"South Indian filter coffee with our premium quality product, made with love and care","MokkaFarms South Indian filter coffee powder is a delicious blend of 40% Arabica coffee and 60% Robusta. It is made using the one of the finest quality coffee beans, which are carefully roasted to perfection. This traditional blend creates a rich and aromatic coffee with a distinct South Indian flavor. We take pride in offering a high-quality product that contains no preservatives or artificial additives. Our coffee powder is made with natural ingredients and has a long shelf life without the need for any synthetic additives. To ensure the freshness and flavor of our coffee powder, it is carefully packaged in an airtight container. This helps to preserve the aroma and taste, allowing you to enjoy a freshly brewed cup of filter coffee at any time. Whether you prefer a strong and bold cup of coffee or a milder taste, our South Indian filter coffee powder can be customized to suit your preference. Simply adjust the quantity of powder used while brewing to achieve the desired strength. Experience the authentic taste of South Indian filter coffee with our premium quality product, made with love and care.  
  Proudly Made in India!",https://www.mokkafarms.com/products/supreme,https://cdn.shopify.com/s/files/1/0644/7199/0455/files/1_08d2dbe4-2784-4549-bea5-fa77347b8bd4.webp?v=1774600427
Turkish - 100% Pure Arabica | Premium Ground Coffee,Mokka Farms,285.0,100g,Light Roast,"MokkaFarms Premium Ground Coffee – made from 100% pure, sun-dried Arabica beans handpicked from the lush plantations of Coorg and Chikmagalur in Karnataka’s Western Ghats","☕  Premium Ground Coffee – 100% Pure Arabica by MokkaFarms 
 
    🇮🇳 Made with love in India, for true coffee lovers.  

   Discover the luxurious taste of  MokkaFarms Premium Ground Coffee  – made from  100% pure, sun-dried Arabica beans  handpicked from the lush plantations of  Coorg and Chikmagalur  in Karnataka’s Western Ghats. 

   Each batch is  carefully sorted, graded, and roasted in small batches  to perfection, preserving the bean’s natural aroma and rich flavor. Whether you enjoy a  light roast for its brightness  or a  dark roast for bold intensity , our ground coffee delivers a truly customized experience. 

   ☕  The result?  A full-bodied,  smooth and aromatic cup  with  mild fruity notes  and a  hint of chocolate  – perfect for your morning kick or evening unwind. 

   🌿  What Makes It Special? 
 
   
     🌱  100% Estate-Grown Arabica  – Single-origin beans from premium Indian coffee estates. 
     🔁  Farm-to-Fork Control  – From plantation to packaging, we ensure quality, freshness, and consistency. 
     🔥  Handcrafted Roasts  – Roasted fresh in small batches to unlock peak flavor and aroma. 
     ☕  Versatile Brewing  – French Press, Espresso, Moka Pot, Pour Over, or South Indian Filter – you name it! 
     📦  Smart Packaging  – Resealable, one-way valve pouch locks in aroma till the last scoop. 
   

    Whether you like it hot or cold, black or with milk – this blend delivers a  premium café-style experience  right at home.  

    ✨ Indulge in the best of Indian Arabica. Taste it, sip by sip.",https://www.mokkafarms.com/products/turkish-100-pure-arabica-premium-ground-coffee,https://cdn.shopify.com/s/files/1/0644/7199/0455/files/0_513e6e3e-58ca-4c34-b220-bed2ef2de8c3.png?v=1762440885
Turkish - 100% Pure Arabica | Premium Ground Coffee,Mokka Farms,585.0,250g,Light Roast,"MokkaFarms Premium Ground Coffee – made from 100% pure, sun-dried Arabica beans handpicked from the lush plantations of Coorg and Chikmagalur in Karnataka’s Western Ghats","☕  Premium Ground Coffee – 100% Pure Arabica by MokkaFarms 
 
    🇮🇳 Made with love in India, for true coffee lovers.  

   Discover the luxurious taste of  MokkaFarms Premium Ground Coffee  – made from  100% pure, sun-dried Arabica beans  handpicked from the lush plantations of  Coorg and Chikmagalur  in Karnataka’s Western Ghats. 

   Each batch is  carefully sorted, graded, and roasted in small batches  to perfection, preserving the bean’s natural aroma and rich flavor. Whether you enjoy a  light roast for its brightness  or a  dark roast for bold intensity , our ground coffee delivers a truly customized experience. 

   ☕  The result?  A full-bodied,  smooth and aromatic cup  with  mild fruity notes  and a  hint of chocolate  – perfect for your morning kick or evening unwind. 

   🌿  What Makes It Special? 
 
   
     🌱  100% Estate-Grown Arabica  – Single-origin beans from premium Indian coffee estates. 
     🔁  Farm-to-Fork Control  – From plantation to packaging, we ensure quality, freshness, and consistency. 
     🔥  Handcrafted Roasts  – Roasted fresh in small batches to unlock peak flavor and aroma. 
     ☕  Versatile Brewing  – French Press, Espresso, Moka Pot, Pour Over, or South Indian Filter – you name it! 
     📦  Smart Packaging  – Resealable, one-way valve pouch locks in aroma till the last scoop. 
   

    Whether you like it hot or cold, black or with milk – this blend delivers a  premium café-style experience  right at home.  

    ✨ Indulge in the best of Indian Arabica. Taste it, sip by sip.",https://www.mokkafarms.com/products/turkish-100-pure-arabica-premium-ground-coffee,https://cdn.shopify.com/s/files/1/0644/7199/0455/files/0_513e6e3e-58ca-4c34-b220-bed2ef2de8c3.png?v=1762440885
Turkish - 100% Pure Arabica | Premium Ground Coffee,Mokka Farms,1000.0,500g,Light Roast,"MokkaFarms Premium Ground Coffee – made from 100% pure, sun-dried Arabica beans handpicked from the lush plantations of Coorg and Chikmagalur in Karnataka’s Western Ghats","☕  Premium Ground Coffee – 100% Pure Arabica by MokkaFarms 
 
    🇮🇳 Made with love in India, for true coffee lovers.  

   Discover the luxurious taste of  MokkaFarms Premium Ground Coffee  – made from  100% pure, sun-dried Arabica beans  handpicked from the lush plantations of  Coorg and Chikmagalur  in Karnataka’s Western Ghats. 

   Each batch is  carefully sorted, graded, and roasted in small batches  to perfection, preserving the bean’s natural aroma and rich flavor. Whether you enjoy a  light roast for its brightness  or a  dark roast for bold intensity , our ground coffee delivers a truly customized experience. 

   ☕  The result?  A full-bodied,  smooth and aromatic cup  with  mild fruity notes  and a  hint of chocolate  – perfect for your morning kick or evening unwind. 

   🌿  What Makes It Special? 
 
   
     🌱  100% Estate-Grown Arabica  – Single-origin beans from premium Indian coffee estates. 
     🔁  Farm-to-Fork Control  – From plantation to packaging, we ensure quality, freshness, and consistency. 
     🔥  Handcrafted Roasts  – Roasted fresh in small batches to unlock peak flavor and aroma. 
     ☕  Versatile Brewing  – French Press, Espresso, Moka Pot, Pour Over, or South Indian Filter – you name it! 
     📦  Smart Packaging  – Resealable, one-way valve pouch locks in aroma till the last scoop. 
   

    Whether you like it hot or cold, black or with milk – this blend delivers a  premium café-style experience  right at home.  

    ✨ Indulge in the best of Indian Arabica. Taste it, sip by sip.",https://www.mokkafarms.com/products/turkish-100-pure-arabica-premium-ground-coffee,https://cdn.shopify.com/s/files/1/0644/7199/0455/files/0_513e6e3e-58ca-4c34-b220-bed2ef2de8c3.png?v=1762440885
Turkish - 100% Pure Arabica | Premium Ground Coffee,Mokka Farms,1945.0,1kg,Light Roast,"MokkaFarms Premium Ground Coffee – made from 100% pure, sun-dried Arabica beans handpicked from the lush plantations of Coorg and Chikmagalur in Karnataka’s Western Ghats","☕  Premium Ground Coffee – 100% Pure Arabica by MokkaFarms 
 
    🇮🇳 Made with love in India, for true coffee lovers.  

   Discover the luxurious taste of  MokkaFarms Premium Ground Coffee  – made from  100% pure, sun-dried Arabica beans  handpicked from the lush plantations of  Coorg and Chikmagalur  in Karnataka’s Western Ghats. 

   Each batch is  carefully sorted, graded, and roasted in small batches  to perfection, preserving the bean’s natural aroma and rich flavor. Whether you enjoy a  light roast for its brightness  or a  dark roast for bold intensity , our ground coffee delivers a truly customized experience. 

   ☕  The result?  A full-bodied,  smooth and aromatic cup  with  mild fruity notes  and a  hint of chocolate  – perfect for your morning kick or evening unwind. 

   🌿  What Makes It Special? 
 
   
     🌱  100% Estate-Grown Arabica  – Single-origin beans from premium Indian coffee estates. 
     🔁  Farm-to-Fork Control  – From plantation to packaging, we ensure quality, freshness, and consistency. 
     🔥  Handcrafted Roasts  – Roasted fresh in small batches to unlock peak flavor and aroma. 
     ☕  Versatile Brewing  – French Press, Espresso, Moka Pot, Pour Over, or South Indian Filter – you name it! 
     📦  Smart Packaging  – Resealable, one-way valve pouch locks in aroma till the last scoop. 
   

    Whether you like it hot or cold, black or with milk – this blend delivers a  premium café-style experience  right at home.  

    ✨ Indulge in the best of Indian Arabica. Taste it, sip by sip.",https://www.mokkafarms.com/products/turkish-100-pure-arabica-premium-ground-coffee,https://cdn.shopify.com/s/files/1/0644/7199/0455/files/0_513e6e3e-58ca-4c34-b220-bed2ef2de8c3.png?v=1762440885
Turkish - 100% Pure Robusta | Premium Ground Coffee,Mokka Farms,245.0,100g,Light Roast,"MokkaFarms Premium Ground Coffee – made from 100% pure, sun-dried Robusta beans handpicked from the rich plantations of Coorg and Chikmagalur in Karnataka’s Western Ghats","☕  Premium Ground Coffee – 100% Pure Robusta by MokkaFarms 
 

    🇮🇳 Made with love in India, for true coffee lovers.  

   Discover the bold and intense taste of  MokkaFarms Premium Ground Coffee  – made from  100% pure, sun-dried Robusta beans  handpicked from the rich plantations of  Coorg and Chikmagalur  in Karnataka’s Western Ghats. 

   Each batch is  carefully sorted, graded, and roasted in small batches  to perfection, preserving the bean’s natural strength and earthy flavor. Whether you enjoy a  light roast for a smoother body  or a  dark roast for a robust kick , our ground coffee delivers a truly bold and satisfying experience. 

   ☕  The result?  A strong-bodied,  aromatic and powerful cup  with  earthy undertones  and a  bittersweet chocolate finish  – perfect to energize your day. 

   🌿  What Makes It Special? 
 
   
     🌱  100% Estate-Grown Robusta  – Single-origin beans from premium Indian coffee estates. 
     🔁  Farm-to-Fork Control  – From plantation to packaging, we ensure quality, freshness, and consistency. 
     🔥  Handcrafted Roasts  – Roasted fresh in small batches to unlock peak flavor and aroma. 
     ☕  Versatile Brewing  – French Press, Espresso, Moka Pot, Pour Over, or South Indian Filter – you name it! 
     📦  Smart Packaging  – Resealable, one-way valve pouch locks in aroma till the last scoop. 
   

    Whether you like it hot or cold, black or with milk – this blend delivers a  strong, café-style experience  right at home.  

    ✨ Enjoy the bold and authentic taste of Indian Robusta. Taste it, sip by sip.",https://www.mokkafarms.com/products/turkish-100-robusta-premium-ground-coffee,https://cdn.shopify.com/s/files/1/0644/7199/0455/files/0_560fcce5-5e85-40ed-abf4-77e261acf6eb.png?v=1762441074
Turkish - 100% Pure Robusta | Premium Ground Coffee,Mokka Farms,350.0,250g,Light Roast,"MokkaFarms Premium Ground Coffee – made from 100% pure, sun-dried Robusta beans handpicked from the rich plantations of Coorg and Chikmagalur in Karnataka’s Western Ghats","☕  Premium Ground Coffee – 100% Pure Robusta by MokkaFarms 
 

    🇮🇳 Made with love in India, for true coffee lovers.  

   Discover the bold and intense taste of  MokkaFarms Premium Ground Coffee  – made from  100% pure, sun-dried Robusta beans  handpicked from the rich plantations of  Coorg and Chikmagalur  in Karnataka’s Western Ghats. 

   Each batch is  carefully sorted, graded, and roasted in small batches  to perfection, preserving the bean’s natural strength and earthy flavor. Whether you enjoy a  light roast for a smoother body  or a  dark roast for a robust kick , our ground coffee delivers a truly bold and satisfying experience. 

   ☕  The result?  A strong-bodied,  aromatic and powerful cup  with  earthy undertones  and a  bittersweet chocolate finish  – perfect to energize your day. 

   🌿  What Makes It Special? 
 
   
     🌱  100% Estate-Grown Robusta  – Single-origin beans from premium Indian coffee estates. 
     🔁  Farm-to-Fork Control  – From plantation to packaging, we ensure quality, freshness, and consistency. 
     🔥  Handcrafted Roasts  – Roasted fresh in small batches to unlock peak flavor and aroma. 
     ☕  Versatile Brewing  – French Press, Espresso, Moka Pot, Pour Over, or South Indian Filter – you name it! 
     📦  Smart Packaging  – Resealable, one-way valve pouch locks in aroma till the last scoop. 
   

    Whether you like it hot or cold, black or with milk – this blend delivers a  strong, café-style experience  right at home.  

    ✨ Enjoy the bold and authentic taste of Indian Robusta. Taste it, sip by sip.",https://www.mokkafarms.com/products/turkish-100-robusta-premium-ground-coffee,https://cdn.shopify.com/s/files/1/0644/7199/0455/files/0_560fcce5-5e85-40ed-abf4-77e261acf6eb.png?v=1762441074
Turkish - 100% Pure Robusta | Premium Ground Coffee,Mokka Farms,650.0,500g,Light Roast,"MokkaFarms Premium Ground Coffee – made from 100% pure, sun-dried Robusta beans handpicked from the rich plantations of Coorg and Chikmagalur in Karnataka’s Western Ghats","☕  Premium Ground Coffee – 100% Pure Robusta by MokkaFarms 
 

    🇮🇳 Made with love in India, for true coffee lovers.  

   Discover the bold and intense taste of  MokkaFarms Premium Ground Coffee  – made from  100% pure, sun-dried Robusta beans  handpicked from the rich plantations of  Coorg and Chikmagalur  in Karnataka’s Western Ghats. 

   Each batch is  carefully sorted, graded, and roasted in small batches  to perfection, preserving the bean’s natural strength and earthy flavor. Whether you enjoy a  light roast for a smoother body  or a  dark roast for a robust kick , our ground coffee delivers a truly bold and satisfying experience. 

   ☕  The result?  A strong-bodied,  aromatic and powerful cup  with  earthy undertones  and a  bittersweet chocolate finish  – perfect to energize your day. 

   🌿  What Makes It Special? 
 
   
     🌱  100% Estate-Grown Robusta  – Single-origin beans from premium Indian coffee estates. 
     🔁  Farm-to-Fork Control  – From plantation to packaging, we ensure quality, freshness, and consistency. 
     🔥  Handcrafted Roasts  – Roasted fresh in small batches to unlock peak flavor and aroma. 
     ☕  Versatile Brewing  – French Press, Espresso, Moka Pot, Pour Over, or South Indian Filter – you name it! 
     📦  Smart Packaging  – Resealable, one-way valve pouch locks in aroma till the last scoop. 
   

    Whether you like it hot or cold, black or with milk – this blend delivers a  strong, café-style experience  right at home.  

    ✨ Enjoy the bold and authentic taste of Indian Robusta. Taste it, sip by sip.",https://www.mokkafarms.com/products/turkish-100-robusta-premium-ground-coffee,https://cdn.shopify.com/s/files/1/0644/7199/0455/files/0_560fcce5-5e85-40ed-abf4-77e261acf6eb.png?v=1762441074
Turkish - 100% Pure Robusta | Premium Ground Coffee,Mokka Farms,1200.0,1kg,Light Roast,"MokkaFarms Premium Ground Coffee – made from 100% pure, sun-dried Robusta beans handpicked from the rich plantations of Coorg and Chikmagalur in Karnataka’s Western Ghats","☕  Premium Ground Coffee – 100% Pure Robusta by MokkaFarms 
 

    🇮🇳 Made with love in India, for true coffee lovers.  

   Discover the bold and intense taste of  MokkaFarms Premium Ground Coffee  – made from  100% pure, sun-dried Robusta beans  handpicked from the rich plantations of  Coorg and Chikmagalur  in Karnataka’s Western Ghats. 

   Each batch is  carefully sorted, graded, and roasted in small batches  to perfection, preserving the bean’s natural strength and earthy flavor. Whether you enjoy a  light roast for a smoother body  or a  dark roast for a robust kick , our ground coffee delivers a truly bold and satisfying experience. 

   ☕  The result?  A strong-bodied,  aromatic and powerful cup  with  earthy undertones  and a  bittersweet chocolate finish  – perfect to energize your day. 

   🌿  What Makes It Special? 
 
   
     🌱  100% Estate-Grown Robusta  – Single-origin beans from premium Indian coffee estates. 
     🔁  Farm-to-Fork Control  – From plantation to packaging, we ensure quality, freshness, and consistency. 
     🔥  Handcrafted Roasts  – Roasted fresh in small batches to unlock peak flavor and aroma. 
     ☕  Versatile Brewing  – French Press, Espresso, Moka Pot, Pour Over, or South Indian Filter – you name it! 
     📦  Smart Packaging  – Resealable, one-way valve pouch locks in aroma till the last scoop. 
   

    Whether you like it hot or cold, black or with milk – this blend delivers a  strong, café-style experience  right at home.  

    ✨ Enjoy the bold and authentic taste of Indian Robusta. Taste it, sip by sip.",https://www.mokkafarms.com/products/turkish-100-robusta-premium-ground-coffee,https://cdn.shopify.com/s/files/1/0644/7199/0455/files/0_560fcce5-5e85-40ed-abf4-77e261acf6eb.png?v=1762441074
Turkish - Arabica-Robusta Blend | Premium Ground Coffee,Mokka Farms,270.0,100g,,"MokkaFarms 100% Arabica Robusta Blend Roasted Whole Coffee Beans, a sensory experience like no other FARM to FORK: From","MokkaFarms brings you an exclusive High Quality, Estate Coffee, Fresh Roast, 100% Pure, Sundried Arabica &amp; Robusta Whole Coffee Beans from Coorg/ Chikmagalur region of Western Ghats, Karnataka, India. Our coffee beans are further selectively picked to ensure that you have a superior grade coffee beans. The beans are carefully selected and roasted, separately in small batches, to perfection as per the roast type and pack size that you need, to create a strong, flavourful and an extremely gratifying and a rich aromatic coffee experience. The result is a smooth and balanced cup of coffee with a unique flavor profile. The Roasted Whole Coffee Beans from Mokka Farms give the coffee a mild and fruity taste with a hint of chocolate. The brewing method enhances the flavors and aromas, resulting in a full-bodied and satisfying cup of coffee. The coffee can be enjoyed hot or cold and is perfect for those who appreciate a strong and flavorful coffee. Whether you prefer a classic cup of black coffee or a creamy and sweet latte, this coffee blend will satisfy your cravings. Indulge in the rich and authentic taste of one of the best Robusta Coffee Beans that you can find in the country.  Proudly Made in India!   
 
  FLAVOURFUL COFFEE: Treat yourself to the exquisite flavors of MokkaFarms 100% Arabica Robusta Blend Roasted Whole Coffee Beans, a sensory experience like no other  
 
   FARM to FORK: From planting, harvesting, grading, roasting, grinding to processing and packaging, we carefully track every step of the coffee production process to give high quality and maintain consistency   
 
  HANDCRAFTED: Our coffee is carefully handcrafted in small batches to deliver a rich and remarkable flavor, strength and aroma while ensuring consistency  
  AROMATIC, GREAT TASTE, STRONG:    Our 100% Robusta Roasted Whole Coffee Beans has a toasty aroma and a velvety taste, and feels like a strong punch!   
  CONVENIENCE, REUSABLE PACKAGING: Comes in a convenient, tamper-proof, one-way valve, resealable zip-lock pouch for maximum freshness!",https://www.mokkafarms.com/products/turkish-arabica-robusta-blend-premium-ground-coffee,https://cdn.shopify.com/s/files/1/0644/7199/0455/files/0_3388c648-ab5d-4fde-b650-e715282b425a.png?v=1762441261
Turkish - Arabica-Robusta Blend | Premium Ground Coffee,Mokka Farms,405.0,250g,,"MokkaFarms 100% Arabica Robusta Blend Roasted Whole Coffee Beans, a sensory experience like no other FARM to FORK: From","MokkaFarms brings you an exclusive High Quality, Estate Coffee, Fresh Roast, 100% Pure, Sundried Arabica &amp; Robusta Whole Coffee Beans from Coorg/ Chikmagalur region of Western Ghats, Karnataka, India. Our coffee beans are further selectively picked to ensure that you have a superior grade coffee beans. The beans are carefully selected and roasted, separately in small batches, to perfection as per the roast type and pack size that you need, to create a strong, flavourful and an extremely gratifying and a rich aromatic coffee experience. The result is a smooth and balanced cup of coffee with a unique flavor profile. The Roasted Whole Coffee Beans from Mokka Farms give the coffee a mild and fruity taste with a hint of chocolate. The brewing method enhances the flavors and aromas, resulting in a full-bodied and satisfying cup of coffee. The coffee can be enjoyed hot or cold and is perfect for those who appreciate a strong and flavorful coffee. Whether you prefer a classic cup of black coffee or a creamy and sweet latte, this coffee blend will satisfy your cravings. Indulge in the rich and authentic taste of one of the best Robusta Coffee Beans that you can find in the country.  Proudly Made in India!   
 
  FLAVOURFUL COFFEE: Treat yourself to the exquisite flavors of MokkaFarms 100% Arabica Robusta Blend Roasted Whole Coffee Beans, a sensory experience like no other  
 
   FARM to FORK: From planting, harvesting, grading, roasting, grinding to processing and packaging, we carefully track every step of the coffee production process to give high quality and maintain consistency   
 
  HANDCRAFTED: Our coffee is carefully handcrafted in small batches to deliver a rich and remarkable flavor, strength and aroma while ensuring consistency  
  AROMATIC, GREAT TASTE, STRONG:    Our 100% Robusta Roasted Whole Coffee Beans has a toasty aroma and a velvety taste, and feels like a strong punch!   
  CONVENIENCE, REUSABLE PACKAGING: Comes in a convenient, tamper-proof, one-way valve, resealable zip-lock pouch for maximum freshness!",https://www.mokkafarms.com/products/turkish-arabica-robusta-blend-premium-ground-coffee,https://cdn.shopify.com/s/files/1/0644/7199/0455/files/0_3388c648-ab5d-4fde-b650-e715282b425a.png?v=1762441261
Turkish - Arabica-Robusta Blend | Premium Ground Coffee,Mokka Farms,760.0,500g,,"MokkaFarms 100% Arabica Robusta Blend Roasted Whole Coffee Beans, a sensory experience like no other FARM to FORK: From","MokkaFarms brings you an exclusive High Quality, Estate Coffee, Fresh Roast, 100% Pure, Sundried Arabica &amp; Robusta Whole Coffee Beans from Coorg/ Chikmagalur region of Western Ghats, Karnataka, India. Our coffee beans are further selectively picked to ensure that you have a superior grade coffee beans. The beans are carefully selected and roasted, separately in small batches, to perfection as per the roast type and pack size that you need, to create a strong, flavourful and an extremely gratifying and a rich aromatic coffee experience. The result is a smooth and balanced cup of coffee with a unique flavor profile. The Roasted Whole Coffee Beans from Mokka Farms give the coffee a mild and fruity taste with a hint of chocolate. The brewing method enhances the flavors and aromas, resulting in a full-bodied and satisfying cup of coffee. The coffee can be enjoyed hot or cold and is perfect for those who appreciate a strong and flavorful coffee. Whether you prefer a classic cup of black coffee or a creamy and sweet latte, this coffee blend will satisfy your cravings. Indulge in the rich and authentic taste of one of the best Robusta Coffee Beans that you can find in the country.  Proudly Made in India!   
 
  FLAVOURFUL COFFEE: Treat yourself to the exquisite flavors of MokkaFarms 100% Arabica Robusta Blend Roasted Whole Coffee Beans, a sensory experience like no other  
 
   FARM to FORK: From planting, harvesting, grading, roasting, grinding to processing and packaging, we carefully track every step of the coffee production process to give high quality and maintain consistency   
 
  HANDCRAFTED: Our coffee is carefully handcrafted in small batches to deliver a rich and remarkable flavor, strength and aroma while ensuring consistency  
  AROMATIC, GREAT TASTE, STRONG:    Our 100% Robusta Roasted Whole Coffee Beans has a toasty aroma and a velvety taste, and feels like a strong punch!   
  CONVENIENCE, REUSABLE PACKAGING: Comes in a convenient, tamper-proof, one-way valve, resealable zip-lock pouch for maximum freshness!",https://www.mokkafarms.com/products/turkish-arabica-robusta-blend-premium-ground-coffee,https://cdn.shopify.com/s/files/1/0644/7199/0455/files/0_3388c648-ab5d-4fde-b650-e715282b425a.png?v=1762441261
Turkish - Arabica-Robusta Blend | Premium Ground Coffee,Mokka Farms,1420.0,1kg,,"MokkaFarms 100% Arabica Robusta Blend Roasted Whole Coffee Beans, a sensory experience like no other FARM to FORK: From","MokkaFarms brings you an exclusive High Quality, Estate Coffee, Fresh Roast, 100% Pure, Sundried Arabica &amp; Robusta Whole Coffee Beans from Coorg/ Chikmagalur region of Western Ghats, Karnataka, India. Our coffee beans are further selectively picked to ensure that you have a superior grade coffee beans. The beans are carefully selected and roasted, separately in small batches, to perfection as per the roast type and pack size that you need, to create a strong, flavourful and an extremely gratifying and a rich aromatic coffee experience. The result is a smooth and balanced cup of coffee with a unique flavor profile. The Roasted Whole Coffee Beans from Mokka Farms give the coffee a mild and fruity taste with a hint of chocolate. The brewing method enhances the flavors and aromas, resulting in a full-bodied and satisfying cup of coffee. The coffee can be enjoyed hot or cold and is perfect for those who appreciate a strong and flavorful coffee. Whether you prefer a classic cup of black coffee or a creamy and sweet latte, this coffee blend will satisfy your cravings. Indulge in the rich and authentic taste of one of the best Robusta Coffee Beans that you can find in the country.  Proudly Made in India!   
 
  FLAVOURFUL COFFEE: Treat yourself to the exquisite flavors of MokkaFarms 100% Arabica Robusta Blend Roasted Whole Coffee Beans, a sensory experience like no other  
 
   FARM to FORK: From planting, harvesting, grading, roasting, grinding to processing and packaging, we carefully track every step of the coffee production process to give high quality and maintain consistency   
 
  HANDCRAFTED: Our coffee is carefully handcrafted in small batches to deliver a rich and remarkable flavor, strength and aroma while ensuring consistency  
  AROMATIC, GREAT TASTE, STRONG:    Our 100% Robusta Roasted Whole Coffee Beans has a toasty aroma and a velvety taste, and feels like a strong punch!   
  CONVENIENCE, REUSABLE PACKAGING: Comes in a convenient, tamper-proof, one-way valve, resealable zip-lock pouch for maximum freshness!",https://www.mokkafarms.com/products/turkish-arabica-robusta-blend-premium-ground-coffee,https://cdn.shopify.com/s/files/1/0644/7199/0455/files/0_3388c648-ab5d-4fde-b650-e715282b425a.png?v=1762441261
"Vibrance | 80% Coffee, 20% Chicory | Chicory Filter Coffee",Mokka Farms,185.0,100g,,South Indian coffee,"MokkaFarms South Indian Filter Coffee Powder – Vibrance   
 Discover the perfect blend of tradition and flavor with MokkaFarms’  Vibrance . This premium South Indian filter coffee powder features an  80% coffee mix  and  20% chicory , creating a rich, robust, and aromatic experience. 
   
  Crafted to Perfection  
 
 Made from  finest coffee beans , carefully selected and roasted to perfection to bring out their natural flavors. 
 
 Chicory  adds a deep, earthy note that complements the coffee, enhancing its overall richness. 
 
  Authentic South Indian Taste  Specially designed for the  traditional filter coffee method , this blend delivers a smooth, satisfying texture and full-bodied flavor. Ideal for those who appreciate a  strong, flavorful cup of coffee . 
  How to Brew  
 
 Add the desired amount of coffee powder to your coffee filter. 
 Pour hot water over the powder and let it  drip slowly  into a cup or vessel. 
 Add milk and sugar to taste, and enjoy the  authentic flavors of South Indian coffee . 
 
  Proudly Made in India  Celebrate the vibrant tradition of South Indian coffee with our  Vibrance Variant , crafted with care to deliver a truly special coffee-drinking experience.",https://www.mokkafarms.com/products/vibrance,https://cdn.shopify.com/s/files/1/0644/7199/0455/files/1_43b8e9bc-8329-4bdd-8fbf-97e5b6f25370.webp?v=1774602289
"Vibrance | 80% Coffee, 20% Chicory | Chicory Filter Coffee",Mokka Farms,240.0,250g,,South Indian coffee,"MokkaFarms South Indian Filter Coffee Powder – Vibrance   
 Discover the perfect blend of tradition and flavor with MokkaFarms’  Vibrance . This premium South Indian filter coffee powder features an  80% coffee mix  and  20% chicory , creating a rich, robust, and aromatic experience. 
   
  Crafted to Perfection  
 
 Made from  finest coffee beans , carefully selected and roasted to perfection to bring out their natural flavors. 
 
 Chicory  adds a deep, earthy note that complements the coffee, enhancing its overall richness. 
 
  Authentic South Indian Taste  Specially designed for the  traditional filter coffee method , this blend delivers a smooth, satisfying texture and full-bodied flavor. Ideal for those who appreciate a  strong, flavorful cup of coffee . 
  How to Brew  
 
 Add the desired amount of coffee powder to your coffee filter. 
 Pour hot water over the powder and let it  drip slowly  into a cup or vessel. 
 Add milk and sugar to taste, and enjoy the  authentic flavors of South Indian coffee . 
 
  Proudly Made in India  Celebrate the vibrant tradition of South Indian coffee with our  Vibrance Variant , crafted with care to deliver a truly special coffee-drinking experience.",https://www.mokkafarms.com/products/vibrance,https://cdn.shopify.com/s/files/1/0644/7199/0455/files/1_43b8e9bc-8329-4bdd-8fbf-97e5b6f25370.webp?v=1774602289
"Vibrance | 80% Coffee, 20% Chicory | Chicory Filter Coffee",Mokka Farms,430.0,500g,,South Indian coffee,"MokkaFarms South Indian Filter Coffee Powder – Vibrance   
 Discover the perfect blend of tradition and flavor with MokkaFarms’  Vibrance . This premium South Indian filter coffee powder features an  80% coffee mix  and  20% chicory , creating a rich, robust, and aromatic experience. 
   
  Crafted to Perfection  
 
 Made from  finest coffee beans , carefully selected and roasted to perfection to bring out their natural flavors. 
 
 Chicory  adds a deep, earthy note that complements the coffee, enhancing its overall richness. 
 
  Authentic South Indian Taste  Specially designed for the  traditional filter coffee method , this blend delivers a smooth, satisfying texture and full-bodied flavor. Ideal for those who appreciate a  strong, flavorful cup of coffee . 
  How to Brew  
 
 Add the desired amount of coffee powder to your coffee filter. 
 Pour hot water over the powder and let it  drip slowly  into a cup or vessel. 
 Add milk and sugar to taste, and enjoy the  authentic flavors of South Indian coffee . 
 
  Proudly Made in India  Celebrate the vibrant tradition of South Indian coffee with our  Vibrance Variant , crafted with care to deliver a truly special coffee-drinking experience.",https://www.mokkafarms.com/products/vibrance,https://cdn.shopify.com/s/files/1/0644/7199/0455/files/1_43b8e9bc-8329-4bdd-8fbf-97e5b6f25370.webp?v=1774602289
"Vibrance | 80% Coffee, 20% Chicory | Chicory Filter Coffee",Mokka Farms,760.0,1kg,,South Indian coffee,"MokkaFarms South Indian Filter Coffee Powder – Vibrance   
 Discover the perfect blend of tradition and flavor with MokkaFarms’  Vibrance . This premium South Indian filter coffee powder features an  80% coffee mix  and  20% chicory , creating a rich, robust, and aromatic experience. 
   
  Crafted to Perfection  
 
 Made from  finest coffee beans , carefully selected and roasted to perfection to bring out their natural flavors. 
 
 Chicory  adds a deep, earthy note that complements the coffee, enhancing its overall richness. 
 
  Authentic South Indian Taste  Specially designed for the  traditional filter coffee method , this blend delivers a smooth, satisfying texture and full-bodied flavor. Ideal for those who appreciate a  strong, flavorful cup of coffee . 
  How to Brew  
 
 Add the desired amount of coffee powder to your coffee filter. 
 Pour hot water over the powder and let it  drip slowly  into a cup or vessel. 
 Add milk and sugar to taste, and enjoy the  authentic flavors of South Indian coffee . 
 
  Proudly Made in India  Celebrate the vibrant tradition of South Indian coffee with our  Vibrance Variant , crafted with care to deliver a truly special coffee-drinking experience.",https://www.mokkafarms.com/products/vibrance,https://cdn.shopify.com/s/files/1/0644/7199/0455/files/1_43b8e9bc-8329-4bdd-8fbf-97e5b6f25370.webp?v=1774602289
"Vivacious | 85% Coffee, 15% Chicory | Chicory Filter Coffee",Mokka Farms,190.0,100g,,this authentic South Indian coffee,"MokkaFarms South Indian Filter Coffee Powder - Vivacious variant - is made with the perfect blend of 85% coffee mix and 15% chicory to create a rich and robust flavor. This traditional South Indian style coffee is known for its unique brewing process and distinct taste. The coffee mix used in this powder is carefully selected to ensure a high-quality and aromatic experience. It is sourced from one of the finest coffee beans, which are roasted to perfection to bring out their natural flavors. The addition of chicory adds a deep and earthy flavor that complements the coffee and enhances its overall taste. Our South Indian filter coffee powder is ideal for those who appreciate a strong and flavorful cup of coffee. It is specifically designed to be used with the traditional filter coffee method, which allows the flavors to fully develop and provides a smooth and satisfying texture. To prepare the perfect cup of South Indian filter coffee, simply add the desired amount of coffee powder to a coffee filter and pour hot water over it. Allow the coffee to drip slowly and collect in a separate vessel or cup. Finally, add milk and sugar to taste, and enjoy the rich and aromatic flavors of this authentic South Indian coffee. Experience the taste of South India with our premium quality filter coffee powder, carefully crafted to deliver a truly special coffee drinking experience.  
  Proudly Made in India!",https://www.mokkafarms.com/products/vivacious,https://cdn.shopify.com/s/files/1/0644/7199/0455/files/1_ea6543a0-a9e2-4eeb-94de-86183211471a.webp?v=1774602719
"Vivacious | 85% Coffee, 15% Chicory | Chicory Filter Coffee",Mokka Farms,250.0,250g,,this authentic South Indian coffee,"MokkaFarms South Indian Filter Coffee Powder - Vivacious variant - is made with the perfect blend of 85% coffee mix and 15% chicory to create a rich and robust flavor. This traditional South Indian style coffee is known for its unique brewing process and distinct taste. The coffee mix used in this powder is carefully selected to ensure a high-quality and aromatic experience. It is sourced from one of the finest coffee beans, which are roasted to perfection to bring out their natural flavors. The addition of chicory adds a deep and earthy flavor that complements the coffee and enhances its overall taste. Our South Indian filter coffee powder is ideal for those who appreciate a strong and flavorful cup of coffee. It is specifically designed to be used with the traditional filter coffee method, which allows the flavors to fully develop and provides a smooth and satisfying texture. To prepare the perfect cup of South Indian filter coffee, simply add the desired amount of coffee powder to a coffee filter and pour hot water over it. Allow the coffee to drip slowly and collect in a separate vessel or cup. Finally, add milk and sugar to taste, and enjoy the rich and aromatic flavors of this authentic South Indian coffee. Experience the taste of South India with our premium quality filter coffee powder, carefully crafted to deliver a truly special coffee drinking experience.  
  Proudly Made in India!",https://www.mokkafarms.com/products/vivacious,https://cdn.shopify.com/s/files/1/0644/7199/0455/files/1_ea6543a0-a9e2-4eeb-94de-86183211471a.webp?v=1774602719
"Vivacious | 85% Coffee, 15% Chicory | Chicory Filter Coffee",Mokka Farms,445.0,500g,,this authentic South Indian coffee,"MokkaFarms South Indian Filter Coffee Powder - Vivacious variant - is made with the perfect blend of 85% coffee mix and 15% chicory to create a rich and robust flavor. This traditional South Indian style coffee is known for its unique brewing process and distinct taste. The coffee mix used in this powder is carefully selected to ensure a high-quality and aromatic experience. It is sourced from one of the finest coffee beans, which are roasted to perfection to bring out their natural flavors. The addition of chicory adds a deep and earthy flavor that complements the coffee and enhances its overall taste. Our South Indian filter coffee powder is ideal for those who appreciate a strong and flavorful cup of coffee. It is specifically designed to be used with the traditional filter coffee method, which allows the flavors to fully develop and provides a smooth and satisfying texture. To prepare the perfect cup of South Indian filter coffee, simply add the desired amount of coffee powder to a coffee filter and pour hot water over it. Allow the coffee to drip slowly and collect in a separate vessel or cup. Finally, add milk and sugar to taste, and enjoy the rich and aromatic flavors of this authentic South Indian coffee. Experience the taste of South India with our premium quality filter coffee powder, carefully crafted to deliver a truly special coffee drinking experience.  
  Proudly Made in India!",https://www.mokkafarms.com/products/vivacious,https://cdn.shopify.com/s/files/1/0644/7199/0455/files/1_ea6543a0-a9e2-4eeb-94de-86183211471a.webp?v=1774602719
"Vivacious | 85% Coffee, 15% Chicory | Chicory Filter Coffee",Mokka Farms,790.0,1kg,,this authentic South Indian coffee,"MokkaFarms South Indian Filter Coffee Powder - Vivacious variant - is made with the perfect blend of 85% coffee mix and 15% chicory to create a rich and robust flavor. This traditional South Indian style coffee is known for its unique brewing process and distinct taste. The coffee mix used in this powder is carefully selected to ensure a high-quality and aromatic experience. It is sourced from one of the finest coffee beans, which are roasted to perfection to bring out their natural flavors. The addition of chicory adds a deep and earthy flavor that complements the coffee and enhances its overall taste. Our South Indian filter coffee powder is ideal for those who appreciate a strong and flavorful cup of coffee. It is specifically designed to be used with the traditional filter coffee method, which allows the flavors to fully develop and provides a smooth and satisfying texture. To prepare the perfect cup of South Indian filter coffee, simply add the desired amount of coffee powder to a coffee filter and pour hot water over it. Allow the coffee to drip slowly and collect in a separate vessel or cup. Finally, add milk and sugar to taste, and enjoy the rich and aromatic flavors of this authentic South Indian coffee. Experience the taste of South India with our premium quality filter coffee powder, carefully crafted to deliver a truly special coffee drinking experience.  
  Proudly Made in India!",https://www.mokkafarms.com/products/vivacious,https://cdn.shopify.com/s/files/1/0644/7199/0455/files/1_ea6543a0-a9e2-4eeb-94de-86183211471a.webp?v=1774602719
"Water Glass 250ML | Made from Coffee Residue [Husk, Unused Coffee Grounds/ Bean] | Available in Pack of 2 or Pack of 4",Mokka Farms,245.0,Pack of 2,,,"Made from MokkaFarms’ Own Coffee Residue     [ Bean Husk, Roast Husk, Unused Coffee Bean/ Grounds ],  our Water Glass 250 ML has a varied set of unique characteristics: 
 
  Lightweight yet Durable/ Unbreakable* [ Normal Floor Drops ]  
  Natural Coffee Colour [ No Artificial Colours ]  
  Permitted for Food Usage [ Formaldehyde Free, BPA Free ]  
  Heat Resistant* [ UV Protection, FMVSS 302, UL 94, ISO 3795 Flammability ]  
  Microwave Safe, Dishwasher Safe, 100% Recyclable  
 
  Proudly Made in India!    
  #Sustainable #ZeroResidueGoals #MokkaFarms",https://www.mokkafarms.com/products/waterglass,https://cdn.shopify.com/s/files/1/0644/7199/0455/files/C0.png?v=1760464798
"Water Glass 250ML | Made from Coffee Residue [Husk, Unused Coffee Grounds/ Bean] | Available in Pack of 2 or Pack of 4",Mokka Farms,405.0,Pack of 4,,,"Made from MokkaFarms’ Own Coffee Residue     [ Bean Husk, Roast Husk, Unused Coffee Bean/ Grounds ],  our Water Glass 250 ML has a varied set of unique characteristics: 
 
  Lightweight yet Durable/ Unbreakable* [ Normal Floor Drops ]  
  Natural Coffee Colour [ No Artificial Colours ]  
  Permitted for Food Usage [ Formaldehyde Free, BPA Free ]  
  Heat Resistant* [ UV Protection, FMVSS 302, UL 94, ISO 3795 Flammability ]  
  Microwave Safe, Dishwasher Safe, 100% Recyclable  
 
  Proudly Made in India!    
  #Sustainable #ZeroResidueGoals #MokkaFarms",https://www.mokkafarms.com/products/waterglass,https://cdn.shopify.com/s/files/1/0644/7199/0455/files/C0.png?v=1760464798
Zorin | 60% Arabica - 40% Chicory Blend | Chicory Filter Coffee,Mokka Farms,200.0,100g,,"South Indian filter coffee with our premium quality product, made with love and care","MokkaFarms South Indian filter coffee powder is a delicious blend of 60% Arabica coffee and 40% chicory. It is made using the one of the finest quality coffee beans and chicory, which are carefully roasted to perfection. This traditional blend creates a rich and aromatic coffee with a distinct South Indian flavor. We take pride in offering a high-quality product that contains no preservatives or artificial additives. Our coffee powder is made with natural ingredients and has a long shelf life without the need for any synthetic additives. To ensure the freshness and flavor of our coffee powder, it is carefully packaged in an airtight container. This helps to preserve the aroma and taste, allowing you to enjoy a freshly brewed cup of filter coffee at any time. Whether you prefer a strong and bold cup of coffee or a milder taste, our South Indian filter coffee powder can be customized to suit your preference. Simply adjust the quantity of powder used while brewing to achieve the desired strength. Experience the authentic taste of South Indian filter coffee with our premium quality product, made with love and care.  
  Proudly Made in India!",https://www.mokkafarms.com/products/zorin,https://cdn.shopify.com/s/files/1/0644/7199/0455/files/1_a7dd338f-bd27-4fe3-b711-4c35d6b037d0.webp?v=1774603481
Zorin | 60% Arabica - 40% Chicory Blend | Chicory Filter Coffee,Mokka Farms,290.0,250g,,"South Indian filter coffee with our premium quality product, made with love and care","MokkaFarms South Indian filter coffee powder is a delicious blend of 60% Arabica coffee and 40% chicory. It is made using the one of the finest quality coffee beans and chicory, which are carefully roasted to perfection. This traditional blend creates a rich and aromatic coffee with a distinct South Indian flavor. We take pride in offering a high-quality product that contains no preservatives or artificial additives. Our coffee powder is made with natural ingredients and has a long shelf life without the need for any synthetic additives. To ensure the freshness and flavor of our coffee powder, it is carefully packaged in an airtight container. This helps to preserve the aroma and taste, allowing you to enjoy a freshly brewed cup of filter coffee at any time. Whether you prefer a strong and bold cup of coffee or a milder taste, our South Indian filter coffee powder can be customized to suit your preference. Simply adjust the quantity of powder used while brewing to achieve the desired strength. Experience the authentic taste of South Indian filter coffee with our premium quality product, made with love and care.  
  Proudly Made in India!",https://www.mokkafarms.com/products/zorin,https://cdn.shopify.com/s/files/1/0644/7199/0455/files/1_a7dd338f-bd27-4fe3-b711-4c35d6b037d0.webp?v=1774603481
Zorin | 60% Arabica - 40% Chicory Blend | Chicory Filter Coffee,Mokka Farms,530.0,500g,,"South Indian filter coffee with our premium quality product, made with love and care","MokkaFarms South Indian filter coffee powder is a delicious blend of 60% Arabica coffee and 40% chicory. It is made using the one of the finest quality coffee beans and chicory, which are carefully roasted to perfection. This traditional blend creates a rich and aromatic coffee with a distinct South Indian flavor. We take pride in offering a high-quality product that contains no preservatives or artificial additives. Our coffee powder is made with natural ingredients and has a long shelf life without the need for any synthetic additives. To ensure the freshness and flavor of our coffee powder, it is carefully packaged in an airtight container. This helps to preserve the aroma and taste, allowing you to enjoy a freshly brewed cup of filter coffee at any time. Whether you prefer a strong and bold cup of coffee or a milder taste, our South Indian filter coffee powder can be customized to suit your preference. Simply adjust the quantity of powder used while brewing to achieve the desired strength. Experience the authentic taste of South Indian filter coffee with our premium quality product, made with love and care.  
  Proudly Made in India!",https://www.mokkafarms.com/products/zorin,https://cdn.shopify.com/s/files/1/0644/7199/0455/files/1_a7dd338f-bd27-4fe3-b711-4c35d6b037d0.webp?v=1774603481
Zorin | 60% Arabica - 40% Chicory Blend | Chicory Filter Coffee,Mokka Farms,960.0,1kg,,"South Indian filter coffee with our premium quality product, made with love and care","MokkaFarms South Indian filter coffee powder is a delicious blend of 60% Arabica coffee and 40% chicory. It is made using the one of the finest quality coffee beans and chicory, which are carefully roasted to perfection. This traditional blend creates a rich and aromatic coffee with a distinct South Indian flavor. We take pride in offering a high-quality product that contains no preservatives or artificial additives. Our coffee powder is made with natural ingredients and has a long shelf life without the need for any synthetic additives. To ensure the freshness and flavor of our coffee powder, it is carefully packaged in an airtight container. This helps to preserve the aroma and taste, allowing you to enjoy a freshly brewed cup of filter coffee at any time. Whether you prefer a strong and bold cup of coffee or a milder taste, our South Indian filter coffee powder can be customized to suit your preference. Simply adjust the quantity of powder used while brewing to achieve the desired strength. Experience the authentic taste of South Indian filter coffee with our premium quality product, made with love and care.  
  Proudly Made in India!",https://www.mokkafarms.com/products/zorin,https://cdn.shopify.com/s/files/1/0644/7199/0455/files/1_a7dd338f-bd27-4fe3-b711-4c35d6b037d0.webp?v=1774603481
