Name,Roaster,Price,Quantity,Roast_Level,Tasting_Notes,Desc,URL,Image_URL
"Project Pearl, Ratnagiri Estate, Karnataka (SCA 86+): Culture naturals+ Anaerobic Naturals: Filter Roast (Light)",Subko,995.0,Whole Bean (250g),Filter Roast,"Filter Blend from Ratnagiri Estate, Karnataka Filter Roast (Light) - (250g) Process : Culture Naturals+ Anaerobic Naturals Agtron Meter : 89 Altitude : 1356 MASL Varietal : Catuai + Hemavathi Cupper's Notes: Marigold, dragon fruit, peach tea.","Filter Blend from Ratnagiri Estate, Karnataka 
  Filter Roast (Light) - (250g)  
  Process : Culture Naturals+ Anaerobic Naturals 
  Agtron Meter : 89 
  Altitude : 1356 MASL 
  Varietal : Catuai + Hemavathi 
 Cupper's Notes: Marigold, dragon fruit, peach tea. 
 Flavour Meter 
 
   
 
 Best Brewed With 
  FILTER ROAST  
   
  Please note that the best brewed with list is not comprehensive and does not dictate that the coffees cannot be brewed with any other methods. These are the the methods we think will extract the best possible cup. However, this coffee can be ground and enjoyed with any brew method that you desire.   
  Filter Roast:  Manual brewing methods fall under the artisanal brewing style of coffee. Roasting a coffee is also an art, we have developed this filter roast to maintain the quality while brewing over Pour over, Kalita, V60, Origami, April, Chemex. Culture naturals+ Anaerobic Naturals : - RT- YC -1/1: This is a 72-hour CULTURE PROCESS natural processed coffee. It is from the CATUAI varietal grown on our farm at 4400 feet from the block called GODOWN Patte. The Brix of the coffee cherries was 25.4 when harvested and they were put in the Bio fermenters after floater removal. A particular strain of yeast and lactic acid bacteria was added to the coffee in the fermenters and allowed to ferment for 72 hours in a carbon dioxide rich environment. After removing the coffee, they were directly put on raised beds for slow drying. The coffee was then dried slowly with constant stirring over the next 29 days. 
   LAB PROCESS 07:  This is a 60-hour anaerobic fermentation natural processed coffee. It is from the HEMAVTHI varietal grown on our farm at 4450 feet from the block called LINE Patte. The Brix of the coffee cherries was 23.9 when harvested and they were put in the Bio fermenters after floater removal and allowed to ferment for 60 hours in a Nitrogen rich environment with lab grown microbes isolated from the farm. After removing the coffee from the fermenters, it was directly put on raised beds for slow drying. The coffee was then dried slowly with constant stirring over the next 28 days.        
 About Project Pearl 
 
     
 
 In the Indian Specialty Coffee Industry, the name Ratnagiri Estate evinces a recognition of steadily elevating excellence, innovation, and a devotion to sustainability. The name Ratnagiri itself, translates to pearl mountain. 
  Over the years, Ratnagiri Estate's legacy in the Indian specialty coffee industry has steadily elevated as the flagbearers of specialty coffee growing, processing, and Indian specialty coffee representation overseas. 
  Today we’re honoured to be able to tell their story in the fullness of their legacy, with Project Pearl — a microlot program featuring 8 microlots from Ratnagiri Estate, exclusive only to Subko, that showcase the high-scoring, experimentally processed coffees that are a testament to their humble beginnings.",https://www.subko.coffee/products/project-pearl-ratnagiri-estate-karnataka-sca-86-culture-naturals-anaerobic-naturals-filter-roast,https://cdn.shopify.com/s/files/1/0308/0857/1963/files/blend1label.png?v=1757600028
"Project Pearl, Ratnagiri Estate, Karnataka (SCA 86+): Culture naturals+ Anaerobic Naturals: Filter Roast (Light)",Subko,995.0,Pourover (V60/Kalita) (250g),Filter Roast,"Filter Blend from Ratnagiri Estate, Karnataka Filter Roast (Light) - (250g) Process : Culture Naturals+ Anaerobic Naturals Agtron Meter : 89 Altitude : 1356 MASL Varietal : Catuai + Hemavathi Cupper's Notes: Marigold, dragon fruit, peach tea.","Filter Blend from Ratnagiri Estate, Karnataka 
  Filter Roast (Light) - (250g)  
  Process : Culture Naturals+ Anaerobic Naturals 
  Agtron Meter : 89 
  Altitude : 1356 MASL 
  Varietal : Catuai + Hemavathi 
 Cupper's Notes: Marigold, dragon fruit, peach tea. 
 Flavour Meter 
 
   
 
 Best Brewed With 
  FILTER ROAST  
   
  Please note that the best brewed with list is not comprehensive and does not dictate that the coffees cannot be brewed with any other methods. These are the the methods we think will extract the best possible cup. However, this coffee can be ground and enjoyed with any brew method that you desire.   
  Filter Roast:  Manual brewing methods fall under the artisanal brewing style of coffee. Roasting a coffee is also an art, we have developed this filter roast to maintain the quality while brewing over Pour over, Kalita, V60, Origami, April, Chemex. Culture naturals+ Anaerobic Naturals : - RT- YC -1/1: This is a 72-hour CULTURE PROCESS natural processed coffee. It is from the CATUAI varietal grown on our farm at 4400 feet from the block called GODOWN Patte. The Brix of the coffee cherries was 25.4 when harvested and they were put in the Bio fermenters after floater removal. A particular strain of yeast and lactic acid bacteria was added to the coffee in the fermenters and allowed to ferment for 72 hours in a carbon dioxide rich environment. After removing the coffee, they were directly put on raised beds for slow drying. The coffee was then dried slowly with constant stirring over the next 29 days. 
   LAB PROCESS 07:  This is a 60-hour anaerobic fermentation natural processed coffee. It is from the HEMAVTHI varietal grown on our farm at 4450 feet from the block called LINE Patte. The Brix of the coffee cherries was 23.9 when harvested and they were put in the Bio fermenters after floater removal and allowed to ferment for 60 hours in a Nitrogen rich environment with lab grown microbes isolated from the farm. After removing the coffee from the fermenters, it was directly put on raised beds for slow drying. The coffee was then dried slowly with constant stirring over the next 28 days.        
 About Project Pearl 
 
     
 
 In the Indian Specialty Coffee Industry, the name Ratnagiri Estate evinces a recognition of steadily elevating excellence, innovation, and a devotion to sustainability. The name Ratnagiri itself, translates to pearl mountain. 
  Over the years, Ratnagiri Estate's legacy in the Indian specialty coffee industry has steadily elevated as the flagbearers of specialty coffee growing, processing, and Indian specialty coffee representation overseas. 
  Today we’re honoured to be able to tell their story in the fullness of their legacy, with Project Pearl — a microlot program featuring 8 microlots from Ratnagiri Estate, exclusive only to Subko, that showcase the high-scoring, experimentally processed coffees that are a testament to their humble beginnings.",https://www.subko.coffee/products/project-pearl-ratnagiri-estate-karnataka-sca-86-culture-naturals-anaerobic-naturals-filter-roast,https://cdn.shopify.com/s/files/1/0308/0857/1963/files/blend1label.png?v=1757600028
"Project Pearl, Ratnagiri Estate, Karnataka (SCA 86+): Culture naturals+ Anaerobic Naturals: Filter Roast (Light)",Subko,995.0,Espresso Machine (250g),Filter Roast,"Filter Blend from Ratnagiri Estate, Karnataka Filter Roast (Light) - (250g) Process : Culture Naturals+ Anaerobic Naturals Agtron Meter : 89 Altitude : 1356 MASL Varietal : Catuai + Hemavathi Cupper's Notes: Marigold, dragon fruit, peach tea.","Filter Blend from Ratnagiri Estate, Karnataka 
  Filter Roast (Light) - (250g)  
  Process : Culture Naturals+ Anaerobic Naturals 
  Agtron Meter : 89 
  Altitude : 1356 MASL 
  Varietal : Catuai + Hemavathi 
 Cupper's Notes: Marigold, dragon fruit, peach tea. 
 Flavour Meter 
 
   
 
 Best Brewed With 
  FILTER ROAST  
   
  Please note that the best brewed with list is not comprehensive and does not dictate that the coffees cannot be brewed with any other methods. These are the the methods we think will extract the best possible cup. However, this coffee can be ground and enjoyed with any brew method that you desire.   
  Filter Roast:  Manual brewing methods fall under the artisanal brewing style of coffee. Roasting a coffee is also an art, we have developed this filter roast to maintain the quality while brewing over Pour over, Kalita, V60, Origami, April, Chemex. Culture naturals+ Anaerobic Naturals : - RT- YC -1/1: This is a 72-hour CULTURE PROCESS natural processed coffee. It is from the CATUAI varietal grown on our farm at 4400 feet from the block called GODOWN Patte. The Brix of the coffee cherries was 25.4 when harvested and they were put in the Bio fermenters after floater removal. A particular strain of yeast and lactic acid bacteria was added to the coffee in the fermenters and allowed to ferment for 72 hours in a carbon dioxide rich environment. After removing the coffee, they were directly put on raised beds for slow drying. The coffee was then dried slowly with constant stirring over the next 29 days. 
   LAB PROCESS 07:  This is a 60-hour anaerobic fermentation natural processed coffee. It is from the HEMAVTHI varietal grown on our farm at 4450 feet from the block called LINE Patte. The Brix of the coffee cherries was 23.9 when harvested and they were put in the Bio fermenters after floater removal and allowed to ferment for 60 hours in a Nitrogen rich environment with lab grown microbes isolated from the farm. After removing the coffee from the fermenters, it was directly put on raised beds for slow drying. The coffee was then dried slowly with constant stirring over the next 28 days.        
 About Project Pearl 
 
     
 
 In the Indian Specialty Coffee Industry, the name Ratnagiri Estate evinces a recognition of steadily elevating excellence, innovation, and a devotion to sustainability. The name Ratnagiri itself, translates to pearl mountain. 
  Over the years, Ratnagiri Estate's legacy in the Indian specialty coffee industry has steadily elevated as the flagbearers of specialty coffee growing, processing, and Indian specialty coffee representation overseas. 
  Today we’re honoured to be able to tell their story in the fullness of their legacy, with Project Pearl — a microlot program featuring 8 microlots from Ratnagiri Estate, exclusive only to Subko, that showcase the high-scoring, experimentally processed coffees that are a testament to their humble beginnings.",https://www.subko.coffee/products/project-pearl-ratnagiri-estate-karnataka-sca-86-culture-naturals-anaerobic-naturals-filter-roast,https://cdn.shopify.com/s/files/1/0308/0857/1963/files/blend1label.png?v=1757600028
"Project Pearl, Ratnagiri Estate, Karnataka (SCA 86+): Culture naturals+ Anaerobic Naturals: Filter Roast (Light)",Subko,995.0,Channi (250g),Filter Roast,"Filter Blend from Ratnagiri Estate, Karnataka Filter Roast (Light) - (250g) Process : Culture Naturals+ Anaerobic Naturals Agtron Meter : 89 Altitude : 1356 MASL Varietal : Catuai + Hemavathi Cupper's Notes: Marigold, dragon fruit, peach tea.","Filter Blend from Ratnagiri Estate, Karnataka 
  Filter Roast (Light) - (250g)  
  Process : Culture Naturals+ Anaerobic Naturals 
  Agtron Meter : 89 
  Altitude : 1356 MASL 
  Varietal : Catuai + Hemavathi 
 Cupper's Notes: Marigold, dragon fruit, peach tea. 
 Flavour Meter 
 
   
 
 Best Brewed With 
  FILTER ROAST  
   
  Please note that the best brewed with list is not comprehensive and does not dictate that the coffees cannot be brewed with any other methods. These are the the methods we think will extract the best possible cup. However, this coffee can be ground and enjoyed with any brew method that you desire.   
  Filter Roast:  Manual brewing methods fall under the artisanal brewing style of coffee. Roasting a coffee is also an art, we have developed this filter roast to maintain the quality while brewing over Pour over, Kalita, V60, Origami, April, Chemex. Culture naturals+ Anaerobic Naturals : - RT- YC -1/1: This is a 72-hour CULTURE PROCESS natural processed coffee. It is from the CATUAI varietal grown on our farm at 4400 feet from the block called GODOWN Patte. The Brix of the coffee cherries was 25.4 when harvested and they were put in the Bio fermenters after floater removal. A particular strain of yeast and lactic acid bacteria was added to the coffee in the fermenters and allowed to ferment for 72 hours in a carbon dioxide rich environment. After removing the coffee, they were directly put on raised beds for slow drying. The coffee was then dried slowly with constant stirring over the next 29 days. 
   LAB PROCESS 07:  This is a 60-hour anaerobic fermentation natural processed coffee. It is from the HEMAVTHI varietal grown on our farm at 4450 feet from the block called LINE Patte. The Brix of the coffee cherries was 23.9 when harvested and they were put in the Bio fermenters after floater removal and allowed to ferment for 60 hours in a Nitrogen rich environment with lab grown microbes isolated from the farm. After removing the coffee from the fermenters, it was directly put on raised beds for slow drying. The coffee was then dried slowly with constant stirring over the next 28 days.        
 About Project Pearl 
 
     
 
 In the Indian Specialty Coffee Industry, the name Ratnagiri Estate evinces a recognition of steadily elevating excellence, innovation, and a devotion to sustainability. The name Ratnagiri itself, translates to pearl mountain. 
  Over the years, Ratnagiri Estate's legacy in the Indian specialty coffee industry has steadily elevated as the flagbearers of specialty coffee growing, processing, and Indian specialty coffee representation overseas. 
  Today we’re honoured to be able to tell their story in the fullness of their legacy, with Project Pearl — a microlot program featuring 8 microlots from Ratnagiri Estate, exclusive only to Subko, that showcase the high-scoring, experimentally processed coffees that are a testament to their humble beginnings.",https://www.subko.coffee/products/project-pearl-ratnagiri-estate-karnataka-sca-86-culture-naturals-anaerobic-naturals-filter-roast,https://cdn.shopify.com/s/files/1/0308/0857/1963/files/blend1label.png?v=1757600028
"Project Pearl, Ratnagiri Estate, Karnataka (SCA 86+): Culture naturals+ Anaerobic Naturals: Filter Roast (Light)",Subko,995.0,Cold Brew (250g),Filter Roast,"Filter Blend from Ratnagiri Estate, Karnataka Filter Roast (Light) - (250g) Process : Culture Naturals+ Anaerobic Naturals Agtron Meter : 89 Altitude : 1356 MASL Varietal : Catuai + Hemavathi Cupper's Notes: Marigold, dragon fruit, peach tea.","Filter Blend from Ratnagiri Estate, Karnataka 
  Filter Roast (Light) - (250g)  
  Process : Culture Naturals+ Anaerobic Naturals 
  Agtron Meter : 89 
  Altitude : 1356 MASL 
  Varietal : Catuai + Hemavathi 
 Cupper's Notes: Marigold, dragon fruit, peach tea. 
 Flavour Meter 
 
   
 
 Best Brewed With 
  FILTER ROAST  
   
  Please note that the best brewed with list is not comprehensive and does not dictate that the coffees cannot be brewed with any other methods. These are the the methods we think will extract the best possible cup. However, this coffee can be ground and enjoyed with any brew method that you desire.   
  Filter Roast:  Manual brewing methods fall under the artisanal brewing style of coffee. Roasting a coffee is also an art, we have developed this filter roast to maintain the quality while brewing over Pour over, Kalita, V60, Origami, April, Chemex. Culture naturals+ Anaerobic Naturals : - RT- YC -1/1: This is a 72-hour CULTURE PROCESS natural processed coffee. It is from the CATUAI varietal grown on our farm at 4400 feet from the block called GODOWN Patte. The Brix of the coffee cherries was 25.4 when harvested and they were put in the Bio fermenters after floater removal. A particular strain of yeast and lactic acid bacteria was added to the coffee in the fermenters and allowed to ferment for 72 hours in a carbon dioxide rich environment. After removing the coffee, they were directly put on raised beds for slow drying. The coffee was then dried slowly with constant stirring over the next 29 days. 
   LAB PROCESS 07:  This is a 60-hour anaerobic fermentation natural processed coffee. It is from the HEMAVTHI varietal grown on our farm at 4450 feet from the block called LINE Patte. The Brix of the coffee cherries was 23.9 when harvested and they were put in the Bio fermenters after floater removal and allowed to ferment for 60 hours in a Nitrogen rich environment with lab grown microbes isolated from the farm. After removing the coffee from the fermenters, it was directly put on raised beds for slow drying. The coffee was then dried slowly with constant stirring over the next 28 days.        
 About Project Pearl 
 
     
 
 In the Indian Specialty Coffee Industry, the name Ratnagiri Estate evinces a recognition of steadily elevating excellence, innovation, and a devotion to sustainability. The name Ratnagiri itself, translates to pearl mountain. 
  Over the years, Ratnagiri Estate's legacy in the Indian specialty coffee industry has steadily elevated as the flagbearers of specialty coffee growing, processing, and Indian specialty coffee representation overseas. 
  Today we’re honoured to be able to tell their story in the fullness of their legacy, with Project Pearl — a microlot program featuring 8 microlots from Ratnagiri Estate, exclusive only to Subko, that showcase the high-scoring, experimentally processed coffees that are a testament to their humble beginnings.",https://www.subko.coffee/products/project-pearl-ratnagiri-estate-karnataka-sca-86-culture-naturals-anaerobic-naturals-filter-roast,https://cdn.shopify.com/s/files/1/0308/0857/1963/files/blend1label.png?v=1757600028
"Project Pearl, Ratnagiri Estate, Karnataka (SCA 86+): Culture naturals+ Anaerobic Naturals: Filter Roast (Light)",Subko,995.0,Moka Pot (250g),Filter Roast,"Filter Blend from Ratnagiri Estate, Karnataka Filter Roast (Light) - (250g) Process : Culture Naturals+ Anaerobic Naturals Agtron Meter : 89 Altitude : 1356 MASL Varietal : Catuai + Hemavathi Cupper's Notes: Marigold, dragon fruit, peach tea.","Filter Blend from Ratnagiri Estate, Karnataka 
  Filter Roast (Light) - (250g)  
  Process : Culture Naturals+ Anaerobic Naturals 
  Agtron Meter : 89 
  Altitude : 1356 MASL 
  Varietal : Catuai + Hemavathi 
 Cupper's Notes: Marigold, dragon fruit, peach tea. 
 Flavour Meter 
 
   
 
 Best Brewed With 
  FILTER ROAST  
   
  Please note that the best brewed with list is not comprehensive and does not dictate that the coffees cannot be brewed with any other methods. These are the the methods we think will extract the best possible cup. However, this coffee can be ground and enjoyed with any brew method that you desire.   
  Filter Roast:  Manual brewing methods fall under the artisanal brewing style of coffee. Roasting a coffee is also an art, we have developed this filter roast to maintain the quality while brewing over Pour over, Kalita, V60, Origami, April, Chemex. Culture naturals+ Anaerobic Naturals : - RT- YC -1/1: This is a 72-hour CULTURE PROCESS natural processed coffee. It is from the CATUAI varietal grown on our farm at 4400 feet from the block called GODOWN Patte. The Brix of the coffee cherries was 25.4 when harvested and they were put in the Bio fermenters after floater removal. A particular strain of yeast and lactic acid bacteria was added to the coffee in the fermenters and allowed to ferment for 72 hours in a carbon dioxide rich environment. After removing the coffee, they were directly put on raised beds for slow drying. The coffee was then dried slowly with constant stirring over the next 29 days. 
   LAB PROCESS 07:  This is a 60-hour anaerobic fermentation natural processed coffee. It is from the HEMAVTHI varietal grown on our farm at 4450 feet from the block called LINE Patte. The Brix of the coffee cherries was 23.9 when harvested and they were put in the Bio fermenters after floater removal and allowed to ferment for 60 hours in a Nitrogen rich environment with lab grown microbes isolated from the farm. After removing the coffee from the fermenters, it was directly put on raised beds for slow drying. The coffee was then dried slowly with constant stirring over the next 28 days.        
 About Project Pearl 
 
     
 
 In the Indian Specialty Coffee Industry, the name Ratnagiri Estate evinces a recognition of steadily elevating excellence, innovation, and a devotion to sustainability. The name Ratnagiri itself, translates to pearl mountain. 
  Over the years, Ratnagiri Estate's legacy in the Indian specialty coffee industry has steadily elevated as the flagbearers of specialty coffee growing, processing, and Indian specialty coffee representation overseas. 
  Today we’re honoured to be able to tell their story in the fullness of their legacy, with Project Pearl — a microlot program featuring 8 microlots from Ratnagiri Estate, exclusive only to Subko, that showcase the high-scoring, experimentally processed coffees that are a testament to their humble beginnings.",https://www.subko.coffee/products/project-pearl-ratnagiri-estate-karnataka-sca-86-culture-naturals-anaerobic-naturals-filter-roast,https://cdn.shopify.com/s/files/1/0308/0857/1963/files/blend1label.png?v=1757600028
"Project Pearl, Ratnagiri Estate, Karnataka (SCA 86+): Culture naturals+ Anaerobic Naturals: Filter Roast (Light)",Subko,995.0,Aeropress (250g),Filter Roast,"Filter Blend from Ratnagiri Estate, Karnataka Filter Roast (Light) - (250g) Process : Culture Naturals+ Anaerobic Naturals Agtron Meter : 89 Altitude : 1356 MASL Varietal : Catuai + Hemavathi Cupper's Notes: Marigold, dragon fruit, peach tea.","Filter Blend from Ratnagiri Estate, Karnataka 
  Filter Roast (Light) - (250g)  
  Process : Culture Naturals+ Anaerobic Naturals 
  Agtron Meter : 89 
  Altitude : 1356 MASL 
  Varietal : Catuai + Hemavathi 
 Cupper's Notes: Marigold, dragon fruit, peach tea. 
 Flavour Meter 
 
   
 
 Best Brewed With 
  FILTER ROAST  
   
  Please note that the best brewed with list is not comprehensive and does not dictate that the coffees cannot be brewed with any other methods. These are the the methods we think will extract the best possible cup. However, this coffee can be ground and enjoyed with any brew method that you desire.   
  Filter Roast:  Manual brewing methods fall under the artisanal brewing style of coffee. Roasting a coffee is also an art, we have developed this filter roast to maintain the quality while brewing over Pour over, Kalita, V60, Origami, April, Chemex. Culture naturals+ Anaerobic Naturals : - RT- YC -1/1: This is a 72-hour CULTURE PROCESS natural processed coffee. It is from the CATUAI varietal grown on our farm at 4400 feet from the block called GODOWN Patte. The Brix of the coffee cherries was 25.4 when harvested and they were put in the Bio fermenters after floater removal. A particular strain of yeast and lactic acid bacteria was added to the coffee in the fermenters and allowed to ferment for 72 hours in a carbon dioxide rich environment. After removing the coffee, they were directly put on raised beds for slow drying. The coffee was then dried slowly with constant stirring over the next 29 days. 
   LAB PROCESS 07:  This is a 60-hour anaerobic fermentation natural processed coffee. It is from the HEMAVTHI varietal grown on our farm at 4450 feet from the block called LINE Patte. The Brix of the coffee cherries was 23.9 when harvested and they were put in the Bio fermenters after floater removal and allowed to ferment for 60 hours in a Nitrogen rich environment with lab grown microbes isolated from the farm. After removing the coffee from the fermenters, it was directly put on raised beds for slow drying. The coffee was then dried slowly with constant stirring over the next 28 days.        
 About Project Pearl 
 
     
 
 In the Indian Specialty Coffee Industry, the name Ratnagiri Estate evinces a recognition of steadily elevating excellence, innovation, and a devotion to sustainability. The name Ratnagiri itself, translates to pearl mountain. 
  Over the years, Ratnagiri Estate's legacy in the Indian specialty coffee industry has steadily elevated as the flagbearers of specialty coffee growing, processing, and Indian specialty coffee representation overseas. 
  Today we’re honoured to be able to tell their story in the fullness of their legacy, with Project Pearl — a microlot program featuring 8 microlots from Ratnagiri Estate, exclusive only to Subko, that showcase the high-scoring, experimentally processed coffees that are a testament to their humble beginnings.",https://www.subko.coffee/products/project-pearl-ratnagiri-estate-karnataka-sca-86-culture-naturals-anaerobic-naturals-filter-roast,https://cdn.shopify.com/s/files/1/0308/0857/1963/files/blend1label.png?v=1757600028
"Project Pearl, Ratnagiri Estate, Karnataka (SCA 86+): Culture naturals+ Anaerobic Naturals: Filter Roast (Light)",Subko,995.0,Clever Dripper (250g),Filter Roast,"Filter Blend from Ratnagiri Estate, Karnataka Filter Roast (Light) - (250g) Process : Culture Naturals+ Anaerobic Naturals Agtron Meter : 89 Altitude : 1356 MASL Varietal : Catuai + Hemavathi Cupper's Notes: Marigold, dragon fruit, peach tea.","Filter Blend from Ratnagiri Estate, Karnataka 
  Filter Roast (Light) - (250g)  
  Process : Culture Naturals+ Anaerobic Naturals 
  Agtron Meter : 89 
  Altitude : 1356 MASL 
  Varietal : Catuai + Hemavathi 
 Cupper's Notes: Marigold, dragon fruit, peach tea. 
 Flavour Meter 
 
   
 
 Best Brewed With 
  FILTER ROAST  
   
  Please note that the best brewed with list is not comprehensive and does not dictate that the coffees cannot be brewed with any other methods. These are the the methods we think will extract the best possible cup. However, this coffee can be ground and enjoyed with any brew method that you desire.   
  Filter Roast:  Manual brewing methods fall under the artisanal brewing style of coffee. Roasting a coffee is also an art, we have developed this filter roast to maintain the quality while brewing over Pour over, Kalita, V60, Origami, April, Chemex. Culture naturals+ Anaerobic Naturals : - RT- YC -1/1: This is a 72-hour CULTURE PROCESS natural processed coffee. It is from the CATUAI varietal grown on our farm at 4400 feet from the block called GODOWN Patte. The Brix of the coffee cherries was 25.4 when harvested and they were put in the Bio fermenters after floater removal. A particular strain of yeast and lactic acid bacteria was added to the coffee in the fermenters and allowed to ferment for 72 hours in a carbon dioxide rich environment. After removing the coffee, they were directly put on raised beds for slow drying. The coffee was then dried slowly with constant stirring over the next 29 days. 
   LAB PROCESS 07:  This is a 60-hour anaerobic fermentation natural processed coffee. It is from the HEMAVTHI varietal grown on our farm at 4450 feet from the block called LINE Patte. The Brix of the coffee cherries was 23.9 when harvested and they were put in the Bio fermenters after floater removal and allowed to ferment for 60 hours in a Nitrogen rich environment with lab grown microbes isolated from the farm. After removing the coffee from the fermenters, it was directly put on raised beds for slow drying. The coffee was then dried slowly with constant stirring over the next 28 days.        
 About Project Pearl 
 
     
 
 In the Indian Specialty Coffee Industry, the name Ratnagiri Estate evinces a recognition of steadily elevating excellence, innovation, and a devotion to sustainability. The name Ratnagiri itself, translates to pearl mountain. 
  Over the years, Ratnagiri Estate's legacy in the Indian specialty coffee industry has steadily elevated as the flagbearers of specialty coffee growing, processing, and Indian specialty coffee representation overseas. 
  Today we’re honoured to be able to tell their story in the fullness of their legacy, with Project Pearl — a microlot program featuring 8 microlots from Ratnagiri Estate, exclusive only to Subko, that showcase the high-scoring, experimentally processed coffees that are a testament to their humble beginnings.",https://www.subko.coffee/products/project-pearl-ratnagiri-estate-karnataka-sca-86-culture-naturals-anaerobic-naturals-filter-roast,https://cdn.shopify.com/s/files/1/0308/0857/1963/files/blend1label.png?v=1757600028
"Project Pearl, Ratnagiri Estate, Karnataka (SCA 86+): Culture naturals+ Anaerobic Naturals: Filter Roast (Light)",Subko,995.0,French Press (250g),Filter Roast,"Filter Blend from Ratnagiri Estate, Karnataka Filter Roast (Light) - (250g) Process : Culture Naturals+ Anaerobic Naturals Agtron Meter : 89 Altitude : 1356 MASL Varietal : Catuai + Hemavathi Cupper's Notes: Marigold, dragon fruit, peach tea.","Filter Blend from Ratnagiri Estate, Karnataka 
  Filter Roast (Light) - (250g)  
  Process : Culture Naturals+ Anaerobic Naturals 
  Agtron Meter : 89 
  Altitude : 1356 MASL 
  Varietal : Catuai + Hemavathi 
 Cupper's Notes: Marigold, dragon fruit, peach tea. 
 Flavour Meter 
 
   
 
 Best Brewed With 
  FILTER ROAST  
   
  Please note that the best brewed with list is not comprehensive and does not dictate that the coffees cannot be brewed with any other methods. These are the the methods we think will extract the best possible cup. However, this coffee can be ground and enjoyed with any brew method that you desire.   
  Filter Roast:  Manual brewing methods fall under the artisanal brewing style of coffee. Roasting a coffee is also an art, we have developed this filter roast to maintain the quality while brewing over Pour over, Kalita, V60, Origami, April, Chemex. Culture naturals+ Anaerobic Naturals : - RT- YC -1/1: This is a 72-hour CULTURE PROCESS natural processed coffee. It is from the CATUAI varietal grown on our farm at 4400 feet from the block called GODOWN Patte. The Brix of the coffee cherries was 25.4 when harvested and they were put in the Bio fermenters after floater removal. A particular strain of yeast and lactic acid bacteria was added to the coffee in the fermenters and allowed to ferment for 72 hours in a carbon dioxide rich environment. After removing the coffee, they were directly put on raised beds for slow drying. The coffee was then dried slowly with constant stirring over the next 29 days. 
   LAB PROCESS 07:  This is a 60-hour anaerobic fermentation natural processed coffee. It is from the HEMAVTHI varietal grown on our farm at 4450 feet from the block called LINE Patte. The Brix of the coffee cherries was 23.9 when harvested and they were put in the Bio fermenters after floater removal and allowed to ferment for 60 hours in a Nitrogen rich environment with lab grown microbes isolated from the farm. After removing the coffee from the fermenters, it was directly put on raised beds for slow drying. The coffee was then dried slowly with constant stirring over the next 28 days.        
 About Project Pearl 
 
     
 
 In the Indian Specialty Coffee Industry, the name Ratnagiri Estate evinces a recognition of steadily elevating excellence, innovation, and a devotion to sustainability. The name Ratnagiri itself, translates to pearl mountain. 
  Over the years, Ratnagiri Estate's legacy in the Indian specialty coffee industry has steadily elevated as the flagbearers of specialty coffee growing, processing, and Indian specialty coffee representation overseas. 
  Today we’re honoured to be able to tell their story in the fullness of their legacy, with Project Pearl — a microlot program featuring 8 microlots from Ratnagiri Estate, exclusive only to Subko, that showcase the high-scoring, experimentally processed coffees that are a testament to their humble beginnings.",https://www.subko.coffee/products/project-pearl-ratnagiri-estate-karnataka-sca-86-culture-naturals-anaerobic-naturals-filter-roast,https://cdn.shopify.com/s/files/1/0308/0857/1963/files/blend1label.png?v=1757600028
"Project Pearl, Ratnagiri Estate, Karnataka (SCA 86+): Culture naturals+ Anaerobic Naturals: Filter Roast (Light)",Subko,995.0,Electric Drip Coffee Machine (250g),Filter Roast,"Filter Blend from Ratnagiri Estate, Karnataka Filter Roast (Light) - (250g) Process : Culture Naturals+ Anaerobic Naturals Agtron Meter : 89 Altitude : 1356 MASL Varietal : Catuai + Hemavathi Cupper's Notes: Marigold, dragon fruit, peach tea.","Filter Blend from Ratnagiri Estate, Karnataka 
  Filter Roast (Light) - (250g)  
  Process : Culture Naturals+ Anaerobic Naturals 
  Agtron Meter : 89 
  Altitude : 1356 MASL 
  Varietal : Catuai + Hemavathi 
 Cupper's Notes: Marigold, dragon fruit, peach tea. 
 Flavour Meter 
 
   
 
 Best Brewed With 
  FILTER ROAST  
   
  Please note that the best brewed with list is not comprehensive and does not dictate that the coffees cannot be brewed with any other methods. These are the the methods we think will extract the best possible cup. However, this coffee can be ground and enjoyed with any brew method that you desire.   
  Filter Roast:  Manual brewing methods fall under the artisanal brewing style of coffee. Roasting a coffee is also an art, we have developed this filter roast to maintain the quality while brewing over Pour over, Kalita, V60, Origami, April, Chemex. Culture naturals+ Anaerobic Naturals : - RT- YC -1/1: This is a 72-hour CULTURE PROCESS natural processed coffee. It is from the CATUAI varietal grown on our farm at 4400 feet from the block called GODOWN Patte. The Brix of the coffee cherries was 25.4 when harvested and they were put in the Bio fermenters after floater removal. A particular strain of yeast and lactic acid bacteria was added to the coffee in the fermenters and allowed to ferment for 72 hours in a carbon dioxide rich environment. After removing the coffee, they were directly put on raised beds for slow drying. The coffee was then dried slowly with constant stirring over the next 29 days. 
   LAB PROCESS 07:  This is a 60-hour anaerobic fermentation natural processed coffee. It is from the HEMAVTHI varietal grown on our farm at 4450 feet from the block called LINE Patte. The Brix of the coffee cherries was 23.9 when harvested and they were put in the Bio fermenters after floater removal and allowed to ferment for 60 hours in a Nitrogen rich environment with lab grown microbes isolated from the farm. After removing the coffee from the fermenters, it was directly put on raised beds for slow drying. The coffee was then dried slowly with constant stirring over the next 28 days.        
 About Project Pearl 
 
     
 
 In the Indian Specialty Coffee Industry, the name Ratnagiri Estate evinces a recognition of steadily elevating excellence, innovation, and a devotion to sustainability. The name Ratnagiri itself, translates to pearl mountain. 
  Over the years, Ratnagiri Estate's legacy in the Indian specialty coffee industry has steadily elevated as the flagbearers of specialty coffee growing, processing, and Indian specialty coffee representation overseas. 
  Today we’re honoured to be able to tell their story in the fullness of their legacy, with Project Pearl — a microlot program featuring 8 microlots from Ratnagiri Estate, exclusive only to Subko, that showcase the high-scoring, experimentally processed coffees that are a testament to their humble beginnings.",https://www.subko.coffee/products/project-pearl-ratnagiri-estate-karnataka-sca-86-culture-naturals-anaerobic-naturals-filter-roast,https://cdn.shopify.com/s/files/1/0308/0857/1963/files/blend1label.png?v=1757600028
"Project Pearl, Ratnagiri Estate, Karnataka (SCA 86+): Culture naturals+ Anaerobic Naturals: Filter Roast (Light)",Subko,995.0,Chemex (250g),Filter Roast,"Filter Blend from Ratnagiri Estate, Karnataka Filter Roast (Light) - (250g) Process : Culture Naturals+ Anaerobic Naturals Agtron Meter : 89 Altitude : 1356 MASL Varietal : Catuai + Hemavathi Cupper's Notes: Marigold, dragon fruit, peach tea.","Filter Blend from Ratnagiri Estate, Karnataka 
  Filter Roast (Light) - (250g)  
  Process : Culture Naturals+ Anaerobic Naturals 
  Agtron Meter : 89 
  Altitude : 1356 MASL 
  Varietal : Catuai + Hemavathi 
 Cupper's Notes: Marigold, dragon fruit, peach tea. 
 Flavour Meter 
 
   
 
 Best Brewed With 
  FILTER ROAST  
   
  Please note that the best brewed with list is not comprehensive and does not dictate that the coffees cannot be brewed with any other methods. These are the the methods we think will extract the best possible cup. However, this coffee can be ground and enjoyed with any brew method that you desire.   
  Filter Roast:  Manual brewing methods fall under the artisanal brewing style of coffee. Roasting a coffee is also an art, we have developed this filter roast to maintain the quality while brewing over Pour over, Kalita, V60, Origami, April, Chemex. Culture naturals+ Anaerobic Naturals : - RT- YC -1/1: This is a 72-hour CULTURE PROCESS natural processed coffee. It is from the CATUAI varietal grown on our farm at 4400 feet from the block called GODOWN Patte. The Brix of the coffee cherries was 25.4 when harvested and they were put in the Bio fermenters after floater removal. A particular strain of yeast and lactic acid bacteria was added to the coffee in the fermenters and allowed to ferment for 72 hours in a carbon dioxide rich environment. After removing the coffee, they were directly put on raised beds for slow drying. The coffee was then dried slowly with constant stirring over the next 29 days. 
   LAB PROCESS 07:  This is a 60-hour anaerobic fermentation natural processed coffee. It is from the HEMAVTHI varietal grown on our farm at 4450 feet from the block called LINE Patte. The Brix of the coffee cherries was 23.9 when harvested and they were put in the Bio fermenters after floater removal and allowed to ferment for 60 hours in a Nitrogen rich environment with lab grown microbes isolated from the farm. After removing the coffee from the fermenters, it was directly put on raised beds for slow drying. The coffee was then dried slowly with constant stirring over the next 28 days.        
 About Project Pearl 
 
     
 
 In the Indian Specialty Coffee Industry, the name Ratnagiri Estate evinces a recognition of steadily elevating excellence, innovation, and a devotion to sustainability. The name Ratnagiri itself, translates to pearl mountain. 
  Over the years, Ratnagiri Estate's legacy in the Indian specialty coffee industry has steadily elevated as the flagbearers of specialty coffee growing, processing, and Indian specialty coffee representation overseas. 
  Today we’re honoured to be able to tell their story in the fullness of their legacy, with Project Pearl — a microlot program featuring 8 microlots from Ratnagiri Estate, exclusive only to Subko, that showcase the high-scoring, experimentally processed coffees that are a testament to their humble beginnings.",https://www.subko.coffee/products/project-pearl-ratnagiri-estate-karnataka-sca-86-culture-naturals-anaerobic-naturals-filter-roast,https://cdn.shopify.com/s/files/1/0308/0857/1963/files/blend1label.png?v=1757600028
"Project Pearl, Ratnagiri Estate, Karnataka (SCA 86+): Culture naturals+ Anaerobic Naturals: Filter Roast (Light)",Subko,995.0,South Indian Filter (250g),Filter Roast,"Filter Blend from Ratnagiri Estate, Karnataka Filter Roast (Light) - (250g) Process : Culture Naturals+ Anaerobic Naturals Agtron Meter : 89 Altitude : 1356 MASL Varietal : Catuai + Hemavathi Cupper's Notes: Marigold, dragon fruit, peach tea.","Filter Blend from Ratnagiri Estate, Karnataka 
  Filter Roast (Light) - (250g)  
  Process : Culture Naturals+ Anaerobic Naturals 
  Agtron Meter : 89 
  Altitude : 1356 MASL 
  Varietal : Catuai + Hemavathi 
 Cupper's Notes: Marigold, dragon fruit, peach tea. 
 Flavour Meter 
 
   
 
 Best Brewed With 
  FILTER ROAST  
   
  Please note that the best brewed with list is not comprehensive and does not dictate that the coffees cannot be brewed with any other methods. These are the the methods we think will extract the best possible cup. However, this coffee can be ground and enjoyed with any brew method that you desire.   
  Filter Roast:  Manual brewing methods fall under the artisanal brewing style of coffee. Roasting a coffee is also an art, we have developed this filter roast to maintain the quality while brewing over Pour over, Kalita, V60, Origami, April, Chemex. Culture naturals+ Anaerobic Naturals : - RT- YC -1/1: This is a 72-hour CULTURE PROCESS natural processed coffee. It is from the CATUAI varietal grown on our farm at 4400 feet from the block called GODOWN Patte. The Brix of the coffee cherries was 25.4 when harvested and they were put in the Bio fermenters after floater removal. A particular strain of yeast and lactic acid bacteria was added to the coffee in the fermenters and allowed to ferment for 72 hours in a carbon dioxide rich environment. After removing the coffee, they were directly put on raised beds for slow drying. The coffee was then dried slowly with constant stirring over the next 29 days. 
   LAB PROCESS 07:  This is a 60-hour anaerobic fermentation natural processed coffee. It is from the HEMAVTHI varietal grown on our farm at 4450 feet from the block called LINE Patte. The Brix of the coffee cherries was 23.9 when harvested and they were put in the Bio fermenters after floater removal and allowed to ferment for 60 hours in a Nitrogen rich environment with lab grown microbes isolated from the farm. After removing the coffee from the fermenters, it was directly put on raised beds for slow drying. The coffee was then dried slowly with constant stirring over the next 28 days.        
 About Project Pearl 
 
     
 
 In the Indian Specialty Coffee Industry, the name Ratnagiri Estate evinces a recognition of steadily elevating excellence, innovation, and a devotion to sustainability. The name Ratnagiri itself, translates to pearl mountain. 
  Over the years, Ratnagiri Estate's legacy in the Indian specialty coffee industry has steadily elevated as the flagbearers of specialty coffee growing, processing, and Indian specialty coffee representation overseas. 
  Today we’re honoured to be able to tell their story in the fullness of their legacy, with Project Pearl — a microlot program featuring 8 microlots from Ratnagiri Estate, exclusive only to Subko, that showcase the high-scoring, experimentally processed coffees that are a testament to their humble beginnings.",https://www.subko.coffee/products/project-pearl-ratnagiri-estate-karnataka-sca-86-culture-naturals-anaerobic-naturals-filter-roast,https://cdn.shopify.com/s/files/1/0308/0857/1963/files/blend1label.png?v=1757600028
"Subko VLGE, Paderu, Andhra Pradesh | Gurram Hand Washed | Medium Roast",Subko,895.0,Manual Pourover (V60/Kalita),,caramel candy,"Single Origin Specialty Arabica from SUBKO VLGE, Paderu, Andhra Pradesh 
  Medium Roast (250g)  
  Process : Gurram Hand Washed 
  Agtron Meter : 60 
  Altitude : 935 MASL 
  Varietal : Sln. 9 
 Cupper's Notes: Honey, Walnuts, Brown Sugar 
   
  Best Brewed With  
  ESPRESSO ROAST   
   
  Please note that the best brewed with list is not comprehensive and does not dictate that the coffees cannot be brewed with any other methods. These are the methods we think will extract the best possible cup. However, this coffee can be ground and enjoyed with any brew method that you desire.  
  About the Process  
  Gurram Hand Washed:   The process, known as ""Gurram Hand Washed,"" involves a small tribal community using their bare hands to pulp coffee fruits after fermentation. They then wash or demucilage the coffee with their hands.  
  Flavor Meter  
   
 
 Cupper's Notes  
 
 
 
 
 
 
 This coffee lot, roasted for an espresso brew or strong extraction, boasts a flavor profile reminiscent of sweet honey and walnuts, coupled with a heavy body. It features a prolonged, brown sugar-like finish and notes of caramel candy. The mellow, citric aftertaste is akin to that of a semi-ripe dragon fruit. 
 
 
 
 
 
  About Subko VLGE: Co-operative Agriculture  
 A sustainable, farm-to-table-to-farmer operation by Subko 
   Founded by Subko Specialty Coffee Roasters and Craft Bakehouse, the Subko Co-op initiative finds its roots in the village of K. Thadiputtu in Andhra Pradesh. Concentrating its efforts on the holistic advancement of the 'Subko Village,' Subko Co-op has adopted a cluster comprising six tribal farmers from K. Thadiputtu village in Paderu, Andhra Pradesh. With a dedication to bringing these individuals to the forefront of the third wave of coffee, Subko Co-op seeks to not only empower these farmers but to also nurture growth within their entire community.   
   This initiative is focused on tribal farmers who cultivate coffee on government-allotted lands. With an attention on driving direct trade, sustainability, and hyper-traceability, the initiative embodies a commitment to elevating the agricultural landscape in the world of coffee. This endeavor aims to adopt more such clusters in the future. Furthermore, Subko Co-op envisions the establishment of training centers, designed to empower and educate both farmers and their families, paving the way for them to become coffee professionals and authentic representatives of their cultural legacy and heritage. Subko Co-op’s objective is to emerge as a transformative force, reshaping the narrative of coffee cultivation by amalgamating sustainable practices, cultural preservation, and community empowerment, and to narrate origin stories and recognise every stakeholder who puts their heart in coffee cultivation.",https://www.subko.coffee/products/lot-sv09,https://cdn.shopify.com/s/files/1/0308/0857/1963/files/VLGE_2fac6383-dcf0-4b54-a5d5-1453d6d4dae5.png?v=1715899593
"Pourtable Pourover [ Box of 6 ] (84g): The Project Pearl, Ratnagiri Estate, Karnataka",Subko,645.0,,,"Each box includes six sachets, offering a floral, fruit-forward cup—this isn’t instant coffee, it’s instant you.","P ourtable Pourover coffee bags feature Subko’s specialty Arabica blend from   Project Pearl, Ratnagiri Estate, Karnataka  . Each box includes six sachets, offering a floral, fruit-forward cup—this isn’t instant coffee, it’s instant you. Ready when and where you need it.   
 Subko’s Pourtable Pourover is a single-cup drip coffee brewer that delivers the precision of manual brewing methods like Kalita and Origami drippers in a portable format. Just add hot water and brew anywhere.",https://www.subko.coffee/products/pourtable-pourover-box-of-6-84g-the-project-pearl-ratnagiri-estate-karnataka-1,https://cdn.shopify.com/s/files/1/0308/0857/1963/files/POURTABLEPOUROVERS_2024_EDIT_V1_-18_touchedup_finals.jpg?v=1763112759
Pourtable Pourover [ Box of 6] (84g): The Subko VLGE Blend,Subko,595.0,,,"Pourtable Pourover coffee bags feature Subko’s VLGE Blend from Padera, Andhra Pradesh , offering a rich, layered profile with hazelnut praline, plum jam, and milk chocolate notes.","Pourtable Pourover coffee bags feature  Subko’s VLGE Blend from Padera, Andhra Pradesh , offering a rich, layered profile with hazelnut praline, plum jam, and milk chocolate notes. This isn’t instant coffee, it’s instant you. Ready when and where you need it.  
 Subko’s Pourtable Pourover is a single-cup drip coffee brewer that combines the precision of manual brewing methods like Kalita and Origami drippers in a portable format. Just add hot water and brew specialty coffee wherever you are, without compromising on quality.",https://www.subko.coffee/products/pourtable-pourover-box-of-6-84g-the-subko-vlge-blend-1,https://cdn.shopify.com/s/files/1/0308/0857/1963/files/Untitled-3.png?v=1733383239
"Project Seven Sisters, Dima Hasao, Assam: Traditional Naturals, Omniroast (Medium)",Subko,995.0,Whole Bean (250g),,"This method produces coffees with a heavier body, greater sweetness, and pronounced fruity or wine-like character.","Single Origin Arabica Microlot from Dima Hasao, Assam  
  Medium Roast (250g)  
  Process : Traditional Naturals  
  Varietal:  Caturra, Bourbon, Typica 
  Agtron Meter:  65 
  Roast:  Omniroast 
  Cupper's Notes:    Stone Fruit, Red Cherry, Caramel  
 
     
 
 
 
   
 
   
  OMNIROAST   Please note that the best brewed with list is not comprehensive and does not dictate that the coffees cannot be brewed with any other methods. These are the the methods we think will extract the best possible cup. However, this coffee can be ground and enjoyed with any brew method that you desire.    
 
   About the Process 
 
   Traditional Naturals:   
 In this traditional natural process, ripe coffee cherries are harvested and dried whole, with the skin and pulp left intact. As they dry, sugars and fruit compounds slowly ferment and infuse into the bean. The cherries are spread across patios or raised beds and turned regularly to prevent defects, until they reach a stable moisture level for hulling. This method produces coffees with a heavier body, greater sweetness, and pronounced fruity or wine-like character. 
  About the Roast  
 
   Medium Roast  :  At Subko, a Medium roast is one that is obtained by dropping the coffee lot at 201°-204°C. These roasts are generally of a sensory profile that is very smooth, caramel and complex tropical fruits. In terms of the Agtron scale, Subko's definition of medium lies between the points 60 to 74, with 74 being the lightest version of a medium roast, and 60 being the darkest version of the roast.",https://www.subko.coffee/products/project-seven-sisters-dima-hasao-assam-traditional-naturals-omniroast-medium,https://cdn.shopify.com/s/files/1/0308/0857/1963/files/Box_Mockup-NE.png?v=1770372230
"Project Seven Sisters, Dima Hasao, Assam: Traditional Naturals, Omniroast (Medium)",Subko,995.0,Aeropress (250g),,"This method produces coffees with a heavier body, greater sweetness, and pronounced fruity or wine-like character.","Single Origin Arabica Microlot from Dima Hasao, Assam  
  Medium Roast (250g)  
  Process : Traditional Naturals  
  Varietal:  Caturra, Bourbon, Typica 
  Agtron Meter:  65 
  Roast:  Omniroast 
  Cupper's Notes:    Stone Fruit, Red Cherry, Caramel  
 
     
 
 
 
   
 
   
  OMNIROAST   Please note that the best brewed with list is not comprehensive and does not dictate that the coffees cannot be brewed with any other methods. These are the the methods we think will extract the best possible cup. However, this coffee can be ground and enjoyed with any brew method that you desire.    
 
   About the Process 
 
   Traditional Naturals:   
 In this traditional natural process, ripe coffee cherries are harvested and dried whole, with the skin and pulp left intact. As they dry, sugars and fruit compounds slowly ferment and infuse into the bean. The cherries are spread across patios or raised beds and turned regularly to prevent defects, until they reach a stable moisture level for hulling. This method produces coffees with a heavier body, greater sweetness, and pronounced fruity or wine-like character. 
  About the Roast  
 
   Medium Roast  :  At Subko, a Medium roast is one that is obtained by dropping the coffee lot at 201°-204°C. These roasts are generally of a sensory profile that is very smooth, caramel and complex tropical fruits. In terms of the Agtron scale, Subko's definition of medium lies between the points 60 to 74, with 74 being the lightest version of a medium roast, and 60 being the darkest version of the roast.",https://www.subko.coffee/products/project-seven-sisters-dima-hasao-assam-traditional-naturals-omniroast-medium,https://cdn.shopify.com/s/files/1/0308/0857/1963/files/Box_Mockup-NE.png?v=1770372230
"Project Seven Sisters, Dima Hasao, Assam: Traditional Naturals, Omniroast (Medium)",Subko,995.0,Pourover V60/Kalita (250g),,"This method produces coffees with a heavier body, greater sweetness, and pronounced fruity or wine-like character.","Single Origin Arabica Microlot from Dima Hasao, Assam  
  Medium Roast (250g)  
  Process : Traditional Naturals  
  Varietal:  Caturra, Bourbon, Typica 
  Agtron Meter:  65 
  Roast:  Omniroast 
  Cupper's Notes:    Stone Fruit, Red Cherry, Caramel  
 
     
 
 
 
   
 
   
  OMNIROAST   Please note that the best brewed with list is not comprehensive and does not dictate that the coffees cannot be brewed with any other methods. These are the the methods we think will extract the best possible cup. However, this coffee can be ground and enjoyed with any brew method that you desire.    
 
   About the Process 
 
   Traditional Naturals:   
 In this traditional natural process, ripe coffee cherries are harvested and dried whole, with the skin and pulp left intact. As they dry, sugars and fruit compounds slowly ferment and infuse into the bean. The cherries are spread across patios or raised beds and turned regularly to prevent defects, until they reach a stable moisture level for hulling. This method produces coffees with a heavier body, greater sweetness, and pronounced fruity or wine-like character. 
  About the Roast  
 
   Medium Roast  :  At Subko, a Medium roast is one that is obtained by dropping the coffee lot at 201°-204°C. These roasts are generally of a sensory profile that is very smooth, caramel and complex tropical fruits. In terms of the Agtron scale, Subko's definition of medium lies between the points 60 to 74, with 74 being the lightest version of a medium roast, and 60 being the darkest version of the roast.",https://www.subko.coffee/products/project-seven-sisters-dima-hasao-assam-traditional-naturals-omniroast-medium,https://cdn.shopify.com/s/files/1/0308/0857/1963/files/Box_Mockup-NE.png?v=1770372230
"Project Seven Sisters, Dima Hasao, Assam: Traditional Naturals, Omniroast (Medium)",Subko,995.0,Clever Dripper (250g),,"This method produces coffees with a heavier body, greater sweetness, and pronounced fruity or wine-like character.","Single Origin Arabica Microlot from Dima Hasao, Assam  
  Medium Roast (250g)  
  Process : Traditional Naturals  
  Varietal:  Caturra, Bourbon, Typica 
  Agtron Meter:  65 
  Roast:  Omniroast 
  Cupper's Notes:    Stone Fruit, Red Cherry, Caramel  
 
     
 
 
 
   
 
   
  OMNIROAST   Please note that the best brewed with list is not comprehensive and does not dictate that the coffees cannot be brewed with any other methods. These are the the methods we think will extract the best possible cup. However, this coffee can be ground and enjoyed with any brew method that you desire.    
 
   About the Process 
 
   Traditional Naturals:   
 In this traditional natural process, ripe coffee cherries are harvested and dried whole, with the skin and pulp left intact. As they dry, sugars and fruit compounds slowly ferment and infuse into the bean. The cherries are spread across patios or raised beds and turned regularly to prevent defects, until they reach a stable moisture level for hulling. This method produces coffees with a heavier body, greater sweetness, and pronounced fruity or wine-like character. 
  About the Roast  
 
   Medium Roast  :  At Subko, a Medium roast is one that is obtained by dropping the coffee lot at 201°-204°C. These roasts are generally of a sensory profile that is very smooth, caramel and complex tropical fruits. In terms of the Agtron scale, Subko's definition of medium lies between the points 60 to 74, with 74 being the lightest version of a medium roast, and 60 being the darkest version of the roast.",https://www.subko.coffee/products/project-seven-sisters-dima-hasao-assam-traditional-naturals-omniroast-medium,https://cdn.shopify.com/s/files/1/0308/0857/1963/files/Box_Mockup-NE.png?v=1770372230
"Project Seven Sisters, Dima Hasao, Assam: Traditional Naturals, Omniroast (Medium)",Subko,995.0,Moka Pot (250g),,"This method produces coffees with a heavier body, greater sweetness, and pronounced fruity or wine-like character.","Single Origin Arabica Microlot from Dima Hasao, Assam  
  Medium Roast (250g)  
  Process : Traditional Naturals  
  Varietal:  Caturra, Bourbon, Typica 
  Agtron Meter:  65 
  Roast:  Omniroast 
  Cupper's Notes:    Stone Fruit, Red Cherry, Caramel  
 
     
 
 
 
   
 
   
  OMNIROAST   Please note that the best brewed with list is not comprehensive and does not dictate that the coffees cannot be brewed with any other methods. These are the the methods we think will extract the best possible cup. However, this coffee can be ground and enjoyed with any brew method that you desire.    
 
   About the Process 
 
   Traditional Naturals:   
 In this traditional natural process, ripe coffee cherries are harvested and dried whole, with the skin and pulp left intact. As they dry, sugars and fruit compounds slowly ferment and infuse into the bean. The cherries are spread across patios or raised beds and turned regularly to prevent defects, until they reach a stable moisture level for hulling. This method produces coffees with a heavier body, greater sweetness, and pronounced fruity or wine-like character. 
  About the Roast  
 
   Medium Roast  :  At Subko, a Medium roast is one that is obtained by dropping the coffee lot at 201°-204°C. These roasts are generally of a sensory profile that is very smooth, caramel and complex tropical fruits. In terms of the Agtron scale, Subko's definition of medium lies between the points 60 to 74, with 74 being the lightest version of a medium roast, and 60 being the darkest version of the roast.",https://www.subko.coffee/products/project-seven-sisters-dima-hasao-assam-traditional-naturals-omniroast-medium,https://cdn.shopify.com/s/files/1/0308/0857/1963/files/Box_Mockup-NE.png?v=1770372230
"Project Seven Sisters, Dima Hasao, Assam: Traditional Naturals, Omniroast (Medium)",Subko,996.0,Espresso Machine (250g),,"This method produces coffees with a heavier body, greater sweetness, and pronounced fruity or wine-like character.","Single Origin Arabica Microlot from Dima Hasao, Assam  
  Medium Roast (250g)  
  Process : Traditional Naturals  
  Varietal:  Caturra, Bourbon, Typica 
  Agtron Meter:  65 
  Roast:  Omniroast 
  Cupper's Notes:    Stone Fruit, Red Cherry, Caramel  
 
     
 
 
 
   
 
   
  OMNIROAST   Please note that the best brewed with list is not comprehensive and does not dictate that the coffees cannot be brewed with any other methods. These are the the methods we think will extract the best possible cup. However, this coffee can be ground and enjoyed with any brew method that you desire.    
 
   About the Process 
 
   Traditional Naturals:   
 In this traditional natural process, ripe coffee cherries are harvested and dried whole, with the skin and pulp left intact. As they dry, sugars and fruit compounds slowly ferment and infuse into the bean. The cherries are spread across patios or raised beds and turned regularly to prevent defects, until they reach a stable moisture level for hulling. This method produces coffees with a heavier body, greater sweetness, and pronounced fruity or wine-like character. 
  About the Roast  
 
   Medium Roast  :  At Subko, a Medium roast is one that is obtained by dropping the coffee lot at 201°-204°C. These roasts are generally of a sensory profile that is very smooth, caramel and complex tropical fruits. In terms of the Agtron scale, Subko's definition of medium lies between the points 60 to 74, with 74 being the lightest version of a medium roast, and 60 being the darkest version of the roast.",https://www.subko.coffee/products/project-seven-sisters-dima-hasao-assam-traditional-naturals-omniroast-medium,https://cdn.shopify.com/s/files/1/0308/0857/1963/files/Box_Mockup-NE.png?v=1770372230
"Project Seven Sisters, Dima Hasao, Assam: Traditional Naturals, Omniroast (Medium)",Subko,995.0,French Press / Cold Brew / Channi (250g),,"This method produces coffees with a heavier body, greater sweetness, and pronounced fruity or wine-like character.","Single Origin Arabica Microlot from Dima Hasao, Assam  
  Medium Roast (250g)  
  Process : Traditional Naturals  
  Varietal:  Caturra, Bourbon, Typica 
  Agtron Meter:  65 
  Roast:  Omniroast 
  Cupper's Notes:    Stone Fruit, Red Cherry, Caramel  
 
     
 
 
 
   
 
   
  OMNIROAST   Please note that the best brewed with list is not comprehensive and does not dictate that the coffees cannot be brewed with any other methods. These are the the methods we think will extract the best possible cup. However, this coffee can be ground and enjoyed with any brew method that you desire.    
 
   About the Process 
 
   Traditional Naturals:   
 In this traditional natural process, ripe coffee cherries are harvested and dried whole, with the skin and pulp left intact. As they dry, sugars and fruit compounds slowly ferment and infuse into the bean. The cherries are spread across patios or raised beds and turned regularly to prevent defects, until they reach a stable moisture level for hulling. This method produces coffees with a heavier body, greater sweetness, and pronounced fruity or wine-like character. 
  About the Roast  
 
   Medium Roast  :  At Subko, a Medium roast is one that is obtained by dropping the coffee lot at 201°-204°C. These roasts are generally of a sensory profile that is very smooth, caramel and complex tropical fruits. In terms of the Agtron scale, Subko's definition of medium lies between the points 60 to 74, with 74 being the lightest version of a medium roast, and 60 being the darkest version of the roast.",https://www.subko.coffee/products/project-seven-sisters-dima-hasao-assam-traditional-naturals-omniroast-medium,https://cdn.shopify.com/s/files/1/0308/0857/1963/files/Box_Mockup-NE.png?v=1770372230
"Project Seven Sisters, Dima Hasao, Assam: Traditional Naturals, Omniroast (Medium)",Subko,995.0,South Indian Filter (250g),,"This method produces coffees with a heavier body, greater sweetness, and pronounced fruity or wine-like character.","Single Origin Arabica Microlot from Dima Hasao, Assam  
  Medium Roast (250g)  
  Process : Traditional Naturals  
  Varietal:  Caturra, Bourbon, Typica 
  Agtron Meter:  65 
  Roast:  Omniroast 
  Cupper's Notes:    Stone Fruit, Red Cherry, Caramel  
 
     
 
 
 
   
 
   
  OMNIROAST   Please note that the best brewed with list is not comprehensive and does not dictate that the coffees cannot be brewed with any other methods. These are the the methods we think will extract the best possible cup. However, this coffee can be ground and enjoyed with any brew method that you desire.    
 
   About the Process 
 
   Traditional Naturals:   
 In this traditional natural process, ripe coffee cherries are harvested and dried whole, with the skin and pulp left intact. As they dry, sugars and fruit compounds slowly ferment and infuse into the bean. The cherries are spread across patios or raised beds and turned regularly to prevent defects, until they reach a stable moisture level for hulling. This method produces coffees with a heavier body, greater sweetness, and pronounced fruity or wine-like character. 
  About the Roast  
 
   Medium Roast  :  At Subko, a Medium roast is one that is obtained by dropping the coffee lot at 201°-204°C. These roasts are generally of a sensory profile that is very smooth, caramel and complex tropical fruits. In terms of the Agtron scale, Subko's definition of medium lies between the points 60 to 74, with 74 being the lightest version of a medium roast, and 60 being the darkest version of the roast.",https://www.subko.coffee/products/project-seven-sisters-dima-hasao-assam-traditional-naturals-omniroast-medium,https://cdn.shopify.com/s/files/1/0308/0857/1963/files/Box_Mockup-NE.png?v=1770372230
"Project Seven Sisters, Dima Hasao, Assam: Traditional Naturals, Omniroast (Medium)",Subko,995.0,Chemex (250g),,"This method produces coffees with a heavier body, greater sweetness, and pronounced fruity or wine-like character.","Single Origin Arabica Microlot from Dima Hasao, Assam  
  Medium Roast (250g)  
  Process : Traditional Naturals  
  Varietal:  Caturra, Bourbon, Typica 
  Agtron Meter:  65 
  Roast:  Omniroast 
  Cupper's Notes:    Stone Fruit, Red Cherry, Caramel  
 
     
 
 
 
   
 
   
  OMNIROAST   Please note that the best brewed with list is not comprehensive and does not dictate that the coffees cannot be brewed with any other methods. These are the the methods we think will extract the best possible cup. However, this coffee can be ground and enjoyed with any brew method that you desire.    
 
   About the Process 
 
   Traditional Naturals:   
 In this traditional natural process, ripe coffee cherries are harvested and dried whole, with the skin and pulp left intact. As they dry, sugars and fruit compounds slowly ferment and infuse into the bean. The cherries are spread across patios or raised beds and turned regularly to prevent defects, until they reach a stable moisture level for hulling. This method produces coffees with a heavier body, greater sweetness, and pronounced fruity or wine-like character. 
  About the Roast  
 
   Medium Roast  :  At Subko, a Medium roast is one that is obtained by dropping the coffee lot at 201°-204°C. These roasts are generally of a sensory profile that is very smooth, caramel and complex tropical fruits. In terms of the Agtron scale, Subko's definition of medium lies between the points 60 to 74, with 74 being the lightest version of a medium roast, and 60 being the darkest version of the roast.",https://www.subko.coffee/products/project-seven-sisters-dima-hasao-assam-traditional-naturals-omniroast-medium,https://cdn.shopify.com/s/files/1/0308/0857/1963/files/Box_Mockup-NE.png?v=1770372230
"Project Seven Sisters, Dima Hasao, Assam: Traditional Naturals, Omniroast (Medium)",Subko,1095.0,Electric Drip Coffee Machine (250g),,"This method produces coffees with a heavier body, greater sweetness, and pronounced fruity or wine-like character.","Single Origin Arabica Microlot from Dima Hasao, Assam  
  Medium Roast (250g)  
  Process : Traditional Naturals  
  Varietal:  Caturra, Bourbon, Typica 
  Agtron Meter:  65 
  Roast:  Omniroast 
  Cupper's Notes:    Stone Fruit, Red Cherry, Caramel  
 
     
 
 
 
   
 
   
  OMNIROAST   Please note that the best brewed with list is not comprehensive and does not dictate that the coffees cannot be brewed with any other methods. These are the the methods we think will extract the best possible cup. However, this coffee can be ground and enjoyed with any brew method that you desire.    
 
   About the Process 
 
   Traditional Naturals:   
 In this traditional natural process, ripe coffee cherries are harvested and dried whole, with the skin and pulp left intact. As they dry, sugars and fruit compounds slowly ferment and infuse into the bean. The cherries are spread across patios or raised beds and turned regularly to prevent defects, until they reach a stable moisture level for hulling. This method produces coffees with a heavier body, greater sweetness, and pronounced fruity or wine-like character. 
  About the Roast  
 
   Medium Roast  :  At Subko, a Medium roast is one that is obtained by dropping the coffee lot at 201°-204°C. These roasts are generally of a sensory profile that is very smooth, caramel and complex tropical fruits. In terms of the Agtron scale, Subko's definition of medium lies between the points 60 to 74, with 74 being the lightest version of a medium roast, and 60 being the darkest version of the roast.",https://www.subko.coffee/products/project-seven-sisters-dima-hasao-assam-traditional-naturals-omniroast-medium,https://cdn.shopify.com/s/files/1/0308/0857/1963/files/Box_Mockup-NE.png?v=1770372230
"Project 360, Badra Estates, Karnataka: Black Honey, Filter Roast (Medium-Light)",Subko,995.0,Whole Bean (250g),Filter Roast,,"Filter Blend from Badra Estates, Karnataka 
  Filter Roast (Light) - (250g)  
  Process : Black Honey 
  Agtron Meter : 75 
  Altitude : 795 - 1050 MASL 
  Varietal : SLN 795 
 Cupper's Notes: Blackberry, Plum Jam, Nutmeg 
 Flavor Meter 
 
   
 
 Best Brewed With 
  FILTER ROAST  
   
  Please note that the best brewed with list is not comprehensive and does not dictate that the coffees cannot be brewed with any other methods. These are the the methods we think will extract the best possible cup. However, this coffee can be ground and enjoyed with any brew method that you desire.   
  Filter Roast:  Manual brewing methods fall under the artisanal brewing style of coffee. Roasting a coffee is also an art, we have developed this filter roast to maintain the quality while brewing over Pour over, Kalita, V60, Origami, April, Chemex.   About The Process:   
 Ripe S795 cherries are selectively handpicked and fermented for 60 hours under partially anaerobic conditions, then dry-pulped. The parchment, with mucilage intact, is initially sun-dried on trays before being transferred to the drying yard. Throughout drying, the coffee is raked hourly to ensure uniform airflow, prevent over-fermentation, and maintain consistency, until a final moisture content of 10.5-11% is reached.",https://www.subko.coffee/products/project-360-badra-estates-karnataka-black-honey-filter-roast-medium-light,https://cdn.shopify.com/s/files/1/0308/0857/1963/files/2_badra_boxes.png?v=1770987150
"Project 360, Badra Estates, Karnataka: Black Honey, Filter Roast (Medium-Light)",Subko,995.0,Pourover (V60/Kalita) (250g),Filter Roast,,"Filter Blend from Badra Estates, Karnataka 
  Filter Roast (Light) - (250g)  
  Process : Black Honey 
  Agtron Meter : 75 
  Altitude : 795 - 1050 MASL 
  Varietal : SLN 795 
 Cupper's Notes: Blackberry, Plum Jam, Nutmeg 
 Flavor Meter 
 
   
 
 Best Brewed With 
  FILTER ROAST  
   
  Please note that the best brewed with list is not comprehensive and does not dictate that the coffees cannot be brewed with any other methods. These are the the methods we think will extract the best possible cup. However, this coffee can be ground and enjoyed with any brew method that you desire.   
  Filter Roast:  Manual brewing methods fall under the artisanal brewing style of coffee. Roasting a coffee is also an art, we have developed this filter roast to maintain the quality while brewing over Pour over, Kalita, V60, Origami, April, Chemex.   About The Process:   
 Ripe S795 cherries are selectively handpicked and fermented for 60 hours under partially anaerobic conditions, then dry-pulped. The parchment, with mucilage intact, is initially sun-dried on trays before being transferred to the drying yard. Throughout drying, the coffee is raked hourly to ensure uniform airflow, prevent over-fermentation, and maintain consistency, until a final moisture content of 10.5-11% is reached.",https://www.subko.coffee/products/project-360-badra-estates-karnataka-black-honey-filter-roast-medium-light,https://cdn.shopify.com/s/files/1/0308/0857/1963/files/2_badra_boxes.png?v=1770987150
"Project 360, Badra Estates, Karnataka: Black Honey, Filter Roast (Medium-Light)",Subko,995.0,Espresso Machine (250g),Filter Roast,,"Filter Blend from Badra Estates, Karnataka 
  Filter Roast (Light) - (250g)  
  Process : Black Honey 
  Agtron Meter : 75 
  Altitude : 795 - 1050 MASL 
  Varietal : SLN 795 
 Cupper's Notes: Blackberry, Plum Jam, Nutmeg 
 Flavor Meter 
 
   
 
 Best Brewed With 
  FILTER ROAST  
   
  Please note that the best brewed with list is not comprehensive and does not dictate that the coffees cannot be brewed with any other methods. These are the the methods we think will extract the best possible cup. However, this coffee can be ground and enjoyed with any brew method that you desire.   
  Filter Roast:  Manual brewing methods fall under the artisanal brewing style of coffee. Roasting a coffee is also an art, we have developed this filter roast to maintain the quality while brewing over Pour over, Kalita, V60, Origami, April, Chemex.   About The Process:   
 Ripe S795 cherries are selectively handpicked and fermented for 60 hours under partially anaerobic conditions, then dry-pulped. The parchment, with mucilage intact, is initially sun-dried on trays before being transferred to the drying yard. Throughout drying, the coffee is raked hourly to ensure uniform airflow, prevent over-fermentation, and maintain consistency, until a final moisture content of 10.5-11% is reached.",https://www.subko.coffee/products/project-360-badra-estates-karnataka-black-honey-filter-roast-medium-light,https://cdn.shopify.com/s/files/1/0308/0857/1963/files/2_badra_boxes.png?v=1770987150
"Project 360, Badra Estates, Karnataka: Black Honey, Filter Roast (Medium-Light)",Subko,995.0,Channi (250g),Filter Roast,,"Filter Blend from Badra Estates, Karnataka 
  Filter Roast (Light) - (250g)  
  Process : Black Honey 
  Agtron Meter : 75 
  Altitude : 795 - 1050 MASL 
  Varietal : SLN 795 
 Cupper's Notes: Blackberry, Plum Jam, Nutmeg 
 Flavor Meter 
 
   
 
 Best Brewed With 
  FILTER ROAST  
   
  Please note that the best brewed with list is not comprehensive and does not dictate that the coffees cannot be brewed with any other methods. These are the the methods we think will extract the best possible cup. However, this coffee can be ground and enjoyed with any brew method that you desire.   
  Filter Roast:  Manual brewing methods fall under the artisanal brewing style of coffee. Roasting a coffee is also an art, we have developed this filter roast to maintain the quality while brewing over Pour over, Kalita, V60, Origami, April, Chemex.   About The Process:   
 Ripe S795 cherries are selectively handpicked and fermented for 60 hours under partially anaerobic conditions, then dry-pulped. The parchment, with mucilage intact, is initially sun-dried on trays before being transferred to the drying yard. Throughout drying, the coffee is raked hourly to ensure uniform airflow, prevent over-fermentation, and maintain consistency, until a final moisture content of 10.5-11% is reached.",https://www.subko.coffee/products/project-360-badra-estates-karnataka-black-honey-filter-roast-medium-light,https://cdn.shopify.com/s/files/1/0308/0857/1963/files/2_badra_boxes.png?v=1770987150
"Project 360, Badra Estates, Karnataka: Black Honey, Filter Roast (Medium-Light)",Subko,995.0,Cold Brew (250g),Filter Roast,,"Filter Blend from Badra Estates, Karnataka 
  Filter Roast (Light) - (250g)  
  Process : Black Honey 
  Agtron Meter : 75 
  Altitude : 795 - 1050 MASL 
  Varietal : SLN 795 
 Cupper's Notes: Blackberry, Plum Jam, Nutmeg 
 Flavor Meter 
 
   
 
 Best Brewed With 
  FILTER ROAST  
   
  Please note that the best brewed with list is not comprehensive and does not dictate that the coffees cannot be brewed with any other methods. These are the the methods we think will extract the best possible cup. However, this coffee can be ground and enjoyed with any brew method that you desire.   
  Filter Roast:  Manual brewing methods fall under the artisanal brewing style of coffee. Roasting a coffee is also an art, we have developed this filter roast to maintain the quality while brewing over Pour over, Kalita, V60, Origami, April, Chemex.   About The Process:   
 Ripe S795 cherries are selectively handpicked and fermented for 60 hours under partially anaerobic conditions, then dry-pulped. The parchment, with mucilage intact, is initially sun-dried on trays before being transferred to the drying yard. Throughout drying, the coffee is raked hourly to ensure uniform airflow, prevent over-fermentation, and maintain consistency, until a final moisture content of 10.5-11% is reached.",https://www.subko.coffee/products/project-360-badra-estates-karnataka-black-honey-filter-roast-medium-light,https://cdn.shopify.com/s/files/1/0308/0857/1963/files/2_badra_boxes.png?v=1770987150
"Project 360, Badra Estates, Karnataka: Black Honey, Filter Roast (Medium-Light)",Subko,995.0,Moka Pot (250g),Filter Roast,,"Filter Blend from Badra Estates, Karnataka 
  Filter Roast (Light) - (250g)  
  Process : Black Honey 
  Agtron Meter : 75 
  Altitude : 795 - 1050 MASL 
  Varietal : SLN 795 
 Cupper's Notes: Blackberry, Plum Jam, Nutmeg 
 Flavor Meter 
 
   
 
 Best Brewed With 
  FILTER ROAST  
   
  Please note that the best brewed with list is not comprehensive and does not dictate that the coffees cannot be brewed with any other methods. These are the the methods we think will extract the best possible cup. However, this coffee can be ground and enjoyed with any brew method that you desire.   
  Filter Roast:  Manual brewing methods fall under the artisanal brewing style of coffee. Roasting a coffee is also an art, we have developed this filter roast to maintain the quality while brewing over Pour over, Kalita, V60, Origami, April, Chemex.   About The Process:   
 Ripe S795 cherries are selectively handpicked and fermented for 60 hours under partially anaerobic conditions, then dry-pulped. The parchment, with mucilage intact, is initially sun-dried on trays before being transferred to the drying yard. Throughout drying, the coffee is raked hourly to ensure uniform airflow, prevent over-fermentation, and maintain consistency, until a final moisture content of 10.5-11% is reached.",https://www.subko.coffee/products/project-360-badra-estates-karnataka-black-honey-filter-roast-medium-light,https://cdn.shopify.com/s/files/1/0308/0857/1963/files/2_badra_boxes.png?v=1770987150
"Project 360, Badra Estates, Karnataka: Black Honey, Filter Roast (Medium-Light)",Subko,995.0,Aeropress (250g),Filter Roast,,"Filter Blend from Badra Estates, Karnataka 
  Filter Roast (Light) - (250g)  
  Process : Black Honey 
  Agtron Meter : 75 
  Altitude : 795 - 1050 MASL 
  Varietal : SLN 795 
 Cupper's Notes: Blackberry, Plum Jam, Nutmeg 
 Flavor Meter 
 
   
 
 Best Brewed With 
  FILTER ROAST  
   
  Please note that the best brewed with list is not comprehensive and does not dictate that the coffees cannot be brewed with any other methods. These are the the methods we think will extract the best possible cup. However, this coffee can be ground and enjoyed with any brew method that you desire.   
  Filter Roast:  Manual brewing methods fall under the artisanal brewing style of coffee. Roasting a coffee is also an art, we have developed this filter roast to maintain the quality while brewing over Pour over, Kalita, V60, Origami, April, Chemex.   About The Process:   
 Ripe S795 cherries are selectively handpicked and fermented for 60 hours under partially anaerobic conditions, then dry-pulped. The parchment, with mucilage intact, is initially sun-dried on trays before being transferred to the drying yard. Throughout drying, the coffee is raked hourly to ensure uniform airflow, prevent over-fermentation, and maintain consistency, until a final moisture content of 10.5-11% is reached.",https://www.subko.coffee/products/project-360-badra-estates-karnataka-black-honey-filter-roast-medium-light,https://cdn.shopify.com/s/files/1/0308/0857/1963/files/2_badra_boxes.png?v=1770987150
"Project 360, Badra Estates, Karnataka: Black Honey, Filter Roast (Medium-Light)",Subko,995.0,Clever Dripper (250g),Filter Roast,,"Filter Blend from Badra Estates, Karnataka 
  Filter Roast (Light) - (250g)  
  Process : Black Honey 
  Agtron Meter : 75 
  Altitude : 795 - 1050 MASL 
  Varietal : SLN 795 
 Cupper's Notes: Blackberry, Plum Jam, Nutmeg 
 Flavor Meter 
 
   
 
 Best Brewed With 
  FILTER ROAST  
   
  Please note that the best brewed with list is not comprehensive and does not dictate that the coffees cannot be brewed with any other methods. These are the the methods we think will extract the best possible cup. However, this coffee can be ground and enjoyed with any brew method that you desire.   
  Filter Roast:  Manual brewing methods fall under the artisanal brewing style of coffee. Roasting a coffee is also an art, we have developed this filter roast to maintain the quality while brewing over Pour over, Kalita, V60, Origami, April, Chemex.   About The Process:   
 Ripe S795 cherries are selectively handpicked and fermented for 60 hours under partially anaerobic conditions, then dry-pulped. The parchment, with mucilage intact, is initially sun-dried on trays before being transferred to the drying yard. Throughout drying, the coffee is raked hourly to ensure uniform airflow, prevent over-fermentation, and maintain consistency, until a final moisture content of 10.5-11% is reached.",https://www.subko.coffee/products/project-360-badra-estates-karnataka-black-honey-filter-roast-medium-light,https://cdn.shopify.com/s/files/1/0308/0857/1963/files/2_badra_boxes.png?v=1770987150
"Project 360, Badra Estates, Karnataka: Black Honey, Filter Roast (Medium-Light)",Subko,995.0,French Press (250g),Filter Roast,,"Filter Blend from Badra Estates, Karnataka 
  Filter Roast (Light) - (250g)  
  Process : Black Honey 
  Agtron Meter : 75 
  Altitude : 795 - 1050 MASL 
  Varietal : SLN 795 
 Cupper's Notes: Blackberry, Plum Jam, Nutmeg 
 Flavor Meter 
 
   
 
 Best Brewed With 
  FILTER ROAST  
   
  Please note that the best brewed with list is not comprehensive and does not dictate that the coffees cannot be brewed with any other methods. These are the the methods we think will extract the best possible cup. However, this coffee can be ground and enjoyed with any brew method that you desire.   
  Filter Roast:  Manual brewing methods fall under the artisanal brewing style of coffee. Roasting a coffee is also an art, we have developed this filter roast to maintain the quality while brewing over Pour over, Kalita, V60, Origami, April, Chemex.   About The Process:   
 Ripe S795 cherries are selectively handpicked and fermented for 60 hours under partially anaerobic conditions, then dry-pulped. The parchment, with mucilage intact, is initially sun-dried on trays before being transferred to the drying yard. Throughout drying, the coffee is raked hourly to ensure uniform airflow, prevent over-fermentation, and maintain consistency, until a final moisture content of 10.5-11% is reached.",https://www.subko.coffee/products/project-360-badra-estates-karnataka-black-honey-filter-roast-medium-light,https://cdn.shopify.com/s/files/1/0308/0857/1963/files/2_badra_boxes.png?v=1770987150
"Project 360, Badra Estates, Karnataka: Black Honey, Filter Roast (Medium-Light)",Subko,995.0,Electric Drip Coffee Machine (250g),Filter Roast,,"Filter Blend from Badra Estates, Karnataka 
  Filter Roast (Light) - (250g)  
  Process : Black Honey 
  Agtron Meter : 75 
  Altitude : 795 - 1050 MASL 
  Varietal : SLN 795 
 Cupper's Notes: Blackberry, Plum Jam, Nutmeg 
 Flavor Meter 
 
   
 
 Best Brewed With 
  FILTER ROAST  
   
  Please note that the best brewed with list is not comprehensive and does not dictate that the coffees cannot be brewed with any other methods. These are the the methods we think will extract the best possible cup. However, this coffee can be ground and enjoyed with any brew method that you desire.   
  Filter Roast:  Manual brewing methods fall under the artisanal brewing style of coffee. Roasting a coffee is also an art, we have developed this filter roast to maintain the quality while brewing over Pour over, Kalita, V60, Origami, April, Chemex.   About The Process:   
 Ripe S795 cherries are selectively handpicked and fermented for 60 hours under partially anaerobic conditions, then dry-pulped. The parchment, with mucilage intact, is initially sun-dried on trays before being transferred to the drying yard. Throughout drying, the coffee is raked hourly to ensure uniform airflow, prevent over-fermentation, and maintain consistency, until a final moisture content of 10.5-11% is reached.",https://www.subko.coffee/products/project-360-badra-estates-karnataka-black-honey-filter-roast-medium-light,https://cdn.shopify.com/s/files/1/0308/0857/1963/files/2_badra_boxes.png?v=1770987150
"Project 360, Badra Estates, Karnataka: Black Honey, Filter Roast (Medium-Light)",Subko,995.0,Chemex (250g),Filter Roast,,"Filter Blend from Badra Estates, Karnataka 
  Filter Roast (Light) - (250g)  
  Process : Black Honey 
  Agtron Meter : 75 
  Altitude : 795 - 1050 MASL 
  Varietal : SLN 795 
 Cupper's Notes: Blackberry, Plum Jam, Nutmeg 
 Flavor Meter 
 
   
 
 Best Brewed With 
  FILTER ROAST  
   
  Please note that the best brewed with list is not comprehensive and does not dictate that the coffees cannot be brewed with any other methods. These are the the methods we think will extract the best possible cup. However, this coffee can be ground and enjoyed with any brew method that you desire.   
  Filter Roast:  Manual brewing methods fall under the artisanal brewing style of coffee. Roasting a coffee is also an art, we have developed this filter roast to maintain the quality while brewing over Pour over, Kalita, V60, Origami, April, Chemex.   About The Process:   
 Ripe S795 cherries are selectively handpicked and fermented for 60 hours under partially anaerobic conditions, then dry-pulped. The parchment, with mucilage intact, is initially sun-dried on trays before being transferred to the drying yard. Throughout drying, the coffee is raked hourly to ensure uniform airflow, prevent over-fermentation, and maintain consistency, until a final moisture content of 10.5-11% is reached.",https://www.subko.coffee/products/project-360-badra-estates-karnataka-black-honey-filter-roast-medium-light,https://cdn.shopify.com/s/files/1/0308/0857/1963/files/2_badra_boxes.png?v=1770987150
"Project 360, Badra Estates, Karnataka: Black Honey, Filter Roast (Medium-Light)",Subko,995.0,South Indian Filter (250g),Filter Roast,,"Filter Blend from Badra Estates, Karnataka 
  Filter Roast (Light) - (250g)  
  Process : Black Honey 
  Agtron Meter : 75 
  Altitude : 795 - 1050 MASL 
  Varietal : SLN 795 
 Cupper's Notes: Blackberry, Plum Jam, Nutmeg 
 Flavor Meter 
 
   
 
 Best Brewed With 
  FILTER ROAST  
   
  Please note that the best brewed with list is not comprehensive and does not dictate that the coffees cannot be brewed with any other methods. These are the the methods we think will extract the best possible cup. However, this coffee can be ground and enjoyed with any brew method that you desire.   
  Filter Roast:  Manual brewing methods fall under the artisanal brewing style of coffee. Roasting a coffee is also an art, we have developed this filter roast to maintain the quality while brewing over Pour over, Kalita, V60, Origami, April, Chemex.   About The Process:   
 Ripe S795 cherries are selectively handpicked and fermented for 60 hours under partially anaerobic conditions, then dry-pulped. The parchment, with mucilage intact, is initially sun-dried on trays before being transferred to the drying yard. Throughout drying, the coffee is raked hourly to ensure uniform airflow, prevent over-fermentation, and maintain consistency, until a final moisture content of 10.5-11% is reached.",https://www.subko.coffee/products/project-360-badra-estates-karnataka-black-honey-filter-roast-medium-light,https://cdn.shopify.com/s/files/1/0308/0857/1963/files/2_badra_boxes.png?v=1770987150
"Project Salawara Bros.: Lot 336, Salawara Estate, Karnataka: Naturals, Omniroast (Medium-Dark)",Subko,995.0,Whole Bean (250g),Medium-Dark Roast,,"Single Origin Robusta Microlot from Salawara Estate, Karnataka  
  Medium-Dark Roast (250g)  
  Process : Naturals  
  Varietal:  CXR 
  Agtron Meter:  59 
  Roast:  Omniroast 
  Cupper's Notes:    Dried Apricot, Dark Cocoa, Caramel  
 
     
 
 
 
   
 
   
  OMNIROAST   Please note that the best brewed with list is not comprehensive and does not dictate that the coffees cannot be brewed with any other methods. These are the the methods we think will extract the best possible cup. However, this coffee can be ground and enjoyed with any brew method that you desire.    
 
   About the Process 
 
   Naturals:   
 Ripe cherries are handpicked, with defects removed, and a sample lot is taken to measure Brix (27). Floaters and foreign material are removed, followed by de-stoning and double washing, before the cherries are placed in double-walled stainless steel tanks and anaerobically fermented for 96 hours with regular monitoring. Post-fermentation, the coffee is dried on raised beds in a greenhouse and raked hourly to maintain temperature and ensure even drying.",https://www.subko.coffee/products/project-salawara-bros-salawara-estate-karnataka-naturals-omniroast-medium-dark,https://cdn.shopify.com/s/files/1/0308/0857/1963/files/336_Subko-Labels_dfc7aa83-a8f5-45fa-bec6-cf826a61987d.png?v=1771830128
"Project Salawara Bros.: Lot 336, Salawara Estate, Karnataka: Naturals, Omniroast (Medium-Dark)",Subko,995.0,Aeropress (250g),Medium-Dark Roast,,"Single Origin Robusta Microlot from Salawara Estate, Karnataka  
  Medium-Dark Roast (250g)  
  Process : Naturals  
  Varietal:  CXR 
  Agtron Meter:  59 
  Roast:  Omniroast 
  Cupper's Notes:    Dried Apricot, Dark Cocoa, Caramel  
 
     
 
 
 
   
 
   
  OMNIROAST   Please note that the best brewed with list is not comprehensive and does not dictate that the coffees cannot be brewed with any other methods. These are the the methods we think will extract the best possible cup. However, this coffee can be ground and enjoyed with any brew method that you desire.    
 
   About the Process 
 
   Naturals:   
 Ripe cherries are handpicked, with defects removed, and a sample lot is taken to measure Brix (27). Floaters and foreign material are removed, followed by de-stoning and double washing, before the cherries are placed in double-walled stainless steel tanks and anaerobically fermented for 96 hours with regular monitoring. Post-fermentation, the coffee is dried on raised beds in a greenhouse and raked hourly to maintain temperature and ensure even drying.",https://www.subko.coffee/products/project-salawara-bros-salawara-estate-karnataka-naturals-omniroast-medium-dark,https://cdn.shopify.com/s/files/1/0308/0857/1963/files/336_Subko-Labels_dfc7aa83-a8f5-45fa-bec6-cf826a61987d.png?v=1771830128
"Project Salawara Bros.: Lot 336, Salawara Estate, Karnataka: Naturals, Omniroast (Medium-Dark)",Subko,995.0,Pourover V60/Kalita (250g),Medium-Dark Roast,,"Single Origin Robusta Microlot from Salawara Estate, Karnataka  
  Medium-Dark Roast (250g)  
  Process : Naturals  
  Varietal:  CXR 
  Agtron Meter:  59 
  Roast:  Omniroast 
  Cupper's Notes:    Dried Apricot, Dark Cocoa, Caramel  
 
     
 
 
 
   
 
   
  OMNIROAST   Please note that the best brewed with list is not comprehensive and does not dictate that the coffees cannot be brewed with any other methods. These are the the methods we think will extract the best possible cup. However, this coffee can be ground and enjoyed with any brew method that you desire.    
 
   About the Process 
 
   Naturals:   
 Ripe cherries are handpicked, with defects removed, and a sample lot is taken to measure Brix (27). Floaters and foreign material are removed, followed by de-stoning and double washing, before the cherries are placed in double-walled stainless steel tanks and anaerobically fermented for 96 hours with regular monitoring. Post-fermentation, the coffee is dried on raised beds in a greenhouse and raked hourly to maintain temperature and ensure even drying.",https://www.subko.coffee/products/project-salawara-bros-salawara-estate-karnataka-naturals-omniroast-medium-dark,https://cdn.shopify.com/s/files/1/0308/0857/1963/files/336_Subko-Labels_dfc7aa83-a8f5-45fa-bec6-cf826a61987d.png?v=1771830128
"Project Salawara Bros.: Lot 336, Salawara Estate, Karnataka: Naturals, Omniroast (Medium-Dark)",Subko,995.0,Clever Dripper (250g),Medium-Dark Roast,,"Single Origin Robusta Microlot from Salawara Estate, Karnataka  
  Medium-Dark Roast (250g)  
  Process : Naturals  
  Varietal:  CXR 
  Agtron Meter:  59 
  Roast:  Omniroast 
  Cupper's Notes:    Dried Apricot, Dark Cocoa, Caramel  
 
     
 
 
 
   
 
   
  OMNIROAST   Please note that the best brewed with list is not comprehensive and does not dictate that the coffees cannot be brewed with any other methods. These are the the methods we think will extract the best possible cup. However, this coffee can be ground and enjoyed with any brew method that you desire.    
 
   About the Process 
 
   Naturals:   
 Ripe cherries are handpicked, with defects removed, and a sample lot is taken to measure Brix (27). Floaters and foreign material are removed, followed by de-stoning and double washing, before the cherries are placed in double-walled stainless steel tanks and anaerobically fermented for 96 hours with regular monitoring. Post-fermentation, the coffee is dried on raised beds in a greenhouse and raked hourly to maintain temperature and ensure even drying.",https://www.subko.coffee/products/project-salawara-bros-salawara-estate-karnataka-naturals-omniroast-medium-dark,https://cdn.shopify.com/s/files/1/0308/0857/1963/files/336_Subko-Labels_dfc7aa83-a8f5-45fa-bec6-cf826a61987d.png?v=1771830128
"Project Salawara Bros.: Lot 336, Salawara Estate, Karnataka: Naturals, Omniroast (Medium-Dark)",Subko,995.0,Moka Pot (250g),Medium-Dark Roast,,"Single Origin Robusta Microlot from Salawara Estate, Karnataka  
  Medium-Dark Roast (250g)  
  Process : Naturals  
  Varietal:  CXR 
  Agtron Meter:  59 
  Roast:  Omniroast 
  Cupper's Notes:    Dried Apricot, Dark Cocoa, Caramel  
 
     
 
 
 
   
 
   
  OMNIROAST   Please note that the best brewed with list is not comprehensive and does not dictate that the coffees cannot be brewed with any other methods. These are the the methods we think will extract the best possible cup. However, this coffee can be ground and enjoyed with any brew method that you desire.    
 
   About the Process 
 
   Naturals:   
 Ripe cherries are handpicked, with defects removed, and a sample lot is taken to measure Brix (27). Floaters and foreign material are removed, followed by de-stoning and double washing, before the cherries are placed in double-walled stainless steel tanks and anaerobically fermented for 96 hours with regular monitoring. Post-fermentation, the coffee is dried on raised beds in a greenhouse and raked hourly to maintain temperature and ensure even drying.",https://www.subko.coffee/products/project-salawara-bros-salawara-estate-karnataka-naturals-omniroast-medium-dark,https://cdn.shopify.com/s/files/1/0308/0857/1963/files/336_Subko-Labels_dfc7aa83-a8f5-45fa-bec6-cf826a61987d.png?v=1771830128
"Project Salawara Bros.: Lot 336, Salawara Estate, Karnataka: Naturals, Omniroast (Medium-Dark)",Subko,996.0,Espresso Machine (250g),Medium-Dark Roast,,"Single Origin Robusta Microlot from Salawara Estate, Karnataka  
  Medium-Dark Roast (250g)  
  Process : Naturals  
  Varietal:  CXR 
  Agtron Meter:  59 
  Roast:  Omniroast 
  Cupper's Notes:    Dried Apricot, Dark Cocoa, Caramel  
 
     
 
 
 
   
 
   
  OMNIROAST   Please note that the best brewed with list is not comprehensive and does not dictate that the coffees cannot be brewed with any other methods. These are the the methods we think will extract the best possible cup. However, this coffee can be ground and enjoyed with any brew method that you desire.    
 
   About the Process 
 
   Naturals:   
 Ripe cherries are handpicked, with defects removed, and a sample lot is taken to measure Brix (27). Floaters and foreign material are removed, followed by de-stoning and double washing, before the cherries are placed in double-walled stainless steel tanks and anaerobically fermented for 96 hours with regular monitoring. Post-fermentation, the coffee is dried on raised beds in a greenhouse and raked hourly to maintain temperature and ensure even drying.",https://www.subko.coffee/products/project-salawara-bros-salawara-estate-karnataka-naturals-omniroast-medium-dark,https://cdn.shopify.com/s/files/1/0308/0857/1963/files/336_Subko-Labels_dfc7aa83-a8f5-45fa-bec6-cf826a61987d.png?v=1771830128
"Project Salawara Bros.: Lot 336, Salawara Estate, Karnataka: Naturals, Omniroast (Medium-Dark)",Subko,995.0,French Press / Cold Brew / Channi (250g),Medium-Dark Roast,,"Single Origin Robusta Microlot from Salawara Estate, Karnataka  
  Medium-Dark Roast (250g)  
  Process : Naturals  
  Varietal:  CXR 
  Agtron Meter:  59 
  Roast:  Omniroast 
  Cupper's Notes:    Dried Apricot, Dark Cocoa, Caramel  
 
     
 
 
 
   
 
   
  OMNIROAST   Please note that the best brewed with list is not comprehensive and does not dictate that the coffees cannot be brewed with any other methods. These are the the methods we think will extract the best possible cup. However, this coffee can be ground and enjoyed with any brew method that you desire.    
 
   About the Process 
 
   Naturals:   
 Ripe cherries are handpicked, with defects removed, and a sample lot is taken to measure Brix (27). Floaters and foreign material are removed, followed by de-stoning and double washing, before the cherries are placed in double-walled stainless steel tanks and anaerobically fermented for 96 hours with regular monitoring. Post-fermentation, the coffee is dried on raised beds in a greenhouse and raked hourly to maintain temperature and ensure even drying.",https://www.subko.coffee/products/project-salawara-bros-salawara-estate-karnataka-naturals-omniroast-medium-dark,https://cdn.shopify.com/s/files/1/0308/0857/1963/files/336_Subko-Labels_dfc7aa83-a8f5-45fa-bec6-cf826a61987d.png?v=1771830128
"Project Salawara Bros.: Lot 336, Salawara Estate, Karnataka: Naturals, Omniroast (Medium-Dark)",Subko,995.0,South Indian Filter (250g),Medium-Dark Roast,,"Single Origin Robusta Microlot from Salawara Estate, Karnataka  
  Medium-Dark Roast (250g)  
  Process : Naturals  
  Varietal:  CXR 
  Agtron Meter:  59 
  Roast:  Omniroast 
  Cupper's Notes:    Dried Apricot, Dark Cocoa, Caramel  
 
     
 
 
 
   
 
   
  OMNIROAST   Please note that the best brewed with list is not comprehensive and does not dictate that the coffees cannot be brewed with any other methods. These are the the methods we think will extract the best possible cup. However, this coffee can be ground and enjoyed with any brew method that you desire.    
 
   About the Process 
 
   Naturals:   
 Ripe cherries are handpicked, with defects removed, and a sample lot is taken to measure Brix (27). Floaters and foreign material are removed, followed by de-stoning and double washing, before the cherries are placed in double-walled stainless steel tanks and anaerobically fermented for 96 hours with regular monitoring. Post-fermentation, the coffee is dried on raised beds in a greenhouse and raked hourly to maintain temperature and ensure even drying.",https://www.subko.coffee/products/project-salawara-bros-salawara-estate-karnataka-naturals-omniroast-medium-dark,https://cdn.shopify.com/s/files/1/0308/0857/1963/files/336_Subko-Labels_dfc7aa83-a8f5-45fa-bec6-cf826a61987d.png?v=1771830128
"Project Salawara Bros.: Lot 336, Salawara Estate, Karnataka: Naturals, Omniroast (Medium-Dark)",Subko,995.0,Chemex (250g),Medium-Dark Roast,,"Single Origin Robusta Microlot from Salawara Estate, Karnataka  
  Medium-Dark Roast (250g)  
  Process : Naturals  
  Varietal:  CXR 
  Agtron Meter:  59 
  Roast:  Omniroast 
  Cupper's Notes:    Dried Apricot, Dark Cocoa, Caramel  
 
     
 
 
 
   
 
   
  OMNIROAST   Please note that the best brewed with list is not comprehensive and does not dictate that the coffees cannot be brewed with any other methods. These are the the methods we think will extract the best possible cup. However, this coffee can be ground and enjoyed with any brew method that you desire.    
 
   About the Process 
 
   Naturals:   
 Ripe cherries are handpicked, with defects removed, and a sample lot is taken to measure Brix (27). Floaters and foreign material are removed, followed by de-stoning and double washing, before the cherries are placed in double-walled stainless steel tanks and anaerobically fermented for 96 hours with regular monitoring. Post-fermentation, the coffee is dried on raised beds in a greenhouse and raked hourly to maintain temperature and ensure even drying.",https://www.subko.coffee/products/project-salawara-bros-salawara-estate-karnataka-naturals-omniroast-medium-dark,https://cdn.shopify.com/s/files/1/0308/0857/1963/files/336_Subko-Labels_dfc7aa83-a8f5-45fa-bec6-cf826a61987d.png?v=1771830128
"Project Salawara Bros.: Lot 336, Salawara Estate, Karnataka: Naturals, Omniroast (Medium-Dark)",Subko,1095.0,Electric Drip Coffee Machine (250g),Medium-Dark Roast,,"Single Origin Robusta Microlot from Salawara Estate, Karnataka  
  Medium-Dark Roast (250g)  
  Process : Naturals  
  Varietal:  CXR 
  Agtron Meter:  59 
  Roast:  Omniroast 
  Cupper's Notes:    Dried Apricot, Dark Cocoa, Caramel  
 
     
 
 
 
   
 
   
  OMNIROAST   Please note that the best brewed with list is not comprehensive and does not dictate that the coffees cannot be brewed with any other methods. These are the the methods we think will extract the best possible cup. However, this coffee can be ground and enjoyed with any brew method that you desire.    
 
   About the Process 
 
   Naturals:   
 Ripe cherries are handpicked, with defects removed, and a sample lot is taken to measure Brix (27). Floaters and foreign material are removed, followed by de-stoning and double washing, before the cherries are placed in double-walled stainless steel tanks and anaerobically fermented for 96 hours with regular monitoring. Post-fermentation, the coffee is dried on raised beds in a greenhouse and raked hourly to maintain temperature and ensure even drying.",https://www.subko.coffee/products/project-salawara-bros-salawara-estate-karnataka-naturals-omniroast-medium-dark,https://cdn.shopify.com/s/files/1/0308/0857/1963/files/336_Subko-Labels_dfc7aa83-a8f5-45fa-bec6-cf826a61987d.png?v=1771830128
