collection,product_title,product_url,price
"NEW MICROLOTS - Brandylime, SHILLONG, GOLDEN MIRAGE",New - Gift Hamper!!!,https://www.fraction9coffee.com/products/gift-hamper,Rs. 799.00
"NEW MICROLOTS - Brandylime, SHILLONG, GOLDEN MIRAGE",New Launch - Value Product - Everyday Gold,https://www.fraction9coffee.com/products/everyday-gold-affordable-premium,Rs. 799.00
"NEW MICROLOTS - Brandylime, SHILLONG, GOLDEN MIRAGE",BLACK PEPPER,https://www.fraction9coffee.com/products/black-pepper-bold-5-5-mm,Rs. 799.00
"NEW MICROLOTS - Brandylime, SHILLONG, GOLDEN MIRAGE","FREE Vanilla Coffee. Buy 500 G any coffee, get 250 G FREE",https://www.fraction9coffee.comhttps://www.fraction9coffee.com/collections/coffee/products/free-250-g-vanilla-coffee-buy-any-500-g-coffee,Rs. 799.00
"NEW MICROLOTS - Brandylime, SHILLONG, GOLDEN MIRAGE","FREE Hazenut Coffee. Buy 500 G any coffee, get 250 G FREE",https://www.fraction9coffee.com/products/free-hazelnut-coffee-combo,Rs. 799.00
"NEW MICROLOTS - Brandylime, SHILLONG, GOLDEN MIRAGE",New - Gift Hamper!!!,https://www.fraction9coffee.com/products/gift-hamper,Rs. 799.00
"NEW MICROLOTS - Brandylime, SHILLONG, GOLDEN MIRAGE",New Launch - Value Product - Everyday Gold,https://www.fraction9coffee.com/products/everyday-gold-affordable-premium,Rs. 799.00
"NEW MICROLOTS - Brandylime, SHILLONG, GOLDEN MIRAGE",BLACK PEPPER,https://www.fraction9coffee.com/products/black-pepper-bold-5-5-mm,Rs. 799.00
"NEW MICROLOTS - Brandylime, SHILLONG, GOLDEN MIRAGE","FREE Vanilla Coffee. Buy 500 G any coffee, get 250 G FREE",https://www.fraction9coffee.comhttps://www.fraction9coffee.com/collections/coffee/products/free-250-g-vanilla-coffee-buy-any-500-g-coffee,Rs. 799.00
"NEW MICROLOTS - Brandylime, SHILLONG, GOLDEN MIRAGE","FREE Hazenut Coffee. Buy 500 G any coffee, get 250 G FREE",https://www.fraction9coffee.com/products/free-hazelnut-coffee-combo,Rs. 799.00
"NEW MICROLOTS - Brandylime, SHILLONG, GOLDEN MIRAGE",,https://www.fraction9coffee.com/collections/diwali-offer/products/ratnagiri-liora,Rs. 799.00
"NEW MICROLOTS - Brandylime, SHILLONG, GOLDEN MIRAGE",LIORA - Ratnagiri Estate (Lab Microbe Fermentation),https://www.fraction9coffee.com/collections/diwali-offer/products/ratnagiri-liora,Rs. 799.00
"NEW MICROLOTS - Brandylime, SHILLONG, GOLDEN MIRAGE","fromRs. 799.00Rs. 1,100.00",https://www.fraction9coffee.com/collections/diwali-offer/products/ratnagiri-liora,Rs. 799.00
"NEW MICROLOTS - Brandylime, SHILLONG, GOLDEN MIRAGE",,https://www.fraction9coffee.com/collections/diwali-offer/products/golden-mirage-naturals-by-kalyancool-estate,Rs. 735.00
"NEW MICROLOTS - Brandylime, SHILLONG, GOLDEN MIRAGE",GOLDEN MIRAGE - NATURALS BY KALYANCOOL ESTATE,https://www.fraction9coffee.com/collections/diwali-offer/products/golden-mirage-naturals-by-kalyancool-estate,Rs. 735.00
"NEW MICROLOTS - Brandylime, SHILLONG, GOLDEN MIRAGE","fromRs. 735.00Rs. 1,000.00",https://www.fraction9coffee.com/collections/diwali-offer/products/golden-mirage-naturals-by-kalyancool-estate,Rs. 735.00
"NEW MICROLOTS - Brandylime, SHILLONG, GOLDEN MIRAGE",,https://www.fraction9coffee.com/collections/diwali-offer/products/cuvee-brandylime,Rs. 879.00
"NEW MICROLOTS - Brandylime, SHILLONG, GOLDEN MIRAGE",Cuvée BrandyLime - Kalyancool,https://www.fraction9coffee.com/collections/diwali-offer/products/cuvee-brandylime,Rs. 879.00
"NEW MICROLOTS - Brandylime, SHILLONG, GOLDEN MIRAGE","fromRs. 879.00Rs. 1,150.00",https://www.fraction9coffee.com/collections/diwali-offer/products/cuvee-brandylime,Rs. 879.00
"NEW MICROLOTS - Brandylime, SHILLONG, GOLDEN MIRAGE",,https://www.fraction9coffee.com/collections/diwali-offer/products/shillong-spice-rush-naturals,Rs. 699.00
"NEW MICROLOTS - Brandylime, SHILLONG, GOLDEN MIRAGE",SHILLONG SPICE RUSH - NATURALS,https://www.fraction9coffee.com/collections/diwali-offer/products/shillong-spice-rush-naturals,Rs. 699.00
"NEW MICROLOTS - Brandylime, SHILLONG, GOLDEN MIRAGE",fromRs. 699.00Rs. 950.00,https://www.fraction9coffee.com/collections/diwali-offer/products/shillong-spice-rush-naturals,Rs. 699.00
"NEW MICROLOTS - Brandylime, SHILLONG, GOLDEN MIRAGE",Breakfast Roast Coffee,https://www.fraction9coffee.com/products/breakfast-roast-coffee-powder#judgeme_product_reviews,
"NEW MICROLOTS - Brandylime, SHILLONG, GOLDEN MIRAGE",GOLDEN MIRAGE - NATURALS BY KALYANCOOL ESTATE,https://www.fraction9coffee.com/products/golden-mirage-naturals-by-kalyancool-estate#judgeme_product_reviews,
"NEW MICROLOTS - Brandylime, SHILLONG, GOLDEN MIRAGE",Cappuccino Blend,https://www.fraction9coffee.com/products/cappuccino-blend#judgeme_product_reviews,
"NEW MICROLOTS - Brandylime, SHILLONG, GOLDEN MIRAGE",Everyday Gold – Affordable Value | Auto Discounted | No Codes,https://www.fraction9coffee.com/products/everyday-gold-affordable-premium#judgeme_product_reviews,
"NEW MICROLOTS - Brandylime, SHILLONG, GOLDEN MIRAGE",French Roast Coffee,https://www.fraction9coffee.com/products/french-roast-coffee#judgeme_product_reviews,
"NEW MICROLOTS - Brandylime, SHILLONG, GOLDEN MIRAGE",SHILLONG SPICE RUSH - NATURALS,https://www.fraction9coffee.com/products/shillong-spice-rush-naturals#judgeme_product_reviews,
"NEW MICROLOTS - Brandylime, SHILLONG, GOLDEN MIRAGE",Kaapi,https://www.fraction9coffee.com/products/kaapi#judgeme_product_reviews,
COFFEE POUCH - All variants,New - Gift Hamper!!!,https://www.fraction9coffee.com/products/gift-hamper,Rs. 799.00
COFFEE POUCH - All variants,New Launch - Value Product - Everyday Gold,https://www.fraction9coffee.com/products/everyday-gold-affordable-premium,Rs. 799.00
COFFEE POUCH - All variants,BLACK PEPPER,https://www.fraction9coffee.com/products/black-pepper-bold-5-5-mm,Rs. 799.00
COFFEE POUCH - All variants,"FREE Vanilla Coffee. Buy 500 G any coffee, get 250 G FREE",https://www.fraction9coffee.comhttps://www.fraction9coffee.com/collections/coffee/products/free-250-g-vanilla-coffee-buy-any-500-g-coffee,Rs. 799.00
COFFEE POUCH - All variants,"FREE Hazenut Coffee. Buy 500 G any coffee, get 250 G FREE",https://www.fraction9coffee.com/products/free-hazelnut-coffee-combo,Rs. 799.00
COFFEE POUCH - All variants,New - Gift Hamper!!!,https://www.fraction9coffee.com/products/gift-hamper,Rs. 799.00
COFFEE POUCH - All variants,New Launch - Value Product - Everyday Gold,https://www.fraction9coffee.com/products/everyday-gold-affordable-premium,Rs. 799.00
COFFEE POUCH - All variants,BLACK PEPPER,https://www.fraction9coffee.com/products/black-pepper-bold-5-5-mm,Rs. 799.00
COFFEE POUCH - All variants,"FREE Vanilla Coffee. Buy 500 G any coffee, get 250 G FREE",https://www.fraction9coffee.comhttps://www.fraction9coffee.com/collections/coffee/products/free-250-g-vanilla-coffee-buy-any-500-g-coffee,Rs. 799.00
COFFEE POUCH - All variants,"FREE Hazenut Coffee. Buy 500 G any coffee, get 250 G FREE",https://www.fraction9coffee.com/products/free-hazelnut-coffee-combo,Rs. 799.00
COFFEE POUCH - All variants,,https://www.fraction9coffee.com/collections/coffee/products/ratnagiri-liora,Rs. 799.00
COFFEE POUCH - All variants,LIORA - Ratnagiri Estate (Lab Microbe Fermentation),https://www.fraction9coffee.com/collections/coffee/products/ratnagiri-liora,Rs. 799.00
COFFEE POUCH - All variants,"fromRs. 799.00Rs. 1,100.00",https://www.fraction9coffee.com/collections/coffee/products/ratnagiri-liora,Rs. 799.00
COFFEE POUCH - All variants,,https://www.fraction9coffee.com/collections/coffee/products/shillong-spice-rush-naturals,Rs. 699.00
COFFEE POUCH - All variants,SHILLONG SPICE RUSH - NATURALS,https://www.fraction9coffee.com/collections/coffee/products/shillong-spice-rush-naturals,Rs. 699.00
COFFEE POUCH - All variants,fromRs. 699.00Rs. 950.00,https://www.fraction9coffee.com/collections/coffee/products/shillong-spice-rush-naturals,Rs. 699.00
COFFEE POUCH - All variants,,https://www.fraction9coffee.com/collections/coffee/products/cuvee-brandylime,Rs. 879.00
COFFEE POUCH - All variants,Cuvée BrandyLime - Kalyancool,https://www.fraction9coffee.com/collections/coffee/products/cuvee-brandylime,Rs. 879.00
COFFEE POUCH - All variants,"fromRs. 879.00Rs. 1,150.00",https://www.fraction9coffee.com/collections/coffee/products/cuvee-brandylime,Rs. 879.00
COFFEE POUCH - All variants,,https://www.fraction9coffee.com/collections/coffee/products/golden-mirage-naturals-by-kalyancool-estate,Rs. 735.00
COFFEE POUCH - All variants,GOLDEN MIRAGE - NATURALS BY KALYANCOOL ESTATE,https://www.fraction9coffee.com/collections/coffee/products/golden-mirage-naturals-by-kalyancool-estate,Rs. 735.00
COFFEE POUCH - All variants,"fromRs. 735.00Rs. 1,000.00",https://www.fraction9coffee.com/collections/coffee/products/golden-mirage-naturals-by-kalyancool-estate,Rs. 735.00
COFFEE POUCH - All variants,,https://www.fraction9coffee.com/collections/coffee/products/everyday-gold-affordable-premium,Rs. 435.00
COFFEE POUCH - All variants,Everyday Gold – Affordable Value | Auto Discounted | No Codes,https://www.fraction9coffee.com/collections/coffee/products/everyday-gold-affordable-premium,Rs. 435.00
COFFEE POUCH - All variants,fromRs. 435.00Rs. 600.00,https://www.fraction9coffee.com/collections/coffee/products/everyday-gold-affordable-premium,Rs. 435.00
COFFEE POUCH - All variants,,https://www.fraction9coffee.com/collections/coffee/products/christmas-roast,Rs. 619.00
COFFEE POUCH - All variants,Christmas Roast,https://www.fraction9coffee.com/collections/coffee/products/christmas-roast,Rs. 619.00
COFFEE POUCH - All variants,fromRs. 619.00Rs. 770.00,https://www.fraction9coffee.com/collections/coffee/products/christmas-roast,Rs. 619.00
COFFEE POUCH - All variants,,https://www.fraction9coffee.com/collections/coffee/products/french-vanilla-coffee,Rs. 619.00
COFFEE POUCH - All variants,Vanilla Coffee,https://www.fraction9coffee.com/collections/coffee/products/french-vanilla-coffee,Rs. 619.00
COFFEE POUCH - All variants,fromRs. 619.00Rs. 700.00,https://www.fraction9coffee.com/collections/coffee/products/french-vanilla-coffee,Rs. 619.00
COFFEE POUCH - All variants,,https://www.fraction9coffee.com/collections/coffee/products/hazelnut,Rs. 619.00
COFFEE POUCH - All variants,Hazelnut Coffee - Mocha,https://www.fraction9coffee.com/collections/coffee/products/hazelnut,Rs. 619.00
COFFEE POUCH - All variants,fromRs. 619.00Rs. 700.00,https://www.fraction9coffee.com/collections/coffee/products/hazelnut,Rs. 619.00
COFFEE POUCH - All variants,,https://www.fraction9coffee.com/collections/coffee/products/kaapi,Rs. 449.00
COFFEE POUCH - All variants,Kaapi,https://www.fraction9coffee.com/collections/coffee/products/kaapi,Rs. 449.00
COFFEE POUCH - All variants,fromRs. 449.00Rs. 500.00,https://www.fraction9coffee.com/collections/coffee/products/kaapi,Rs. 449.00
COFFEE POUCH - All variants,,https://www.fraction9coffee.com/collections/coffee/products/cappuccino-blend,Rs. 619.00
COFFEE POUCH - All variants,Cappuccino Blend,https://www.fraction9coffee.com/collections/coffee/products/cappuccino-blend,Rs. 619.00
COFFEE POUCH - All variants,fromRs. 619.00Rs. 770.00,https://www.fraction9coffee.com/collections/coffee/products/cappuccino-blend,Rs. 619.00
COFFEE POUCH - All variants,,https://www.fraction9coffee.com/collections/coffee/products/breakfast-roast-coffee-powder,Rs. 619.00
COFFEE POUCH - All variants,Breakfast Roast Coffee,https://www.fraction9coffee.com/collections/coffee/products/breakfast-roast-coffee-powder,Rs. 619.00
COFFEE POUCH - All variants,fromRs. 619.00Rs. 770.00,https://www.fraction9coffee.com/collections/coffee/products/breakfast-roast-coffee-powder,Rs. 619.00
COFFEE POUCH - All variants,,https://www.fraction9coffee.com/collections/coffee/products/vienna-roast-coffee-powder,Rs. 619.00
COFFEE POUCH - All variants,Vienna Roast Coffee,https://www.fraction9coffee.com/collections/coffee/products/vienna-roast-coffee-powder,Rs. 619.00
COFFEE POUCH - All variants,fromRs. 619.00Rs. 770.00,https://www.fraction9coffee.com/collections/coffee/products/vienna-roast-coffee-powder,Rs. 619.00
COFFEE POUCH - All variants,,https://www.fraction9coffee.com/collections/coffee/products/prabal,Rs. 529.00
COFFEE POUCH - All variants,PRABAL,https://www.fraction9coffee.com/collections/coffee/products/prabal,Rs. 529.00
COFFEE POUCH - All variants,fromRs. 529.00Rs. 650.00,https://www.fraction9coffee.com/collections/coffee/products/prabal,Rs. 529.00
COFFEE POUCH - All variants,,https://www.fraction9coffee.com/collections/coffee/products/french-roast-coffee,Rs. 619.00
COFFEE POUCH - All variants,French Roast Coffee,https://www.fraction9coffee.com/collections/coffee/products/french-roast-coffee,Rs. 619.00
COFFEE POUCH - All variants,fromRs. 619.00Rs. 770.00,https://www.fraction9coffee.com/collections/coffee/products/french-roast-coffee,Rs. 619.00
COFFEE POUCH - All variants,,https://www.fraction9coffee.com/collections/coffee/products/cinnamon-roast-coffee-powder,Rs. 619.00
COFFEE POUCH - All variants,Sweet Roast Coffee,https://www.fraction9coffee.com/collections/coffee/products/cinnamon-roast-coffee-powder,Rs. 619.00
COFFEE POUCH - All variants,fromRs. 619.00Rs. 770.00,https://www.fraction9coffee.com/collections/coffee/products/cinnamon-roast-coffee-powder,Rs. 619.00
COFFEE POUCH - All variants,,https://www.fraction9coffee.com/collections/coffee/products/madhura,Rs. 529.00
COFFEE POUCH - All variants,MADHURA,https://www.fraction9coffee.com/collections/coffee/products/madhura,Rs. 529.00
COFFEE POUCH - All variants,fromRs. 529.00Rs. 650.00,https://www.fraction9coffee.com/collections/coffee/products/madhura,Rs. 529.00
COFFEE POUCH - All variants,,https://www.fraction9coffee.com/collections/coffee/products/traditional-blend,Rs. 619.00
COFFEE POUCH - All variants,Traditional Blend Coffee,https://www.fraction9coffee.com/collections/coffee/products/traditional-blend,Rs. 619.00
COFFEE POUCH - All variants,fromRs. 619.00Rs. 770.00,https://www.fraction9coffee.com/collections/coffee/products/traditional-blend,Rs. 619.00
COFFEE POUCH - All variants,,https://www.fraction9coffee.com/collections/coffee/products/desi-extreme-strong-blend,Rs. 515.00
COFFEE POUCH - All variants,Desi 'Extreme Strong' Blend,https://www.fraction9coffee.com/collections/coffee/products/desi-extreme-strong-blend,Rs. 515.00
COFFEE POUCH - All variants,fromRs. 515.00Rs. 600.00,https://www.fraction9coffee.com/collections/coffee/products/desi-extreme-strong-blend,Rs. 515.00
COFFEE POUCH - All variants,,https://www.fraction9coffee.com/collections/coffee/products/desi-rich-taste-blend,Rs. 535.00
COFFEE POUCH - All variants,Desi 'Rich Taste' Blend,https://www.fraction9coffee.com/collections/coffee/products/desi-rich-taste-blend,Rs. 535.00
COFFEE POUCH - All variants,fromRs. 535.00Rs. 600.00,https://www.fraction9coffee.com/collections/coffee/products/desi-rich-taste-blend,Rs. 535.00
COFFEE POUCH - All variants,,https://www.fraction9coffee.com/collections/coffee/products/sample-coffee-box,Rs. 899.00
COFFEE POUCH - All variants,Sampler Box (75gm * 6 variants),https://www.fraction9coffee.com/collections/coffee/products/sample-coffee-box,Rs. 899.00
COFFEE POUCH - All variants,Rs. 899.00Rs. 995.00,https://www.fraction9coffee.com/collections/coffee/products/sample-coffee-box,Rs. 899.00
COFFEE POUCH - All variants,,https://www.fraction9coffee.com/collections/coffee/products/sampler-box-75gm-6-variants-copy,Rs. 949.00
COFFEE POUCH - All variants,Microlot 75 g X 4 Sampler box ( Temporary Product ),https://www.fraction9coffee.com/collections/coffee/products/sampler-box-75gm-6-variants-copy,Rs. 949.00
COFFEE POUCH - All variants,Rs. 949.00Rs. 995.00,https://www.fraction9coffee.com/collections/coffee/products/sampler-box-75gm-6-variants-copy,Rs. 949.00
COFFEE POUCH - All variants,,https://www.fraction9coffee.com/collections/coffee/products/free-250-g-black-pepper-buy-any-500-g-coffee,Rs. 898.00
COFFEE POUCH - All variants,FREE 250 G BLACK PEPPER - BUY ANY 500 G COFFEE,https://www.fraction9coffee.com/collections/coffee/products/free-250-g-black-pepper-buy-any-500-g-coffee,Rs. 898.00
COFFEE POUCH - All variants,"fromRs. 898.00Rs. 1,347.00",https://www.fraction9coffee.com/collections/coffee/products/free-250-g-black-pepper-buy-any-500-g-coffee,Rs. 898.00
COFFEE POUCH - All variants,,https://www.fraction9coffee.com/collections/coffee/products/free-250-g-vanilla-coffee-buy-any-500-g-coffee,Rs. 898.00
COFFEE POUCH - All variants,FREE 250 G VANILLA COFFEE - BUY ANY 500 G COFFEE,https://www.fraction9coffee.com/collections/coffee/products/free-250-g-vanilla-coffee-buy-any-500-g-coffee,Rs. 898.00
COFFEE POUCH - All variants,"fromRs. 898.00Rs. 1,347.00",https://www.fraction9coffee.com/collections/coffee/products/free-250-g-vanilla-coffee-buy-any-500-g-coffee,Rs. 898.00
COFFEE POUCH - All variants,,https://www.fraction9coffee.com/collections/coffee/products/free-hazelnut-coffee-combo,Rs. 898.00
COFFEE POUCH - All variants,FREE 250 G HAZELNUT COFFEE - BUY ANY 500 G COFFEE,https://www.fraction9coffee.com/collections/coffee/products/free-hazelnut-coffee-combo,Rs. 898.00
COFFEE POUCH - All variants,"fromRs. 898.00Rs. 1,347.00",https://www.fraction9coffee.com/collections/coffee/products/free-hazelnut-coffee-combo,Rs. 898.00
COFFEE POUCH - All variants,,https://www.fraction9coffee.com/collections/coffee/products/gift-hamper,"Rs. 1,720.00"
COFFEE POUCH - All variants,The Signature Gift Hamper,https://www.fraction9coffee.com/collections/coffee/products/gift-hamper,"Rs. 1,720.00"
COFFEE POUCH - All variants,"Rs. 1,720.00Rs. 2,500.00",https://www.fraction9coffee.com/collections/coffee/products/gift-hamper,"Rs. 1,720.00"
COFFEE POUCH - All variants,Breakfast Roast Coffee,https://www.fraction9coffee.com/products/breakfast-roast-coffee-powder#judgeme_product_reviews,
COFFEE POUCH - All variants,GOLDEN MIRAGE - NATURALS BY KALYANCOOL ESTATE,https://www.fraction9coffee.com/products/golden-mirage-naturals-by-kalyancool-estate#judgeme_product_reviews,
COFFEE POUCH - All variants,Cappuccino Blend,https://www.fraction9coffee.com/products/cappuccino-blend#judgeme_product_reviews,
COFFEE POUCH - All variants,Everyday Gold – Affordable Value | Auto Discounted | No Codes,https://www.fraction9coffee.com/products/everyday-gold-affordable-premium#judgeme_product_reviews,
COFFEE POUCH - All variants,French Roast Coffee,https://www.fraction9coffee.com/products/french-roast-coffee#judgeme_product_reviews,
COFFEE POUCH - All variants,SHILLONG SPICE RUSH - NATURALS,https://www.fraction9coffee.com/products/shillong-spice-rush-naturals#judgeme_product_reviews,
COFFEE POUCH - All variants,Kaapi,https://www.fraction9coffee.com/products/kaapi#judgeme_product_reviews,
Coffee Bag Sachets  - Pour Over - Ready in 2 minutes - No Filter Required,New - Gift Hamper!!!,https://www.fraction9coffee.com/products/gift-hamper,Rs. 499.00
Coffee Bag Sachets  - Pour Over - Ready in 2 minutes - No Filter Required,New Launch - Value Product - Everyday Gold,https://www.fraction9coffee.com/products/everyday-gold-affordable-premium,Rs. 499.00
Coffee Bag Sachets  - Pour Over - Ready in 2 minutes - No Filter Required,BLACK PEPPER,https://www.fraction9coffee.com/products/black-pepper-bold-5-5-mm,Rs. 499.00
Coffee Bag Sachets  - Pour Over - Ready in 2 minutes - No Filter Required,"FREE Vanilla Coffee. Buy 500 G any coffee, get 250 G FREE",https://www.fraction9coffee.comhttps://www.fraction9coffee.com/collections/coffee/products/free-250-g-vanilla-coffee-buy-any-500-g-coffee,Rs. 499.00
Coffee Bag Sachets  - Pour Over - Ready in 2 minutes - No Filter Required,"FREE Hazenut Coffee. Buy 500 G any coffee, get 250 G FREE",https://www.fraction9coffee.com/products/free-hazelnut-coffee-combo,Rs. 499.00
Coffee Bag Sachets  - Pour Over - Ready in 2 minutes - No Filter Required,New - Gift Hamper!!!,https://www.fraction9coffee.com/products/gift-hamper,Rs. 499.00
Coffee Bag Sachets  - Pour Over - Ready in 2 minutes - No Filter Required,New Launch - Value Product - Everyday Gold,https://www.fraction9coffee.com/products/everyday-gold-affordable-premium,Rs. 499.00
Coffee Bag Sachets  - Pour Over - Ready in 2 minutes - No Filter Required,BLACK PEPPER,https://www.fraction9coffee.com/products/black-pepper-bold-5-5-mm,Rs. 499.00
Coffee Bag Sachets  - Pour Over - Ready in 2 minutes - No Filter Required,"FREE Vanilla Coffee. Buy 500 G any coffee, get 250 G FREE",https://www.fraction9coffee.comhttps://www.fraction9coffee.com/collections/coffee/products/free-250-g-vanilla-coffee-buy-any-500-g-coffee,Rs. 499.00
Coffee Bag Sachets  - Pour Over - Ready in 2 minutes - No Filter Required,"FREE Hazenut Coffee. Buy 500 G any coffee, get 250 G FREE",https://www.fraction9coffee.com/products/free-hazelnut-coffee-combo,Rs. 499.00
Coffee Bag Sachets  - Pour Over - Ready in 2 minutes - No Filter Required,,https://www.fraction9coffee.com/collections/coffee-bags-pour-over/products/hazelnut-coffee-bags,Rs. 499.00
Coffee Bag Sachets  - Pour Over - Ready in 2 minutes - No Filter Required,Hazelnut Coffee Bags (chocolaty) - No filter required,https://www.fraction9coffee.com/collections/coffee-bags-pour-over/products/hazelnut-coffee-bags,Rs. 499.00
Coffee Bag Sachets  - Pour Over - Ready in 2 minutes - No Filter Required,fromRs. 499.00Rs. 600.00,https://www.fraction9coffee.com/collections/coffee-bags-pour-over/products/hazelnut-coffee-bags,Rs. 499.00
Coffee Bag Sachets  - Pour Over - Ready in 2 minutes - No Filter Required,,https://www.fraction9coffee.com/collections/coffee-bags-pour-over/products/100-coffee-bags,Rs. 499.00
Coffee Bag Sachets  - Pour Over - Ready in 2 minutes - No Filter Required,100% Coffee BAGS,https://www.fraction9coffee.com/collections/coffee-bags-pour-over/products/100-coffee-bags,Rs. 499.00
Coffee Bag Sachets  - Pour Over - Ready in 2 minutes - No Filter Required,fromRs. 499.00Rs. 600.00,https://www.fraction9coffee.com/collections/coffee-bags-pour-over/products/100-coffee-bags,Rs. 499.00
Coffee Bag Sachets  - Pour Over - Ready in 2 minutes - No Filter Required,,https://www.fraction9coffee.com/collections/coffee-bags-pour-over/products/french-vanilla-coffee-bags,Rs. 499.00
Coffee Bag Sachets  - Pour Over - Ready in 2 minutes - No Filter Required,VANILLA Coffee Bags - No filter required,https://www.fraction9coffee.com/collections/coffee-bags-pour-over/products/french-vanilla-coffee-bags,Rs. 499.00
Coffee Bag Sachets  - Pour Over - Ready in 2 minutes - No Filter Required,fromRs. 499.00Rs. 600.00,https://www.fraction9coffee.com/collections/coffee-bags-pour-over/products/french-vanilla-coffee-bags,Rs. 499.00
Coffee Bag Sachets  - Pour Over - Ready in 2 minutes - No Filter Required,,https://www.fraction9coffee.com/collections/coffee-bags-pour-over/products/filter-coffee-bags-coffee-chicory-blends,Rs. 499.00
Coffee Bag Sachets  - Pour Over - Ready in 2 minutes - No Filter Required,Filter Coffee BAGS (Coffee Chicory Blends),https://www.fraction9coffee.com/collections/coffee-bags-pour-over/products/filter-coffee-bags-coffee-chicory-blends,Rs. 499.00
Coffee Bag Sachets  - Pour Over - Ready in 2 minutes - No Filter Required,fromRs. 499.00Rs. 600.00,https://www.fraction9coffee.com/collections/coffee-bags-pour-over/products/filter-coffee-bags-coffee-chicory-blends,Rs. 499.00
Coffee Bag Sachets  - Pour Over - Ready in 2 minutes - No Filter Required,,https://www.fraction9coffee.com/collections/coffee-bags-pour-over/products/assorted-coffee-bags-box-try-all,Rs. 499.00
Coffee Bag Sachets  - Pour Over - Ready in 2 minutes - No Filter Required,Assorted Coffee bags Box - Try all,https://www.fraction9coffee.com/collections/coffee-bags-pour-over/products/assorted-coffee-bags-box-try-all,Rs. 499.00
Coffee Bag Sachets  - Pour Over - Ready in 2 minutes - No Filter Required,fromRs. 499.00Rs. 600.00,https://www.fraction9coffee.com/collections/coffee-bags-pour-over/products/assorted-coffee-bags-box-try-all,Rs. 499.00
Coffee Bag Sachets  - Pour Over - Ready in 2 minutes - No Filter Required,Breakfast Roast Coffee,https://www.fraction9coffee.com/products/breakfast-roast-coffee-powder#judgeme_product_reviews,
Coffee Bag Sachets  - Pour Over - Ready in 2 minutes - No Filter Required,GOLDEN MIRAGE - NATURALS BY KALYANCOOL ESTATE,https://www.fraction9coffee.com/products/golden-mirage-naturals-by-kalyancool-estate#judgeme_product_reviews,
Coffee Bag Sachets  - Pour Over - Ready in 2 minutes - No Filter Required,Cappuccino Blend,https://www.fraction9coffee.com/products/cappuccino-blend#judgeme_product_reviews,
Coffee Bag Sachets  - Pour Over - Ready in 2 minutes - No Filter Required,Everyday Gold – Affordable Value | Auto Discounted | No Codes,https://www.fraction9coffee.com/products/everyday-gold-affordable-premium#judgeme_product_reviews,
Coffee Bag Sachets  - Pour Over - Ready in 2 minutes - No Filter Required,French Roast Coffee,https://www.fraction9coffee.com/products/french-roast-coffee#judgeme_product_reviews,
Coffee Bag Sachets  - Pour Over - Ready in 2 minutes - No Filter Required,SHILLONG SPICE RUSH - NATURALS,https://www.fraction9coffee.com/products/shillong-spice-rush-naturals#judgeme_product_reviews,
Coffee Bag Sachets  - Pour Over - Ready in 2 minutes - No Filter Required,Kaapi,https://www.fraction9coffee.com/products/kaapi#judgeme_product_reviews,
Hazelnut and vanilla Coffee,New - Gift Hamper!!!,https://www.fraction9coffee.com/products/gift-hamper,Rs. 619.00
Hazelnut and vanilla Coffee,New Launch - Value Product - Everyday Gold,https://www.fraction9coffee.com/products/everyday-gold-affordable-premium,Rs. 619.00
Hazelnut and vanilla Coffee,BLACK PEPPER,https://www.fraction9coffee.com/products/black-pepper-bold-5-5-mm,Rs. 619.00
Hazelnut and vanilla Coffee,"FREE Vanilla Coffee. Buy 500 G any coffee, get 250 G FREE",https://www.fraction9coffee.comhttps://www.fraction9coffee.com/collections/coffee/products/free-250-g-vanilla-coffee-buy-any-500-g-coffee,Rs. 619.00
Hazelnut and vanilla Coffee,"FREE Hazenut Coffee. Buy 500 G any coffee, get 250 G FREE",https://www.fraction9coffee.com/products/free-hazelnut-coffee-combo,Rs. 619.00
Hazelnut and vanilla Coffee,New - Gift Hamper!!!,https://www.fraction9coffee.com/products/gift-hamper,Rs. 619.00
Hazelnut and vanilla Coffee,New Launch - Value Product - Everyday Gold,https://www.fraction9coffee.com/products/everyday-gold-affordable-premium,Rs. 619.00
Hazelnut and vanilla Coffee,BLACK PEPPER,https://www.fraction9coffee.com/products/black-pepper-bold-5-5-mm,Rs. 619.00
Hazelnut and vanilla Coffee,"FREE Vanilla Coffee. Buy 500 G any coffee, get 250 G FREE",https://www.fraction9coffee.comhttps://www.fraction9coffee.com/collections/coffee/products/free-250-g-vanilla-coffee-buy-any-500-g-coffee,Rs. 619.00
Hazelnut and vanilla Coffee,"FREE Hazenut Coffee. Buy 500 G any coffee, get 250 G FREE",https://www.fraction9coffee.com/products/free-hazelnut-coffee-combo,Rs. 619.00
Hazelnut and vanilla Coffee,,https://www.fraction9coffee.com/collections/hazelnut-and-vanilla-coffee/products/french-vanilla-coffee,Rs. 619.00
Hazelnut and vanilla Coffee,Vanilla Coffee,https://www.fraction9coffee.com/collections/hazelnut-and-vanilla-coffee/products/french-vanilla-coffee,Rs. 619.00
Hazelnut and vanilla Coffee,fromRs. 619.00Rs. 700.00,https://www.fraction9coffee.com/collections/hazelnut-and-vanilla-coffee/products/french-vanilla-coffee,Rs. 619.00
Hazelnut and vanilla Coffee,,https://www.fraction9coffee.com/collections/hazelnut-and-vanilla-coffee/products/french-vanilla-coffee-bags,Rs. 499.00
Hazelnut and vanilla Coffee,VANILLA Coffee Bags - No filter required,https://www.fraction9coffee.com/collections/hazelnut-and-vanilla-coffee/products/french-vanilla-coffee-bags,Rs. 499.00
Hazelnut and vanilla Coffee,fromRs. 499.00Rs. 600.00,https://www.fraction9coffee.com/collections/hazelnut-and-vanilla-coffee/products/french-vanilla-coffee-bags,Rs. 499.00
Hazelnut and vanilla Coffee,,https://www.fraction9coffee.com/collections/hazelnut-and-vanilla-coffee/products/hazelnut,Rs. 619.00
Hazelnut and vanilla Coffee,Hazelnut Coffee - Mocha,https://www.fraction9coffee.com/collections/hazelnut-and-vanilla-coffee/products/hazelnut,Rs. 619.00
Hazelnut and vanilla Coffee,fromRs. 619.00Rs. 700.00,https://www.fraction9coffee.com/collections/hazelnut-and-vanilla-coffee/products/hazelnut,Rs. 619.00
Hazelnut and vanilla Coffee,,https://www.fraction9coffee.com/collections/hazelnut-and-vanilla-coffee/products/hazelnut-coffee-bags,Rs. 499.00
Hazelnut and vanilla Coffee,Hazelnut Coffee Bags (chocolaty) - No filter required,https://www.fraction9coffee.com/collections/hazelnut-and-vanilla-coffee/products/hazelnut-coffee-bags,Rs. 499.00
Hazelnut and vanilla Coffee,fromRs. 499.00Rs. 600.00,https://www.fraction9coffee.com/collections/hazelnut-and-vanilla-coffee/products/hazelnut-coffee-bags,Rs. 499.00
Hazelnut and vanilla Coffee,Breakfast Roast Coffee,https://www.fraction9coffee.com/products/breakfast-roast-coffee-powder#judgeme_product_reviews,
Hazelnut and vanilla Coffee,GOLDEN MIRAGE - NATURALS BY KALYANCOOL ESTATE,https://www.fraction9coffee.com/products/golden-mirage-naturals-by-kalyancool-estate#judgeme_product_reviews,
Hazelnut and vanilla Coffee,Cappuccino Blend,https://www.fraction9coffee.com/products/cappuccino-blend#judgeme_product_reviews,
Hazelnut and vanilla Coffee,Everyday Gold – Affordable Value | Auto Discounted | No Codes,https://www.fraction9coffee.com/products/everyday-gold-affordable-premium#judgeme_product_reviews,
Hazelnut and vanilla Coffee,French Roast Coffee,https://www.fraction9coffee.com/products/french-roast-coffee#judgeme_product_reviews,
Hazelnut and vanilla Coffee,SHILLONG SPICE RUSH - NATURALS,https://www.fraction9coffee.com/products/shillong-spice-rush-naturals#judgeme_product_reviews,
Hazelnut and vanilla Coffee,Kaapi,https://www.fraction9coffee.com/products/kaapi#judgeme_product_reviews,
Black Coffee Specials,New - Gift Hamper!!!,https://www.fraction9coffee.com/products/gift-hamper,Rs. 735.00
Black Coffee Specials,New Launch - Value Product - Everyday Gold,https://www.fraction9coffee.com/products/everyday-gold-affordable-premium,Rs. 735.00
Black Coffee Specials,BLACK PEPPER,https://www.fraction9coffee.com/products/black-pepper-bold-5-5-mm,Rs. 735.00
Black Coffee Specials,"FREE Vanilla Coffee. Buy 500 G any coffee, get 250 G FREE",https://www.fraction9coffee.comhttps://www.fraction9coffee.com/collections/coffee/products/free-250-g-vanilla-coffee-buy-any-500-g-coffee,Rs. 735.00
Black Coffee Specials,"FREE Hazenut Coffee. Buy 500 G any coffee, get 250 G FREE",https://www.fraction9coffee.com/products/free-hazelnut-coffee-combo,Rs. 735.00
Black Coffee Specials,New - Gift Hamper!!!,https://www.fraction9coffee.com/products/gift-hamper,Rs. 735.00
Black Coffee Specials,New Launch - Value Product - Everyday Gold,https://www.fraction9coffee.com/products/everyday-gold-affordable-premium,Rs. 735.00
Black Coffee Specials,BLACK PEPPER,https://www.fraction9coffee.com/products/black-pepper-bold-5-5-mm,Rs. 735.00
Black Coffee Specials,"FREE Vanilla Coffee. Buy 500 G any coffee, get 250 G FREE",https://www.fraction9coffee.comhttps://www.fraction9coffee.com/collections/coffee/products/free-250-g-vanilla-coffee-buy-any-500-g-coffee,Rs. 735.00
Black Coffee Specials,"FREE Hazenut Coffee. Buy 500 G any coffee, get 250 G FREE",https://www.fraction9coffee.com/products/free-hazelnut-coffee-combo,Rs. 735.00
Black Coffee Specials,,https://www.fraction9coffee.com/collections/black-coffee-specials/products/golden-mirage-naturals-by-kalyancool-estate,Rs. 735.00
Black Coffee Specials,GOLDEN MIRAGE - NATURALS BY KALYANCOOL ESTATE,https://www.fraction9coffee.com/collections/black-coffee-specials/products/golden-mirage-naturals-by-kalyancool-estate,Rs. 735.00
Black Coffee Specials,"fromRs. 735.00Rs. 1,000.00",https://www.fraction9coffee.com/collections/black-coffee-specials/products/golden-mirage-naturals-by-kalyancool-estate,Rs. 735.00
Black Coffee Specials,,https://www.fraction9coffee.com/collections/black-coffee-specials/products/shillong-spice-rush-naturals,Rs. 699.00
Black Coffee Specials,SHILLONG SPICE RUSH - NATURALS,https://www.fraction9coffee.com/collections/black-coffee-specials/products/shillong-spice-rush-naturals,Rs. 699.00
Black Coffee Specials,fromRs. 699.00Rs. 950.00,https://www.fraction9coffee.com/collections/black-coffee-specials/products/shillong-spice-rush-naturals,Rs. 699.00
Black Coffee Specials,,https://www.fraction9coffee.com/collections/black-coffee-specials/products/ratnagiri-liora,Rs. 799.00
Black Coffee Specials,LIORA - Ratnagiri Estate (Lab Microbe Fermentation),https://www.fraction9coffee.com/collections/black-coffee-specials/products/ratnagiri-liora,Rs. 799.00
Black Coffee Specials,"fromRs. 799.00Rs. 1,100.00",https://www.fraction9coffee.com/collections/black-coffee-specials/products/ratnagiri-liora,Rs. 799.00
Black Coffee Specials,,https://www.fraction9coffee.com/collections/black-coffee-specials/products/christmas-roast,Rs. 619.00
Black Coffee Specials,Christmas Roast,https://www.fraction9coffee.com/collections/black-coffee-specials/products/christmas-roast,Rs. 619.00
Black Coffee Specials,fromRs. 619.00Rs. 770.00,https://www.fraction9coffee.com/collections/black-coffee-specials/products/christmas-roast,Rs. 619.00
Black Coffee Specials,,https://www.fraction9coffee.com/collections/black-coffee-specials/products/cuvee-brandylime,Rs. 879.00
Black Coffee Specials,Cuvée BrandyLime - Kalyancool,https://www.fraction9coffee.com/collections/black-coffee-specials/products/cuvee-brandylime,Rs. 879.00
Black Coffee Specials,"fromRs. 879.00Rs. 1,150.00",https://www.fraction9coffee.com/collections/black-coffee-specials/products/cuvee-brandylime,Rs. 879.00
Black Coffee Specials,,https://www.fraction9coffee.com/collections/black-coffee-specials/products/honeycrest-value-white-honey,Rs. 599.00
Black Coffee Specials,HoneyCrest | Value | White Honey,https://www.fraction9coffee.com/collections/black-coffee-specials/products/honeycrest-value-white-honey,Rs. 599.00
Black Coffee Specials,Rs. 599.00Rs. 750.00,https://www.fraction9coffee.com/collections/black-coffee-specials/products/honeycrest-value-white-honey,Rs. 599.00
Black Coffee Specials,,https://www.fraction9coffee.com/collections/black-coffee-specials/products/cinnamon-roast-coffee-powder,Rs. 619.00
Black Coffee Specials,Sweet Roast Coffee,https://www.fraction9coffee.com/collections/black-coffee-specials/products/cinnamon-roast-coffee-powder,Rs. 619.00
Black Coffee Specials,fromRs. 619.00Rs. 770.00,https://www.fraction9coffee.com/collections/black-coffee-specials/products/cinnamon-roast-coffee-powder,Rs. 619.00
Black Coffee Specials,,https://www.fraction9coffee.com/collections/black-coffee-specials/products/breakfast-roast-coffee-powder,Rs. 619.00
Black Coffee Specials,Breakfast Roast Coffee,https://www.fraction9coffee.com/collections/black-coffee-specials/products/breakfast-roast-coffee-powder,Rs. 619.00
Black Coffee Specials,fromRs. 619.00Rs. 770.00,https://www.fraction9coffee.com/collections/black-coffee-specials/products/breakfast-roast-coffee-powder,Rs. 619.00
Black Coffee Specials,,https://www.fraction9coffee.com/collections/black-coffee-specials/products/vienna-roast-coffee-powder,Rs. 619.00
Black Coffee Specials,Vienna Roast Coffee,https://www.fraction9coffee.com/collections/black-coffee-specials/products/vienna-roast-coffee-powder,Rs. 619.00
Black Coffee Specials,fromRs. 619.00Rs. 770.00,https://www.fraction9coffee.com/collections/black-coffee-specials/products/vienna-roast-coffee-powder,Rs. 619.00
Black Coffee Specials,,https://www.fraction9coffee.com/collections/black-coffee-specials/products/french-roast-coffee,Rs. 619.00
Black Coffee Specials,French Roast Coffee,https://www.fraction9coffee.com/collections/black-coffee-specials/products/french-roast-coffee,Rs. 619.00
Black Coffee Specials,fromRs. 619.00Rs. 770.00,https://www.fraction9coffee.com/collections/black-coffee-specials/products/french-roast-coffee,Rs. 619.00
Black Coffee Specials,,https://www.fraction9coffee.com/collections/black-coffee-specials/products/everyday-gold-affordable-premium,Rs. 435.00
Black Coffee Specials,Everyday Gold – Affordable Value | Auto Discounted | No Codes,https://www.fraction9coffee.com/collections/black-coffee-specials/products/everyday-gold-affordable-premium,Rs. 435.00
Black Coffee Specials,fromRs. 435.00Rs. 600.00,https://www.fraction9coffee.com/collections/black-coffee-specials/products/everyday-gold-affordable-premium,Rs. 435.00
Black Coffee Specials,,https://www.fraction9coffee.com/collections/black-coffee-specials/products/ratnagiri-naturals-nova,Rs. 799.00
Black Coffee Specials,RATNAGIRI NATURALS - NOVA,https://www.fraction9coffee.com/collections/black-coffee-specials/products/ratnagiri-naturals-nova,Rs. 799.00
Black Coffee Specials,"Rs. 799.00Rs. 1,100.00",https://www.fraction9coffee.com/collections/black-coffee-specials/products/ratnagiri-naturals-nova,Rs. 799.00
Black Coffee Specials,,https://www.fraction9coffee.com/collections/black-coffee-specials/products/tropicrunch,Rs. 649.00
Black Coffee Specials,TROPICRUNCH - FRUITY NATURALS,https://www.fraction9coffee.com/collections/black-coffee-specials/products/tropicrunch,Rs. 649.00
Black Coffee Specials,Rs. 649.00Rs. 800.00,https://www.fraction9coffee.com/collections/black-coffee-specials/products/tropicrunch,Rs. 649.00
Black Coffee Specials,Breakfast Roast Coffee,https://www.fraction9coffee.com/products/breakfast-roast-coffee-powder#judgeme_product_reviews,
Black Coffee Specials,GOLDEN MIRAGE - NATURALS BY KALYANCOOL ESTATE,https://www.fraction9coffee.com/products/golden-mirage-naturals-by-kalyancool-estate#judgeme_product_reviews,
Black Coffee Specials,Cappuccino Blend,https://www.fraction9coffee.com/products/cappuccino-blend#judgeme_product_reviews,
Black Coffee Specials,Everyday Gold – Affordable Value | Auto Discounted | No Codes,https://www.fraction9coffee.com/products/everyday-gold-affordable-premium#judgeme_product_reviews,
Black Coffee Specials,French Roast Coffee,https://www.fraction9coffee.com/products/french-roast-coffee#judgeme_product_reviews,
Black Coffee Specials,SHILLONG SPICE RUSH - NATURALS,https://www.fraction9coffee.com/products/shillong-spice-rush-naturals#judgeme_product_reviews,
Black Coffee Specials,Kaapi,https://www.fraction9coffee.com/products/kaapi#judgeme_product_reviews,
Great with Milk. 100% Coffee Options.,New - Gift Hamper!!!,https://www.fraction9coffee.com/products/gift-hamper,Rs. 619.00
Great with Milk. 100% Coffee Options.,New Launch - Value Product - Everyday Gold,https://www.fraction9coffee.com/products/everyday-gold-affordable-premium,Rs. 619.00
Great with Milk. 100% Coffee Options.,BLACK PEPPER,https://www.fraction9coffee.com/products/black-pepper-bold-5-5-mm,Rs. 619.00
Great with Milk. 100% Coffee Options.,"FREE Vanilla Coffee. Buy 500 G any coffee, get 250 G FREE",https://www.fraction9coffee.comhttps://www.fraction9coffee.com/collections/coffee/products/free-250-g-vanilla-coffee-buy-any-500-g-coffee,Rs. 619.00
Great with Milk. 100% Coffee Options.,"FREE Hazenut Coffee. Buy 500 G any coffee, get 250 G FREE",https://www.fraction9coffee.com/products/free-hazelnut-coffee-combo,Rs. 619.00
Great with Milk. 100% Coffee Options.,New - Gift Hamper!!!,https://www.fraction9coffee.com/products/gift-hamper,Rs. 619.00
Great with Milk. 100% Coffee Options.,New Launch - Value Product - Everyday Gold,https://www.fraction9coffee.com/products/everyday-gold-affordable-premium,Rs. 619.00
Great with Milk. 100% Coffee Options.,BLACK PEPPER,https://www.fraction9coffee.com/products/black-pepper-bold-5-5-mm,Rs. 619.00
Great with Milk. 100% Coffee Options.,"FREE Vanilla Coffee. Buy 500 G any coffee, get 250 G FREE",https://www.fraction9coffee.comhttps://www.fraction9coffee.com/collections/coffee/products/free-250-g-vanilla-coffee-buy-any-500-g-coffee,Rs. 619.00
Great with Milk. 100% Coffee Options.,"FREE Hazenut Coffee. Buy 500 G any coffee, get 250 G FREE",https://www.fraction9coffee.com/products/free-hazelnut-coffee-combo,Rs. 619.00
Great with Milk. 100% Coffee Options.,,https://www.fraction9coffee.com/collections/great-with-milk-100-coffee-options/products/christmas-roast,Rs. 619.00
Great with Milk. 100% Coffee Options.,Christmas Roast,https://www.fraction9coffee.com/collections/great-with-milk-100-coffee-options/products/christmas-roast,Rs. 619.00
Great with Milk. 100% Coffee Options.,fromRs. 619.00Rs. 770.00,https://www.fraction9coffee.com/collections/great-with-milk-100-coffee-options/products/christmas-roast,Rs. 619.00
Great with Milk. 100% Coffee Options.,,https://www.fraction9coffee.com/collections/great-with-milk-100-coffee-options/products/cappuccino-blend,Rs. 619.00
Great with Milk. 100% Coffee Options.,Cappuccino Blend,https://www.fraction9coffee.com/collections/great-with-milk-100-coffee-options/products/cappuccino-blend,Rs. 619.00
Great with Milk. 100% Coffee Options.,fromRs. 619.00Rs. 770.00,https://www.fraction9coffee.com/collections/great-with-milk-100-coffee-options/products/cappuccino-blend,Rs. 619.00
Great with Milk. 100% Coffee Options.,,https://www.fraction9coffee.com/collections/great-with-milk-100-coffee-options/products/vienna-roast-coffee-powder,Rs. 619.00
Great with Milk. 100% Coffee Options.,Vienna Roast Coffee,https://www.fraction9coffee.com/collections/great-with-milk-100-coffee-options/products/vienna-roast-coffee-powder,Rs. 619.00
Great with Milk. 100% Coffee Options.,fromRs. 619.00Rs. 770.00,https://www.fraction9coffee.com/collections/great-with-milk-100-coffee-options/products/vienna-roast-coffee-powder,Rs. 619.00
Great with Milk. 100% Coffee Options.,,https://www.fraction9coffee.com/collections/great-with-milk-100-coffee-options/products/french-roast-coffee,Rs. 619.00
Great with Milk. 100% Coffee Options.,French Roast Coffee,https://www.fraction9coffee.com/collections/great-with-milk-100-coffee-options/products/french-roast-coffee,Rs. 619.00
Great with Milk. 100% Coffee Options.,fromRs. 619.00Rs. 770.00,https://www.fraction9coffee.com/collections/great-with-milk-100-coffee-options/products/french-roast-coffee,Rs. 619.00
Great with Milk. 100% Coffee Options.,,https://www.fraction9coffee.com/collections/great-with-milk-100-coffee-options/products/traditional-blend,Rs. 619.00
Great with Milk. 100% Coffee Options.,Traditional Blend Coffee,https://www.fraction9coffee.com/collections/great-with-milk-100-coffee-options/products/traditional-blend,Rs. 619.00
Great with Milk. 100% Coffee Options.,fromRs. 619.00Rs. 770.00,https://www.fraction9coffee.com/collections/great-with-milk-100-coffee-options/products/traditional-blend,Rs. 619.00
Great with Milk. 100% Coffee Options.,,https://www.fraction9coffee.com/collections/great-with-milk-100-coffee-options/products/madhura,Rs. 529.00
Great with Milk. 100% Coffee Options.,MADHURA,https://www.fraction9coffee.com/collections/great-with-milk-100-coffee-options/products/madhura,Rs. 529.00
Great with Milk. 100% Coffee Options.,fromRs. 529.00Rs. 650.00,https://www.fraction9coffee.com/collections/great-with-milk-100-coffee-options/products/madhura,Rs. 529.00
Great with Milk. 100% Coffee Options.,,https://www.fraction9coffee.com/collections/great-with-milk-100-coffee-options/products/prabal,Rs. 529.00
Great with Milk. 100% Coffee Options.,PRABAL,https://www.fraction9coffee.com/collections/great-with-milk-100-coffee-options/products/prabal,Rs. 529.00
Great with Milk. 100% Coffee Options.,fromRs. 529.00Rs. 650.00,https://www.fraction9coffee.com/collections/great-with-milk-100-coffee-options/products/prabal,Rs. 529.00
Great with Milk. 100% Coffee Options.,Breakfast Roast Coffee,https://www.fraction9coffee.com/products/breakfast-roast-coffee-powder#judgeme_product_reviews,
Great with Milk. 100% Coffee Options.,GOLDEN MIRAGE - NATURALS BY KALYANCOOL ESTATE,https://www.fraction9coffee.com/products/golden-mirage-naturals-by-kalyancool-estate#judgeme_product_reviews,
Great with Milk. 100% Coffee Options.,Cappuccino Blend,https://www.fraction9coffee.com/products/cappuccino-blend#judgeme_product_reviews,
Great with Milk. 100% Coffee Options.,Everyday Gold – Affordable Value | Auto Discounted | No Codes,https://www.fraction9coffee.com/products/everyday-gold-affordable-premium#judgeme_product_reviews,
Great with Milk. 100% Coffee Options.,French Roast Coffee,https://www.fraction9coffee.com/products/french-roast-coffee#judgeme_product_reviews,
Great with Milk. 100% Coffee Options.,SHILLONG SPICE RUSH - NATURALS,https://www.fraction9coffee.com/products/shillong-spice-rush-naturals#judgeme_product_reviews,
Great with Milk. 100% Coffee Options.,Kaapi,https://www.fraction9coffee.com/products/kaapi#judgeme_product_reviews,
Filter Coffee Options. (Coffee - Chicory Blends),New - Gift Hamper!!!,https://www.fraction9coffee.com/products/gift-hamper,Rs. 449.00
Filter Coffee Options. (Coffee - Chicory Blends),New Launch - Value Product - Everyday Gold,https://www.fraction9coffee.com/products/everyday-gold-affordable-premium,Rs. 449.00
Filter Coffee Options. (Coffee - Chicory Blends),BLACK PEPPER,https://www.fraction9coffee.com/products/black-pepper-bold-5-5-mm,Rs. 449.00
Filter Coffee Options. (Coffee - Chicory Blends),"FREE Vanilla Coffee. Buy 500 G any coffee, get 250 G FREE",https://www.fraction9coffee.comhttps://www.fraction9coffee.com/collections/coffee/products/free-250-g-vanilla-coffee-buy-any-500-g-coffee,Rs. 449.00
Filter Coffee Options. (Coffee - Chicory Blends),"FREE Hazenut Coffee. Buy 500 G any coffee, get 250 G FREE",https://www.fraction9coffee.com/products/free-hazelnut-coffee-combo,Rs. 449.00
Filter Coffee Options. (Coffee - Chicory Blends),New - Gift Hamper!!!,https://www.fraction9coffee.com/products/gift-hamper,Rs. 449.00
Filter Coffee Options. (Coffee - Chicory Blends),New Launch - Value Product - Everyday Gold,https://www.fraction9coffee.com/products/everyday-gold-affordable-premium,Rs. 449.00
Filter Coffee Options. (Coffee - Chicory Blends),BLACK PEPPER,https://www.fraction9coffee.com/products/black-pepper-bold-5-5-mm,Rs. 449.00
Filter Coffee Options. (Coffee - Chicory Blends),"FREE Vanilla Coffee. Buy 500 G any coffee, get 250 G FREE",https://www.fraction9coffee.comhttps://www.fraction9coffee.com/collections/coffee/products/free-250-g-vanilla-coffee-buy-any-500-g-coffee,Rs. 449.00
Filter Coffee Options. (Coffee - Chicory Blends),"FREE Hazenut Coffee. Buy 500 G any coffee, get 250 G FREE",https://www.fraction9coffee.com/products/free-hazelnut-coffee-combo,Rs. 449.00
Filter Coffee Options. (Coffee - Chicory Blends),,https://www.fraction9coffee.com/collections/filter-coffee-options-coffee-chicory-blends/products/kaapi,Rs. 449.00
Filter Coffee Options. (Coffee - Chicory Blends),Kaapi,https://www.fraction9coffee.com/collections/filter-coffee-options-coffee-chicory-blends/products/kaapi,Rs. 449.00
Filter Coffee Options. (Coffee - Chicory Blends),fromRs. 449.00Rs. 500.00,https://www.fraction9coffee.com/collections/filter-coffee-options-coffee-chicory-blends/products/kaapi,Rs. 449.00
Filter Coffee Options. (Coffee - Chicory Blends),,https://www.fraction9coffee.com/collections/filter-coffee-options-coffee-chicory-blends/products/desi-extreme-strong-blend,Rs. 515.00
Filter Coffee Options. (Coffee - Chicory Blends),Desi 'Extreme Strong' Blend,https://www.fraction9coffee.com/collections/filter-coffee-options-coffee-chicory-blends/products/desi-extreme-strong-blend,Rs. 515.00
Filter Coffee Options. (Coffee - Chicory Blends),fromRs. 515.00Rs. 600.00,https://www.fraction9coffee.com/collections/filter-coffee-options-coffee-chicory-blends/products/desi-extreme-strong-blend,Rs. 515.00
Filter Coffee Options. (Coffee - Chicory Blends),,https://www.fraction9coffee.com/collections/filter-coffee-options-coffee-chicory-blends/products/desi-rich-taste-blend,Rs. 535.00
Filter Coffee Options. (Coffee - Chicory Blends),Desi 'Rich Taste' Blend,https://www.fraction9coffee.com/collections/filter-coffee-options-coffee-chicory-blends/products/desi-rich-taste-blend,Rs. 535.00
Filter Coffee Options. (Coffee - Chicory Blends),fromRs. 535.00Rs. 600.00,https://www.fraction9coffee.com/collections/filter-coffee-options-coffee-chicory-blends/products/desi-rich-taste-blend,Rs. 535.00
Filter Coffee Options. (Coffee - Chicory Blends),Breakfast Roast Coffee,https://www.fraction9coffee.com/products/breakfast-roast-coffee-powder#judgeme_product_reviews,
Filter Coffee Options. (Coffee - Chicory Blends),GOLDEN MIRAGE - NATURALS BY KALYANCOOL ESTATE,https://www.fraction9coffee.com/products/golden-mirage-naturals-by-kalyancool-estate#judgeme_product_reviews,
Filter Coffee Options. (Coffee - Chicory Blends),Cappuccino Blend,https://www.fraction9coffee.com/products/cappuccino-blend#judgeme_product_reviews,
Filter Coffee Options. (Coffee - Chicory Blends),Everyday Gold – Affordable Value | Auto Discounted | No Codes,https://www.fraction9coffee.com/products/everyday-gold-affordable-premium#judgeme_product_reviews,
Filter Coffee Options. (Coffee - Chicory Blends),French Roast Coffee,https://www.fraction9coffee.com/products/french-roast-coffee#judgeme_product_reviews,
Filter Coffee Options. (Coffee - Chicory Blends),SHILLONG SPICE RUSH - NATURALS,https://www.fraction9coffee.com/products/shillong-spice-rush-naturals#judgeme_product_reviews,
Filter Coffee Options. (Coffee - Chicory Blends),Kaapi,https://www.fraction9coffee.com/products/kaapi#judgeme_product_reviews,
Affordable Premium Robusta,New - Gift Hamper!!!,https://www.fraction9coffee.com/products/gift-hamper,Rs. 529.00
Affordable Premium Robusta,New Launch - Value Product - Everyday Gold,https://www.fraction9coffee.com/products/everyday-gold-affordable-premium,Rs. 529.00
Affordable Premium Robusta,BLACK PEPPER,https://www.fraction9coffee.com/products/black-pepper-bold-5-5-mm,Rs. 529.00
Affordable Premium Robusta,"FREE Vanilla Coffee. Buy 500 G any coffee, get 250 G FREE",https://www.fraction9coffee.comhttps://www.fraction9coffee.com/collections/coffee/products/free-250-g-vanilla-coffee-buy-any-500-g-coffee,Rs. 529.00
Affordable Premium Robusta,"FREE Hazenut Coffee. Buy 500 G any coffee, get 250 G FREE",https://www.fraction9coffee.com/products/free-hazelnut-coffee-combo,Rs. 529.00
Affordable Premium Robusta,New - Gift Hamper!!!,https://www.fraction9coffee.com/products/gift-hamper,Rs. 529.00
Affordable Premium Robusta,New Launch - Value Product - Everyday Gold,https://www.fraction9coffee.com/products/everyday-gold-affordable-premium,Rs. 529.00
Affordable Premium Robusta,BLACK PEPPER,https://www.fraction9coffee.com/products/black-pepper-bold-5-5-mm,Rs. 529.00
Affordable Premium Robusta,"FREE Vanilla Coffee. Buy 500 G any coffee, get 250 G FREE",https://www.fraction9coffee.comhttps://www.fraction9coffee.com/collections/coffee/products/free-250-g-vanilla-coffee-buy-any-500-g-coffee,Rs. 529.00
Affordable Premium Robusta,"FREE Hazenut Coffee. Buy 500 G any coffee, get 250 G FREE",https://www.fraction9coffee.com/products/free-hazelnut-coffee-combo,Rs. 529.00
Affordable Premium Robusta,,https://www.fraction9coffee.com/collections/affordable-premium-robusta/products/madhura,Rs. 529.00
Affordable Premium Robusta,MADHURA,https://www.fraction9coffee.com/collections/affordable-premium-robusta/products/madhura,Rs. 529.00
Affordable Premium Robusta,fromRs. 529.00Rs. 650.00,https://www.fraction9coffee.com/collections/affordable-premium-robusta/products/madhura,Rs. 529.00
Affordable Premium Robusta,,https://www.fraction9coffee.com/collections/affordable-premium-robusta/products/prabal,Rs. 529.00
Affordable Premium Robusta,PRABAL,https://www.fraction9coffee.com/collections/affordable-premium-robusta/products/prabal,Rs. 529.00
Affordable Premium Robusta,fromRs. 529.00Rs. 650.00,https://www.fraction9coffee.com/collections/affordable-premium-robusta/products/prabal,Rs. 529.00
Affordable Premium Robusta,Breakfast Roast Coffee,https://www.fraction9coffee.com/products/breakfast-roast-coffee-powder#judgeme_product_reviews,
Affordable Premium Robusta,GOLDEN MIRAGE - NATURALS BY KALYANCOOL ESTATE,https://www.fraction9coffee.com/products/golden-mirage-naturals-by-kalyancool-estate#judgeme_product_reviews,
Affordable Premium Robusta,Cappuccino Blend,https://www.fraction9coffee.com/products/cappuccino-blend#judgeme_product_reviews,
Affordable Premium Robusta,Everyday Gold – Affordable Value | Auto Discounted | No Codes,https://www.fraction9coffee.com/products/everyday-gold-affordable-premium#judgeme_product_reviews,
Affordable Premium Robusta,French Roast Coffee,https://www.fraction9coffee.com/products/french-roast-coffee#judgeme_product_reviews,
Affordable Premium Robusta,SHILLONG SPICE RUSH - NATURALS,https://www.fraction9coffee.com/products/shillong-spice-rush-naturals#judgeme_product_reviews,
Affordable Premium Robusta,Kaapi,https://www.fraction9coffee.com/products/kaapi#judgeme_product_reviews,
Christmas Gift Box,New - Gift Hamper!!!,https://www.fraction9coffee.com/products/gift-hamper,"Rs. 1,720.00"
Christmas Gift Box,New Launch - Value Product - Everyday Gold,https://www.fraction9coffee.com/products/everyday-gold-affordable-premium,"Rs. 1,720.00"
Christmas Gift Box,BLACK PEPPER,https://www.fraction9coffee.com/products/black-pepper-bold-5-5-mm,"Rs. 1,720.00"
Christmas Gift Box,"FREE Vanilla Coffee. Buy 500 G any coffee, get 250 G FREE",https://www.fraction9coffee.comhttps://www.fraction9coffee.com/collections/coffee/products/free-250-g-vanilla-coffee-buy-any-500-g-coffee,"Rs. 1,720.00"
Christmas Gift Box,"FREE Hazenut Coffee. Buy 500 G any coffee, get 250 G FREE",https://www.fraction9coffee.com/products/free-hazelnut-coffee-combo,"Rs. 1,720.00"
Christmas Gift Box,New - Gift Hamper!!!,https://www.fraction9coffee.com/products/gift-hamper,"Rs. 1,720.00"
Christmas Gift Box,New Launch - Value Product - Everyday Gold,https://www.fraction9coffee.com/products/everyday-gold-affordable-premium,"Rs. 1,720.00"
Christmas Gift Box,BLACK PEPPER,https://www.fraction9coffee.com/products/black-pepper-bold-5-5-mm,"Rs. 1,720.00"
Christmas Gift Box,"FREE Vanilla Coffee. Buy 500 G any coffee, get 250 G FREE",https://www.fraction9coffee.comhttps://www.fraction9coffee.com/collections/coffee/products/free-250-g-vanilla-coffee-buy-any-500-g-coffee,"Rs. 1,720.00"
Christmas Gift Box,"FREE Hazenut Coffee. Buy 500 G any coffee, get 250 G FREE",https://www.fraction9coffee.com/products/free-hazelnut-coffee-combo,"Rs. 1,720.00"
Christmas Gift Box,,https://www.fraction9coffee.com/collections/christmas-gift-box/products/gift-hamper,"Rs. 1,720.00"
Christmas Gift Box,The Signature Gift Hamper,https://www.fraction9coffee.com/collections/christmas-gift-box/products/gift-hamper,"Rs. 1,720.00"
Christmas Gift Box,"Rs. 1,720.00Rs. 2,500.00",https://www.fraction9coffee.com/collections/christmas-gift-box/products/gift-hamper,"Rs. 1,720.00"
Christmas Gift Box,Breakfast Roast Coffee,https://www.fraction9coffee.com/products/breakfast-roast-coffee-powder#judgeme_product_reviews,
Christmas Gift Box,GOLDEN MIRAGE - NATURALS BY KALYANCOOL ESTATE,https://www.fraction9coffee.com/products/golden-mirage-naturals-by-kalyancool-estate#judgeme_product_reviews,
Christmas Gift Box,Cappuccino Blend,https://www.fraction9coffee.com/products/cappuccino-blend#judgeme_product_reviews,
Christmas Gift Box,Everyday Gold – Affordable Value | Auto Discounted | No Codes,https://www.fraction9coffee.com/products/everyday-gold-affordable-premium#judgeme_product_reviews,
Christmas Gift Box,French Roast Coffee,https://www.fraction9coffee.com/products/french-roast-coffee#judgeme_product_reviews,
Christmas Gift Box,SHILLONG SPICE RUSH - NATURALS,https://www.fraction9coffee.com/products/shillong-spice-rush-naturals#judgeme_product_reviews,
Christmas Gift Box,Kaapi,https://www.fraction9coffee.com/products/kaapi#judgeme_product_reviews,
Coffee and Pepper,New - Gift Hamper!!!,https://www.fraction9coffee.com/products/gift-hamper,Rs. 619.00
Coffee and Pepper,New Launch - Value Product - Everyday Gold,https://www.fraction9coffee.com/products/everyday-gold-affordable-premium,Rs. 619.00
Coffee and Pepper,BLACK PEPPER,https://www.fraction9coffee.com/products/black-pepper-bold-5-5-mm,Rs. 619.00
Coffee and Pepper,"FREE Vanilla Coffee. Buy 500 G any coffee, get 250 G FREE",https://www.fraction9coffee.comhttps://www.fraction9coffee.com/collections/coffee/products/free-250-g-vanilla-coffee-buy-any-500-g-coffee,Rs. 619.00
Coffee and Pepper,"FREE Hazenut Coffee. Buy 500 G any coffee, get 250 G FREE",https://www.fraction9coffee.com/products/free-hazelnut-coffee-combo,Rs. 619.00
Coffee and Pepper,New - Gift Hamper!!!,https://www.fraction9coffee.com/products/gift-hamper,Rs. 619.00
Coffee and Pepper,New Launch - Value Product - Everyday Gold,https://www.fraction9coffee.com/products/everyday-gold-affordable-premium,Rs. 619.00
Coffee and Pepper,BLACK PEPPER,https://www.fraction9coffee.com/products/black-pepper-bold-5-5-mm,Rs. 619.00
Coffee and Pepper,"FREE Vanilla Coffee. Buy 500 G any coffee, get 250 G FREE",https://www.fraction9coffee.comhttps://www.fraction9coffee.com/collections/coffee/products/free-250-g-vanilla-coffee-buy-any-500-g-coffee,Rs. 619.00
Coffee and Pepper,"FREE Hazenut Coffee. Buy 500 G any coffee, get 250 G FREE",https://www.fraction9coffee.com/products/free-hazelnut-coffee-combo,Rs. 619.00
Coffee and Pepper,,https://www.fraction9coffee.com/collections/coffee-and-pepper/products/vienna-roast-coffee-powder,Rs. 619.00
Coffee and Pepper,Vienna Roast Coffee,https://www.fraction9coffee.com/collections/coffee-and-pepper/products/vienna-roast-coffee-powder,Rs. 619.00
Coffee and Pepper,fromRs. 619.00Rs. 770.00,https://www.fraction9coffee.com/collections/coffee-and-pepper/products/vienna-roast-coffee-powder,Rs. 619.00
Coffee and Pepper,,https://www.fraction9coffee.com/collections/coffee-and-pepper/products/black-pepper-bold-5-5-mm,Rs. 459.00
Coffee and Pepper,Black Pepper - Bold,https://www.fraction9coffee.com/collections/coffee-and-pepper/products/black-pepper-bold-5-5-mm,Rs. 459.00
Coffee and Pepper,fromRs. 459.00Rs. 550.00,https://www.fraction9coffee.com/collections/coffee-and-pepper/products/black-pepper-bold-5-5-mm,Rs. 459.00
Coffee and Pepper,,https://www.fraction9coffee.com/collections/coffee-and-pepper/products/breakfast-roast-coffee-powder,Rs. 619.00
Coffee and Pepper,Breakfast Roast Coffee,https://www.fraction9coffee.com/collections/coffee-and-pepper/products/breakfast-roast-coffee-powder,Rs. 619.00
Coffee and Pepper,fromRs. 619.00Rs. 770.00,https://www.fraction9coffee.com/collections/coffee-and-pepper/products/breakfast-roast-coffee-powder,Rs. 619.00
Coffee and Pepper,,https://www.fraction9coffee.com/collections/coffee-and-pepper/products/prabal,Rs. 529.00
Coffee and Pepper,PRABAL,https://www.fraction9coffee.com/collections/coffee-and-pepper/products/prabal,Rs. 529.00
Coffee and Pepper,fromRs. 529.00Rs. 650.00,https://www.fraction9coffee.com/collections/coffee-and-pepper/products/prabal,Rs. 529.00
Coffee and Pepper,,https://www.fraction9coffee.com/collections/coffee-and-pepper/products/madhura,Rs. 529.00
Coffee and Pepper,MADHURA,https://www.fraction9coffee.com/collections/coffee-and-pepper/products/madhura,Rs. 529.00
Coffee and Pepper,fromRs. 529.00Rs. 650.00,https://www.fraction9coffee.com/collections/coffee-and-pepper/products/madhura,Rs. 529.00
Coffee and Pepper,,https://www.fraction9coffee.com/collections/coffee-and-pepper/products/christmas-roast,Rs. 619.00
Coffee and Pepper,Christmas Roast,https://www.fraction9coffee.com/collections/coffee-and-pepper/products/christmas-roast,Rs. 619.00
Coffee and Pepper,fromRs. 619.00Rs. 770.00,https://www.fraction9coffee.com/collections/coffee-and-pepper/products/christmas-roast,Rs. 619.00
Coffee and Pepper,,https://www.fraction9coffee.com/collections/coffee-and-pepper/products/kaapi,Rs. 449.00
Coffee and Pepper,Kaapi,https://www.fraction9coffee.com/collections/coffee-and-pepper/products/kaapi,Rs. 449.00
Coffee and Pepper,fromRs. 449.00Rs. 500.00,https://www.fraction9coffee.com/collections/coffee-and-pepper/products/kaapi,Rs. 449.00
Coffee and Pepper,,https://www.fraction9coffee.com/collections/coffee-and-pepper/products/desi-rich-taste-blend,Rs. 535.00
Coffee and Pepper,Desi 'Rich Taste' Blend,https://www.fraction9coffee.com/collections/coffee-and-pepper/products/desi-rich-taste-blend,Rs. 535.00
Coffee and Pepper,fromRs. 535.00Rs. 600.00,https://www.fraction9coffee.com/collections/coffee-and-pepper/products/desi-rich-taste-blend,Rs. 535.00
Coffee and Pepper,,https://www.fraction9coffee.com/collections/coffee-and-pepper/products/desi-extreme-strong-blend,Rs. 515.00
Coffee and Pepper,Desi 'Extreme Strong' Blend,https://www.fraction9coffee.com/collections/coffee-and-pepper/products/desi-extreme-strong-blend,Rs. 515.00
Coffee and Pepper,fromRs. 515.00Rs. 600.00,https://www.fraction9coffee.com/collections/coffee-and-pepper/products/desi-extreme-strong-blend,Rs. 515.00
Coffee and Pepper,,https://www.fraction9coffee.com/collections/coffee-and-pepper/products/sample-coffee-box,Rs. 899.00
Coffee and Pepper,Sampler Box (75gm * 6 variants),https://www.fraction9coffee.com/collections/coffee-and-pepper/products/sample-coffee-box,Rs. 899.00
Coffee and Pepper,Rs. 899.00Rs. 995.00,https://www.fraction9coffee.com/collections/coffee-and-pepper/products/sample-coffee-box,Rs. 899.00
Coffee and Pepper,,https://www.fraction9coffee.com/collections/coffee-and-pepper/products/french-roast-coffee,Rs. 619.00
Coffee and Pepper,French Roast Coffee,https://www.fraction9coffee.com/collections/coffee-and-pepper/products/french-roast-coffee,Rs. 619.00
Coffee and Pepper,fromRs. 619.00Rs. 770.00,https://www.fraction9coffee.com/collections/coffee-and-pepper/products/french-roast-coffee,Rs. 619.00
Coffee and Pepper,,https://www.fraction9coffee.com/collections/coffee-and-pepper/products/traditional-blend,Rs. 619.00
Coffee and Pepper,Traditional Blend Coffee,https://www.fraction9coffee.com/collections/coffee-and-pepper/products/traditional-blend,Rs. 619.00
Coffee and Pepper,fromRs. 619.00Rs. 770.00,https://www.fraction9coffee.com/collections/coffee-and-pepper/products/traditional-blend,Rs. 619.00
Coffee and Pepper,,https://www.fraction9coffee.com/collections/coffee-and-pepper/products/cinnamon-roast-coffee-powder,Rs. 619.00
Coffee and Pepper,Sweet Roast Coffee,https://www.fraction9coffee.com/collections/coffee-and-pepper/products/cinnamon-roast-coffee-powder,Rs. 619.00
Coffee and Pepper,fromRs. 619.00Rs. 770.00,https://www.fraction9coffee.com/collections/coffee-and-pepper/products/cinnamon-roast-coffee-powder,Rs. 619.00
Coffee and Pepper,,https://www.fraction9coffee.com/collections/coffee-and-pepper/products/cappuccino-blend,Rs. 619.00
Coffee and Pepper,Cappuccino Blend,https://www.fraction9coffee.com/collections/coffee-and-pepper/products/cappuccino-blend,Rs. 619.00
Coffee and Pepper,fromRs. 619.00Rs. 770.00,https://www.fraction9coffee.com/collections/coffee-and-pepper/products/cappuccino-blend,Rs. 619.00
Coffee and Pepper,,https://www.fraction9coffee.com/collections/coffee-and-pepper/products/burundi-washed,Rs. 449.00
Coffee and Pepper,Burundi Washed,https://www.fraction9coffee.com/collections/coffee-and-pepper/products/burundi-washed,Rs. 449.00
Coffee and Pepper,Rs. 449.00Rs. 599.00,https://www.fraction9coffee.com/collections/coffee-and-pepper/products/burundi-washed,Rs. 449.00
Coffee and Pepper,,https://www.fraction9coffee.com/collections/coffee-and-pepper/products/everyday-gold-affordable-premium,Rs. 435.00
Coffee and Pepper,Everyday Gold – Affordable Value | Auto Discounted | No Codes,https://www.fraction9coffee.com/collections/coffee-and-pepper/products/everyday-gold-affordable-premium,Rs. 435.00
Coffee and Pepper,fromRs. 435.00Rs. 600.00,https://www.fraction9coffee.com/collections/coffee-and-pepper/products/everyday-gold-affordable-premium,Rs. 435.00
Coffee and Pepper,,https://www.fraction9coffee.com/collections/coffee-and-pepper/products/honeycrest-value-white-honey,Rs. 599.00
Coffee and Pepper,HoneyCrest | Value | White Honey,https://www.fraction9coffee.com/collections/coffee-and-pepper/products/honeycrest-value-white-honey,Rs. 599.00
Coffee and Pepper,Rs. 599.00Rs. 750.00,https://www.fraction9coffee.com/collections/coffee-and-pepper/products/honeycrest-value-white-honey,Rs. 599.00
Coffee and Pepper,,https://www.fraction9coffee.com/collections/coffee-and-pepper/products/tropicrunch,Rs. 649.00
Coffee and Pepper,TROPICRUNCH - FRUITY NATURALS,https://www.fraction9coffee.com/collections/coffee-and-pepper/products/tropicrunch,Rs. 649.00
Coffee and Pepper,Rs. 649.00Rs. 800.00,https://www.fraction9coffee.com/collections/coffee-and-pepper/products/tropicrunch,Rs. 649.00
Coffee and Pepper,,https://www.fraction9coffee.com/collections/coffee-and-pepper/products/peachwhirl-ratnagiri-rn3,Rs. 819.00
Coffee and Pepper,PEACHWHIRL | RATNAGIRI RN3,https://www.fraction9coffee.com/collections/coffee-and-pepper/products/peachwhirl-ratnagiri-rn3,Rs. 819.00
Coffee and Pepper,Rs. 819.00Rs. 950.00,https://www.fraction9coffee.com/collections/coffee-and-pepper/products/peachwhirl-ratnagiri-rn3,Rs. 819.00
Coffee and Pepper,,https://www.fraction9coffee.com/collections/coffee-and-pepper/products/crimson-spirit-ratnagiri-dark-mrs-01-1,Rs. 899.00
Coffee and Pepper,CRIMSON SPIRIT | RATNAGIRI DARK ROOM - Light Plus Roast - MRS 01/1,https://www.fraction9coffee.com/collections/coffee-and-pepper/products/crimson-spirit-ratnagiri-dark-mrs-01-1,Rs. 899.00
Coffee and Pepper,"Rs. 899.00Rs. 1,150.00",https://www.fraction9coffee.com/collections/coffee-and-pepper/products/crimson-spirit-ratnagiri-dark-mrs-01-1,Rs. 899.00
Coffee and Pepper,,https://www.fraction9coffee.com/collections/coffee-and-pepper/products/sampler-box-75gm-6-variants-copy,Rs. 949.00
Coffee and Pepper,Microlot 75 g X 4 Sampler box ( Temporary Product ),https://www.fraction9coffee.com/collections/coffee-and-pepper/products/sampler-box-75gm-6-variants-copy,Rs. 949.00
Coffee and Pepper,Rs. 949.00Rs. 995.00,https://www.fraction9coffee.com/collections/coffee-and-pepper/products/sampler-box-75gm-6-variants-copy,Rs. 949.00
Coffee and Pepper,,https://www.fraction9coffee.com/collections/coffee-and-pepper/products/ratnagiri-naturals-nova,Rs. 799.00
Coffee and Pepper,RATNAGIRI NATURALS - NOVA,https://www.fraction9coffee.com/collections/coffee-and-pepper/products/ratnagiri-naturals-nova,Rs. 799.00
Coffee and Pepper,"Rs. 799.00Rs. 1,100.00",https://www.fraction9coffee.com/collections/coffee-and-pepper/products/ratnagiri-naturals-nova,Rs. 799.00
Coffee and Pepper,,https://www.fraction9coffee.com/collections/coffee-and-pepper/products/cuvee-brandylime,Rs. 879.00
Coffee and Pepper,Cuvée BrandyLime - Kalyancool,https://www.fraction9coffee.com/collections/coffee-and-pepper/products/cuvee-brandylime,Rs. 879.00
Coffee and Pepper,"fromRs. 879.00Rs. 1,150.00",https://www.fraction9coffee.com/collections/coffee-and-pepper/products/cuvee-brandylime,Rs. 879.00
Coffee and Pepper,,https://www.fraction9coffee.com/collections/coffee-and-pepper/products/shillong-spice-rush-naturals,Rs. 699.00
Coffee and Pepper,SHILLONG SPICE RUSH - NATURALS,https://www.fraction9coffee.com/collections/coffee-and-pepper/products/shillong-spice-rush-naturals,Rs. 699.00
Coffee and Pepper,fromRs. 699.00Rs. 950.00,https://www.fraction9coffee.com/collections/coffee-and-pepper/products/shillong-spice-rush-naturals,Rs. 699.00
Coffee and Pepper,,https://www.fraction9coffee.com/collections/coffee-and-pepper/products/golden-mirage-naturals-by-kalyancool-estate,Rs. 735.00
Coffee and Pepper,GOLDEN MIRAGE - NATURALS BY KALYANCOOL ESTATE,https://www.fraction9coffee.com/collections/coffee-and-pepper/products/golden-mirage-naturals-by-kalyancool-estate,Rs. 735.00
Coffee and Pepper,"fromRs. 735.00Rs. 1,000.00",https://www.fraction9coffee.com/collections/coffee-and-pepper/products/golden-mirage-naturals-by-kalyancool-estate,Rs. 735.00
Coffee and Pepper,,https://www.fraction9coffee.com/collections/coffee-and-pepper/products/ratnagiri-liora,Rs. 799.00
Coffee and Pepper,LIORA - Ratnagiri Estate (Lab Microbe Fermentation),https://www.fraction9coffee.com/collections/coffee-and-pepper/products/ratnagiri-liora,Rs. 799.00
Coffee and Pepper,"fromRs. 799.00Rs. 1,100.00",https://www.fraction9coffee.com/collections/coffee-and-pepper/products/ratnagiri-liora,Rs. 799.00
Coffee and Pepper,Breakfast Roast Coffee,https://www.fraction9coffee.com/products/breakfast-roast-coffee-powder#judgeme_product_reviews,
Coffee and Pepper,GOLDEN MIRAGE - NATURALS BY KALYANCOOL ESTATE,https://www.fraction9coffee.com/products/golden-mirage-naturals-by-kalyancool-estate#judgeme_product_reviews,
Coffee and Pepper,Cappuccino Blend,https://www.fraction9coffee.com/products/cappuccino-blend#judgeme_product_reviews,
Coffee and Pepper,Everyday Gold – Affordable Value | Auto Discounted | No Codes,https://www.fraction9coffee.com/products/everyday-gold-affordable-premium#judgeme_product_reviews,
Coffee and Pepper,French Roast Coffee,https://www.fraction9coffee.com/products/french-roast-coffee#judgeme_product_reviews,
Coffee and Pepper,SHILLONG SPICE RUSH - NATURALS,https://www.fraction9coffee.com/products/shillong-spice-rush-naturals#judgeme_product_reviews,
Coffee and Pepper,Kaapi,https://www.fraction9coffee.com/products/kaapi#judgeme_product_reviews,
Coffee Bags - NO Filter Required.,New - Gift Hamper!!!,https://www.fraction9coffee.com/products/gift-hamper,Rs. 499.00
Coffee Bags - NO Filter Required.,New Launch - Value Product - Everyday Gold,https://www.fraction9coffee.com/products/everyday-gold-affordable-premium,Rs. 499.00
Coffee Bags - NO Filter Required.,BLACK PEPPER,https://www.fraction9coffee.com/products/black-pepper-bold-5-5-mm,Rs. 499.00
Coffee Bags - NO Filter Required.,"FREE Vanilla Coffee. Buy 500 G any coffee, get 250 G FREE",https://www.fraction9coffee.comhttps://www.fraction9coffee.com/collections/coffee/products/free-250-g-vanilla-coffee-buy-any-500-g-coffee,Rs. 499.00
Coffee Bags - NO Filter Required.,"FREE Hazenut Coffee. Buy 500 G any coffee, get 250 G FREE",https://www.fraction9coffee.com/products/free-hazelnut-coffee-combo,Rs. 499.00
Coffee Bags - NO Filter Required.,New - Gift Hamper!!!,https://www.fraction9coffee.com/products/gift-hamper,Rs. 499.00
Coffee Bags - NO Filter Required.,New Launch - Value Product - Everyday Gold,https://www.fraction9coffee.com/products/everyday-gold-affordable-premium,Rs. 499.00
Coffee Bags - NO Filter Required.,BLACK PEPPER,https://www.fraction9coffee.com/products/black-pepper-bold-5-5-mm,Rs. 499.00
Coffee Bags - NO Filter Required.,"FREE Vanilla Coffee. Buy 500 G any coffee, get 250 G FREE",https://www.fraction9coffee.comhttps://www.fraction9coffee.com/collections/coffee/products/free-250-g-vanilla-coffee-buy-any-500-g-coffee,Rs. 499.00
Coffee Bags - NO Filter Required.,"FREE Hazenut Coffee. Buy 500 G any coffee, get 250 G FREE",https://www.fraction9coffee.com/products/free-hazelnut-coffee-combo,Rs. 499.00
Coffee Bags - NO Filter Required.,,https://www.fraction9coffee.com/collections/coffee-bags-no-filter-required/products/100-coffee-bags,Rs. 499.00
Coffee Bags - NO Filter Required.,100% Coffee BAGS,https://www.fraction9coffee.com/collections/coffee-bags-no-filter-required/products/100-coffee-bags,Rs. 499.00
Coffee Bags - NO Filter Required.,fromRs. 499.00Rs. 600.00,https://www.fraction9coffee.com/collections/coffee-bags-no-filter-required/products/100-coffee-bags,Rs. 499.00
Coffee Bags - NO Filter Required.,,https://www.fraction9coffee.com/collections/coffee-bags-no-filter-required/products/french-vanilla-coffee-bags,Rs. 499.00
Coffee Bags - NO Filter Required.,VANILLA Coffee Bags - No filter required,https://www.fraction9coffee.com/collections/coffee-bags-no-filter-required/products/french-vanilla-coffee-bags,Rs. 499.00
Coffee Bags - NO Filter Required.,fromRs. 499.00Rs. 600.00,https://www.fraction9coffee.com/collections/coffee-bags-no-filter-required/products/french-vanilla-coffee-bags,Rs. 499.00
Coffee Bags - NO Filter Required.,,https://www.fraction9coffee.com/collections/coffee-bags-no-filter-required/products/hazelnut-coffee-bags,Rs. 499.00
Coffee Bags - NO Filter Required.,Hazelnut Coffee Bags (chocolaty) - No filter required,https://www.fraction9coffee.com/collections/coffee-bags-no-filter-required/products/hazelnut-coffee-bags,Rs. 499.00
Coffee Bags - NO Filter Required.,fromRs. 499.00Rs. 600.00,https://www.fraction9coffee.com/collections/coffee-bags-no-filter-required/products/hazelnut-coffee-bags,Rs. 499.00
Coffee Bags - NO Filter Required.,,https://www.fraction9coffee.com/collections/coffee-bags-no-filter-required/products/assorted-coffee-bags-box-try-all,Rs. 499.00
Coffee Bags - NO Filter Required.,Assorted Coffee bags Box - Try all,https://www.fraction9coffee.com/collections/coffee-bags-no-filter-required/products/assorted-coffee-bags-box-try-all,Rs. 499.00
Coffee Bags - NO Filter Required.,fromRs. 499.00Rs. 600.00,https://www.fraction9coffee.com/collections/coffee-bags-no-filter-required/products/assorted-coffee-bags-box-try-all,Rs. 499.00
Coffee Bags - NO Filter Required.,Breakfast Roast Coffee,https://www.fraction9coffee.com/products/breakfast-roast-coffee-powder#judgeme_product_reviews,
Coffee Bags - NO Filter Required.,GOLDEN MIRAGE - NATURALS BY KALYANCOOL ESTATE,https://www.fraction9coffee.com/products/golden-mirage-naturals-by-kalyancool-estate#judgeme_product_reviews,
Coffee Bags - NO Filter Required.,Cappuccino Blend,https://www.fraction9coffee.com/products/cappuccino-blend#judgeme_product_reviews,
Coffee Bags - NO Filter Required.,Everyday Gold – Affordable Value | Auto Discounted | No Codes,https://www.fraction9coffee.com/products/everyday-gold-affordable-premium#judgeme_product_reviews,
Coffee Bags - NO Filter Required.,French Roast Coffee,https://www.fraction9coffee.com/products/french-roast-coffee#judgeme_product_reviews,
Coffee Bags - NO Filter Required.,SHILLONG SPICE RUSH - NATURALS,https://www.fraction9coffee.com/products/shillong-spice-rush-naturals#judgeme_product_reviews,
Coffee Bags - NO Filter Required.,Kaapi,https://www.fraction9coffee.com/products/kaapi#judgeme_product_reviews,
Coffee Bags - Pour Over,New - Gift Hamper!!!,https://www.fraction9coffee.com/products/gift-hamper,Rs. 499.00
Coffee Bags - Pour Over,New Launch - Value Product - Everyday Gold,https://www.fraction9coffee.com/products/everyday-gold-affordable-premium,Rs. 499.00
Coffee Bags - Pour Over,BLACK PEPPER,https://www.fraction9coffee.com/products/black-pepper-bold-5-5-mm,Rs. 499.00
Coffee Bags - Pour Over,"FREE Vanilla Coffee. Buy 500 G any coffee, get 250 G FREE",https://www.fraction9coffee.comhttps://www.fraction9coffee.com/collections/coffee/products/free-250-g-vanilla-coffee-buy-any-500-g-coffee,Rs. 499.00
Coffee Bags - Pour Over,"FREE Hazenut Coffee. Buy 500 G any coffee, get 250 G FREE",https://www.fraction9coffee.com/products/free-hazelnut-coffee-combo,Rs. 499.00
Coffee Bags - Pour Over,New - Gift Hamper!!!,https://www.fraction9coffee.com/products/gift-hamper,Rs. 499.00
Coffee Bags - Pour Over,New Launch - Value Product - Everyday Gold,https://www.fraction9coffee.com/products/everyday-gold-affordable-premium,Rs. 499.00
Coffee Bags - Pour Over,BLACK PEPPER,https://www.fraction9coffee.com/products/black-pepper-bold-5-5-mm,Rs. 499.00
Coffee Bags - Pour Over,"FREE Vanilla Coffee. Buy 500 G any coffee, get 250 G FREE",https://www.fraction9coffee.comhttps://www.fraction9coffee.com/collections/coffee/products/free-250-g-vanilla-coffee-buy-any-500-g-coffee,Rs. 499.00
Coffee Bags - Pour Over,"FREE Hazenut Coffee. Buy 500 G any coffee, get 250 G FREE",https://www.fraction9coffee.com/products/free-hazelnut-coffee-combo,Rs. 499.00
Coffee Bags - Pour Over,,https://www.fraction9coffee.com/collections/coffee-bags-pour-over/products/hazelnut-coffee-bags,Rs. 499.00
Coffee Bags - Pour Over,Hazelnut Coffee Bags (chocolaty) - No filter required,https://www.fraction9coffee.com/collections/coffee-bags-pour-over/products/hazelnut-coffee-bags,Rs. 499.00
Coffee Bags - Pour Over,fromRs. 499.00Rs. 600.00,https://www.fraction9coffee.com/collections/coffee-bags-pour-over/products/hazelnut-coffee-bags,Rs. 499.00
Coffee Bags - Pour Over,,https://www.fraction9coffee.com/collections/coffee-bags-pour-over/products/100-coffee-bags,Rs. 499.00
Coffee Bags - Pour Over,100% Coffee BAGS,https://www.fraction9coffee.com/collections/coffee-bags-pour-over/products/100-coffee-bags,Rs. 499.00
Coffee Bags - Pour Over,fromRs. 499.00Rs. 600.00,https://www.fraction9coffee.com/collections/coffee-bags-pour-over/products/100-coffee-bags,Rs. 499.00
Coffee Bags - Pour Over,,https://www.fraction9coffee.com/collections/coffee-bags-pour-over/products/french-vanilla-coffee-bags,Rs. 499.00
Coffee Bags - Pour Over,VANILLA Coffee Bags - No filter required,https://www.fraction9coffee.com/collections/coffee-bags-pour-over/products/french-vanilla-coffee-bags,Rs. 499.00
Coffee Bags - Pour Over,fromRs. 499.00Rs. 600.00,https://www.fraction9coffee.com/collections/coffee-bags-pour-over/products/french-vanilla-coffee-bags,Rs. 499.00
Coffee Bags - Pour Over,,https://www.fraction9coffee.com/collections/coffee-bags-pour-over/products/filter-coffee-bags-coffee-chicory-blends,Rs. 499.00
Coffee Bags - Pour Over,Filter Coffee BAGS (Coffee Chicory Blends),https://www.fraction9coffee.com/collections/coffee-bags-pour-over/products/filter-coffee-bags-coffee-chicory-blends,Rs. 499.00
Coffee Bags - Pour Over,fromRs. 499.00Rs. 600.00,https://www.fraction9coffee.com/collections/coffee-bags-pour-over/products/filter-coffee-bags-coffee-chicory-blends,Rs. 499.00
Coffee Bags - Pour Over,,https://www.fraction9coffee.com/collections/coffee-bags-pour-over/products/assorted-coffee-bags-box-try-all,Rs. 499.00
Coffee Bags - Pour Over,Assorted Coffee bags Box - Try all,https://www.fraction9coffee.com/collections/coffee-bags-pour-over/products/assorted-coffee-bags-box-try-all,Rs. 499.00
Coffee Bags - Pour Over,fromRs. 499.00Rs. 600.00,https://www.fraction9coffee.com/collections/coffee-bags-pour-over/products/assorted-coffee-bags-box-try-all,Rs. 499.00
Coffee Bags - Pour Over,Breakfast Roast Coffee,https://www.fraction9coffee.com/products/breakfast-roast-coffee-powder#judgeme_product_reviews,
Coffee Bags - Pour Over,GOLDEN MIRAGE - NATURALS BY KALYANCOOL ESTATE,https://www.fraction9coffee.com/products/golden-mirage-naturals-by-kalyancool-estate#judgeme_product_reviews,
Coffee Bags - Pour Over,Cappuccino Blend,https://www.fraction9coffee.com/products/cappuccino-blend#judgeme_product_reviews,
Coffee Bags - Pour Over,Everyday Gold – Affordable Value | Auto Discounted | No Codes,https://www.fraction9coffee.com/products/everyday-gold-affordable-premium#judgeme_product_reviews,
Coffee Bags - Pour Over,French Roast Coffee,https://www.fraction9coffee.com/products/french-roast-coffee#judgeme_product_reviews,
Coffee Bags - Pour Over,SHILLONG SPICE RUSH - NATURALS,https://www.fraction9coffee.com/products/shillong-spice-rush-naturals#judgeme_product_reviews,
Coffee Bags - Pour Over,Kaapi,https://www.fraction9coffee.com/products/kaapi#judgeme_product_reviews,
free 250 G hazelnut coffee. Buy 500 g any coffee,New - Gift Hamper!!!,https://www.fraction9coffee.com/products/gift-hamper,Rs. 898.00
free 250 G hazelnut coffee. Buy 500 g any coffee,New Launch - Value Product - Everyday Gold,https://www.fraction9coffee.com/products/everyday-gold-affordable-premium,Rs. 898.00
free 250 G hazelnut coffee. Buy 500 g any coffee,BLACK PEPPER,https://www.fraction9coffee.com/products/black-pepper-bold-5-5-mm,Rs. 898.00
free 250 G hazelnut coffee. Buy 500 g any coffee,"FREE Vanilla Coffee. Buy 500 G any coffee, get 250 G FREE",https://www.fraction9coffee.comhttps://www.fraction9coffee.com/collections/coffee/products/free-250-g-vanilla-coffee-buy-any-500-g-coffee,Rs. 898.00
free 250 G hazelnut coffee. Buy 500 g any coffee,"FREE Hazenut Coffee. Buy 500 G any coffee, get 250 G FREE",https://www.fraction9coffee.com/products/free-hazelnut-coffee-combo,Rs. 898.00
free 250 G hazelnut coffee. Buy 500 g any coffee,New - Gift Hamper!!!,https://www.fraction9coffee.com/products/gift-hamper,Rs. 898.00
free 250 G hazelnut coffee. Buy 500 g any coffee,New Launch - Value Product - Everyday Gold,https://www.fraction9coffee.com/products/everyday-gold-affordable-premium,Rs. 898.00
free 250 G hazelnut coffee. Buy 500 g any coffee,BLACK PEPPER,https://www.fraction9coffee.com/products/black-pepper-bold-5-5-mm,Rs. 898.00
free 250 G hazelnut coffee. Buy 500 g any coffee,"FREE Vanilla Coffee. Buy 500 G any coffee, get 250 G FREE",https://www.fraction9coffee.comhttps://www.fraction9coffee.com/collections/coffee/products/free-250-g-vanilla-coffee-buy-any-500-g-coffee,Rs. 898.00
free 250 G hazelnut coffee. Buy 500 g any coffee,"FREE Hazenut Coffee. Buy 500 G any coffee, get 250 G FREE",https://www.fraction9coffee.com/products/free-hazelnut-coffee-combo,Rs. 898.00
free 250 G hazelnut coffee. Buy 500 g any coffee,,https://www.fraction9coffee.com/collections/free-250-g-hazelnut-coffee-buy-500-g-any-coffee/products/free-hazelnut-coffee-combo,Rs. 898.00
free 250 G hazelnut coffee. Buy 500 g any coffee,FREE 250 G HAZELNUT COFFEE - BUY ANY 500 G COFFEE,https://www.fraction9coffee.com/collections/free-250-g-hazelnut-coffee-buy-500-g-any-coffee/products/free-hazelnut-coffee-combo,Rs. 898.00
free 250 G hazelnut coffee. Buy 500 g any coffee,"fromRs. 898.00Rs. 1,347.00",https://www.fraction9coffee.com/collections/free-250-g-hazelnut-coffee-buy-500-g-any-coffee/products/free-hazelnut-coffee-combo,Rs. 898.00
free 250 G hazelnut coffee. Buy 500 g any coffee,,https://www.fraction9coffee.com/collections/free-250-g-hazelnut-coffee-buy-500-g-any-coffee/products/free-250-g-vanilla-coffee-buy-any-500-g-coffee,Rs. 898.00
free 250 G hazelnut coffee. Buy 500 g any coffee,FREE 250 G VANILLA COFFEE - BUY ANY 500 G COFFEE,https://www.fraction9coffee.com/collections/free-250-g-hazelnut-coffee-buy-500-g-any-coffee/products/free-250-g-vanilla-coffee-buy-any-500-g-coffee,Rs. 898.00
free 250 G hazelnut coffee. Buy 500 g any coffee,"fromRs. 898.00Rs. 1,347.00",https://www.fraction9coffee.com/collections/free-250-g-hazelnut-coffee-buy-500-g-any-coffee/products/free-250-g-vanilla-coffee-buy-any-500-g-coffee,Rs. 898.00
free 250 G hazelnut coffee. Buy 500 g any coffee,,https://www.fraction9coffee.com/collections/free-250-g-hazelnut-coffee-buy-500-g-any-coffee/products/free-250-g-black-pepper-buy-any-500-g-coffee,Rs. 898.00
free 250 G hazelnut coffee. Buy 500 g any coffee,FREE 250 G BLACK PEPPER - BUY ANY 500 G COFFEE,https://www.fraction9coffee.com/collections/free-250-g-hazelnut-coffee-buy-500-g-any-coffee/products/free-250-g-black-pepper-buy-any-500-g-coffee,Rs. 898.00
free 250 G hazelnut coffee. Buy 500 g any coffee,"fromRs. 898.00Rs. 1,347.00",https://www.fraction9coffee.com/collections/free-250-g-hazelnut-coffee-buy-500-g-any-coffee/products/free-250-g-black-pepper-buy-any-500-g-coffee,Rs. 898.00
free 250 G hazelnut coffee. Buy 500 g any coffee,Breakfast Roast Coffee,https://www.fraction9coffee.com/products/breakfast-roast-coffee-powder#judgeme_product_reviews,
free 250 G hazelnut coffee. Buy 500 g any coffee,GOLDEN MIRAGE - NATURALS BY KALYANCOOL ESTATE,https://www.fraction9coffee.com/products/golden-mirage-naturals-by-kalyancool-estate#judgeme_product_reviews,
free 250 G hazelnut coffee. Buy 500 g any coffee,Cappuccino Blend,https://www.fraction9coffee.com/products/cappuccino-blend#judgeme_product_reviews,
free 250 G hazelnut coffee. Buy 500 g any coffee,Everyday Gold – Affordable Value | Auto Discounted | No Codes,https://www.fraction9coffee.com/products/everyday-gold-affordable-premium#judgeme_product_reviews,
free 250 G hazelnut coffee. Buy 500 g any coffee,French Roast Coffee,https://www.fraction9coffee.com/products/french-roast-coffee#judgeme_product_reviews,
free 250 G hazelnut coffee. Buy 500 g any coffee,SHILLONG SPICE RUSH - NATURALS,https://www.fraction9coffee.com/products/shillong-spice-rush-naturals#judgeme_product_reviews,
free 250 G hazelnut coffee. Buy 500 g any coffee,Kaapi,https://www.fraction9coffee.com/products/kaapi#judgeme_product_reviews,
FREE PEPPER COMBO,New - Gift Hamper!!!,https://www.fraction9coffee.com/products/gift-hamper,Rs. 898.00
FREE PEPPER COMBO,New Launch - Value Product - Everyday Gold,https://www.fraction9coffee.com/products/everyday-gold-affordable-premium,Rs. 898.00
FREE PEPPER COMBO,BLACK PEPPER,https://www.fraction9coffee.com/products/black-pepper-bold-5-5-mm,Rs. 898.00
FREE PEPPER COMBO,"FREE Vanilla Coffee. Buy 500 G any coffee, get 250 G FREE",https://www.fraction9coffee.comhttps://www.fraction9coffee.com/collections/coffee/products/free-250-g-vanilla-coffee-buy-any-500-g-coffee,Rs. 898.00
FREE PEPPER COMBO,"FREE Hazenut Coffee. Buy 500 G any coffee, get 250 G FREE",https://www.fraction9coffee.com/products/free-hazelnut-coffee-combo,Rs. 898.00
FREE PEPPER COMBO,New - Gift Hamper!!!,https://www.fraction9coffee.com/products/gift-hamper,Rs. 898.00
FREE PEPPER COMBO,New Launch - Value Product - Everyday Gold,https://www.fraction9coffee.com/products/everyday-gold-affordable-premium,Rs. 898.00
FREE PEPPER COMBO,BLACK PEPPER,https://www.fraction9coffee.com/products/black-pepper-bold-5-5-mm,Rs. 898.00
FREE PEPPER COMBO,"FREE Vanilla Coffee. Buy 500 G any coffee, get 250 G FREE",https://www.fraction9coffee.comhttps://www.fraction9coffee.com/collections/coffee/products/free-250-g-vanilla-coffee-buy-any-500-g-coffee,Rs. 898.00
FREE PEPPER COMBO,"FREE Hazenut Coffee. Buy 500 G any coffee, get 250 G FREE",https://www.fraction9coffee.com/products/free-hazelnut-coffee-combo,Rs. 898.00
FREE PEPPER COMBO,,https://www.fraction9coffee.com/collections/pepper-combo/products/free-250-g-black-pepper-buy-any-500-g-coffee,Rs. 898.00
FREE PEPPER COMBO,FREE 250 G BLACK PEPPER - BUY ANY 500 G COFFEE,https://www.fraction9coffee.com/collections/pepper-combo/products/free-250-g-black-pepper-buy-any-500-g-coffee,Rs. 898.00
FREE PEPPER COMBO,"fromRs. 898.00Rs. 1,347.00",https://www.fraction9coffee.com/collections/pepper-combo/products/free-250-g-black-pepper-buy-any-500-g-coffee,Rs. 898.00
FREE PEPPER COMBO,Breakfast Roast Coffee,https://www.fraction9coffee.com/products/breakfast-roast-coffee-powder#judgeme_product_reviews,
FREE PEPPER COMBO,GOLDEN MIRAGE - NATURALS BY KALYANCOOL ESTATE,https://www.fraction9coffee.com/products/golden-mirage-naturals-by-kalyancool-estate#judgeme_product_reviews,
FREE PEPPER COMBO,Cappuccino Blend,https://www.fraction9coffee.com/products/cappuccino-blend#judgeme_product_reviews,
FREE PEPPER COMBO,Everyday Gold – Affordable Value | Auto Discounted | No Codes,https://www.fraction9coffee.com/products/everyday-gold-affordable-premium#judgeme_product_reviews,
FREE PEPPER COMBO,French Roast Coffee,https://www.fraction9coffee.com/products/french-roast-coffee#judgeme_product_reviews,
FREE PEPPER COMBO,SHILLONG SPICE RUSH - NATURALS,https://www.fraction9coffee.com/products/shillong-spice-rush-naturals#judgeme_product_reviews,
FREE PEPPER COMBO,Kaapi,https://www.fraction9coffee.com/products/kaapi#judgeme_product_reviews,
Hand Picked - Coffee Variants.,New - Gift Hamper!!!,https://www.fraction9coffee.com/products/gift-hamper,Rs. 799.00
Hand Picked - Coffee Variants.,New Launch - Value Product - Everyday Gold,https://www.fraction9coffee.com/products/everyday-gold-affordable-premium,Rs. 799.00
Hand Picked - Coffee Variants.,BLACK PEPPER,https://www.fraction9coffee.com/products/black-pepper-bold-5-5-mm,Rs. 799.00
Hand Picked - Coffee Variants.,"FREE Vanilla Coffee. Buy 500 G any coffee, get 250 G FREE",https://www.fraction9coffee.comhttps://www.fraction9coffee.com/collections/coffee/products/free-250-g-vanilla-coffee-buy-any-500-g-coffee,Rs. 799.00
Hand Picked - Coffee Variants.,"FREE Hazenut Coffee. Buy 500 G any coffee, get 250 G FREE",https://www.fraction9coffee.com/products/free-hazelnut-coffee-combo,Rs. 799.00
Hand Picked - Coffee Variants.,New - Gift Hamper!!!,https://www.fraction9coffee.com/products/gift-hamper,Rs. 799.00
Hand Picked - Coffee Variants.,New Launch - Value Product - Everyday Gold,https://www.fraction9coffee.com/products/everyday-gold-affordable-premium,Rs. 799.00
Hand Picked - Coffee Variants.,BLACK PEPPER,https://www.fraction9coffee.com/products/black-pepper-bold-5-5-mm,Rs. 799.00
Hand Picked - Coffee Variants.,"FREE Vanilla Coffee. Buy 500 G any coffee, get 250 G FREE",https://www.fraction9coffee.comhttps://www.fraction9coffee.com/collections/coffee/products/free-250-g-vanilla-coffee-buy-any-500-g-coffee,Rs. 799.00
Hand Picked - Coffee Variants.,"FREE Hazenut Coffee. Buy 500 G any coffee, get 250 G FREE",https://www.fraction9coffee.com/products/free-hazelnut-coffee-combo,Rs. 799.00
Hand Picked - Coffee Variants.,,https://www.fraction9coffee.com/collections/coffee/products/ratnagiri-liora,Rs. 799.00
Hand Picked - Coffee Variants.,LIORA - Ratnagiri Estate (Lab Microbe Fermentation),https://www.fraction9coffee.com/collections/coffee/products/ratnagiri-liora,Rs. 799.00
Hand Picked - Coffee Variants.,"fromRs. 799.00Rs. 1,100.00",https://www.fraction9coffee.com/collections/coffee/products/ratnagiri-liora,Rs. 799.00
Hand Picked - Coffee Variants.,,https://www.fraction9coffee.com/collections/coffee/products/shillong-spice-rush-naturals,Rs. 699.00
Hand Picked - Coffee Variants.,SHILLONG SPICE RUSH - NATURALS,https://www.fraction9coffee.com/collections/coffee/products/shillong-spice-rush-naturals,Rs. 699.00
Hand Picked - Coffee Variants.,fromRs. 699.00Rs. 950.00,https://www.fraction9coffee.com/collections/coffee/products/shillong-spice-rush-naturals,Rs. 699.00
Hand Picked - Coffee Variants.,,https://www.fraction9coffee.com/collections/coffee/products/cuvee-brandylime,Rs. 879.00
Hand Picked - Coffee Variants.,Cuvée BrandyLime - Kalyancool,https://www.fraction9coffee.com/collections/coffee/products/cuvee-brandylime,Rs. 879.00
Hand Picked - Coffee Variants.,"fromRs. 879.00Rs. 1,150.00",https://www.fraction9coffee.com/collections/coffee/products/cuvee-brandylime,Rs. 879.00
Hand Picked - Coffee Variants.,,https://www.fraction9coffee.com/collections/coffee/products/golden-mirage-naturals-by-kalyancool-estate,Rs. 735.00
Hand Picked - Coffee Variants.,GOLDEN MIRAGE - NATURALS BY KALYANCOOL ESTATE,https://www.fraction9coffee.com/collections/coffee/products/golden-mirage-naturals-by-kalyancool-estate,Rs. 735.00
Hand Picked - Coffee Variants.,"fromRs. 735.00Rs. 1,000.00",https://www.fraction9coffee.com/collections/coffee/products/golden-mirage-naturals-by-kalyancool-estate,Rs. 735.00
Hand Picked - Coffee Variants.,,https://www.fraction9coffee.com/collections/coffee/products/everyday-gold-affordable-premium,Rs. 435.00
Hand Picked - Coffee Variants.,Everyday Gold – Affordable Value | Auto Discounted | No Codes,https://www.fraction9coffee.com/collections/coffee/products/everyday-gold-affordable-premium,Rs. 435.00
Hand Picked - Coffee Variants.,fromRs. 435.00Rs. 600.00,https://www.fraction9coffee.com/collections/coffee/products/everyday-gold-affordable-premium,Rs. 435.00
Hand Picked - Coffee Variants.,,https://www.fraction9coffee.com/collections/coffee/products/christmas-roast,Rs. 619.00
Hand Picked - Coffee Variants.,Christmas Roast,https://www.fraction9coffee.com/collections/coffee/products/christmas-roast,Rs. 619.00
Hand Picked - Coffee Variants.,fromRs. 619.00Rs. 770.00,https://www.fraction9coffee.com/collections/coffee/products/christmas-roast,Rs. 619.00
Hand Picked - Coffee Variants.,,https://www.fraction9coffee.com/collections/coffee/products/french-vanilla-coffee,Rs. 619.00
Hand Picked - Coffee Variants.,Vanilla Coffee,https://www.fraction9coffee.com/collections/coffee/products/french-vanilla-coffee,Rs. 619.00
Hand Picked - Coffee Variants.,fromRs. 619.00Rs. 700.00,https://www.fraction9coffee.com/collections/coffee/products/french-vanilla-coffee,Rs. 619.00
Hand Picked - Coffee Variants.,,https://www.fraction9coffee.com/collections/coffee/products/hazelnut,Rs. 619.00
Hand Picked - Coffee Variants.,Hazelnut Coffee - Mocha,https://www.fraction9coffee.com/collections/coffee/products/hazelnut,Rs. 619.00
Hand Picked - Coffee Variants.,fromRs. 619.00Rs. 700.00,https://www.fraction9coffee.com/collections/coffee/products/hazelnut,Rs. 619.00
Hand Picked - Coffee Variants.,,https://www.fraction9coffee.com/collections/coffee/products/kaapi,Rs. 449.00
Hand Picked - Coffee Variants.,Kaapi,https://www.fraction9coffee.com/collections/coffee/products/kaapi,Rs. 449.00
Hand Picked - Coffee Variants.,fromRs. 449.00Rs. 500.00,https://www.fraction9coffee.com/collections/coffee/products/kaapi,Rs. 449.00
Hand Picked - Coffee Variants.,,https://www.fraction9coffee.com/collections/coffee/products/cappuccino-blend,Rs. 619.00
Hand Picked - Coffee Variants.,Cappuccino Blend,https://www.fraction9coffee.com/collections/coffee/products/cappuccino-blend,Rs. 619.00
Hand Picked - Coffee Variants.,fromRs. 619.00Rs. 770.00,https://www.fraction9coffee.com/collections/coffee/products/cappuccino-blend,Rs. 619.00
Hand Picked - Coffee Variants.,,https://www.fraction9coffee.com/collections/coffee/products/breakfast-roast-coffee-powder,Rs. 619.00
Hand Picked - Coffee Variants.,Breakfast Roast Coffee,https://www.fraction9coffee.com/collections/coffee/products/breakfast-roast-coffee-powder,Rs. 619.00
Hand Picked - Coffee Variants.,fromRs. 619.00Rs. 770.00,https://www.fraction9coffee.com/collections/coffee/products/breakfast-roast-coffee-powder,Rs. 619.00
Hand Picked - Coffee Variants.,,https://www.fraction9coffee.com/collections/coffee/products/vienna-roast-coffee-powder,Rs. 619.00
Hand Picked - Coffee Variants.,Vienna Roast Coffee,https://www.fraction9coffee.com/collections/coffee/products/vienna-roast-coffee-powder,Rs. 619.00
Hand Picked - Coffee Variants.,fromRs. 619.00Rs. 770.00,https://www.fraction9coffee.com/collections/coffee/products/vienna-roast-coffee-powder,Rs. 619.00
Hand Picked - Coffee Variants.,,https://www.fraction9coffee.com/collections/coffee/products/prabal,Rs. 529.00
Hand Picked - Coffee Variants.,PRABAL,https://www.fraction9coffee.com/collections/coffee/products/prabal,Rs. 529.00
Hand Picked - Coffee Variants.,fromRs. 529.00Rs. 650.00,https://www.fraction9coffee.com/collections/coffee/products/prabal,Rs. 529.00
Hand Picked - Coffee Variants.,,https://www.fraction9coffee.com/collections/coffee/products/french-roast-coffee,Rs. 619.00
Hand Picked - Coffee Variants.,French Roast Coffee,https://www.fraction9coffee.com/collections/coffee/products/french-roast-coffee,Rs. 619.00
Hand Picked - Coffee Variants.,fromRs. 619.00Rs. 770.00,https://www.fraction9coffee.com/collections/coffee/products/french-roast-coffee,Rs. 619.00
Hand Picked - Coffee Variants.,,https://www.fraction9coffee.com/collections/coffee/products/cinnamon-roast-coffee-powder,Rs. 619.00
Hand Picked - Coffee Variants.,Sweet Roast Coffee,https://www.fraction9coffee.com/collections/coffee/products/cinnamon-roast-coffee-powder,Rs. 619.00
Hand Picked - Coffee Variants.,fromRs. 619.00Rs. 770.00,https://www.fraction9coffee.com/collections/coffee/products/cinnamon-roast-coffee-powder,Rs. 619.00
Hand Picked - Coffee Variants.,,https://www.fraction9coffee.com/collections/coffee/products/madhura,Rs. 529.00
Hand Picked - Coffee Variants.,MADHURA,https://www.fraction9coffee.com/collections/coffee/products/madhura,Rs. 529.00
Hand Picked - Coffee Variants.,fromRs. 529.00Rs. 650.00,https://www.fraction9coffee.com/collections/coffee/products/madhura,Rs. 529.00
Hand Picked - Coffee Variants.,,https://www.fraction9coffee.com/collections/coffee/products/traditional-blend,Rs. 619.00
Hand Picked - Coffee Variants.,Traditional Blend Coffee,https://www.fraction9coffee.com/collections/coffee/products/traditional-blend,Rs. 619.00
Hand Picked - Coffee Variants.,fromRs. 619.00Rs. 770.00,https://www.fraction9coffee.com/collections/coffee/products/traditional-blend,Rs. 619.00
Hand Picked - Coffee Variants.,,https://www.fraction9coffee.com/collections/coffee/products/desi-extreme-strong-blend,Rs. 515.00
Hand Picked - Coffee Variants.,Desi 'Extreme Strong' Blend,https://www.fraction9coffee.com/collections/coffee/products/desi-extreme-strong-blend,Rs. 515.00
Hand Picked - Coffee Variants.,fromRs. 515.00Rs. 600.00,https://www.fraction9coffee.com/collections/coffee/products/desi-extreme-strong-blend,Rs. 515.00
Hand Picked - Coffee Variants.,,https://www.fraction9coffee.com/collections/coffee/products/desi-rich-taste-blend,Rs. 535.00
Hand Picked - Coffee Variants.,Desi 'Rich Taste' Blend,https://www.fraction9coffee.com/collections/coffee/products/desi-rich-taste-blend,Rs. 535.00
Hand Picked - Coffee Variants.,fromRs. 535.00Rs. 600.00,https://www.fraction9coffee.com/collections/coffee/products/desi-rich-taste-blend,Rs. 535.00
Hand Picked - Coffee Variants.,,https://www.fraction9coffee.com/collections/coffee/products/sample-coffee-box,Rs. 899.00
Hand Picked - Coffee Variants.,Sampler Box (75gm * 6 variants),https://www.fraction9coffee.com/collections/coffee/products/sample-coffee-box,Rs. 899.00
Hand Picked - Coffee Variants.,Rs. 899.00Rs. 995.00,https://www.fraction9coffee.com/collections/coffee/products/sample-coffee-box,Rs. 899.00
Hand Picked - Coffee Variants.,,https://www.fraction9coffee.com/collections/coffee/products/sampler-box-75gm-6-variants-copy,Rs. 949.00
Hand Picked - Coffee Variants.,Microlot 75 g X 4 Sampler box ( Temporary Product ),https://www.fraction9coffee.com/collections/coffee/products/sampler-box-75gm-6-variants-copy,Rs. 949.00
Hand Picked - Coffee Variants.,Rs. 949.00Rs. 995.00,https://www.fraction9coffee.com/collections/coffee/products/sampler-box-75gm-6-variants-copy,Rs. 949.00
Hand Picked - Coffee Variants.,,https://www.fraction9coffee.com/collections/coffee/products/free-250-g-black-pepper-buy-any-500-g-coffee,Rs. 898.00
Hand Picked - Coffee Variants.,FREE 250 G BLACK PEPPER - BUY ANY 500 G COFFEE,https://www.fraction9coffee.com/collections/coffee/products/free-250-g-black-pepper-buy-any-500-g-coffee,Rs. 898.00
Hand Picked - Coffee Variants.,"fromRs. 898.00Rs. 1,347.00",https://www.fraction9coffee.com/collections/coffee/products/free-250-g-black-pepper-buy-any-500-g-coffee,Rs. 898.00
Hand Picked - Coffee Variants.,,https://www.fraction9coffee.com/collections/coffee/products/free-250-g-vanilla-coffee-buy-any-500-g-coffee,Rs. 898.00
Hand Picked - Coffee Variants.,FREE 250 G VANILLA COFFEE - BUY ANY 500 G COFFEE,https://www.fraction9coffee.com/collections/coffee/products/free-250-g-vanilla-coffee-buy-any-500-g-coffee,Rs. 898.00
Hand Picked - Coffee Variants.,"fromRs. 898.00Rs. 1,347.00",https://www.fraction9coffee.com/collections/coffee/products/free-250-g-vanilla-coffee-buy-any-500-g-coffee,Rs. 898.00
Hand Picked - Coffee Variants.,,https://www.fraction9coffee.com/collections/coffee/products/free-hazelnut-coffee-combo,Rs. 898.00
Hand Picked - Coffee Variants.,FREE 250 G HAZELNUT COFFEE - BUY ANY 500 G COFFEE,https://www.fraction9coffee.com/collections/coffee/products/free-hazelnut-coffee-combo,Rs. 898.00
Hand Picked - Coffee Variants.,"fromRs. 898.00Rs. 1,347.00",https://www.fraction9coffee.com/collections/coffee/products/free-hazelnut-coffee-combo,Rs. 898.00
Hand Picked - Coffee Variants.,,https://www.fraction9coffee.com/collections/coffee/products/gift-hamper,"Rs. 1,720.00"
Hand Picked - Coffee Variants.,The Signature Gift Hamper,https://www.fraction9coffee.com/collections/coffee/products/gift-hamper,"Rs. 1,720.00"
Hand Picked - Coffee Variants.,"Rs. 1,720.00Rs. 2,500.00",https://www.fraction9coffee.com/collections/coffee/products/gift-hamper,"Rs. 1,720.00"
Hand Picked - Coffee Variants.,Breakfast Roast Coffee,https://www.fraction9coffee.com/products/breakfast-roast-coffee-powder#judgeme_product_reviews,
Hand Picked - Coffee Variants.,GOLDEN MIRAGE - NATURALS BY KALYANCOOL ESTATE,https://www.fraction9coffee.com/products/golden-mirage-naturals-by-kalyancool-estate#judgeme_product_reviews,
Hand Picked - Coffee Variants.,Cappuccino Blend,https://www.fraction9coffee.com/products/cappuccino-blend#judgeme_product_reviews,
Hand Picked - Coffee Variants.,Everyday Gold – Affordable Value | Auto Discounted | No Codes,https://www.fraction9coffee.com/products/everyday-gold-affordable-premium#judgeme_product_reviews,
Hand Picked - Coffee Variants.,French Roast Coffee,https://www.fraction9coffee.com/products/french-roast-coffee#judgeme_product_reviews,
Hand Picked - Coffee Variants.,SHILLONG SPICE RUSH - NATURALS,https://www.fraction9coffee.com/products/shillong-spice-rush-naturals#judgeme_product_reviews,
Hand Picked - Coffee Variants.,Kaapi,https://www.fraction9coffee.com/products/kaapi#judgeme_product_reviews,
Hand Picked - Custom Made catalogue.,New - Gift Hamper!!!,https://www.fraction9coffee.com/products/gift-hamper,Rs. 619.00
Hand Picked - Custom Made catalogue.,New Launch - Value Product - Everyday Gold,https://www.fraction9coffee.com/products/everyday-gold-affordable-premium,Rs. 619.00
Hand Picked - Custom Made catalogue.,BLACK PEPPER,https://www.fraction9coffee.com/products/black-pepper-bold-5-5-mm,Rs. 619.00
Hand Picked - Custom Made catalogue.,"FREE Vanilla Coffee. Buy 500 G any coffee, get 250 G FREE",https://www.fraction9coffee.comhttps://www.fraction9coffee.com/collections/coffee/products/free-250-g-vanilla-coffee-buy-any-500-g-coffee,Rs. 619.00
Hand Picked - Custom Made catalogue.,"FREE Hazenut Coffee. Buy 500 G any coffee, get 250 G FREE",https://www.fraction9coffee.com/products/free-hazelnut-coffee-combo,Rs. 619.00
Hand Picked - Custom Made catalogue.,New - Gift Hamper!!!,https://www.fraction9coffee.com/products/gift-hamper,Rs. 619.00
Hand Picked - Custom Made catalogue.,New Launch - Value Product - Everyday Gold,https://www.fraction9coffee.com/products/everyday-gold-affordable-premium,Rs. 619.00
Hand Picked - Custom Made catalogue.,BLACK PEPPER,https://www.fraction9coffee.com/products/black-pepper-bold-5-5-mm,Rs. 619.00
Hand Picked - Custom Made catalogue.,"FREE Vanilla Coffee. Buy 500 G any coffee, get 250 G FREE",https://www.fraction9coffee.comhttps://www.fraction9coffee.com/collections/coffee/products/free-250-g-vanilla-coffee-buy-any-500-g-coffee,Rs. 619.00
Hand Picked - Custom Made catalogue.,"FREE Hazenut Coffee. Buy 500 G any coffee, get 250 G FREE",https://www.fraction9coffee.com/products/free-hazelnut-coffee-combo,Rs. 619.00
Hand Picked - Custom Made catalogue.,,https://www.fraction9coffee.com/collections/all/products/cinnamon-roast-coffee-powder,Rs. 619.00
Hand Picked - Custom Made catalogue.,Sweet Roast Coffee,https://www.fraction9coffee.com/collections/all/products/cinnamon-roast-coffee-powder,Rs. 619.00
Hand Picked - Custom Made catalogue.,fromRs. 619.00Rs. 770.00,https://www.fraction9coffee.com/collections/all/products/cinnamon-roast-coffee-powder,Rs. 619.00
Hand Picked - Custom Made catalogue.,,https://www.fraction9coffee.com/collections/all/products/breakfast-roast-coffee-powder,Rs. 619.00
Hand Picked - Custom Made catalogue.,Breakfast Roast Coffee,https://www.fraction9coffee.com/collections/all/products/breakfast-roast-coffee-powder,Rs. 619.00
Hand Picked - Custom Made catalogue.,fromRs. 619.00Rs. 770.00,https://www.fraction9coffee.com/collections/all/products/breakfast-roast-coffee-powder,Rs. 619.00
Hand Picked - Custom Made catalogue.,,https://www.fraction9coffee.com/collections/all/products/traditional-blend,Rs. 619.00
Hand Picked - Custom Made catalogue.,Traditional Blend Coffee,https://www.fraction9coffee.com/collections/all/products/traditional-blend,Rs. 619.00
Hand Picked - Custom Made catalogue.,fromRs. 619.00Rs. 770.00,https://www.fraction9coffee.com/collections/all/products/traditional-blend,Rs. 619.00
Hand Picked - Custom Made catalogue.,,https://www.fraction9coffee.com/collections/all/products/sample-coffee-box,Rs. 899.00
Hand Picked - Custom Made catalogue.,Sampler Box (75gm * 6 variants),https://www.fraction9coffee.com/collections/all/products/sample-coffee-box,Rs. 899.00
Hand Picked - Custom Made catalogue.,Rs. 899.00Rs. 995.00,https://www.fraction9coffee.com/collections/all/products/sample-coffee-box,Rs. 899.00
Hand Picked - Custom Made catalogue.,,https://www.fraction9coffee.com/collections/all/products/vienna-roast-coffee-powder,Rs. 619.00
Hand Picked - Custom Made catalogue.,Vienna Roast Coffee,https://www.fraction9coffee.com/collections/all/products/vienna-roast-coffee-powder,Rs. 619.00
Hand Picked - Custom Made catalogue.,fromRs. 619.00Rs. 770.00,https://www.fraction9coffee.com/collections/all/products/vienna-roast-coffee-powder,Rs. 619.00
Hand Picked - Custom Made catalogue.,,https://www.fraction9coffee.com/collections/all/products/copy-of-premium-coffee-powder-cinnamon-roast-250gm-by-fraction-9-coffee-roasters,Rs. 619.00
Hand Picked - Custom Made catalogue.,Premium Filter Coffee - Sweet Roast (250 gm) - By Fraction 9 Coffee Roasters,https://www.fraction9coffee.com/collections/all/products/copy-of-premium-coffee-powder-cinnamon-roast-250gm-by-fraction-9-coffee-roasters,Rs. 619.00
Hand Picked - Custom Made catalogue.,Rs. 619.00,https://www.fraction9coffee.com/collections/all/products/copy-of-premium-coffee-powder-cinnamon-roast-250gm-by-fraction-9-coffee-roasters,Rs. 619.00
Hand Picked - Custom Made catalogue.,,https://www.fraction9coffee.com/collections/all/products/copy-of-premium-coffee-powder-vienna-roast-250gm-by-fraction-9-coffee-roasters,Rs. 619.00
Hand Picked - Custom Made catalogue.,Premium Filter Coffee - Vienna Roast (250 gm) - By Fraction 9 Coffee Roasters,https://www.fraction9coffee.com/collections/all/products/copy-of-premium-coffee-powder-vienna-roast-250gm-by-fraction-9-coffee-roasters,Rs. 619.00
Hand Picked - Custom Made catalogue.,Rs. 619.00,https://www.fraction9coffee.com/collections/all/products/copy-of-premium-coffee-powder-vienna-roast-250gm-by-fraction-9-coffee-roasters,Rs. 619.00
Hand Picked - Custom Made catalogue.,,https://www.fraction9coffee.com/collections/all/products/copy-of-premium-coffee-powder-breakfast-roast-250gm-by-fraction-9-coffee-roasters,Rs. 619.00
Hand Picked - Custom Made catalogue.,Premium Filter Coffee - Breakfast Roast (250 gm) - By Fraction 9 Coffee Roasters,https://www.fraction9coffee.com/collections/all/products/copy-of-premium-coffee-powder-breakfast-roast-250gm-by-fraction-9-coffee-roasters,Rs. 619.00
Hand Picked - Custom Made catalogue.,Rs. 619.00,https://www.fraction9coffee.com/collections/all/products/copy-of-premium-coffee-powder-breakfast-roast-250gm-by-fraction-9-coffee-roasters,Rs. 619.00
Hand Picked - Custom Made catalogue.,,https://www.fraction9coffee.com/collections/all/products/prabal,Rs. 529.00
Hand Picked - Custom Made catalogue.,PRABAL,https://www.fraction9coffee.com/collections/all/products/prabal,Rs. 529.00
Hand Picked - Custom Made catalogue.,fromRs. 529.00Rs. 650.00,https://www.fraction9coffee.com/collections/all/products/prabal,Rs. 529.00
Hand Picked - Custom Made catalogue.,,https://www.fraction9coffee.com/collections/all/products/madhura,Rs. 529.00
Hand Picked - Custom Made catalogue.,MADHURA,https://www.fraction9coffee.com/collections/all/products/madhura,Rs. 529.00
Hand Picked - Custom Made catalogue.,fromRs. 529.00Rs. 650.00,https://www.fraction9coffee.com/collections/all/products/madhura,Rs. 529.00
Hand Picked - Custom Made catalogue.,,https://www.fraction9coffee.com/collections/all/products/cappuccino-blend,Rs. 619.00
Hand Picked - Custom Made catalogue.,Cappuccino Blend,https://www.fraction9coffee.com/collections/all/products/cappuccino-blend,Rs. 619.00
Hand Picked - Custom Made catalogue.,fromRs. 619.00Rs. 770.00,https://www.fraction9coffee.com/collections/all/products/cappuccino-blend,Rs. 619.00
Hand Picked - Custom Made catalogue.,,https://www.fraction9coffee.com/collections/all/products/burundi-washed,Rs. 449.00
Hand Picked - Custom Made catalogue.,Burundi Washed,https://www.fraction9coffee.com/collections/all/products/burundi-washed,Rs. 449.00
Hand Picked - Custom Made catalogue.,Rs. 449.00Rs. 599.00,https://www.fraction9coffee.com/collections/all/products/burundi-washed,Rs. 449.00
Hand Picked - Custom Made catalogue.,,https://www.fraction9coffee.com/collections/all/products/everyday-gold-affordable-premium,Rs. 435.00
Hand Picked - Custom Made catalogue.,Everyday Gold – Affordable Value | Auto Discounted | No Codes,https://www.fraction9coffee.com/collections/all/products/everyday-gold-affordable-premium,Rs. 435.00
Hand Picked - Custom Made catalogue.,fromRs. 435.00Rs. 600.00,https://www.fraction9coffee.com/collections/all/products/everyday-gold-affordable-premium,Rs. 435.00
Hand Picked - Custom Made catalogue.,,https://www.fraction9coffee.com/collections/all/products/honeycrest-value-white-honey,Rs. 599.00
Hand Picked - Custom Made catalogue.,HoneyCrest | Value | White Honey,https://www.fraction9coffee.com/collections/all/products/honeycrest-value-white-honey,Rs. 599.00
Hand Picked - Custom Made catalogue.,Rs. 599.00Rs. 750.00,https://www.fraction9coffee.com/collections/all/products/honeycrest-value-white-honey,Rs. 599.00
Hand Picked - Custom Made catalogue.,,https://www.fraction9coffee.com/collections/all/products/tropicrunch,Rs. 649.00
Hand Picked - Custom Made catalogue.,TROPICRUNCH - FRUITY NATURALS,https://www.fraction9coffee.com/collections/all/products/tropicrunch,Rs. 649.00
Hand Picked - Custom Made catalogue.,Rs. 649.00Rs. 800.00,https://www.fraction9coffee.com/collections/all/products/tropicrunch,Rs. 649.00
Hand Picked - Custom Made catalogue.,,https://www.fraction9coffee.com/collections/all/products/peachwhirl-ratnagiri-rn3,Rs. 819.00
Hand Picked - Custom Made catalogue.,PEACHWHIRL | RATNAGIRI RN3,https://www.fraction9coffee.com/collections/all/products/peachwhirl-ratnagiri-rn3,Rs. 819.00
Hand Picked - Custom Made catalogue.,Rs. 819.00Rs. 950.00,https://www.fraction9coffee.com/collections/all/products/peachwhirl-ratnagiri-rn3,Rs. 819.00
Hand Picked - Custom Made catalogue.,,https://www.fraction9coffee.com/collections/all/products/crimson-spirit-ratnagiri-dark-mrs-01-1,Rs. 899.00
Hand Picked - Custom Made catalogue.,CRIMSON SPIRIT | RATNAGIRI DARK ROOM - Light Plus Roast - MRS 01/1,https://www.fraction9coffee.com/collections/all/products/crimson-spirit-ratnagiri-dark-mrs-01-1,Rs. 899.00
Hand Picked - Custom Made catalogue.,"Rs. 899.00Rs. 1,150.00",https://www.fraction9coffee.com/collections/all/products/crimson-spirit-ratnagiri-dark-mrs-01-1,Rs. 899.00
Hand Picked - Custom Made catalogue.,,https://www.fraction9coffee.com/collections/all/products/sampler-box-75gm-6-variants-copy,Rs. 949.00
Hand Picked - Custom Made catalogue.,Microlot 75 g X 4 Sampler box ( Temporary Product ),https://www.fraction9coffee.com/collections/all/products/sampler-box-75gm-6-variants-copy,Rs. 949.00
Hand Picked - Custom Made catalogue.,Rs. 949.00Rs. 995.00,https://www.fraction9coffee.com/collections/all/products/sampler-box-75gm-6-variants-copy,Rs. 949.00
Hand Picked - Custom Made catalogue.,,https://www.fraction9coffee.com/collections/all/products/ratnagiri-naturals-nova,Rs. 799.00
Hand Picked - Custom Made catalogue.,RATNAGIRI NATURALS - NOVA,https://www.fraction9coffee.com/collections/all/products/ratnagiri-naturals-nova,Rs. 799.00
Hand Picked - Custom Made catalogue.,"Rs. 799.00Rs. 1,100.00",https://www.fraction9coffee.com/collections/all/products/ratnagiri-naturals-nova,Rs. 799.00
Hand Picked - Custom Made catalogue.,,https://www.fraction9coffee.com/collections/all/products/cuvee-brandylime,Rs. 879.00
Hand Picked - Custom Made catalogue.,Cuvée BrandyLime - Kalyancool,https://www.fraction9coffee.com/collections/all/products/cuvee-brandylime,Rs. 879.00
Hand Picked - Custom Made catalogue.,"fromRs. 879.00Rs. 1,150.00",https://www.fraction9coffee.com/collections/all/products/cuvee-brandylime,Rs. 879.00
Hand Picked - Custom Made catalogue.,,https://www.fraction9coffee.com/collections/all/products/shillong-spice-rush-naturals,Rs. 699.00
Hand Picked - Custom Made catalogue.,SHILLONG SPICE RUSH - NATURALS,https://www.fraction9coffee.com/collections/all/products/shillong-spice-rush-naturals,Rs. 699.00
Hand Picked - Custom Made catalogue.,fromRs. 699.00Rs. 950.00,https://www.fraction9coffee.com/collections/all/products/shillong-spice-rush-naturals,Rs. 699.00
Hand Picked - Custom Made catalogue.,,https://www.fraction9coffee.com/collections/all/products/golden-mirage-naturals-by-kalyancool-estate,Rs. 735.00
Hand Picked - Custom Made catalogue.,GOLDEN MIRAGE - NATURALS BY KALYANCOOL ESTATE,https://www.fraction9coffee.com/collections/all/products/golden-mirage-naturals-by-kalyancool-estate,Rs. 735.00
Hand Picked - Custom Made catalogue.,"fromRs. 735.00Rs. 1,000.00",https://www.fraction9coffee.com/collections/all/products/golden-mirage-naturals-by-kalyancool-estate,Rs. 735.00
Hand Picked - Custom Made catalogue.,,https://www.fraction9coffee.com/collections/all/products/ratnagiri-liora,Rs. 799.00
Hand Picked - Custom Made catalogue.,LIORA - Ratnagiri Estate (Lab Microbe Fermentation),https://www.fraction9coffee.com/collections/all/products/ratnagiri-liora,Rs. 799.00
Hand Picked - Custom Made catalogue.,"fromRs. 799.00Rs. 1,100.00",https://www.fraction9coffee.com/collections/all/products/ratnagiri-liora,Rs. 799.00
Hand Picked - Custom Made catalogue.,Breakfast Roast Coffee,https://www.fraction9coffee.com/products/breakfast-roast-coffee-powder#judgeme_product_reviews,
Hand Picked - Custom Made catalogue.,GOLDEN MIRAGE - NATURALS BY KALYANCOOL ESTATE,https://www.fraction9coffee.com/products/golden-mirage-naturals-by-kalyancool-estate#judgeme_product_reviews,
Hand Picked - Custom Made catalogue.,Cappuccino Blend,https://www.fraction9coffee.com/products/cappuccino-blend#judgeme_product_reviews,
Hand Picked - Custom Made catalogue.,Everyday Gold – Affordable Value | Auto Discounted | No Codes,https://www.fraction9coffee.com/products/everyday-gold-affordable-premium#judgeme_product_reviews,
Hand Picked - Custom Made catalogue.,French Roast Coffee,https://www.fraction9coffee.com/products/french-roast-coffee#judgeme_product_reviews,
Hand Picked - Custom Made catalogue.,SHILLONG SPICE RUSH - NATURALS,https://www.fraction9coffee.com/products/shillong-spice-rush-naturals#judgeme_product_reviews,
Hand Picked - Custom Made catalogue.,Kaapi,https://www.fraction9coffee.com/products/kaapi#judgeme_product_reviews,
Microlots & Nanolots,New - Gift Hamper!!!,https://www.fraction9coffee.com/products/gift-hamper,Rs. 799.00
Microlots & Nanolots,New Launch - Value Product - Everyday Gold,https://www.fraction9coffee.com/products/everyday-gold-affordable-premium,Rs. 799.00
Microlots & Nanolots,BLACK PEPPER,https://www.fraction9coffee.com/products/black-pepper-bold-5-5-mm,Rs. 799.00
Microlots & Nanolots,"FREE Vanilla Coffee. Buy 500 G any coffee, get 250 G FREE",https://www.fraction9coffee.comhttps://www.fraction9coffee.com/collections/coffee/products/free-250-g-vanilla-coffee-buy-any-500-g-coffee,Rs. 799.00
Microlots & Nanolots,"FREE Hazenut Coffee. Buy 500 G any coffee, get 250 G FREE",https://www.fraction9coffee.com/products/free-hazelnut-coffee-combo,Rs. 799.00
Microlots & Nanolots,New - Gift Hamper!!!,https://www.fraction9coffee.com/products/gift-hamper,Rs. 799.00
Microlots & Nanolots,New Launch - Value Product - Everyday Gold,https://www.fraction9coffee.com/products/everyday-gold-affordable-premium,Rs. 799.00
Microlots & Nanolots,BLACK PEPPER,https://www.fraction9coffee.com/products/black-pepper-bold-5-5-mm,Rs. 799.00
Microlots & Nanolots,"FREE Vanilla Coffee. Buy 500 G any coffee, get 250 G FREE",https://www.fraction9coffee.comhttps://www.fraction9coffee.com/collections/coffee/products/free-250-g-vanilla-coffee-buy-any-500-g-coffee,Rs. 799.00
Microlots & Nanolots,"FREE Hazenut Coffee. Buy 500 G any coffee, get 250 G FREE",https://www.fraction9coffee.com/products/free-hazelnut-coffee-combo,Rs. 799.00
Microlots & Nanolots,,https://www.fraction9coffee.com/collections/diwali-offer/products/ratnagiri-liora,Rs. 799.00
Microlots & Nanolots,LIORA - Ratnagiri Estate (Lab Microbe Fermentation),https://www.fraction9coffee.com/collections/diwali-offer/products/ratnagiri-liora,Rs. 799.00
Microlots & Nanolots,"fromRs. 799.00Rs. 1,100.00",https://www.fraction9coffee.com/collections/diwali-offer/products/ratnagiri-liora,Rs. 799.00
Microlots & Nanolots,,https://www.fraction9coffee.com/collections/diwali-offer/products/golden-mirage-naturals-by-kalyancool-estate,Rs. 735.00
Microlots & Nanolots,GOLDEN MIRAGE - NATURALS BY KALYANCOOL ESTATE,https://www.fraction9coffee.com/collections/diwali-offer/products/golden-mirage-naturals-by-kalyancool-estate,Rs. 735.00
Microlots & Nanolots,"fromRs. 735.00Rs. 1,000.00",https://www.fraction9coffee.com/collections/diwali-offer/products/golden-mirage-naturals-by-kalyancool-estate,Rs. 735.00
Microlots & Nanolots,,https://www.fraction9coffee.com/collections/diwali-offer/products/cuvee-brandylime,Rs. 879.00
Microlots & Nanolots,Cuvée BrandyLime - Kalyancool,https://www.fraction9coffee.com/collections/diwali-offer/products/cuvee-brandylime,Rs. 879.00
Microlots & Nanolots,"fromRs. 879.00Rs. 1,150.00",https://www.fraction9coffee.com/collections/diwali-offer/products/cuvee-brandylime,Rs. 879.00
Microlots & Nanolots,,https://www.fraction9coffee.com/collections/diwali-offer/products/shillong-spice-rush-naturals,Rs. 699.00
Microlots & Nanolots,SHILLONG SPICE RUSH - NATURALS,https://www.fraction9coffee.com/collections/diwali-offer/products/shillong-spice-rush-naturals,Rs. 699.00
Microlots & Nanolots,fromRs. 699.00Rs. 950.00,https://www.fraction9coffee.com/collections/diwali-offer/products/shillong-spice-rush-naturals,Rs. 699.00
Microlots & Nanolots,Breakfast Roast Coffee,https://www.fraction9coffee.com/products/breakfast-roast-coffee-powder#judgeme_product_reviews,
Microlots & Nanolots,GOLDEN MIRAGE - NATURALS BY KALYANCOOL ESTATE,https://www.fraction9coffee.com/products/golden-mirage-naturals-by-kalyancool-estate#judgeme_product_reviews,
Microlots & Nanolots,Cappuccino Blend,https://www.fraction9coffee.com/products/cappuccino-blend#judgeme_product_reviews,
Microlots & Nanolots,Everyday Gold – Affordable Value | Auto Discounted | No Codes,https://www.fraction9coffee.com/products/everyday-gold-affordable-premium#judgeme_product_reviews,
Microlots & Nanolots,French Roast Coffee,https://www.fraction9coffee.com/products/french-roast-coffee#judgeme_product_reviews,
Microlots & Nanolots,SHILLONG SPICE RUSH - NATURALS,https://www.fraction9coffee.com/products/shillong-spice-rush-naturals#judgeme_product_reviews,
Microlots & Nanolots,Kaapi,https://www.fraction9coffee.com/products/kaapi#judgeme_product_reviews,
New Launch,New - Gift Hamper!!!,https://www.fraction9coffee.com/products/gift-hamper,Rs. 435.00
New Launch,New Launch - Value Product - Everyday Gold,https://www.fraction9coffee.com/products/everyday-gold-affordable-premium,Rs. 435.00
New Launch,BLACK PEPPER,https://www.fraction9coffee.com/products/black-pepper-bold-5-5-mm,Rs. 435.00
New Launch,"FREE Vanilla Coffee. Buy 500 G any coffee, get 250 G FREE",https://www.fraction9coffee.comhttps://www.fraction9coffee.com/collections/coffee/products/free-250-g-vanilla-coffee-buy-any-500-g-coffee,Rs. 435.00
New Launch,"FREE Hazenut Coffee. Buy 500 G any coffee, get 250 G FREE",https://www.fraction9coffee.com/products/free-hazelnut-coffee-combo,Rs. 435.00
New Launch,New - Gift Hamper!!!,https://www.fraction9coffee.com/products/gift-hamper,Rs. 435.00
New Launch,New Launch - Value Product - Everyday Gold,https://www.fraction9coffee.com/products/everyday-gold-affordable-premium,Rs. 435.00
New Launch,BLACK PEPPER,https://www.fraction9coffee.com/products/black-pepper-bold-5-5-mm,Rs. 435.00
New Launch,"FREE Vanilla Coffee. Buy 500 G any coffee, get 250 G FREE",https://www.fraction9coffee.comhttps://www.fraction9coffee.com/collections/coffee/products/free-250-g-vanilla-coffee-buy-any-500-g-coffee,Rs. 435.00
New Launch,"FREE Hazenut Coffee. Buy 500 G any coffee, get 250 G FREE",https://www.fraction9coffee.com/products/free-hazelnut-coffee-combo,Rs. 435.00
New Launch,,https://www.fraction9coffee.com/collections/new-launch/products/everyday-gold-affordable-premium,Rs. 435.00
New Launch,Everyday Gold – Affordable Value | Auto Discounted | No Codes,https://www.fraction9coffee.com/collections/new-launch/products/everyday-gold-affordable-premium,Rs. 435.00
New Launch,fromRs. 435.00Rs. 600.00,https://www.fraction9coffee.com/collections/new-launch/products/everyday-gold-affordable-premium,Rs. 435.00
New Launch,,https://www.fraction9coffee.com/collections/new-launch/products/tropicrunch,Rs. 649.00
New Launch,TROPICRUNCH - FRUITY NATURALS,https://www.fraction9coffee.com/collections/new-launch/products/tropicrunch,Rs. 649.00
New Launch,Rs. 649.00Rs. 800.00,https://www.fraction9coffee.com/collections/new-launch/products/tropicrunch,Rs. 649.00
New Launch,,https://www.fraction9coffee.com/collections/new-launch/products/honeycrest-value-white-honey,Rs. 599.00
New Launch,HoneyCrest | Value | White Honey,https://www.fraction9coffee.com/collections/new-launch/products/honeycrest-value-white-honey,Rs. 599.00
New Launch,Rs. 599.00Rs. 750.00,https://www.fraction9coffee.com/collections/new-launch/products/honeycrest-value-white-honey,Rs. 599.00
New Launch,,https://www.fraction9coffee.com/collections/new-launch/products/golden-mirage-naturals-by-kalyancool-estate,Rs. 735.00
New Launch,GOLDEN MIRAGE - NATURALS BY KALYANCOOL ESTATE,https://www.fraction9coffee.com/collections/new-launch/products/golden-mirage-naturals-by-kalyancool-estate,Rs. 735.00
New Launch,"fromRs. 735.00Rs. 1,000.00",https://www.fraction9coffee.com/collections/new-launch/products/golden-mirage-naturals-by-kalyancool-estate,Rs. 735.00
New Launch,,https://www.fraction9coffee.com/collections/new-launch/products/ratnagiri-naturals-nova,Rs. 799.00
New Launch,RATNAGIRI NATURALS - NOVA,https://www.fraction9coffee.com/collections/new-launch/products/ratnagiri-naturals-nova,Rs. 799.00
New Launch,"Rs. 799.00Rs. 1,100.00",https://www.fraction9coffee.com/collections/new-launch/products/ratnagiri-naturals-nova,Rs. 799.00
New Launch,,https://www.fraction9coffee.com/collections/new-launch/products/crimson-spirit-ratnagiri-dark-mrs-01-1,Rs. 899.00
New Launch,CRIMSON SPIRIT | RATNAGIRI DARK ROOM - Light Plus Roast - MRS 01/1,https://www.fraction9coffee.com/collections/new-launch/products/crimson-spirit-ratnagiri-dark-mrs-01-1,Rs. 899.00
New Launch,"Rs. 899.00Rs. 1,150.00",https://www.fraction9coffee.com/collections/new-launch/products/crimson-spirit-ratnagiri-dark-mrs-01-1,Rs. 899.00
New Launch,,https://www.fraction9coffee.com/collections/new-launch/products/cuvee-brandylime,Rs. 879.00
New Launch,Cuvée BrandyLime - Kalyancool,https://www.fraction9coffee.com/collections/new-launch/products/cuvee-brandylime,Rs. 879.00
New Launch,"fromRs. 879.00Rs. 1,150.00",https://www.fraction9coffee.com/collections/new-launch/products/cuvee-brandylime,Rs. 879.00
New Launch,,https://www.fraction9coffee.com/collections/new-launch/products/shillong-spice-rush-naturals,Rs. 699.00
New Launch,SHILLONG SPICE RUSH - NATURALS,https://www.fraction9coffee.com/collections/new-launch/products/shillong-spice-rush-naturals,Rs. 699.00
New Launch,fromRs. 699.00Rs. 950.00,https://www.fraction9coffee.com/collections/new-launch/products/shillong-spice-rush-naturals,Rs. 699.00
New Launch,,https://www.fraction9coffee.com/collections/new-launch/products/peachwhirl-ratnagiri-rn3,Rs. 819.00
New Launch,PEACHWHIRL | RATNAGIRI RN3,https://www.fraction9coffee.com/collections/new-launch/products/peachwhirl-ratnagiri-rn3,Rs. 819.00
New Launch,Rs. 819.00Rs. 950.00,https://www.fraction9coffee.com/collections/new-launch/products/peachwhirl-ratnagiri-rn3,Rs. 819.00
New Launch,,https://www.fraction9coffee.com/collections/new-launch/products/ratnagiri-liora,Rs. 799.00
New Launch,LIORA - Ratnagiri Estate (Lab Microbe Fermentation),https://www.fraction9coffee.com/collections/new-launch/products/ratnagiri-liora,Rs. 799.00
New Launch,"fromRs. 799.00Rs. 1,100.00",https://www.fraction9coffee.com/collections/new-launch/products/ratnagiri-liora,Rs. 799.00
New Launch,Breakfast Roast Coffee,https://www.fraction9coffee.com/products/breakfast-roast-coffee-powder#judgeme_product_reviews,
New Launch,GOLDEN MIRAGE - NATURALS BY KALYANCOOL ESTATE,https://www.fraction9coffee.com/products/golden-mirage-naturals-by-kalyancool-estate#judgeme_product_reviews,
New Launch,Cappuccino Blend,https://www.fraction9coffee.com/products/cappuccino-blend#judgeme_product_reviews,
New Launch,Everyday Gold – Affordable Value | Auto Discounted | No Codes,https://www.fraction9coffee.com/products/everyday-gold-affordable-premium#judgeme_product_reviews,
New Launch,French Roast Coffee,https://www.fraction9coffee.com/products/french-roast-coffee#judgeme_product_reviews,
New Launch,SHILLONG SPICE RUSH - NATURALS,https://www.fraction9coffee.com/products/shillong-spice-rush-naturals#judgeme_product_reviews,
New Launch,Kaapi,https://www.fraction9coffee.com/products/kaapi#judgeme_product_reviews,
Upto 50% Discount Flash Sale - Black Coffee,New - Gift Hamper!!!,https://www.fraction9coffee.com/products/gift-hamper,Rs. 619.00
Upto 50% Discount Flash Sale - Black Coffee,New Launch - Value Product - Everyday Gold,https://www.fraction9coffee.com/products/everyday-gold-affordable-premium,Rs. 619.00
Upto 50% Discount Flash Sale - Black Coffee,BLACK PEPPER,https://www.fraction9coffee.com/products/black-pepper-bold-5-5-mm,Rs. 619.00
Upto 50% Discount Flash Sale - Black Coffee,"FREE Vanilla Coffee. Buy 500 G any coffee, get 250 G FREE",https://www.fraction9coffee.comhttps://www.fraction9coffee.com/collections/coffee/products/free-250-g-vanilla-coffee-buy-any-500-g-coffee,Rs. 619.00
Upto 50% Discount Flash Sale - Black Coffee,"FREE Hazenut Coffee. Buy 500 G any coffee, get 250 G FREE",https://www.fraction9coffee.com/products/free-hazelnut-coffee-combo,Rs. 619.00
Upto 50% Discount Flash Sale - Black Coffee,New - Gift Hamper!!!,https://www.fraction9coffee.com/products/gift-hamper,Rs. 619.00
Upto 50% Discount Flash Sale - Black Coffee,New Launch - Value Product - Everyday Gold,https://www.fraction9coffee.com/products/everyday-gold-affordable-premium,Rs. 619.00
Upto 50% Discount Flash Sale - Black Coffee,BLACK PEPPER,https://www.fraction9coffee.com/products/black-pepper-bold-5-5-mm,Rs. 619.00
Upto 50% Discount Flash Sale - Black Coffee,"FREE Vanilla Coffee. Buy 500 G any coffee, get 250 G FREE",https://www.fraction9coffee.comhttps://www.fraction9coffee.com/collections/coffee/products/free-250-g-vanilla-coffee-buy-any-500-g-coffee,Rs. 619.00
Upto 50% Discount Flash Sale - Black Coffee,"FREE Hazenut Coffee. Buy 500 G any coffee, get 250 G FREE",https://www.fraction9coffee.com/products/free-hazelnut-coffee-combo,Rs. 619.00
Upto 50% Discount Flash Sale - Black Coffee,,https://www.fraction9coffee.com/collections/50-discount-flash-sale/products/cinnamon-roast-coffee-powder,Rs. 619.00
Upto 50% Discount Flash Sale - Black Coffee,Sweet Roast Coffee,https://www.fraction9coffee.com/collections/50-discount-flash-sale/products/cinnamon-roast-coffee-powder,Rs. 619.00
Upto 50% Discount Flash Sale - Black Coffee,fromRs. 619.00Rs. 770.00,https://www.fraction9coffee.com/collections/50-discount-flash-sale/products/cinnamon-roast-coffee-powder,Rs. 619.00
Upto 50% Discount Flash Sale - Black Coffee,,https://www.fraction9coffee.com/collections/50-discount-flash-sale/products/breakfast-roast-coffee-powder,Rs. 619.00
Upto 50% Discount Flash Sale - Black Coffee,Breakfast Roast Coffee,https://www.fraction9coffee.com/collections/50-discount-flash-sale/products/breakfast-roast-coffee-powder,Rs. 619.00
Upto 50% Discount Flash Sale - Black Coffee,fromRs. 619.00Rs. 770.00,https://www.fraction9coffee.com/collections/50-discount-flash-sale/products/breakfast-roast-coffee-powder,Rs. 619.00
Upto 50% Discount Flash Sale - Black Coffee,,https://www.fraction9coffee.com/collections/50-discount-flash-sale/products/cappuccino-blend,Rs. 619.00
Upto 50% Discount Flash Sale - Black Coffee,Cappuccino Blend,https://www.fraction9coffee.com/collections/50-discount-flash-sale/products/cappuccino-blend,Rs. 619.00
Upto 50% Discount Flash Sale - Black Coffee,fromRs. 619.00Rs. 770.00,https://www.fraction9coffee.com/collections/50-discount-flash-sale/products/cappuccino-blend,Rs. 619.00
Upto 50% Discount Flash Sale - Black Coffee,,https://www.fraction9coffee.com/collections/50-discount-flash-sale/products/burundi-washed,Rs. 449.00
Upto 50% Discount Flash Sale - Black Coffee,Burundi Washed,https://www.fraction9coffee.com/collections/50-discount-flash-sale/products/burundi-washed,Rs. 449.00
Upto 50% Discount Flash Sale - Black Coffee,Rs. 449.00Rs. 599.00,https://www.fraction9coffee.com/collections/50-discount-flash-sale/products/burundi-washed,Rs. 449.00
Upto 50% Discount Flash Sale - Black Coffee,,https://www.fraction9coffee.com/collections/50-discount-flash-sale/products/everyday-gold-affordable-premium,Rs. 435.00
Upto 50% Discount Flash Sale - Black Coffee,Everyday Gold – Affordable Value | Auto Discounted | No Codes,https://www.fraction9coffee.com/collections/50-discount-flash-sale/products/everyday-gold-affordable-premium,Rs. 435.00
Upto 50% Discount Flash Sale - Black Coffee,fromRs. 435.00Rs. 600.00,https://www.fraction9coffee.com/collections/50-discount-flash-sale/products/everyday-gold-affordable-premium,Rs. 435.00
Upto 50% Discount Flash Sale - Black Coffee,,https://www.fraction9coffee.com/collections/50-discount-flash-sale/products/honeycrest-value-white-honey,Rs. 599.00
Upto 50% Discount Flash Sale - Black Coffee,HoneyCrest | Value | White Honey,https://www.fraction9coffee.com/collections/50-discount-flash-sale/products/honeycrest-value-white-honey,Rs. 599.00
Upto 50% Discount Flash Sale - Black Coffee,Rs. 599.00Rs. 750.00,https://www.fraction9coffee.com/collections/50-discount-flash-sale/products/honeycrest-value-white-honey,Rs. 599.00
Upto 50% Discount Flash Sale - Black Coffee,,https://www.fraction9coffee.com/collections/50-discount-flash-sale/products/tropicrunch,Rs. 649.00
Upto 50% Discount Flash Sale - Black Coffee,TROPICRUNCH - FRUITY NATURALS,https://www.fraction9coffee.com/collections/50-discount-flash-sale/products/tropicrunch,Rs. 649.00
Upto 50% Discount Flash Sale - Black Coffee,Rs. 649.00Rs. 800.00,https://www.fraction9coffee.com/collections/50-discount-flash-sale/products/tropicrunch,Rs. 649.00
Upto 50% Discount Flash Sale - Black Coffee,,https://www.fraction9coffee.com/collections/50-discount-flash-sale/products/peachwhirl-ratnagiri-rn3,Rs. 819.00
Upto 50% Discount Flash Sale - Black Coffee,PEACHWHIRL | RATNAGIRI RN3,https://www.fraction9coffee.com/collections/50-discount-flash-sale/products/peachwhirl-ratnagiri-rn3,Rs. 819.00
Upto 50% Discount Flash Sale - Black Coffee,Rs. 819.00Rs. 950.00,https://www.fraction9coffee.com/collections/50-discount-flash-sale/products/peachwhirl-ratnagiri-rn3,Rs. 819.00
Upto 50% Discount Flash Sale - Black Coffee,,https://www.fraction9coffee.com/collections/50-discount-flash-sale/products/crimson-spirit-ratnagiri-dark-mrs-01-1,Rs. 899.00
Upto 50% Discount Flash Sale - Black Coffee,CRIMSON SPIRIT | RATNAGIRI DARK ROOM - Light Plus Roast - MRS 01/1,https://www.fraction9coffee.com/collections/50-discount-flash-sale/products/crimson-spirit-ratnagiri-dark-mrs-01-1,Rs. 899.00
Upto 50% Discount Flash Sale - Black Coffee,"Rs. 899.00Rs. 1,150.00",https://www.fraction9coffee.com/collections/50-discount-flash-sale/products/crimson-spirit-ratnagiri-dark-mrs-01-1,Rs. 899.00
Upto 50% Discount Flash Sale - Black Coffee,,https://www.fraction9coffee.com/collections/50-discount-flash-sale/products/ratnagiri-naturals-nova,Rs. 799.00
Upto 50% Discount Flash Sale - Black Coffee,RATNAGIRI NATURALS - NOVA,https://www.fraction9coffee.com/collections/50-discount-flash-sale/products/ratnagiri-naturals-nova,Rs. 799.00
Upto 50% Discount Flash Sale - Black Coffee,"Rs. 799.00Rs. 1,100.00",https://www.fraction9coffee.com/collections/50-discount-flash-sale/products/ratnagiri-naturals-nova,Rs. 799.00
Upto 50% Discount Flash Sale - Black Coffee,,https://www.fraction9coffee.com/collections/50-discount-flash-sale/products/cuvee-brandylime,Rs. 879.00
Upto 50% Discount Flash Sale - Black Coffee,Cuvée BrandyLime - Kalyancool,https://www.fraction9coffee.com/collections/50-discount-flash-sale/products/cuvee-brandylime,Rs. 879.00
Upto 50% Discount Flash Sale - Black Coffee,"fromRs. 879.00Rs. 1,150.00",https://www.fraction9coffee.com/collections/50-discount-flash-sale/products/cuvee-brandylime,Rs. 879.00
Upto 50% Discount Flash Sale - Black Coffee,,https://www.fraction9coffee.com/collections/50-discount-flash-sale/products/shillong-spice-rush-naturals,Rs. 699.00
Upto 50% Discount Flash Sale - Black Coffee,SHILLONG SPICE RUSH - NATURALS,https://www.fraction9coffee.com/collections/50-discount-flash-sale/products/shillong-spice-rush-naturals,Rs. 699.00
Upto 50% Discount Flash Sale - Black Coffee,fromRs. 699.00Rs. 950.00,https://www.fraction9coffee.com/collections/50-discount-flash-sale/products/shillong-spice-rush-naturals,Rs. 699.00
Upto 50% Discount Flash Sale - Black Coffee,,https://www.fraction9coffee.com/collections/50-discount-flash-sale/products/golden-mirage-naturals-by-kalyancool-estate,Rs. 735.00
Upto 50% Discount Flash Sale - Black Coffee,GOLDEN MIRAGE - NATURALS BY KALYANCOOL ESTATE,https://www.fraction9coffee.com/collections/50-discount-flash-sale/products/golden-mirage-naturals-by-kalyancool-estate,Rs. 735.00
Upto 50% Discount Flash Sale - Black Coffee,"fromRs. 735.00Rs. 1,000.00",https://www.fraction9coffee.com/collections/50-discount-flash-sale/products/golden-mirage-naturals-by-kalyancool-estate,Rs. 735.00
Upto 50% Discount Flash Sale - Black Coffee,,https://www.fraction9coffee.com/collections/50-discount-flash-sale/products/ratnagiri-liora,Rs. 799.00
Upto 50% Discount Flash Sale - Black Coffee,LIORA - Ratnagiri Estate (Lab Microbe Fermentation),https://www.fraction9coffee.com/collections/50-discount-flash-sale/products/ratnagiri-liora,Rs. 799.00
Upto 50% Discount Flash Sale - Black Coffee,"fromRs. 799.00Rs. 1,100.00",https://www.fraction9coffee.com/collections/50-discount-flash-sale/products/ratnagiri-liora,Rs. 799.00
Upto 50% Discount Flash Sale - Black Coffee,Breakfast Roast Coffee,https://www.fraction9coffee.com/products/breakfast-roast-coffee-powder#judgeme_product_reviews,
Upto 50% Discount Flash Sale - Black Coffee,GOLDEN MIRAGE - NATURALS BY KALYANCOOL ESTATE,https://www.fraction9coffee.com/products/golden-mirage-naturals-by-kalyancool-estate#judgeme_product_reviews,
Upto 50% Discount Flash Sale - Black Coffee,Cappuccino Blend,https://www.fraction9coffee.com/products/cappuccino-blend#judgeme_product_reviews,
Upto 50% Discount Flash Sale - Black Coffee,Everyday Gold – Affordable Value | Auto Discounted | No Codes,https://www.fraction9coffee.com/products/everyday-gold-affordable-premium#judgeme_product_reviews,
Upto 50% Discount Flash Sale - Black Coffee,French Roast Coffee,https://www.fraction9coffee.com/products/french-roast-coffee#judgeme_product_reviews,
Upto 50% Discount Flash Sale - Black Coffee,SHILLONG SPICE RUSH - NATURALS,https://www.fraction9coffee.com/products/shillong-spice-rush-naturals#judgeme_product_reviews,
Upto 50% Discount Flash Sale - Black Coffee,Kaapi,https://www.fraction9coffee.com/products/kaapi#judgeme_product_reviews,
