Name,Roaster,Price,Quantity,Roast_Level,Tasting_Notes,Desc,URL
New  Gift Hamper!!!,Fraction9,Rs. 799.00,,,,,https://www.fraction9coffee.com/products/gift-hamper
New Launch  Value Product  Everyday Gold,Fraction9,Rs. 799.00,,,,,https://www.fraction9coffee.com/products/everyday-gold-affordable-premium
BLACK PEPPER,Fraction9,Rs. 799.00,,,,,https://www.fraction9coffee.com/products/black-pepper-bold-5-5-mm
"FREE Vanilla Coffee. Buy 500 G any coffee, get 250 G FREE",Fraction9,Rs. 799.00,,,,,https://www.fraction9coffee.comhttps://www.fraction9coffee.com/collections/coffee/products/free-250-g-vanilla-coffee-buy-any-500-g-coffee
"FREE Hazenut Coffee. Buy 500 G any coffee, get 250 G FREE",Fraction9,Rs. 799.00,,,,,https://www.fraction9coffee.com/products/free-hazelnut-coffee-combo
New  Gift Hamper!!!,Fraction9,Rs. 799.00,,,,,https://www.fraction9coffee.com/products/gift-hamper
New Launch  Value Product  Everyday Gold,Fraction9,Rs. 799.00,,,,,https://www.fraction9coffee.com/products/everyday-gold-affordable-premium
BLACK PEPPER,Fraction9,Rs. 799.00,,,,,https://www.fraction9coffee.com/products/black-pepper-bold-5-5-mm
"FREE Vanilla Coffee. Buy 500 G any coffee, get 250 G FREE",Fraction9,Rs. 799.00,,,,,https://www.fraction9coffee.comhttps://www.fraction9coffee.com/collections/coffee/products/free-250-g-vanilla-coffee-buy-any-500-g-coffee
"FREE Hazenut Coffee. Buy 500 G any coffee, get 250 G FREE",Fraction9,Rs. 799.00,,,,,https://www.fraction9coffee.com/products/free-hazelnut-coffee-combo
nan,Fraction9,Rs. 799.00,,,,,https://www.fraction9coffee.com/collections/diwali-offer/products/ratnagiri-liora
LIORA  Ratnagiri Estate (Lab Microbe Fermentation),Fraction9,Rs. 799.00,,,,,https://www.fraction9coffee.com/collections/diwali-offer/products/ratnagiri-liora
"fromRs. 799.00Rs. 1,100.00",Fraction9,Rs. 799.00,,,,,https://www.fraction9coffee.com/collections/diwali-offer/products/ratnagiri-liora
nan,Fraction9,Rs. 735.00,,,,,https://www.fraction9coffee.com/collections/diwali-offer/products/golden-mirage-naturals-by-kalyancool-estate
GOLDEN MIRAGE  NATURALS BY KALYANCOOL ESTATE,Fraction9,Rs. 735.00,,,,,https://www.fraction9coffee.com/collections/diwali-offer/products/golden-mirage-naturals-by-kalyancool-estate
"fromRs. 735.00Rs. 1,000.00",Fraction9,Rs. 735.00,,,,,https://www.fraction9coffee.com/collections/diwali-offer/products/golden-mirage-naturals-by-kalyancool-estate
nan,Fraction9,Rs. 879.00,,,,,https://www.fraction9coffee.com/collections/diwali-offer/products/cuvee-brandylime
Cuvée BrandyLime  Kalyancool,Fraction9,Rs. 879.00,,,,,https://www.fraction9coffee.com/collections/diwali-offer/products/cuvee-brandylime
"fromRs. 879.00Rs. 1,150.00",Fraction9,Rs. 879.00,,,,,https://www.fraction9coffee.com/collections/diwali-offer/products/cuvee-brandylime
nan,Fraction9,Rs. 699.00,,,,,https://www.fraction9coffee.com/collections/diwali-offer/products/shillong-spice-rush-naturals
SHILLONG SPICE RUSH  NATURALS,Fraction9,Rs. 699.00,,,,,https://www.fraction9coffee.com/collections/diwali-offer/products/shillong-spice-rush-naturals
fromRs. 699.00Rs. 950.00,Fraction9,Rs. 699.00,,,,,https://www.fraction9coffee.com/collections/diwali-offer/products/shillong-spice-rush-naturals
Breakfast Roast Coffee,Fraction9,,,,,,https://www.fraction9coffee.com/products/breakfast-roast-coffee-powder#judgeme_product_reviews
GOLDEN MIRAGE  NATURALS BY KALYANCOOL ESTATE,Fraction9,,,,,,https://www.fraction9coffee.com/products/golden-mirage-naturals-by-kalyancool-estate#judgeme_product_reviews
Cappuccino Blend,Fraction9,,,,,,https://www.fraction9coffee.com/products/cappuccino-blend#judgeme_product_reviews
Everyday Gold – Affordable Value | Auto Discounted | No Codes,Fraction9,,,,,,https://www.fraction9coffee.com/products/everyday-gold-affordable-premium#judgeme_product_reviews
French Roast Coffee,Fraction9,,,,,,https://www.fraction9coffee.com/products/french-roast-coffee#judgeme_product_reviews
SHILLONG SPICE RUSH  NATURALS,Fraction9,,,,,,https://www.fraction9coffee.com/products/shillong-spice-rush-naturals#judgeme_product_reviews
Kaapi,Fraction9,,,,,,https://www.fraction9coffee.com/products/kaapi#judgeme_product_reviews
New  Gift Hamper!!!,Fraction9,Rs. 799.00,,,,,https://www.fraction9coffee.com/products/gift-hamper
New Launch  Value Product  Everyday Gold,Fraction9,Rs. 799.00,,,,,https://www.fraction9coffee.com/products/everyday-gold-affordable-premium
BLACK PEPPER,Fraction9,Rs. 799.00,,,,,https://www.fraction9coffee.com/products/black-pepper-bold-5-5-mm
"FREE Vanilla Coffee. Buy 500 G any coffee, get 250 G FREE",Fraction9,Rs. 799.00,,,,,https://www.fraction9coffee.comhttps://www.fraction9coffee.com/collections/coffee/products/free-250-g-vanilla-coffee-buy-any-500-g-coffee
"FREE Hazenut Coffee. Buy 500 G any coffee, get 250 G FREE",Fraction9,Rs. 799.00,,,,,https://www.fraction9coffee.com/products/free-hazelnut-coffee-combo
New  Gift Hamper!!!,Fraction9,Rs. 799.00,,,,,https://www.fraction9coffee.com/products/gift-hamper
New Launch  Value Product  Everyday Gold,Fraction9,Rs. 799.00,,,,,https://www.fraction9coffee.com/products/everyday-gold-affordable-premium
BLACK PEPPER,Fraction9,Rs. 799.00,,,,,https://www.fraction9coffee.com/products/black-pepper-bold-5-5-mm
"FREE Vanilla Coffee. Buy 500 G any coffee, get 250 G FREE",Fraction9,Rs. 799.00,,,,,https://www.fraction9coffee.comhttps://www.fraction9coffee.com/collections/coffee/products/free-250-g-vanilla-coffee-buy-any-500-g-coffee
"FREE Hazenut Coffee. Buy 500 G any coffee, get 250 G FREE",Fraction9,Rs. 799.00,,,,,https://www.fraction9coffee.com/products/free-hazelnut-coffee-combo
nan,Fraction9,Rs. 799.00,,,,,https://www.fraction9coffee.com/collections/coffee/products/ratnagiri-liora
LIORA  Ratnagiri Estate (Lab Microbe Fermentation),Fraction9,Rs. 799.00,,,,,https://www.fraction9coffee.com/collections/coffee/products/ratnagiri-liora
"fromRs. 799.00Rs. 1,100.00",Fraction9,Rs. 799.00,,,,,https://www.fraction9coffee.com/collections/coffee/products/ratnagiri-liora
nan,Fraction9,Rs. 699.00,,,,,https://www.fraction9coffee.com/collections/coffee/products/shillong-spice-rush-naturals
SHILLONG SPICE RUSH  NATURALS,Fraction9,Rs. 699.00,,,,,https://www.fraction9coffee.com/collections/coffee/products/shillong-spice-rush-naturals
fromRs. 699.00Rs. 950.00,Fraction9,Rs. 699.00,,,,,https://www.fraction9coffee.com/collections/coffee/products/shillong-spice-rush-naturals
nan,Fraction9,Rs. 879.00,,,,,https://www.fraction9coffee.com/collections/coffee/products/cuvee-brandylime
Cuvée BrandyLime  Kalyancool,Fraction9,Rs. 879.00,,,,,https://www.fraction9coffee.com/collections/coffee/products/cuvee-brandylime
"fromRs. 879.00Rs. 1,150.00",Fraction9,Rs. 879.00,,,,,https://www.fraction9coffee.com/collections/coffee/products/cuvee-brandylime
nan,Fraction9,Rs. 735.00,,,,,https://www.fraction9coffee.com/collections/coffee/products/golden-mirage-naturals-by-kalyancool-estate
GOLDEN MIRAGE  NATURALS BY KALYANCOOL ESTATE,Fraction9,Rs. 735.00,,,,,https://www.fraction9coffee.com/collections/coffee/products/golden-mirage-naturals-by-kalyancool-estate
"fromRs. 735.00Rs. 1,000.00",Fraction9,Rs. 735.00,,,,,https://www.fraction9coffee.com/collections/coffee/products/golden-mirage-naturals-by-kalyancool-estate
nan,Fraction9,Rs. 435.00,,,,,https://www.fraction9coffee.com/collections/coffee/products/everyday-gold-affordable-premium
Everyday Gold – Affordable Value | Auto Discounted | No Codes,Fraction9,Rs. 435.00,,,,,https://www.fraction9coffee.com/collections/coffee/products/everyday-gold-affordable-premium
fromRs. 435.00Rs. 600.00,Fraction9,Rs. 435.00,,,,,https://www.fraction9coffee.com/collections/coffee/products/everyday-gold-affordable-premium
nan,Fraction9,Rs. 619.00,,,,,https://www.fraction9coffee.com/collections/coffee/products/christmas-roast
Christmas Roast,Fraction9,Rs. 619.00,,,,,https://www.fraction9coffee.com/collections/coffee/products/christmas-roast
fromRs. 619.00Rs. 770.00,Fraction9,Rs. 619.00,,,,,https://www.fraction9coffee.com/collections/coffee/products/christmas-roast
nan,Fraction9,Rs. 619.00,,,,,https://www.fraction9coffee.com/collections/coffee/products/french-vanilla-coffee
Vanilla Coffee,Fraction9,Rs. 619.00,,,,,https://www.fraction9coffee.com/collections/coffee/products/french-vanilla-coffee
fromRs. 619.00Rs. 700.00,Fraction9,Rs. 619.00,,,,,https://www.fraction9coffee.com/collections/coffee/products/french-vanilla-coffee
nan,Fraction9,Rs. 619.00,,,,,https://www.fraction9coffee.com/collections/coffee/products/hazelnut
Hazelnut Coffee  Mocha,Fraction9,Rs. 619.00,,,,,https://www.fraction9coffee.com/collections/coffee/products/hazelnut
fromRs. 619.00Rs. 700.00,Fraction9,Rs. 619.00,,,,,https://www.fraction9coffee.com/collections/coffee/products/hazelnut
nan,Fraction9,Rs. 449.00,,,,,https://www.fraction9coffee.com/collections/coffee/products/kaapi
Kaapi,Fraction9,Rs. 449.00,,,,,https://www.fraction9coffee.com/collections/coffee/products/kaapi
fromRs. 449.00Rs. 500.00,Fraction9,Rs. 449.00,,,,,https://www.fraction9coffee.com/collections/coffee/products/kaapi
nan,Fraction9,Rs. 619.00,,,,,https://www.fraction9coffee.com/collections/coffee/products/cappuccino-blend
Cappuccino Blend,Fraction9,Rs. 619.00,,,,,https://www.fraction9coffee.com/collections/coffee/products/cappuccino-blend
fromRs. 619.00Rs. 770.00,Fraction9,Rs. 619.00,,,,,https://www.fraction9coffee.com/collections/coffee/products/cappuccino-blend
nan,Fraction9,Rs. 619.00,,,,,https://www.fraction9coffee.com/collections/coffee/products/breakfast-roast-coffee-powder
Breakfast Roast Coffee,Fraction9,Rs. 619.00,,,,,https://www.fraction9coffee.com/collections/coffee/products/breakfast-roast-coffee-powder
fromRs. 619.00Rs. 770.00,Fraction9,Rs. 619.00,,,,,https://www.fraction9coffee.com/collections/coffee/products/breakfast-roast-coffee-powder
nan,Fraction9,Rs. 619.00,,,,,https://www.fraction9coffee.com/collections/coffee/products/vienna-roast-coffee-powder
Vienna Roast Coffee,Fraction9,Rs. 619.00,,,,,https://www.fraction9coffee.com/collections/coffee/products/vienna-roast-coffee-powder
fromRs. 619.00Rs. 770.00,Fraction9,Rs. 619.00,,,,,https://www.fraction9coffee.com/collections/coffee/products/vienna-roast-coffee-powder
nan,Fraction9,Rs. 529.00,,,,,https://www.fraction9coffee.com/collections/coffee/products/prabal
PRABAL,Fraction9,Rs. 529.00,,,,,https://www.fraction9coffee.com/collections/coffee/products/prabal
fromRs. 529.00Rs. 650.00,Fraction9,Rs. 529.00,,,,,https://www.fraction9coffee.com/collections/coffee/products/prabal
nan,Fraction9,Rs. 619.00,,,,,https://www.fraction9coffee.com/collections/coffee/products/french-roast-coffee
French Roast Coffee,Fraction9,Rs. 619.00,,,,,https://www.fraction9coffee.com/collections/coffee/products/french-roast-coffee
fromRs. 619.00Rs. 770.00,Fraction9,Rs. 619.00,,,,,https://www.fraction9coffee.com/collections/coffee/products/french-roast-coffee
nan,Fraction9,Rs. 619.00,,,,,https://www.fraction9coffee.com/collections/coffee/products/cinnamon-roast-coffee-powder
Sweet Roast Coffee,Fraction9,Rs. 619.00,,,,,https://www.fraction9coffee.com/collections/coffee/products/cinnamon-roast-coffee-powder
fromRs. 619.00Rs. 770.00,Fraction9,Rs. 619.00,,,,,https://www.fraction9coffee.com/collections/coffee/products/cinnamon-roast-coffee-powder
nan,Fraction9,Rs. 529.00,,,,,https://www.fraction9coffee.com/collections/coffee/products/madhura
MADHURA,Fraction9,Rs. 529.00,,,,,https://www.fraction9coffee.com/collections/coffee/products/madhura
fromRs. 529.00Rs. 650.00,Fraction9,Rs. 529.00,,,,,https://www.fraction9coffee.com/collections/coffee/products/madhura
nan,Fraction9,Rs. 619.00,,,,,https://www.fraction9coffee.com/collections/coffee/products/traditional-blend
Traditional Blend Coffee,Fraction9,Rs. 619.00,,,,,https://www.fraction9coffee.com/collections/coffee/products/traditional-blend
fromRs. 619.00Rs. 770.00,Fraction9,Rs. 619.00,,,,,https://www.fraction9coffee.com/collections/coffee/products/traditional-blend
nan,Fraction9,Rs. 515.00,,,,,https://www.fraction9coffee.com/collections/coffee/products/desi-extreme-strong-blend
Desi 'Extreme Strong' Blend,Fraction9,Rs. 515.00,,,,,https://www.fraction9coffee.com/collections/coffee/products/desi-extreme-strong-blend
fromRs. 515.00Rs. 600.00,Fraction9,Rs. 515.00,,,,,https://www.fraction9coffee.com/collections/coffee/products/desi-extreme-strong-blend
nan,Fraction9,Rs. 535.00,,,,,https://www.fraction9coffee.com/collections/coffee/products/desi-rich-taste-blend
Desi 'Rich Taste' Blend,Fraction9,Rs. 535.00,,,,,https://www.fraction9coffee.com/collections/coffee/products/desi-rich-taste-blend
fromRs. 535.00Rs. 600.00,Fraction9,Rs. 535.00,,,,,https://www.fraction9coffee.com/collections/coffee/products/desi-rich-taste-blend
nan,Fraction9,Rs. 899.00,,,,,https://www.fraction9coffee.com/collections/coffee/products/sample-coffee-box
Sampler Box (75gm * 6 variants),Fraction9,Rs. 899.00,,,,,https://www.fraction9coffee.com/collections/coffee/products/sample-coffee-box
Rs. 899.00Rs. 995.00,Fraction9,Rs. 899.00,,,,,https://www.fraction9coffee.com/collections/coffee/products/sample-coffee-box
nan,Fraction9,Rs. 949.00,,,,,https://www.fraction9coffee.com/collections/coffee/products/sampler-box-75gm-6-variants-copy
Microlot 75 g X 4 Sampler box ( Temporary Product ),Fraction9,Rs. 949.00,,,,,https://www.fraction9coffee.com/collections/coffee/products/sampler-box-75gm-6-variants-copy
Rs. 949.00Rs. 995.00,Fraction9,Rs. 949.00,,,,,https://www.fraction9coffee.com/collections/coffee/products/sampler-box-75gm-6-variants-copy
nan,Fraction9,Rs. 898.00,,,,,https://www.fraction9coffee.com/collections/coffee/products/free-250-g-black-pepper-buy-any-500-g-coffee
FREE 250 G BLACK PEPPER  BUY ANY 500 G COFFEE,Fraction9,Rs. 898.00,,,,,https://www.fraction9coffee.com/collections/coffee/products/free-250-g-black-pepper-buy-any-500-g-coffee
"fromRs. 898.00Rs. 1,347.00",Fraction9,Rs. 898.00,,,,,https://www.fraction9coffee.com/collections/coffee/products/free-250-g-black-pepper-buy-any-500-g-coffee
nan,Fraction9,Rs. 898.00,,,,,https://www.fraction9coffee.com/collections/coffee/products/free-250-g-vanilla-coffee-buy-any-500-g-coffee
FREE 250 G VANILLA COFFEE  BUY ANY 500 G COFFEE,Fraction9,Rs. 898.00,,,,,https://www.fraction9coffee.com/collections/coffee/products/free-250-g-vanilla-coffee-buy-any-500-g-coffee
"fromRs. 898.00Rs. 1,347.00",Fraction9,Rs. 898.00,,,,,https://www.fraction9coffee.com/collections/coffee/products/free-250-g-vanilla-coffee-buy-any-500-g-coffee
nan,Fraction9,Rs. 898.00,,,,,https://www.fraction9coffee.com/collections/coffee/products/free-hazelnut-coffee-combo
FREE 250 G HAZELNUT COFFEE  BUY ANY 500 G COFFEE,Fraction9,Rs. 898.00,,,,,https://www.fraction9coffee.com/collections/coffee/products/free-hazelnut-coffee-combo
"fromRs. 898.00Rs. 1,347.00",Fraction9,Rs. 898.00,,,,,https://www.fraction9coffee.com/collections/coffee/products/free-hazelnut-coffee-combo
nan,Fraction9,"Rs. 1,720.00",,,,,https://www.fraction9coffee.com/collections/coffee/products/gift-hamper
The Signature Gift Hamper,Fraction9,"Rs. 1,720.00",,,,,https://www.fraction9coffee.com/collections/coffee/products/gift-hamper
"Rs. 1,720.00Rs. 2,500.00",Fraction9,"Rs. 1,720.00",,,,,https://www.fraction9coffee.com/collections/coffee/products/gift-hamper
Breakfast Roast Coffee,Fraction9,,,,,,https://www.fraction9coffee.com/products/breakfast-roast-coffee-powder#judgeme_product_reviews
GOLDEN MIRAGE  NATURALS BY KALYANCOOL ESTATE,Fraction9,,,,,,https://www.fraction9coffee.com/products/golden-mirage-naturals-by-kalyancool-estate#judgeme_product_reviews
Cappuccino Blend,Fraction9,,,,,,https://www.fraction9coffee.com/products/cappuccino-blend#judgeme_product_reviews
Everyday Gold – Affordable Value | Auto Discounted | No Codes,Fraction9,,,,,,https://www.fraction9coffee.com/products/everyday-gold-affordable-premium#judgeme_product_reviews
French Roast Coffee,Fraction9,,,,,,https://www.fraction9coffee.com/products/french-roast-coffee#judgeme_product_reviews
SHILLONG SPICE RUSH  NATURALS,Fraction9,,,,,,https://www.fraction9coffee.com/products/shillong-spice-rush-naturals#judgeme_product_reviews
Kaapi,Fraction9,,,,,,https://www.fraction9coffee.com/products/kaapi#judgeme_product_reviews
New  Gift Hamper!!!,Fraction9,Rs. 499.00,,,,,https://www.fraction9coffee.com/products/gift-hamper
New Launch  Value Product  Everyday Gold,Fraction9,Rs. 499.00,,,,,https://www.fraction9coffee.com/products/everyday-gold-affordable-premium
BLACK PEPPER,Fraction9,Rs. 499.00,,,,,https://www.fraction9coffee.com/products/black-pepper-bold-5-5-mm
"FREE Vanilla Coffee. Buy 500 G any coffee, get 250 G FREE",Fraction9,Rs. 499.00,,,,,https://www.fraction9coffee.comhttps://www.fraction9coffee.com/collections/coffee/products/free-250-g-vanilla-coffee-buy-any-500-g-coffee
"FREE Hazenut Coffee. Buy 500 G any coffee, get 250 G FREE",Fraction9,Rs. 499.00,,,,,https://www.fraction9coffee.com/products/free-hazelnut-coffee-combo
New  Gift Hamper!!!,Fraction9,Rs. 499.00,,,,,https://www.fraction9coffee.com/products/gift-hamper
New Launch  Value Product  Everyday Gold,Fraction9,Rs. 499.00,,,,,https://www.fraction9coffee.com/products/everyday-gold-affordable-premium
BLACK PEPPER,Fraction9,Rs. 499.00,,,,,https://www.fraction9coffee.com/products/black-pepper-bold-5-5-mm
"FREE Vanilla Coffee. Buy 500 G any coffee, get 250 G FREE",Fraction9,Rs. 499.00,,,,,https://www.fraction9coffee.comhttps://www.fraction9coffee.com/collections/coffee/products/free-250-g-vanilla-coffee-buy-any-500-g-coffee
"FREE Hazenut Coffee. Buy 500 G any coffee, get 250 G FREE",Fraction9,Rs. 499.00,,,,,https://www.fraction9coffee.com/products/free-hazelnut-coffee-combo
nan,Fraction9,Rs. 499.00,,,,,https://www.fraction9coffee.com/collections/coffee-bags-pour-over/products/hazelnut-coffee-bags
Hazelnut Coffee Bags (chocolaty)  No filter required,Fraction9,Rs. 499.00,,,,,https://www.fraction9coffee.com/collections/coffee-bags-pour-over/products/hazelnut-coffee-bags
fromRs. 499.00Rs. 600.00,Fraction9,Rs. 499.00,,,,,https://www.fraction9coffee.com/collections/coffee-bags-pour-over/products/hazelnut-coffee-bags
nan,Fraction9,Rs. 499.00,,,,,https://www.fraction9coffee.com/collections/coffee-bags-pour-over/products/100-coffee-bags
100% Coffee BAGS,Fraction9,Rs. 499.00,,,,,https://www.fraction9coffee.com/collections/coffee-bags-pour-over/products/100-coffee-bags
fromRs. 499.00Rs. 600.00,Fraction9,Rs. 499.00,,,,,https://www.fraction9coffee.com/collections/coffee-bags-pour-over/products/100-coffee-bags
nan,Fraction9,Rs. 499.00,,,,,https://www.fraction9coffee.com/collections/coffee-bags-pour-over/products/french-vanilla-coffee-bags
VANILLA Coffee Bags  No filter required,Fraction9,Rs. 499.00,,,,,https://www.fraction9coffee.com/collections/coffee-bags-pour-over/products/french-vanilla-coffee-bags
fromRs. 499.00Rs. 600.00,Fraction9,Rs. 499.00,,,,,https://www.fraction9coffee.com/collections/coffee-bags-pour-over/products/french-vanilla-coffee-bags
nan,Fraction9,Rs. 499.00,,,,,https://www.fraction9coffee.com/collections/coffee-bags-pour-over/products/filter-coffee-bags-coffee-chicory-blends
Filter Coffee BAGS (Coffee Chicory Blends),Fraction9,Rs. 499.00,,,,,https://www.fraction9coffee.com/collections/coffee-bags-pour-over/products/filter-coffee-bags-coffee-chicory-blends
fromRs. 499.00Rs. 600.00,Fraction9,Rs. 499.00,,,,,https://www.fraction9coffee.com/collections/coffee-bags-pour-over/products/filter-coffee-bags-coffee-chicory-blends
nan,Fraction9,Rs. 499.00,,,,,https://www.fraction9coffee.com/collections/coffee-bags-pour-over/products/assorted-coffee-bags-box-try-all
Assorted Coffee bags Box  Try all,Fraction9,Rs. 499.00,,,,,https://www.fraction9coffee.com/collections/coffee-bags-pour-over/products/assorted-coffee-bags-box-try-all
fromRs. 499.00Rs. 600.00,Fraction9,Rs. 499.00,,,,,https://www.fraction9coffee.com/collections/coffee-bags-pour-over/products/assorted-coffee-bags-box-try-all
Breakfast Roast Coffee,Fraction9,,,,,,https://www.fraction9coffee.com/products/breakfast-roast-coffee-powder#judgeme_product_reviews
GOLDEN MIRAGE  NATURALS BY KALYANCOOL ESTATE,Fraction9,,,,,,https://www.fraction9coffee.com/products/golden-mirage-naturals-by-kalyancool-estate#judgeme_product_reviews
Cappuccino Blend,Fraction9,,,,,,https://www.fraction9coffee.com/products/cappuccino-blend#judgeme_product_reviews
Everyday Gold – Affordable Value | Auto Discounted | No Codes,Fraction9,,,,,,https://www.fraction9coffee.com/products/everyday-gold-affordable-premium#judgeme_product_reviews
French Roast Coffee,Fraction9,,,,,,https://www.fraction9coffee.com/products/french-roast-coffee#judgeme_product_reviews
SHILLONG SPICE RUSH  NATURALS,Fraction9,,,,,,https://www.fraction9coffee.com/products/shillong-spice-rush-naturals#judgeme_product_reviews
Kaapi,Fraction9,,,,,,https://www.fraction9coffee.com/products/kaapi#judgeme_product_reviews
New  Gift Hamper!!!,Fraction9,Rs. 619.00,,,,,https://www.fraction9coffee.com/products/gift-hamper
New Launch  Value Product  Everyday Gold,Fraction9,Rs. 619.00,,,,,https://www.fraction9coffee.com/products/everyday-gold-affordable-premium
BLACK PEPPER,Fraction9,Rs. 619.00,,,,,https://www.fraction9coffee.com/products/black-pepper-bold-5-5-mm
"FREE Vanilla Coffee. Buy 500 G any coffee, get 250 G FREE",Fraction9,Rs. 619.00,,,,,https://www.fraction9coffee.comhttps://www.fraction9coffee.com/collections/coffee/products/free-250-g-vanilla-coffee-buy-any-500-g-coffee
"FREE Hazenut Coffee. Buy 500 G any coffee, get 250 G FREE",Fraction9,Rs. 619.00,,,,,https://www.fraction9coffee.com/products/free-hazelnut-coffee-combo
New  Gift Hamper!!!,Fraction9,Rs. 619.00,,,,,https://www.fraction9coffee.com/products/gift-hamper
New Launch  Value Product  Everyday Gold,Fraction9,Rs. 619.00,,,,,https://www.fraction9coffee.com/products/everyday-gold-affordable-premium
BLACK PEPPER,Fraction9,Rs. 619.00,,,,,https://www.fraction9coffee.com/products/black-pepper-bold-5-5-mm
"FREE Vanilla Coffee. Buy 500 G any coffee, get 250 G FREE",Fraction9,Rs. 619.00,,,,,https://www.fraction9coffee.comhttps://www.fraction9coffee.com/collections/coffee/products/free-250-g-vanilla-coffee-buy-any-500-g-coffee
"FREE Hazenut Coffee. Buy 500 G any coffee, get 250 G FREE",Fraction9,Rs. 619.00,,,,,https://www.fraction9coffee.com/products/free-hazelnut-coffee-combo
nan,Fraction9,Rs. 619.00,,,,,https://www.fraction9coffee.com/collections/hazelnut-and-vanilla-coffee/products/french-vanilla-coffee
Vanilla Coffee,Fraction9,Rs. 619.00,,,,,https://www.fraction9coffee.com/collections/hazelnut-and-vanilla-coffee/products/french-vanilla-coffee
fromRs. 619.00Rs. 700.00,Fraction9,Rs. 619.00,,,,,https://www.fraction9coffee.com/collections/hazelnut-and-vanilla-coffee/products/french-vanilla-coffee
nan,Fraction9,Rs. 499.00,,,,,https://www.fraction9coffee.com/collections/hazelnut-and-vanilla-coffee/products/french-vanilla-coffee-bags
VANILLA Coffee Bags  No filter required,Fraction9,Rs. 499.00,,,,,https://www.fraction9coffee.com/collections/hazelnut-and-vanilla-coffee/products/french-vanilla-coffee-bags
fromRs. 499.00Rs. 600.00,Fraction9,Rs. 499.00,,,,,https://www.fraction9coffee.com/collections/hazelnut-and-vanilla-coffee/products/french-vanilla-coffee-bags
nan,Fraction9,Rs. 619.00,,,,,https://www.fraction9coffee.com/collections/hazelnut-and-vanilla-coffee/products/hazelnut
Hazelnut Coffee  Mocha,Fraction9,Rs. 619.00,,,,,https://www.fraction9coffee.com/collections/hazelnut-and-vanilla-coffee/products/hazelnut
fromRs. 619.00Rs. 700.00,Fraction9,Rs. 619.00,,,,,https://www.fraction9coffee.com/collections/hazelnut-and-vanilla-coffee/products/hazelnut
nan,Fraction9,Rs. 499.00,,,,,https://www.fraction9coffee.com/collections/hazelnut-and-vanilla-coffee/products/hazelnut-coffee-bags
Hazelnut Coffee Bags (chocolaty)  No filter required,Fraction9,Rs. 499.00,,,,,https://www.fraction9coffee.com/collections/hazelnut-and-vanilla-coffee/products/hazelnut-coffee-bags
fromRs. 499.00Rs. 600.00,Fraction9,Rs. 499.00,,,,,https://www.fraction9coffee.com/collections/hazelnut-and-vanilla-coffee/products/hazelnut-coffee-bags
Breakfast Roast Coffee,Fraction9,,,,,,https://www.fraction9coffee.com/products/breakfast-roast-coffee-powder#judgeme_product_reviews
GOLDEN MIRAGE  NATURALS BY KALYANCOOL ESTATE,Fraction9,,,,,,https://www.fraction9coffee.com/products/golden-mirage-naturals-by-kalyancool-estate#judgeme_product_reviews
Cappuccino Blend,Fraction9,,,,,,https://www.fraction9coffee.com/products/cappuccino-blend#judgeme_product_reviews
Everyday Gold – Affordable Value | Auto Discounted | No Codes,Fraction9,,,,,,https://www.fraction9coffee.com/products/everyday-gold-affordable-premium#judgeme_product_reviews
French Roast Coffee,Fraction9,,,,,,https://www.fraction9coffee.com/products/french-roast-coffee#judgeme_product_reviews
SHILLONG SPICE RUSH  NATURALS,Fraction9,,,,,,https://www.fraction9coffee.com/products/shillong-spice-rush-naturals#judgeme_product_reviews
Kaapi,Fraction9,,,,,,https://www.fraction9coffee.com/products/kaapi#judgeme_product_reviews
New  Gift Hamper!!!,Fraction9,Rs. 735.00,,,,,https://www.fraction9coffee.com/products/gift-hamper
New Launch  Value Product  Everyday Gold,Fraction9,Rs. 735.00,,,,,https://www.fraction9coffee.com/products/everyday-gold-affordable-premium
BLACK PEPPER,Fraction9,Rs. 735.00,,,,,https://www.fraction9coffee.com/products/black-pepper-bold-5-5-mm
"FREE Vanilla Coffee. Buy 500 G any coffee, get 250 G FREE",Fraction9,Rs. 735.00,,,,,https://www.fraction9coffee.comhttps://www.fraction9coffee.com/collections/coffee/products/free-250-g-vanilla-coffee-buy-any-500-g-coffee
"FREE Hazenut Coffee. Buy 500 G any coffee, get 250 G FREE",Fraction9,Rs. 735.00,,,,,https://www.fraction9coffee.com/products/free-hazelnut-coffee-combo
New  Gift Hamper!!!,Fraction9,Rs. 735.00,,,,,https://www.fraction9coffee.com/products/gift-hamper
New Launch  Value Product  Everyday Gold,Fraction9,Rs. 735.00,,,,,https://www.fraction9coffee.com/products/everyday-gold-affordable-premium
BLACK PEPPER,Fraction9,Rs. 735.00,,,,,https://www.fraction9coffee.com/products/black-pepper-bold-5-5-mm
"FREE Vanilla Coffee. Buy 500 G any coffee, get 250 G FREE",Fraction9,Rs. 735.00,,,,,https://www.fraction9coffee.comhttps://www.fraction9coffee.com/collections/coffee/products/free-250-g-vanilla-coffee-buy-any-500-g-coffee
"FREE Hazenut Coffee. Buy 500 G any coffee, get 250 G FREE",Fraction9,Rs. 735.00,,,,,https://www.fraction9coffee.com/products/free-hazelnut-coffee-combo
nan,Fraction9,Rs. 735.00,,,,,https://www.fraction9coffee.com/collections/black-coffee-specials/products/golden-mirage-naturals-by-kalyancool-estate
GOLDEN MIRAGE  NATURALS BY KALYANCOOL ESTATE,Fraction9,Rs. 735.00,,,,,https://www.fraction9coffee.com/collections/black-coffee-specials/products/golden-mirage-naturals-by-kalyancool-estate
"fromRs. 735.00Rs. 1,000.00",Fraction9,Rs. 735.00,,,,,https://www.fraction9coffee.com/collections/black-coffee-specials/products/golden-mirage-naturals-by-kalyancool-estate
nan,Fraction9,Rs. 699.00,,,,,https://www.fraction9coffee.com/collections/black-coffee-specials/products/shillong-spice-rush-naturals
SHILLONG SPICE RUSH  NATURALS,Fraction9,Rs. 699.00,,,,,https://www.fraction9coffee.com/collections/black-coffee-specials/products/shillong-spice-rush-naturals
fromRs. 699.00Rs. 950.00,Fraction9,Rs. 699.00,,,,,https://www.fraction9coffee.com/collections/black-coffee-specials/products/shillong-spice-rush-naturals
nan,Fraction9,Rs. 799.00,,,,,https://www.fraction9coffee.com/collections/black-coffee-specials/products/ratnagiri-liora
LIORA  Ratnagiri Estate (Lab Microbe Fermentation),Fraction9,Rs. 799.00,,,,,https://www.fraction9coffee.com/collections/black-coffee-specials/products/ratnagiri-liora
"fromRs. 799.00Rs. 1,100.00",Fraction9,Rs. 799.00,,,,,https://www.fraction9coffee.com/collections/black-coffee-specials/products/ratnagiri-liora
nan,Fraction9,Rs. 619.00,,,,,https://www.fraction9coffee.com/collections/black-coffee-specials/products/christmas-roast
Christmas Roast,Fraction9,Rs. 619.00,,,,,https://www.fraction9coffee.com/collections/black-coffee-specials/products/christmas-roast
fromRs. 619.00Rs. 770.00,Fraction9,Rs. 619.00,,,,,https://www.fraction9coffee.com/collections/black-coffee-specials/products/christmas-roast
nan,Fraction9,Rs. 879.00,,,,,https://www.fraction9coffee.com/collections/black-coffee-specials/products/cuvee-brandylime
Cuvée BrandyLime  Kalyancool,Fraction9,Rs. 879.00,,,,,https://www.fraction9coffee.com/collections/black-coffee-specials/products/cuvee-brandylime
"fromRs. 879.00Rs. 1,150.00",Fraction9,Rs. 879.00,,,,,https://www.fraction9coffee.com/collections/black-coffee-specials/products/cuvee-brandylime
nan,Fraction9,Rs. 599.00,,,,,https://www.fraction9coffee.com/collections/black-coffee-specials/products/honeycrest-value-white-honey
HoneyCrest | Value | White Honey,Fraction9,Rs. 599.00,,,,,https://www.fraction9coffee.com/collections/black-coffee-specials/products/honeycrest-value-white-honey
Rs. 599.00Rs. 750.00,Fraction9,Rs. 599.00,,,,,https://www.fraction9coffee.com/collections/black-coffee-specials/products/honeycrest-value-white-honey
nan,Fraction9,Rs. 619.00,,,,,https://www.fraction9coffee.com/collections/black-coffee-specials/products/cinnamon-roast-coffee-powder
Sweet Roast Coffee,Fraction9,Rs. 619.00,,,,,https://www.fraction9coffee.com/collections/black-coffee-specials/products/cinnamon-roast-coffee-powder
fromRs. 619.00Rs. 770.00,Fraction9,Rs. 619.00,,,,,https://www.fraction9coffee.com/collections/black-coffee-specials/products/cinnamon-roast-coffee-powder
nan,Fraction9,Rs. 619.00,,,,,https://www.fraction9coffee.com/collections/black-coffee-specials/products/breakfast-roast-coffee-powder
Breakfast Roast Coffee,Fraction9,Rs. 619.00,,,,,https://www.fraction9coffee.com/collections/black-coffee-specials/products/breakfast-roast-coffee-powder
fromRs. 619.00Rs. 770.00,Fraction9,Rs. 619.00,,,,,https://www.fraction9coffee.com/collections/black-coffee-specials/products/breakfast-roast-coffee-powder
nan,Fraction9,Rs. 619.00,,,,,https://www.fraction9coffee.com/collections/black-coffee-specials/products/vienna-roast-coffee-powder
Vienna Roast Coffee,Fraction9,Rs. 619.00,,,,,https://www.fraction9coffee.com/collections/black-coffee-specials/products/vienna-roast-coffee-powder
fromRs. 619.00Rs. 770.00,Fraction9,Rs. 619.00,,,,,https://www.fraction9coffee.com/collections/black-coffee-specials/products/vienna-roast-coffee-powder
nan,Fraction9,Rs. 619.00,,,,,https://www.fraction9coffee.com/collections/black-coffee-specials/products/french-roast-coffee
French Roast Coffee,Fraction9,Rs. 619.00,,,,,https://www.fraction9coffee.com/collections/black-coffee-specials/products/french-roast-coffee
fromRs. 619.00Rs. 770.00,Fraction9,Rs. 619.00,,,,,https://www.fraction9coffee.com/collections/black-coffee-specials/products/french-roast-coffee
nan,Fraction9,Rs. 435.00,,,,,https://www.fraction9coffee.com/collections/black-coffee-specials/products/everyday-gold-affordable-premium
Everyday Gold – Affordable Value | Auto Discounted | No Codes,Fraction9,Rs. 435.00,,,,,https://www.fraction9coffee.com/collections/black-coffee-specials/products/everyday-gold-affordable-premium
fromRs. 435.00Rs. 600.00,Fraction9,Rs. 435.00,,,,,https://www.fraction9coffee.com/collections/black-coffee-specials/products/everyday-gold-affordable-premium
nan,Fraction9,Rs. 799.00,,,,,https://www.fraction9coffee.com/collections/black-coffee-specials/products/ratnagiri-naturals-nova
RATNAGIRI NATURALS  NOVA,Fraction9,Rs. 799.00,,,,,https://www.fraction9coffee.com/collections/black-coffee-specials/products/ratnagiri-naturals-nova
"Rs. 799.00Rs. 1,100.00",Fraction9,Rs. 799.00,,,,,https://www.fraction9coffee.com/collections/black-coffee-specials/products/ratnagiri-naturals-nova
nan,Fraction9,Rs. 649.00,,,,,https://www.fraction9coffee.com/collections/black-coffee-specials/products/tropicrunch
TROPICRUNCH  FRUITY NATURALS,Fraction9,Rs. 649.00,,,,,https://www.fraction9coffee.com/collections/black-coffee-specials/products/tropicrunch
Rs. 649.00Rs. 800.00,Fraction9,Rs. 649.00,,,,,https://www.fraction9coffee.com/collections/black-coffee-specials/products/tropicrunch
Breakfast Roast Coffee,Fraction9,,,,,,https://www.fraction9coffee.com/products/breakfast-roast-coffee-powder#judgeme_product_reviews
GOLDEN MIRAGE  NATURALS BY KALYANCOOL ESTATE,Fraction9,,,,,,https://www.fraction9coffee.com/products/golden-mirage-naturals-by-kalyancool-estate#judgeme_product_reviews
Cappuccino Blend,Fraction9,,,,,,https://www.fraction9coffee.com/products/cappuccino-blend#judgeme_product_reviews
Everyday Gold – Affordable Value | Auto Discounted | No Codes,Fraction9,,,,,,https://www.fraction9coffee.com/products/everyday-gold-affordable-premium#judgeme_product_reviews
French Roast Coffee,Fraction9,,,,,,https://www.fraction9coffee.com/products/french-roast-coffee#judgeme_product_reviews
SHILLONG SPICE RUSH  NATURALS,Fraction9,,,,,,https://www.fraction9coffee.com/products/shillong-spice-rush-naturals#judgeme_product_reviews
Kaapi,Fraction9,,,,,,https://www.fraction9coffee.com/products/kaapi#judgeme_product_reviews
New  Gift Hamper!!!,Fraction9,Rs. 619.00,,,,,https://www.fraction9coffee.com/products/gift-hamper
New Launch  Value Product  Everyday Gold,Fraction9,Rs. 619.00,,,,,https://www.fraction9coffee.com/products/everyday-gold-affordable-premium
BLACK PEPPER,Fraction9,Rs. 619.00,,,,,https://www.fraction9coffee.com/products/black-pepper-bold-5-5-mm
"FREE Vanilla Coffee. Buy 500 G any coffee, get 250 G FREE",Fraction9,Rs. 619.00,,,,,https://www.fraction9coffee.comhttps://www.fraction9coffee.com/collections/coffee/products/free-250-g-vanilla-coffee-buy-any-500-g-coffee
"FREE Hazenut Coffee. Buy 500 G any coffee, get 250 G FREE",Fraction9,Rs. 619.00,,,,,https://www.fraction9coffee.com/products/free-hazelnut-coffee-combo
New  Gift Hamper!!!,Fraction9,Rs. 619.00,,,,,https://www.fraction9coffee.com/products/gift-hamper
New Launch  Value Product  Everyday Gold,Fraction9,Rs. 619.00,,,,,https://www.fraction9coffee.com/products/everyday-gold-affordable-premium
BLACK PEPPER,Fraction9,Rs. 619.00,,,,,https://www.fraction9coffee.com/products/black-pepper-bold-5-5-mm
"FREE Vanilla Coffee. Buy 500 G any coffee, get 250 G FREE",Fraction9,Rs. 619.00,,,,,https://www.fraction9coffee.comhttps://www.fraction9coffee.com/collections/coffee/products/free-250-g-vanilla-coffee-buy-any-500-g-coffee
"FREE Hazenut Coffee. Buy 500 G any coffee, get 250 G FREE",Fraction9,Rs. 619.00,,,,,https://www.fraction9coffee.com/products/free-hazelnut-coffee-combo
nan,Fraction9,Rs. 619.00,,,,,https://www.fraction9coffee.com/collections/great-with-milk-100-coffee-options/products/christmas-roast
Christmas Roast,Fraction9,Rs. 619.00,,,,,https://www.fraction9coffee.com/collections/great-with-milk-100-coffee-options/products/christmas-roast
fromRs. 619.00Rs. 770.00,Fraction9,Rs. 619.00,,,,,https://www.fraction9coffee.com/collections/great-with-milk-100-coffee-options/products/christmas-roast
nan,Fraction9,Rs. 619.00,,,,,https://www.fraction9coffee.com/collections/great-with-milk-100-coffee-options/products/cappuccino-blend
Cappuccino Blend,Fraction9,Rs. 619.00,,,,,https://www.fraction9coffee.com/collections/great-with-milk-100-coffee-options/products/cappuccino-blend
fromRs. 619.00Rs. 770.00,Fraction9,Rs. 619.00,,,,,https://www.fraction9coffee.com/collections/great-with-milk-100-coffee-options/products/cappuccino-blend
nan,Fraction9,Rs. 619.00,,,,,https://www.fraction9coffee.com/collections/great-with-milk-100-coffee-options/products/vienna-roast-coffee-powder
Vienna Roast Coffee,Fraction9,Rs. 619.00,,,,,https://www.fraction9coffee.com/collections/great-with-milk-100-coffee-options/products/vienna-roast-coffee-powder
fromRs. 619.00Rs. 770.00,Fraction9,Rs. 619.00,,,,,https://www.fraction9coffee.com/collections/great-with-milk-100-coffee-options/products/vienna-roast-coffee-powder
nan,Fraction9,Rs. 619.00,,,,,https://www.fraction9coffee.com/collections/great-with-milk-100-coffee-options/products/french-roast-coffee
French Roast Coffee,Fraction9,Rs. 619.00,,,,,https://www.fraction9coffee.com/collections/great-with-milk-100-coffee-options/products/french-roast-coffee
fromRs. 619.00Rs. 770.00,Fraction9,Rs. 619.00,,,,,https://www.fraction9coffee.com/collections/great-with-milk-100-coffee-options/products/french-roast-coffee
nan,Fraction9,Rs. 619.00,,,,,https://www.fraction9coffee.com/collections/great-with-milk-100-coffee-options/products/traditional-blend
Traditional Blend Coffee,Fraction9,Rs. 619.00,,,,,https://www.fraction9coffee.com/collections/great-with-milk-100-coffee-options/products/traditional-blend
fromRs. 619.00Rs. 770.00,Fraction9,Rs. 619.00,,,,,https://www.fraction9coffee.com/collections/great-with-milk-100-coffee-options/products/traditional-blend
nan,Fraction9,Rs. 529.00,,,,,https://www.fraction9coffee.com/collections/great-with-milk-100-coffee-options/products/madhura
MADHURA,Fraction9,Rs. 529.00,,,,,https://www.fraction9coffee.com/collections/great-with-milk-100-coffee-options/products/madhura
fromRs. 529.00Rs. 650.00,Fraction9,Rs. 529.00,,,,,https://www.fraction9coffee.com/collections/great-with-milk-100-coffee-options/products/madhura
nan,Fraction9,Rs. 529.00,,,,,https://www.fraction9coffee.com/collections/great-with-milk-100-coffee-options/products/prabal
PRABAL,Fraction9,Rs. 529.00,,,,,https://www.fraction9coffee.com/collections/great-with-milk-100-coffee-options/products/prabal
fromRs. 529.00Rs. 650.00,Fraction9,Rs. 529.00,,,,,https://www.fraction9coffee.com/collections/great-with-milk-100-coffee-options/products/prabal
Breakfast Roast Coffee,Fraction9,,,,,,https://www.fraction9coffee.com/products/breakfast-roast-coffee-powder#judgeme_product_reviews
GOLDEN MIRAGE  NATURALS BY KALYANCOOL ESTATE,Fraction9,,,,,,https://www.fraction9coffee.com/products/golden-mirage-naturals-by-kalyancool-estate#judgeme_product_reviews
Cappuccino Blend,Fraction9,,,,,,https://www.fraction9coffee.com/products/cappuccino-blend#judgeme_product_reviews
Everyday Gold – Affordable Value | Auto Discounted | No Codes,Fraction9,,,,,,https://www.fraction9coffee.com/products/everyday-gold-affordable-premium#judgeme_product_reviews
French Roast Coffee,Fraction9,,,,,,https://www.fraction9coffee.com/products/french-roast-coffee#judgeme_product_reviews
SHILLONG SPICE RUSH  NATURALS,Fraction9,,,,,,https://www.fraction9coffee.com/products/shillong-spice-rush-naturals#judgeme_product_reviews
Kaapi,Fraction9,,,,,,https://www.fraction9coffee.com/products/kaapi#judgeme_product_reviews
New  Gift Hamper!!!,Fraction9,Rs. 449.00,,,,,https://www.fraction9coffee.com/products/gift-hamper
New Launch  Value Product  Everyday Gold,Fraction9,Rs. 449.00,,,,,https://www.fraction9coffee.com/products/everyday-gold-affordable-premium
BLACK PEPPER,Fraction9,Rs. 449.00,,,,,https://www.fraction9coffee.com/products/black-pepper-bold-5-5-mm
"FREE Vanilla Coffee. Buy 500 G any coffee, get 250 G FREE",Fraction9,Rs. 449.00,,,,,https://www.fraction9coffee.comhttps://www.fraction9coffee.com/collections/coffee/products/free-250-g-vanilla-coffee-buy-any-500-g-coffee
"FREE Hazenut Coffee. Buy 500 G any coffee, get 250 G FREE",Fraction9,Rs. 449.00,,,,,https://www.fraction9coffee.com/products/free-hazelnut-coffee-combo
New  Gift Hamper!!!,Fraction9,Rs. 449.00,,,,,https://www.fraction9coffee.com/products/gift-hamper
New Launch  Value Product  Everyday Gold,Fraction9,Rs. 449.00,,,,,https://www.fraction9coffee.com/products/everyday-gold-affordable-premium
BLACK PEPPER,Fraction9,Rs. 449.00,,,,,https://www.fraction9coffee.com/products/black-pepper-bold-5-5-mm
"FREE Vanilla Coffee. Buy 500 G any coffee, get 250 G FREE",Fraction9,Rs. 449.00,,,,,https://www.fraction9coffee.comhttps://www.fraction9coffee.com/collections/coffee/products/free-250-g-vanilla-coffee-buy-any-500-g-coffee
"FREE Hazenut Coffee. Buy 500 G any coffee, get 250 G FREE",Fraction9,Rs. 449.00,,,,,https://www.fraction9coffee.com/products/free-hazelnut-coffee-combo
nan,Fraction9,Rs. 449.00,,,,,https://www.fraction9coffee.com/collections/filter-coffee-options-coffee-chicory-blends/products/kaapi
Kaapi,Fraction9,Rs. 449.00,,,,,https://www.fraction9coffee.com/collections/filter-coffee-options-coffee-chicory-blends/products/kaapi
fromRs. 449.00Rs. 500.00,Fraction9,Rs. 449.00,,,,,https://www.fraction9coffee.com/collections/filter-coffee-options-coffee-chicory-blends/products/kaapi
nan,Fraction9,Rs. 515.00,,,,,https://www.fraction9coffee.com/collections/filter-coffee-options-coffee-chicory-blends/products/desi-extreme-strong-blend
Desi 'Extreme Strong' Blend,Fraction9,Rs. 515.00,,,,,https://www.fraction9coffee.com/collections/filter-coffee-options-coffee-chicory-blends/products/desi-extreme-strong-blend
fromRs. 515.00Rs. 600.00,Fraction9,Rs. 515.00,,,,,https://www.fraction9coffee.com/collections/filter-coffee-options-coffee-chicory-blends/products/desi-extreme-strong-blend
nan,Fraction9,Rs. 535.00,,,,,https://www.fraction9coffee.com/collections/filter-coffee-options-coffee-chicory-blends/products/desi-rich-taste-blend
Desi 'Rich Taste' Blend,Fraction9,Rs. 535.00,,,,,https://www.fraction9coffee.com/collections/filter-coffee-options-coffee-chicory-blends/products/desi-rich-taste-blend
fromRs. 535.00Rs. 600.00,Fraction9,Rs. 535.00,,,,,https://www.fraction9coffee.com/collections/filter-coffee-options-coffee-chicory-blends/products/desi-rich-taste-blend
Breakfast Roast Coffee,Fraction9,,,,,,https://www.fraction9coffee.com/products/breakfast-roast-coffee-powder#judgeme_product_reviews
GOLDEN MIRAGE  NATURALS BY KALYANCOOL ESTATE,Fraction9,,,,,,https://www.fraction9coffee.com/products/golden-mirage-naturals-by-kalyancool-estate#judgeme_product_reviews
Cappuccino Blend,Fraction9,,,,,,https://www.fraction9coffee.com/products/cappuccino-blend#judgeme_product_reviews
Everyday Gold – Affordable Value | Auto Discounted | No Codes,Fraction9,,,,,,https://www.fraction9coffee.com/products/everyday-gold-affordable-premium#judgeme_product_reviews
French Roast Coffee,Fraction9,,,,,,https://www.fraction9coffee.com/products/french-roast-coffee#judgeme_product_reviews
SHILLONG SPICE RUSH  NATURALS,Fraction9,,,,,,https://www.fraction9coffee.com/products/shillong-spice-rush-naturals#judgeme_product_reviews
Kaapi,Fraction9,,,,,,https://www.fraction9coffee.com/products/kaapi#judgeme_product_reviews
New  Gift Hamper!!!,Fraction9,Rs. 529.00,,,,,https://www.fraction9coffee.com/products/gift-hamper
New Launch  Value Product  Everyday Gold,Fraction9,Rs. 529.00,,,,,https://www.fraction9coffee.com/products/everyday-gold-affordable-premium
BLACK PEPPER,Fraction9,Rs. 529.00,,,,,https://www.fraction9coffee.com/products/black-pepper-bold-5-5-mm
"FREE Vanilla Coffee. Buy 500 G any coffee, get 250 G FREE",Fraction9,Rs. 529.00,,,,,https://www.fraction9coffee.comhttps://www.fraction9coffee.com/collections/coffee/products/free-250-g-vanilla-coffee-buy-any-500-g-coffee
"FREE Hazenut Coffee. Buy 500 G any coffee, get 250 G FREE",Fraction9,Rs. 529.00,,,,,https://www.fraction9coffee.com/products/free-hazelnut-coffee-combo
New  Gift Hamper!!!,Fraction9,Rs. 529.00,,,,,https://www.fraction9coffee.com/products/gift-hamper
New Launch  Value Product  Everyday Gold,Fraction9,Rs. 529.00,,,,,https://www.fraction9coffee.com/products/everyday-gold-affordable-premium
BLACK PEPPER,Fraction9,Rs. 529.00,,,,,https://www.fraction9coffee.com/products/black-pepper-bold-5-5-mm
"FREE Vanilla Coffee. Buy 500 G any coffee, get 250 G FREE",Fraction9,Rs. 529.00,,,,,https://www.fraction9coffee.comhttps://www.fraction9coffee.com/collections/coffee/products/free-250-g-vanilla-coffee-buy-any-500-g-coffee
"FREE Hazenut Coffee. Buy 500 G any coffee, get 250 G FREE",Fraction9,Rs. 529.00,,,,,https://www.fraction9coffee.com/products/free-hazelnut-coffee-combo
nan,Fraction9,Rs. 529.00,,,,,https://www.fraction9coffee.com/collections/affordable-premium-robusta/products/madhura
MADHURA,Fraction9,Rs. 529.00,,,,,https://www.fraction9coffee.com/collections/affordable-premium-robusta/products/madhura
fromRs. 529.00Rs. 650.00,Fraction9,Rs. 529.00,,,,,https://www.fraction9coffee.com/collections/affordable-premium-robusta/products/madhura
nan,Fraction9,Rs. 529.00,,,,,https://www.fraction9coffee.com/collections/affordable-premium-robusta/products/prabal
PRABAL,Fraction9,Rs. 529.00,,,,,https://www.fraction9coffee.com/collections/affordable-premium-robusta/products/prabal
fromRs. 529.00Rs. 650.00,Fraction9,Rs. 529.00,,,,,https://www.fraction9coffee.com/collections/affordable-premium-robusta/products/prabal
Breakfast Roast Coffee,Fraction9,,,,,,https://www.fraction9coffee.com/products/breakfast-roast-coffee-powder#judgeme_product_reviews
GOLDEN MIRAGE  NATURALS BY KALYANCOOL ESTATE,Fraction9,,,,,,https://www.fraction9coffee.com/products/golden-mirage-naturals-by-kalyancool-estate#judgeme_product_reviews
Cappuccino Blend,Fraction9,,,,,,https://www.fraction9coffee.com/products/cappuccino-blend#judgeme_product_reviews
Everyday Gold – Affordable Value | Auto Discounted | No Codes,Fraction9,,,,,,https://www.fraction9coffee.com/products/everyday-gold-affordable-premium#judgeme_product_reviews
French Roast Coffee,Fraction9,,,,,,https://www.fraction9coffee.com/products/french-roast-coffee#judgeme_product_reviews
SHILLONG SPICE RUSH  NATURALS,Fraction9,,,,,,https://www.fraction9coffee.com/products/shillong-spice-rush-naturals#judgeme_product_reviews
Kaapi,Fraction9,,,,,,https://www.fraction9coffee.com/products/kaapi#judgeme_product_reviews
New  Gift Hamper!!!,Fraction9,"Rs. 1,720.00",,,,,https://www.fraction9coffee.com/products/gift-hamper
New Launch  Value Product  Everyday Gold,Fraction9,"Rs. 1,720.00",,,,,https://www.fraction9coffee.com/products/everyday-gold-affordable-premium
BLACK PEPPER,Fraction9,"Rs. 1,720.00",,,,,https://www.fraction9coffee.com/products/black-pepper-bold-5-5-mm
"FREE Vanilla Coffee. Buy 500 G any coffee, get 250 G FREE",Fraction9,"Rs. 1,720.00",,,,,https://www.fraction9coffee.comhttps://www.fraction9coffee.com/collections/coffee/products/free-250-g-vanilla-coffee-buy-any-500-g-coffee
"FREE Hazenut Coffee. Buy 500 G any coffee, get 250 G FREE",Fraction9,"Rs. 1,720.00",,,,,https://www.fraction9coffee.com/products/free-hazelnut-coffee-combo
New  Gift Hamper!!!,Fraction9,"Rs. 1,720.00",,,,,https://www.fraction9coffee.com/products/gift-hamper
New Launch  Value Product  Everyday Gold,Fraction9,"Rs. 1,720.00",,,,,https://www.fraction9coffee.com/products/everyday-gold-affordable-premium
BLACK PEPPER,Fraction9,"Rs. 1,720.00",,,,,https://www.fraction9coffee.com/products/black-pepper-bold-5-5-mm
"FREE Vanilla Coffee. Buy 500 G any coffee, get 250 G FREE",Fraction9,"Rs. 1,720.00",,,,,https://www.fraction9coffee.comhttps://www.fraction9coffee.com/collections/coffee/products/free-250-g-vanilla-coffee-buy-any-500-g-coffee
"FREE Hazenut Coffee. Buy 500 G any coffee, get 250 G FREE",Fraction9,"Rs. 1,720.00",,,,,https://www.fraction9coffee.com/products/free-hazelnut-coffee-combo
nan,Fraction9,"Rs. 1,720.00",,,,,https://www.fraction9coffee.com/collections/christmas-gift-box/products/gift-hamper
The Signature Gift Hamper,Fraction9,"Rs. 1,720.00",,,,,https://www.fraction9coffee.com/collections/christmas-gift-box/products/gift-hamper
"Rs. 1,720.00Rs. 2,500.00",Fraction9,"Rs. 1,720.00",,,,,https://www.fraction9coffee.com/collections/christmas-gift-box/products/gift-hamper
Breakfast Roast Coffee,Fraction9,,,,,,https://www.fraction9coffee.com/products/breakfast-roast-coffee-powder#judgeme_product_reviews
GOLDEN MIRAGE  NATURALS BY KALYANCOOL ESTATE,Fraction9,,,,,,https://www.fraction9coffee.com/products/golden-mirage-naturals-by-kalyancool-estate#judgeme_product_reviews
Cappuccino Blend,Fraction9,,,,,,https://www.fraction9coffee.com/products/cappuccino-blend#judgeme_product_reviews
Everyday Gold – Affordable Value | Auto Discounted | No Codes,Fraction9,,,,,,https://www.fraction9coffee.com/products/everyday-gold-affordable-premium#judgeme_product_reviews
French Roast Coffee,Fraction9,,,,,,https://www.fraction9coffee.com/products/french-roast-coffee#judgeme_product_reviews
SHILLONG SPICE RUSH  NATURALS,Fraction9,,,,,,https://www.fraction9coffee.com/products/shillong-spice-rush-naturals#judgeme_product_reviews
Kaapi,Fraction9,,,,,,https://www.fraction9coffee.com/products/kaapi#judgeme_product_reviews
New  Gift Hamper!!!,Fraction9,Rs. 619.00,,,,,https://www.fraction9coffee.com/products/gift-hamper
New Launch  Value Product  Everyday Gold,Fraction9,Rs. 619.00,,,,,https://www.fraction9coffee.com/products/everyday-gold-affordable-premium
BLACK PEPPER,Fraction9,Rs. 619.00,,,,,https://www.fraction9coffee.com/products/black-pepper-bold-5-5-mm
"FREE Vanilla Coffee. Buy 500 G any coffee, get 250 G FREE",Fraction9,Rs. 619.00,,,,,https://www.fraction9coffee.comhttps://www.fraction9coffee.com/collections/coffee/products/free-250-g-vanilla-coffee-buy-any-500-g-coffee
"FREE Hazenut Coffee. Buy 500 G any coffee, get 250 G FREE",Fraction9,Rs. 619.00,,,,,https://www.fraction9coffee.com/products/free-hazelnut-coffee-combo
New  Gift Hamper!!!,Fraction9,Rs. 619.00,,,,,https://www.fraction9coffee.com/products/gift-hamper
New Launch  Value Product  Everyday Gold,Fraction9,Rs. 619.00,,,,,https://www.fraction9coffee.com/products/everyday-gold-affordable-premium
BLACK PEPPER,Fraction9,Rs. 619.00,,,,,https://www.fraction9coffee.com/products/black-pepper-bold-5-5-mm
"FREE Vanilla Coffee. Buy 500 G any coffee, get 250 G FREE",Fraction9,Rs. 619.00,,,,,https://www.fraction9coffee.comhttps://www.fraction9coffee.com/collections/coffee/products/free-250-g-vanilla-coffee-buy-any-500-g-coffee
"FREE Hazenut Coffee. Buy 500 G any coffee, get 250 G FREE",Fraction9,Rs. 619.00,,,,,https://www.fraction9coffee.com/products/free-hazelnut-coffee-combo
nan,Fraction9,Rs. 619.00,,,,,https://www.fraction9coffee.com/collections/coffee-and-pepper/products/vienna-roast-coffee-powder
Vienna Roast Coffee,Fraction9,Rs. 619.00,,,,,https://www.fraction9coffee.com/collections/coffee-and-pepper/products/vienna-roast-coffee-powder
fromRs. 619.00Rs. 770.00,Fraction9,Rs. 619.00,,,,,https://www.fraction9coffee.com/collections/coffee-and-pepper/products/vienna-roast-coffee-powder
nan,Fraction9,Rs. 459.00,,,,,https://www.fraction9coffee.com/collections/coffee-and-pepper/products/black-pepper-bold-5-5-mm
Black Pepper  Bold,Fraction9,Rs. 459.00,,,,,https://www.fraction9coffee.com/collections/coffee-and-pepper/products/black-pepper-bold-5-5-mm
fromRs. 459.00Rs. 550.00,Fraction9,Rs. 459.00,,,,,https://www.fraction9coffee.com/collections/coffee-and-pepper/products/black-pepper-bold-5-5-mm
nan,Fraction9,Rs. 619.00,,,,,https://www.fraction9coffee.com/collections/coffee-and-pepper/products/breakfast-roast-coffee-powder
Breakfast Roast Coffee,Fraction9,Rs. 619.00,,,,,https://www.fraction9coffee.com/collections/coffee-and-pepper/products/breakfast-roast-coffee-powder
fromRs. 619.00Rs. 770.00,Fraction9,Rs. 619.00,,,,,https://www.fraction9coffee.com/collections/coffee-and-pepper/products/breakfast-roast-coffee-powder
nan,Fraction9,Rs. 529.00,,,,,https://www.fraction9coffee.com/collections/coffee-and-pepper/products/prabal
PRABAL,Fraction9,Rs. 529.00,,,,,https://www.fraction9coffee.com/collections/coffee-and-pepper/products/prabal
fromRs. 529.00Rs. 650.00,Fraction9,Rs. 529.00,,,,,https://www.fraction9coffee.com/collections/coffee-and-pepper/products/prabal
nan,Fraction9,Rs. 529.00,,,,,https://www.fraction9coffee.com/collections/coffee-and-pepper/products/madhura
MADHURA,Fraction9,Rs. 529.00,,,,,https://www.fraction9coffee.com/collections/coffee-and-pepper/products/madhura
fromRs. 529.00Rs. 650.00,Fraction9,Rs. 529.00,,,,,https://www.fraction9coffee.com/collections/coffee-and-pepper/products/madhura
nan,Fraction9,Rs. 619.00,,,,,https://www.fraction9coffee.com/collections/coffee-and-pepper/products/christmas-roast
Christmas Roast,Fraction9,Rs. 619.00,,,,,https://www.fraction9coffee.com/collections/coffee-and-pepper/products/christmas-roast
fromRs. 619.00Rs. 770.00,Fraction9,Rs. 619.00,,,,,https://www.fraction9coffee.com/collections/coffee-and-pepper/products/christmas-roast
nan,Fraction9,Rs. 449.00,,,,,https://www.fraction9coffee.com/collections/coffee-and-pepper/products/kaapi
Kaapi,Fraction9,Rs. 449.00,,,,,https://www.fraction9coffee.com/collections/coffee-and-pepper/products/kaapi
fromRs. 449.00Rs. 500.00,Fraction9,Rs. 449.00,,,,,https://www.fraction9coffee.com/collections/coffee-and-pepper/products/kaapi
nan,Fraction9,Rs. 535.00,,,,,https://www.fraction9coffee.com/collections/coffee-and-pepper/products/desi-rich-taste-blend
Desi 'Rich Taste' Blend,Fraction9,Rs. 535.00,,,,,https://www.fraction9coffee.com/collections/coffee-and-pepper/products/desi-rich-taste-blend
fromRs. 535.00Rs. 600.00,Fraction9,Rs. 535.00,,,,,https://www.fraction9coffee.com/collections/coffee-and-pepper/products/desi-rich-taste-blend
nan,Fraction9,Rs. 515.00,,,,,https://www.fraction9coffee.com/collections/coffee-and-pepper/products/desi-extreme-strong-blend
Desi 'Extreme Strong' Blend,Fraction9,Rs. 515.00,,,,,https://www.fraction9coffee.com/collections/coffee-and-pepper/products/desi-extreme-strong-blend
fromRs. 515.00Rs. 600.00,Fraction9,Rs. 515.00,,,,,https://www.fraction9coffee.com/collections/coffee-and-pepper/products/desi-extreme-strong-blend
nan,Fraction9,Rs. 899.00,,,,,https://www.fraction9coffee.com/collections/coffee-and-pepper/products/sample-coffee-box
Sampler Box (75gm * 6 variants),Fraction9,Rs. 899.00,,,,,https://www.fraction9coffee.com/collections/coffee-and-pepper/products/sample-coffee-box
Rs. 899.00Rs. 995.00,Fraction9,Rs. 899.00,,,,,https://www.fraction9coffee.com/collections/coffee-and-pepper/products/sample-coffee-box
nan,Fraction9,Rs. 619.00,,,,,https://www.fraction9coffee.com/collections/coffee-and-pepper/products/french-roast-coffee
French Roast Coffee,Fraction9,Rs. 619.00,,,,,https://www.fraction9coffee.com/collections/coffee-and-pepper/products/french-roast-coffee
fromRs. 619.00Rs. 770.00,Fraction9,Rs. 619.00,,,,,https://www.fraction9coffee.com/collections/coffee-and-pepper/products/french-roast-coffee
nan,Fraction9,Rs. 619.00,,,,,https://www.fraction9coffee.com/collections/coffee-and-pepper/products/traditional-blend
Traditional Blend Coffee,Fraction9,Rs. 619.00,,,,,https://www.fraction9coffee.com/collections/coffee-and-pepper/products/traditional-blend
fromRs. 619.00Rs. 770.00,Fraction9,Rs. 619.00,,,,,https://www.fraction9coffee.com/collections/coffee-and-pepper/products/traditional-blend
nan,Fraction9,Rs. 619.00,,,,,https://www.fraction9coffee.com/collections/coffee-and-pepper/products/cinnamon-roast-coffee-powder
Sweet Roast Coffee,Fraction9,Rs. 619.00,,,,,https://www.fraction9coffee.com/collections/coffee-and-pepper/products/cinnamon-roast-coffee-powder
fromRs. 619.00Rs. 770.00,Fraction9,Rs. 619.00,,,,,https://www.fraction9coffee.com/collections/coffee-and-pepper/products/cinnamon-roast-coffee-powder
nan,Fraction9,Rs. 619.00,,,,,https://www.fraction9coffee.com/collections/coffee-and-pepper/products/cappuccino-blend
Cappuccino Blend,Fraction9,Rs. 619.00,,,,,https://www.fraction9coffee.com/collections/coffee-and-pepper/products/cappuccino-blend
fromRs. 619.00Rs. 770.00,Fraction9,Rs. 619.00,,,,,https://www.fraction9coffee.com/collections/coffee-and-pepper/products/cappuccino-blend
nan,Fraction9,Rs. 449.00,,,,,https://www.fraction9coffee.com/collections/coffee-and-pepper/products/burundi-washed
Burundi Washed,Fraction9,Rs. 449.00,,,,,https://www.fraction9coffee.com/collections/coffee-and-pepper/products/burundi-washed
Rs. 449.00Rs. 599.00,Fraction9,Rs. 449.00,,,,,https://www.fraction9coffee.com/collections/coffee-and-pepper/products/burundi-washed
nan,Fraction9,Rs. 435.00,,,,,https://www.fraction9coffee.com/collections/coffee-and-pepper/products/everyday-gold-affordable-premium
Everyday Gold – Affordable Value | Auto Discounted | No Codes,Fraction9,Rs. 435.00,,,,,https://www.fraction9coffee.com/collections/coffee-and-pepper/products/everyday-gold-affordable-premium
fromRs. 435.00Rs. 600.00,Fraction9,Rs. 435.00,,,,,https://www.fraction9coffee.com/collections/coffee-and-pepper/products/everyday-gold-affordable-premium
nan,Fraction9,Rs. 599.00,,,,,https://www.fraction9coffee.com/collections/coffee-and-pepper/products/honeycrest-value-white-honey
HoneyCrest | Value | White Honey,Fraction9,Rs. 599.00,,,,,https://www.fraction9coffee.com/collections/coffee-and-pepper/products/honeycrest-value-white-honey
Rs. 599.00Rs. 750.00,Fraction9,Rs. 599.00,,,,,https://www.fraction9coffee.com/collections/coffee-and-pepper/products/honeycrest-value-white-honey
nan,Fraction9,Rs. 649.00,,,,,https://www.fraction9coffee.com/collections/coffee-and-pepper/products/tropicrunch
TROPICRUNCH  FRUITY NATURALS,Fraction9,Rs. 649.00,,,,,https://www.fraction9coffee.com/collections/coffee-and-pepper/products/tropicrunch
Rs. 649.00Rs. 800.00,Fraction9,Rs. 649.00,,,,,https://www.fraction9coffee.com/collections/coffee-and-pepper/products/tropicrunch
nan,Fraction9,Rs. 819.00,,,,,https://www.fraction9coffee.com/collections/coffee-and-pepper/products/peachwhirl-ratnagiri-rn3
PEACHWHIRL | RATNAGIRI RN3,Fraction9,Rs. 819.00,,,,,https://www.fraction9coffee.com/collections/coffee-and-pepper/products/peachwhirl-ratnagiri-rn3
Rs. 819.00Rs. 950.00,Fraction9,Rs. 819.00,,,,,https://www.fraction9coffee.com/collections/coffee-and-pepper/products/peachwhirl-ratnagiri-rn3
nan,Fraction9,Rs. 899.00,,,,,https://www.fraction9coffee.com/collections/coffee-and-pepper/products/crimson-spirit-ratnagiri-dark-mrs-01-1
CRIMSON SPIRIT | RATNAGIRI DARK ROOM  Light Plus Roast  MRS 011,Fraction9,Rs. 899.00,,,,,https://www.fraction9coffee.com/collections/coffee-and-pepper/products/crimson-spirit-ratnagiri-dark-mrs-01-1
"Rs. 899.00Rs. 1,150.00",Fraction9,Rs. 899.00,,,,,https://www.fraction9coffee.com/collections/coffee-and-pepper/products/crimson-spirit-ratnagiri-dark-mrs-01-1
nan,Fraction9,Rs. 949.00,,,,,https://www.fraction9coffee.com/collections/coffee-and-pepper/products/sampler-box-75gm-6-variants-copy
Microlot 75 g X 4 Sampler box ( Temporary Product ),Fraction9,Rs. 949.00,,,,,https://www.fraction9coffee.com/collections/coffee-and-pepper/products/sampler-box-75gm-6-variants-copy
Rs. 949.00Rs. 995.00,Fraction9,Rs. 949.00,,,,,https://www.fraction9coffee.com/collections/coffee-and-pepper/products/sampler-box-75gm-6-variants-copy
nan,Fraction9,Rs. 799.00,,,,,https://www.fraction9coffee.com/collections/coffee-and-pepper/products/ratnagiri-naturals-nova
RATNAGIRI NATURALS  NOVA,Fraction9,Rs. 799.00,,,,,https://www.fraction9coffee.com/collections/coffee-and-pepper/products/ratnagiri-naturals-nova
"Rs. 799.00Rs. 1,100.00",Fraction9,Rs. 799.00,,,,,https://www.fraction9coffee.com/collections/coffee-and-pepper/products/ratnagiri-naturals-nova
nan,Fraction9,Rs. 879.00,,,,,https://www.fraction9coffee.com/collections/coffee-and-pepper/products/cuvee-brandylime
Cuvée BrandyLime  Kalyancool,Fraction9,Rs. 879.00,,,,,https://www.fraction9coffee.com/collections/coffee-and-pepper/products/cuvee-brandylime
"fromRs. 879.00Rs. 1,150.00",Fraction9,Rs. 879.00,,,,,https://www.fraction9coffee.com/collections/coffee-and-pepper/products/cuvee-brandylime
nan,Fraction9,Rs. 699.00,,,,,https://www.fraction9coffee.com/collections/coffee-and-pepper/products/shillong-spice-rush-naturals
SHILLONG SPICE RUSH  NATURALS,Fraction9,Rs. 699.00,,,,,https://www.fraction9coffee.com/collections/coffee-and-pepper/products/shillong-spice-rush-naturals
fromRs. 699.00Rs. 950.00,Fraction9,Rs. 699.00,,,,,https://www.fraction9coffee.com/collections/coffee-and-pepper/products/shillong-spice-rush-naturals
nan,Fraction9,Rs. 735.00,,,,,https://www.fraction9coffee.com/collections/coffee-and-pepper/products/golden-mirage-naturals-by-kalyancool-estate
GOLDEN MIRAGE  NATURALS BY KALYANCOOL ESTATE,Fraction9,Rs. 735.00,,,,,https://www.fraction9coffee.com/collections/coffee-and-pepper/products/golden-mirage-naturals-by-kalyancool-estate
"fromRs. 735.00Rs. 1,000.00",Fraction9,Rs. 735.00,,,,,https://www.fraction9coffee.com/collections/coffee-and-pepper/products/golden-mirage-naturals-by-kalyancool-estate
nan,Fraction9,Rs. 799.00,,,,,https://www.fraction9coffee.com/collections/coffee-and-pepper/products/ratnagiri-liora
LIORA  Ratnagiri Estate (Lab Microbe Fermentation),Fraction9,Rs. 799.00,,,,,https://www.fraction9coffee.com/collections/coffee-and-pepper/products/ratnagiri-liora
"fromRs. 799.00Rs. 1,100.00",Fraction9,Rs. 799.00,,,,,https://www.fraction9coffee.com/collections/coffee-and-pepper/products/ratnagiri-liora
Breakfast Roast Coffee,Fraction9,,,,,,https://www.fraction9coffee.com/products/breakfast-roast-coffee-powder#judgeme_product_reviews
GOLDEN MIRAGE  NATURALS BY KALYANCOOL ESTATE,Fraction9,,,,,,https://www.fraction9coffee.com/products/golden-mirage-naturals-by-kalyancool-estate#judgeme_product_reviews
Cappuccino Blend,Fraction9,,,,,,https://www.fraction9coffee.com/products/cappuccino-blend#judgeme_product_reviews
Everyday Gold – Affordable Value | Auto Discounted | No Codes,Fraction9,,,,,,https://www.fraction9coffee.com/products/everyday-gold-affordable-premium#judgeme_product_reviews
French Roast Coffee,Fraction9,,,,,,https://www.fraction9coffee.com/products/french-roast-coffee#judgeme_product_reviews
SHILLONG SPICE RUSH  NATURALS,Fraction9,,,,,,https://www.fraction9coffee.com/products/shillong-spice-rush-naturals#judgeme_product_reviews
Kaapi,Fraction9,,,,,,https://www.fraction9coffee.com/products/kaapi#judgeme_product_reviews
New  Gift Hamper!!!,Fraction9,Rs. 499.00,,,,,https://www.fraction9coffee.com/products/gift-hamper
New Launch  Value Product  Everyday Gold,Fraction9,Rs. 499.00,,,,,https://www.fraction9coffee.com/products/everyday-gold-affordable-premium
BLACK PEPPER,Fraction9,Rs. 499.00,,,,,https://www.fraction9coffee.com/products/black-pepper-bold-5-5-mm
"FREE Vanilla Coffee. Buy 500 G any coffee, get 250 G FREE",Fraction9,Rs. 499.00,,,,,https://www.fraction9coffee.comhttps://www.fraction9coffee.com/collections/coffee/products/free-250-g-vanilla-coffee-buy-any-500-g-coffee
"FREE Hazenut Coffee. Buy 500 G any coffee, get 250 G FREE",Fraction9,Rs. 499.00,,,,,https://www.fraction9coffee.com/products/free-hazelnut-coffee-combo
New  Gift Hamper!!!,Fraction9,Rs. 499.00,,,,,https://www.fraction9coffee.com/products/gift-hamper
New Launch  Value Product  Everyday Gold,Fraction9,Rs. 499.00,,,,,https://www.fraction9coffee.com/products/everyday-gold-affordable-premium
BLACK PEPPER,Fraction9,Rs. 499.00,,,,,https://www.fraction9coffee.com/products/black-pepper-bold-5-5-mm
"FREE Vanilla Coffee. Buy 500 G any coffee, get 250 G FREE",Fraction9,Rs. 499.00,,,,,https://www.fraction9coffee.comhttps://www.fraction9coffee.com/collections/coffee/products/free-250-g-vanilla-coffee-buy-any-500-g-coffee
"FREE Hazenut Coffee. Buy 500 G any coffee, get 250 G FREE",Fraction9,Rs. 499.00,,,,,https://www.fraction9coffee.com/products/free-hazelnut-coffee-combo
nan,Fraction9,Rs. 499.00,,,,,https://www.fraction9coffee.com/collections/coffee-bags-no-filter-required/products/100-coffee-bags
100% Coffee BAGS,Fraction9,Rs. 499.00,,,,,https://www.fraction9coffee.com/collections/coffee-bags-no-filter-required/products/100-coffee-bags
fromRs. 499.00Rs. 600.00,Fraction9,Rs. 499.00,,,,,https://www.fraction9coffee.com/collections/coffee-bags-no-filter-required/products/100-coffee-bags
nan,Fraction9,Rs. 499.00,,,,,https://www.fraction9coffee.com/collections/coffee-bags-no-filter-required/products/french-vanilla-coffee-bags
VANILLA Coffee Bags  No filter required,Fraction9,Rs. 499.00,,,,,https://www.fraction9coffee.com/collections/coffee-bags-no-filter-required/products/french-vanilla-coffee-bags
fromRs. 499.00Rs. 600.00,Fraction9,Rs. 499.00,,,,,https://www.fraction9coffee.com/collections/coffee-bags-no-filter-required/products/french-vanilla-coffee-bags
nan,Fraction9,Rs. 499.00,,,,,https://www.fraction9coffee.com/collections/coffee-bags-no-filter-required/products/hazelnut-coffee-bags
Hazelnut Coffee Bags (chocolaty)  No filter required,Fraction9,Rs. 499.00,,,,,https://www.fraction9coffee.com/collections/coffee-bags-no-filter-required/products/hazelnut-coffee-bags
fromRs. 499.00Rs. 600.00,Fraction9,Rs. 499.00,,,,,https://www.fraction9coffee.com/collections/coffee-bags-no-filter-required/products/hazelnut-coffee-bags
nan,Fraction9,Rs. 499.00,,,,,https://www.fraction9coffee.com/collections/coffee-bags-no-filter-required/products/assorted-coffee-bags-box-try-all
Assorted Coffee bags Box  Try all,Fraction9,Rs. 499.00,,,,,https://www.fraction9coffee.com/collections/coffee-bags-no-filter-required/products/assorted-coffee-bags-box-try-all
fromRs. 499.00Rs. 600.00,Fraction9,Rs. 499.00,,,,,https://www.fraction9coffee.com/collections/coffee-bags-no-filter-required/products/assorted-coffee-bags-box-try-all
Breakfast Roast Coffee,Fraction9,,,,,,https://www.fraction9coffee.com/products/breakfast-roast-coffee-powder#judgeme_product_reviews
GOLDEN MIRAGE  NATURALS BY KALYANCOOL ESTATE,Fraction9,,,,,,https://www.fraction9coffee.com/products/golden-mirage-naturals-by-kalyancool-estate#judgeme_product_reviews
Cappuccino Blend,Fraction9,,,,,,https://www.fraction9coffee.com/products/cappuccino-blend#judgeme_product_reviews
Everyday Gold – Affordable Value | Auto Discounted | No Codes,Fraction9,,,,,,https://www.fraction9coffee.com/products/everyday-gold-affordable-premium#judgeme_product_reviews
French Roast Coffee,Fraction9,,,,,,https://www.fraction9coffee.com/products/french-roast-coffee#judgeme_product_reviews
SHILLONG SPICE RUSH  NATURALS,Fraction9,,,,,,https://www.fraction9coffee.com/products/shillong-spice-rush-naturals#judgeme_product_reviews
Kaapi,Fraction9,,,,,,https://www.fraction9coffee.com/products/kaapi#judgeme_product_reviews
New  Gift Hamper!!!,Fraction9,Rs. 499.00,,,,,https://www.fraction9coffee.com/products/gift-hamper
New Launch  Value Product  Everyday Gold,Fraction9,Rs. 499.00,,,,,https://www.fraction9coffee.com/products/everyday-gold-affordable-premium
BLACK PEPPER,Fraction9,Rs. 499.00,,,,,https://www.fraction9coffee.com/products/black-pepper-bold-5-5-mm
"FREE Vanilla Coffee. Buy 500 G any coffee, get 250 G FREE",Fraction9,Rs. 499.00,,,,,https://www.fraction9coffee.comhttps://www.fraction9coffee.com/collections/coffee/products/free-250-g-vanilla-coffee-buy-any-500-g-coffee
"FREE Hazenut Coffee. Buy 500 G any coffee, get 250 G FREE",Fraction9,Rs. 499.00,,,,,https://www.fraction9coffee.com/products/free-hazelnut-coffee-combo
New  Gift Hamper!!!,Fraction9,Rs. 499.00,,,,,https://www.fraction9coffee.com/products/gift-hamper
New Launch  Value Product  Everyday Gold,Fraction9,Rs. 499.00,,,,,https://www.fraction9coffee.com/products/everyday-gold-affordable-premium
BLACK PEPPER,Fraction9,Rs. 499.00,,,,,https://www.fraction9coffee.com/products/black-pepper-bold-5-5-mm
"FREE Vanilla Coffee. Buy 500 G any coffee, get 250 G FREE",Fraction9,Rs. 499.00,,,,,https://www.fraction9coffee.comhttps://www.fraction9coffee.com/collections/coffee/products/free-250-g-vanilla-coffee-buy-any-500-g-coffee
"FREE Hazenut Coffee. Buy 500 G any coffee, get 250 G FREE",Fraction9,Rs. 499.00,,,,,https://www.fraction9coffee.com/products/free-hazelnut-coffee-combo
nan,Fraction9,Rs. 499.00,,,,,https://www.fraction9coffee.com/collections/coffee-bags-pour-over/products/hazelnut-coffee-bags
Hazelnut Coffee Bags (chocolaty)  No filter required,Fraction9,Rs. 499.00,,,,,https://www.fraction9coffee.com/collections/coffee-bags-pour-over/products/hazelnut-coffee-bags
fromRs. 499.00Rs. 600.00,Fraction9,Rs. 499.00,,,,,https://www.fraction9coffee.com/collections/coffee-bags-pour-over/products/hazelnut-coffee-bags
nan,Fraction9,Rs. 499.00,,,,,https://www.fraction9coffee.com/collections/coffee-bags-pour-over/products/100-coffee-bags
100% Coffee BAGS,Fraction9,Rs. 499.00,,,,,https://www.fraction9coffee.com/collections/coffee-bags-pour-over/products/100-coffee-bags
fromRs. 499.00Rs. 600.00,Fraction9,Rs. 499.00,,,,,https://www.fraction9coffee.com/collections/coffee-bags-pour-over/products/100-coffee-bags
nan,Fraction9,Rs. 499.00,,,,,https://www.fraction9coffee.com/collections/coffee-bags-pour-over/products/french-vanilla-coffee-bags
VANILLA Coffee Bags  No filter required,Fraction9,Rs. 499.00,,,,,https://www.fraction9coffee.com/collections/coffee-bags-pour-over/products/french-vanilla-coffee-bags
fromRs. 499.00Rs. 600.00,Fraction9,Rs. 499.00,,,,,https://www.fraction9coffee.com/collections/coffee-bags-pour-over/products/french-vanilla-coffee-bags
nan,Fraction9,Rs. 499.00,,,,,https://www.fraction9coffee.com/collections/coffee-bags-pour-over/products/filter-coffee-bags-coffee-chicory-blends
Filter Coffee BAGS (Coffee Chicory Blends),Fraction9,Rs. 499.00,,,,,https://www.fraction9coffee.com/collections/coffee-bags-pour-over/products/filter-coffee-bags-coffee-chicory-blends
fromRs. 499.00Rs. 600.00,Fraction9,Rs. 499.00,,,,,https://www.fraction9coffee.com/collections/coffee-bags-pour-over/products/filter-coffee-bags-coffee-chicory-blends
nan,Fraction9,Rs. 499.00,,,,,https://www.fraction9coffee.com/collections/coffee-bags-pour-over/products/assorted-coffee-bags-box-try-all
Assorted Coffee bags Box  Try all,Fraction9,Rs. 499.00,,,,,https://www.fraction9coffee.com/collections/coffee-bags-pour-over/products/assorted-coffee-bags-box-try-all
fromRs. 499.00Rs. 600.00,Fraction9,Rs. 499.00,,,,,https://www.fraction9coffee.com/collections/coffee-bags-pour-over/products/assorted-coffee-bags-box-try-all
Breakfast Roast Coffee,Fraction9,,,,,,https://www.fraction9coffee.com/products/breakfast-roast-coffee-powder#judgeme_product_reviews
GOLDEN MIRAGE  NATURALS BY KALYANCOOL ESTATE,Fraction9,,,,,,https://www.fraction9coffee.com/products/golden-mirage-naturals-by-kalyancool-estate#judgeme_product_reviews
Cappuccino Blend,Fraction9,,,,,,https://www.fraction9coffee.com/products/cappuccino-blend#judgeme_product_reviews
Everyday Gold – Affordable Value | Auto Discounted | No Codes,Fraction9,,,,,,https://www.fraction9coffee.com/products/everyday-gold-affordable-premium#judgeme_product_reviews
French Roast Coffee,Fraction9,,,,,,https://www.fraction9coffee.com/products/french-roast-coffee#judgeme_product_reviews
SHILLONG SPICE RUSH  NATURALS,Fraction9,,,,,,https://www.fraction9coffee.com/products/shillong-spice-rush-naturals#judgeme_product_reviews
Kaapi,Fraction9,,,,,,https://www.fraction9coffee.com/products/kaapi#judgeme_product_reviews
New  Gift Hamper!!!,Fraction9,Rs. 898.00,,,,,https://www.fraction9coffee.com/products/gift-hamper
New Launch  Value Product  Everyday Gold,Fraction9,Rs. 898.00,,,,,https://www.fraction9coffee.com/products/everyday-gold-affordable-premium
BLACK PEPPER,Fraction9,Rs. 898.00,,,,,https://www.fraction9coffee.com/products/black-pepper-bold-5-5-mm
"FREE Vanilla Coffee. Buy 500 G any coffee, get 250 G FREE",Fraction9,Rs. 898.00,,,,,https://www.fraction9coffee.comhttps://www.fraction9coffee.com/collections/coffee/products/free-250-g-vanilla-coffee-buy-any-500-g-coffee
"FREE Hazenut Coffee. Buy 500 G any coffee, get 250 G FREE",Fraction9,Rs. 898.00,,,,,https://www.fraction9coffee.com/products/free-hazelnut-coffee-combo
New  Gift Hamper!!!,Fraction9,Rs. 898.00,,,,,https://www.fraction9coffee.com/products/gift-hamper
New Launch  Value Product  Everyday Gold,Fraction9,Rs. 898.00,,,,,https://www.fraction9coffee.com/products/everyday-gold-affordable-premium
BLACK PEPPER,Fraction9,Rs. 898.00,,,,,https://www.fraction9coffee.com/products/black-pepper-bold-5-5-mm
"FREE Vanilla Coffee. Buy 500 G any coffee, get 250 G FREE",Fraction9,Rs. 898.00,,,,,https://www.fraction9coffee.comhttps://www.fraction9coffee.com/collections/coffee/products/free-250-g-vanilla-coffee-buy-any-500-g-coffee
"FREE Hazenut Coffee. Buy 500 G any coffee, get 250 G FREE",Fraction9,Rs. 898.00,,,,,https://www.fraction9coffee.com/products/free-hazelnut-coffee-combo
nan,Fraction9,Rs. 898.00,,,,,https://www.fraction9coffee.com/collections/free-250-g-hazelnut-coffee-buy-500-g-any-coffee/products/free-hazelnut-coffee-combo
FREE 250 G HAZELNUT COFFEE  BUY ANY 500 G COFFEE,Fraction9,Rs. 898.00,,,,,https://www.fraction9coffee.com/collections/free-250-g-hazelnut-coffee-buy-500-g-any-coffee/products/free-hazelnut-coffee-combo
"fromRs. 898.00Rs. 1,347.00",Fraction9,Rs. 898.00,,,,,https://www.fraction9coffee.com/collections/free-250-g-hazelnut-coffee-buy-500-g-any-coffee/products/free-hazelnut-coffee-combo
nan,Fraction9,Rs. 898.00,,,,,https://www.fraction9coffee.com/collections/free-250-g-hazelnut-coffee-buy-500-g-any-coffee/products/free-250-g-vanilla-coffee-buy-any-500-g-coffee
FREE 250 G VANILLA COFFEE  BUY ANY 500 G COFFEE,Fraction9,Rs. 898.00,,,,,https://www.fraction9coffee.com/collections/free-250-g-hazelnut-coffee-buy-500-g-any-coffee/products/free-250-g-vanilla-coffee-buy-any-500-g-coffee
"fromRs. 898.00Rs. 1,347.00",Fraction9,Rs. 898.00,,,,,https://www.fraction9coffee.com/collections/free-250-g-hazelnut-coffee-buy-500-g-any-coffee/products/free-250-g-vanilla-coffee-buy-any-500-g-coffee
nan,Fraction9,Rs. 898.00,,,,,https://www.fraction9coffee.com/collections/free-250-g-hazelnut-coffee-buy-500-g-any-coffee/products/free-250-g-black-pepper-buy-any-500-g-coffee
FREE 250 G BLACK PEPPER  BUY ANY 500 G COFFEE,Fraction9,Rs. 898.00,,,,,https://www.fraction9coffee.com/collections/free-250-g-hazelnut-coffee-buy-500-g-any-coffee/products/free-250-g-black-pepper-buy-any-500-g-coffee
"fromRs. 898.00Rs. 1,347.00",Fraction9,Rs. 898.00,,,,,https://www.fraction9coffee.com/collections/free-250-g-hazelnut-coffee-buy-500-g-any-coffee/products/free-250-g-black-pepper-buy-any-500-g-coffee
Breakfast Roast Coffee,Fraction9,,,,,,https://www.fraction9coffee.com/products/breakfast-roast-coffee-powder#judgeme_product_reviews
GOLDEN MIRAGE  NATURALS BY KALYANCOOL ESTATE,Fraction9,,,,,,https://www.fraction9coffee.com/products/golden-mirage-naturals-by-kalyancool-estate#judgeme_product_reviews
Cappuccino Blend,Fraction9,,,,,,https://www.fraction9coffee.com/products/cappuccino-blend#judgeme_product_reviews
Everyday Gold – Affordable Value | Auto Discounted | No Codes,Fraction9,,,,,,https://www.fraction9coffee.com/products/everyday-gold-affordable-premium#judgeme_product_reviews
French Roast Coffee,Fraction9,,,,,,https://www.fraction9coffee.com/products/french-roast-coffee#judgeme_product_reviews
SHILLONG SPICE RUSH  NATURALS,Fraction9,,,,,,https://www.fraction9coffee.com/products/shillong-spice-rush-naturals#judgeme_product_reviews
Kaapi,Fraction9,,,,,,https://www.fraction9coffee.com/products/kaapi#judgeme_product_reviews
New  Gift Hamper!!!,Fraction9,Rs. 898.00,,,,,https://www.fraction9coffee.com/products/gift-hamper
New Launch  Value Product  Everyday Gold,Fraction9,Rs. 898.00,,,,,https://www.fraction9coffee.com/products/everyday-gold-affordable-premium
BLACK PEPPER,Fraction9,Rs. 898.00,,,,,https://www.fraction9coffee.com/products/black-pepper-bold-5-5-mm
"FREE Vanilla Coffee. Buy 500 G any coffee, get 250 G FREE",Fraction9,Rs. 898.00,,,,,https://www.fraction9coffee.comhttps://www.fraction9coffee.com/collections/coffee/products/free-250-g-vanilla-coffee-buy-any-500-g-coffee
"FREE Hazenut Coffee. Buy 500 G any coffee, get 250 G FREE",Fraction9,Rs. 898.00,,,,,https://www.fraction9coffee.com/products/free-hazelnut-coffee-combo
New  Gift Hamper!!!,Fraction9,Rs. 898.00,,,,,https://www.fraction9coffee.com/products/gift-hamper
New Launch  Value Product  Everyday Gold,Fraction9,Rs. 898.00,,,,,https://www.fraction9coffee.com/products/everyday-gold-affordable-premium
BLACK PEPPER,Fraction9,Rs. 898.00,,,,,https://www.fraction9coffee.com/products/black-pepper-bold-5-5-mm
"FREE Vanilla Coffee. Buy 500 G any coffee, get 250 G FREE",Fraction9,Rs. 898.00,,,,,https://www.fraction9coffee.comhttps://www.fraction9coffee.com/collections/coffee/products/free-250-g-vanilla-coffee-buy-any-500-g-coffee
"FREE Hazenut Coffee. Buy 500 G any coffee, get 250 G FREE",Fraction9,Rs. 898.00,,,,,https://www.fraction9coffee.com/products/free-hazelnut-coffee-combo
nan,Fraction9,Rs. 898.00,,,,,https://www.fraction9coffee.com/collections/pepper-combo/products/free-250-g-black-pepper-buy-any-500-g-coffee
FREE 250 G BLACK PEPPER  BUY ANY 500 G COFFEE,Fraction9,Rs. 898.00,,,,,https://www.fraction9coffee.com/collections/pepper-combo/products/free-250-g-black-pepper-buy-any-500-g-coffee
"fromRs. 898.00Rs. 1,347.00",Fraction9,Rs. 898.00,,,,,https://www.fraction9coffee.com/collections/pepper-combo/products/free-250-g-black-pepper-buy-any-500-g-coffee
Breakfast Roast Coffee,Fraction9,,,,,,https://www.fraction9coffee.com/products/breakfast-roast-coffee-powder#judgeme_product_reviews
GOLDEN MIRAGE  NATURALS BY KALYANCOOL ESTATE,Fraction9,,,,,,https://www.fraction9coffee.com/products/golden-mirage-naturals-by-kalyancool-estate#judgeme_product_reviews
Cappuccino Blend,Fraction9,,,,,,https://www.fraction9coffee.com/products/cappuccino-blend#judgeme_product_reviews
Everyday Gold – Affordable Value | Auto Discounted | No Codes,Fraction9,,,,,,https://www.fraction9coffee.com/products/everyday-gold-affordable-premium#judgeme_product_reviews
French Roast Coffee,Fraction9,,,,,,https://www.fraction9coffee.com/products/french-roast-coffee#judgeme_product_reviews
SHILLONG SPICE RUSH  NATURALS,Fraction9,,,,,,https://www.fraction9coffee.com/products/shillong-spice-rush-naturals#judgeme_product_reviews
Kaapi,Fraction9,,,,,,https://www.fraction9coffee.com/products/kaapi#judgeme_product_reviews
New  Gift Hamper!!!,Fraction9,Rs. 799.00,,,,,https://www.fraction9coffee.com/products/gift-hamper
New Launch  Value Product  Everyday Gold,Fraction9,Rs. 799.00,,,,,https://www.fraction9coffee.com/products/everyday-gold-affordable-premium
BLACK PEPPER,Fraction9,Rs. 799.00,,,,,https://www.fraction9coffee.com/products/black-pepper-bold-5-5-mm
"FREE Vanilla Coffee. Buy 500 G any coffee, get 250 G FREE",Fraction9,Rs. 799.00,,,,,https://www.fraction9coffee.comhttps://www.fraction9coffee.com/collections/coffee/products/free-250-g-vanilla-coffee-buy-any-500-g-coffee
"FREE Hazenut Coffee. Buy 500 G any coffee, get 250 G FREE",Fraction9,Rs. 799.00,,,,,https://www.fraction9coffee.com/products/free-hazelnut-coffee-combo
New  Gift Hamper!!!,Fraction9,Rs. 799.00,,,,,https://www.fraction9coffee.com/products/gift-hamper
New Launch  Value Product  Everyday Gold,Fraction9,Rs. 799.00,,,,,https://www.fraction9coffee.com/products/everyday-gold-affordable-premium
BLACK PEPPER,Fraction9,Rs. 799.00,,,,,https://www.fraction9coffee.com/products/black-pepper-bold-5-5-mm
"FREE Vanilla Coffee. Buy 500 G any coffee, get 250 G FREE",Fraction9,Rs. 799.00,,,,,https://www.fraction9coffee.comhttps://www.fraction9coffee.com/collections/coffee/products/free-250-g-vanilla-coffee-buy-any-500-g-coffee
"FREE Hazenut Coffee. Buy 500 G any coffee, get 250 G FREE",Fraction9,Rs. 799.00,,,,,https://www.fraction9coffee.com/products/free-hazelnut-coffee-combo
nan,Fraction9,Rs. 799.00,,,,,https://www.fraction9coffee.com/collections/coffee/products/ratnagiri-liora
LIORA  Ratnagiri Estate (Lab Microbe Fermentation),Fraction9,Rs. 799.00,,,,,https://www.fraction9coffee.com/collections/coffee/products/ratnagiri-liora
"fromRs. 799.00Rs. 1,100.00",Fraction9,Rs. 799.00,,,,,https://www.fraction9coffee.com/collections/coffee/products/ratnagiri-liora
nan,Fraction9,Rs. 699.00,,,,,https://www.fraction9coffee.com/collections/coffee/products/shillong-spice-rush-naturals
SHILLONG SPICE RUSH  NATURALS,Fraction9,Rs. 699.00,,,,,https://www.fraction9coffee.com/collections/coffee/products/shillong-spice-rush-naturals
fromRs. 699.00Rs. 950.00,Fraction9,Rs. 699.00,,,,,https://www.fraction9coffee.com/collections/coffee/products/shillong-spice-rush-naturals
nan,Fraction9,Rs. 879.00,,,,,https://www.fraction9coffee.com/collections/coffee/products/cuvee-brandylime
Cuvée BrandyLime  Kalyancool,Fraction9,Rs. 879.00,,,,,https://www.fraction9coffee.com/collections/coffee/products/cuvee-brandylime
"fromRs. 879.00Rs. 1,150.00",Fraction9,Rs. 879.00,,,,,https://www.fraction9coffee.com/collections/coffee/products/cuvee-brandylime
nan,Fraction9,Rs. 735.00,,,,,https://www.fraction9coffee.com/collections/coffee/products/golden-mirage-naturals-by-kalyancool-estate
GOLDEN MIRAGE  NATURALS BY KALYANCOOL ESTATE,Fraction9,Rs. 735.00,,,,,https://www.fraction9coffee.com/collections/coffee/products/golden-mirage-naturals-by-kalyancool-estate
"fromRs. 735.00Rs. 1,000.00",Fraction9,Rs. 735.00,,,,,https://www.fraction9coffee.com/collections/coffee/products/golden-mirage-naturals-by-kalyancool-estate
nan,Fraction9,Rs. 435.00,,,,,https://www.fraction9coffee.com/collections/coffee/products/everyday-gold-affordable-premium
Everyday Gold – Affordable Value | Auto Discounted | No Codes,Fraction9,Rs. 435.00,,,,,https://www.fraction9coffee.com/collections/coffee/products/everyday-gold-affordable-premium
fromRs. 435.00Rs. 600.00,Fraction9,Rs. 435.00,,,,,https://www.fraction9coffee.com/collections/coffee/products/everyday-gold-affordable-premium
nan,Fraction9,Rs. 619.00,,,,,https://www.fraction9coffee.com/collections/coffee/products/christmas-roast
Christmas Roast,Fraction9,Rs. 619.00,,,,,https://www.fraction9coffee.com/collections/coffee/products/christmas-roast
fromRs. 619.00Rs. 770.00,Fraction9,Rs. 619.00,,,,,https://www.fraction9coffee.com/collections/coffee/products/christmas-roast
nan,Fraction9,Rs. 619.00,,,,,https://www.fraction9coffee.com/collections/coffee/products/french-vanilla-coffee
Vanilla Coffee,Fraction9,Rs. 619.00,,,,,https://www.fraction9coffee.com/collections/coffee/products/french-vanilla-coffee
fromRs. 619.00Rs. 700.00,Fraction9,Rs. 619.00,,,,,https://www.fraction9coffee.com/collections/coffee/products/french-vanilla-coffee
nan,Fraction9,Rs. 619.00,,,,,https://www.fraction9coffee.com/collections/coffee/products/hazelnut
Hazelnut Coffee  Mocha,Fraction9,Rs. 619.00,,,,,https://www.fraction9coffee.com/collections/coffee/products/hazelnut
fromRs. 619.00Rs. 700.00,Fraction9,Rs. 619.00,,,,,https://www.fraction9coffee.com/collections/coffee/products/hazelnut
nan,Fraction9,Rs. 449.00,,,,,https://www.fraction9coffee.com/collections/coffee/products/kaapi
Kaapi,Fraction9,Rs. 449.00,,,,,https://www.fraction9coffee.com/collections/coffee/products/kaapi
fromRs. 449.00Rs. 500.00,Fraction9,Rs. 449.00,,,,,https://www.fraction9coffee.com/collections/coffee/products/kaapi
nan,Fraction9,Rs. 619.00,,,,,https://www.fraction9coffee.com/collections/coffee/products/cappuccino-blend
Cappuccino Blend,Fraction9,Rs. 619.00,,,,,https://www.fraction9coffee.com/collections/coffee/products/cappuccino-blend
fromRs. 619.00Rs. 770.00,Fraction9,Rs. 619.00,,,,,https://www.fraction9coffee.com/collections/coffee/products/cappuccino-blend
nan,Fraction9,Rs. 619.00,,,,,https://www.fraction9coffee.com/collections/coffee/products/breakfast-roast-coffee-powder
Breakfast Roast Coffee,Fraction9,Rs. 619.00,,,,,https://www.fraction9coffee.com/collections/coffee/products/breakfast-roast-coffee-powder
fromRs. 619.00Rs. 770.00,Fraction9,Rs. 619.00,,,,,https://www.fraction9coffee.com/collections/coffee/products/breakfast-roast-coffee-powder
nan,Fraction9,Rs. 619.00,,,,,https://www.fraction9coffee.com/collections/coffee/products/vienna-roast-coffee-powder
Vienna Roast Coffee,Fraction9,Rs. 619.00,,,,,https://www.fraction9coffee.com/collections/coffee/products/vienna-roast-coffee-powder
fromRs. 619.00Rs. 770.00,Fraction9,Rs. 619.00,,,,,https://www.fraction9coffee.com/collections/coffee/products/vienna-roast-coffee-powder
nan,Fraction9,Rs. 529.00,,,,,https://www.fraction9coffee.com/collections/coffee/products/prabal
PRABAL,Fraction9,Rs. 529.00,,,,,https://www.fraction9coffee.com/collections/coffee/products/prabal
fromRs. 529.00Rs. 650.00,Fraction9,Rs. 529.00,,,,,https://www.fraction9coffee.com/collections/coffee/products/prabal
nan,Fraction9,Rs. 619.00,,,,,https://www.fraction9coffee.com/collections/coffee/products/french-roast-coffee
French Roast Coffee,Fraction9,Rs. 619.00,,,,,https://www.fraction9coffee.com/collections/coffee/products/french-roast-coffee
fromRs. 619.00Rs. 770.00,Fraction9,Rs. 619.00,,,,,https://www.fraction9coffee.com/collections/coffee/products/french-roast-coffee
nan,Fraction9,Rs. 619.00,,,,,https://www.fraction9coffee.com/collections/coffee/products/cinnamon-roast-coffee-powder
Sweet Roast Coffee,Fraction9,Rs. 619.00,,,,,https://www.fraction9coffee.com/collections/coffee/products/cinnamon-roast-coffee-powder
fromRs. 619.00Rs. 770.00,Fraction9,Rs. 619.00,,,,,https://www.fraction9coffee.com/collections/coffee/products/cinnamon-roast-coffee-powder
nan,Fraction9,Rs. 529.00,,,,,https://www.fraction9coffee.com/collections/coffee/products/madhura
MADHURA,Fraction9,Rs. 529.00,,,,,https://www.fraction9coffee.com/collections/coffee/products/madhura
fromRs. 529.00Rs. 650.00,Fraction9,Rs. 529.00,,,,,https://www.fraction9coffee.com/collections/coffee/products/madhura
nan,Fraction9,Rs. 619.00,,,,,https://www.fraction9coffee.com/collections/coffee/products/traditional-blend
Traditional Blend Coffee,Fraction9,Rs. 619.00,,,,,https://www.fraction9coffee.com/collections/coffee/products/traditional-blend
fromRs. 619.00Rs. 770.00,Fraction9,Rs. 619.00,,,,,https://www.fraction9coffee.com/collections/coffee/products/traditional-blend
nan,Fraction9,Rs. 515.00,,,,,https://www.fraction9coffee.com/collections/coffee/products/desi-extreme-strong-blend
Desi 'Extreme Strong' Blend,Fraction9,Rs. 515.00,,,,,https://www.fraction9coffee.com/collections/coffee/products/desi-extreme-strong-blend
fromRs. 515.00Rs. 600.00,Fraction9,Rs. 515.00,,,,,https://www.fraction9coffee.com/collections/coffee/products/desi-extreme-strong-blend
nan,Fraction9,Rs. 535.00,,,,,https://www.fraction9coffee.com/collections/coffee/products/desi-rich-taste-blend
Desi 'Rich Taste' Blend,Fraction9,Rs. 535.00,,,,,https://www.fraction9coffee.com/collections/coffee/products/desi-rich-taste-blend
fromRs. 535.00Rs. 600.00,Fraction9,Rs. 535.00,,,,,https://www.fraction9coffee.com/collections/coffee/products/desi-rich-taste-blend
nan,Fraction9,Rs. 899.00,,,,,https://www.fraction9coffee.com/collections/coffee/products/sample-coffee-box
Sampler Box (75gm * 6 variants),Fraction9,Rs. 899.00,,,,,https://www.fraction9coffee.com/collections/coffee/products/sample-coffee-box
Rs. 899.00Rs. 995.00,Fraction9,Rs. 899.00,,,,,https://www.fraction9coffee.com/collections/coffee/products/sample-coffee-box
nan,Fraction9,Rs. 949.00,,,,,https://www.fraction9coffee.com/collections/coffee/products/sampler-box-75gm-6-variants-copy
Microlot 75 g X 4 Sampler box ( Temporary Product ),Fraction9,Rs. 949.00,,,,,https://www.fraction9coffee.com/collections/coffee/products/sampler-box-75gm-6-variants-copy
Rs. 949.00Rs. 995.00,Fraction9,Rs. 949.00,,,,,https://www.fraction9coffee.com/collections/coffee/products/sampler-box-75gm-6-variants-copy
nan,Fraction9,Rs. 898.00,,,,,https://www.fraction9coffee.com/collections/coffee/products/free-250-g-black-pepper-buy-any-500-g-coffee
FREE 250 G BLACK PEPPER  BUY ANY 500 G COFFEE,Fraction9,Rs. 898.00,,,,,https://www.fraction9coffee.com/collections/coffee/products/free-250-g-black-pepper-buy-any-500-g-coffee
"fromRs. 898.00Rs. 1,347.00",Fraction9,Rs. 898.00,,,,,https://www.fraction9coffee.com/collections/coffee/products/free-250-g-black-pepper-buy-any-500-g-coffee
nan,Fraction9,Rs. 898.00,,,,,https://www.fraction9coffee.com/collections/coffee/products/free-250-g-vanilla-coffee-buy-any-500-g-coffee
FREE 250 G VANILLA COFFEE  BUY ANY 500 G COFFEE,Fraction9,Rs. 898.00,,,,,https://www.fraction9coffee.com/collections/coffee/products/free-250-g-vanilla-coffee-buy-any-500-g-coffee
"fromRs. 898.00Rs. 1,347.00",Fraction9,Rs. 898.00,,,,,https://www.fraction9coffee.com/collections/coffee/products/free-250-g-vanilla-coffee-buy-any-500-g-coffee
nan,Fraction9,Rs. 898.00,,,,,https://www.fraction9coffee.com/collections/coffee/products/free-hazelnut-coffee-combo
FREE 250 G HAZELNUT COFFEE  BUY ANY 500 G COFFEE,Fraction9,Rs. 898.00,,,,,https://www.fraction9coffee.com/collections/coffee/products/free-hazelnut-coffee-combo
"fromRs. 898.00Rs. 1,347.00",Fraction9,Rs. 898.00,,,,,https://www.fraction9coffee.com/collections/coffee/products/free-hazelnut-coffee-combo
nan,Fraction9,"Rs. 1,720.00",,,,,https://www.fraction9coffee.com/collections/coffee/products/gift-hamper
The Signature Gift Hamper,Fraction9,"Rs. 1,720.00",,,,,https://www.fraction9coffee.com/collections/coffee/products/gift-hamper
"Rs. 1,720.00Rs. 2,500.00",Fraction9,"Rs. 1,720.00",,,,,https://www.fraction9coffee.com/collections/coffee/products/gift-hamper
Breakfast Roast Coffee,Fraction9,,,,,,https://www.fraction9coffee.com/products/breakfast-roast-coffee-powder#judgeme_product_reviews
GOLDEN MIRAGE  NATURALS BY KALYANCOOL ESTATE,Fraction9,,,,,,https://www.fraction9coffee.com/products/golden-mirage-naturals-by-kalyancool-estate#judgeme_product_reviews
Cappuccino Blend,Fraction9,,,,,,https://www.fraction9coffee.com/products/cappuccino-blend#judgeme_product_reviews
Everyday Gold – Affordable Value | Auto Discounted | No Codes,Fraction9,,,,,,https://www.fraction9coffee.com/products/everyday-gold-affordable-premium#judgeme_product_reviews
French Roast Coffee,Fraction9,,,,,,https://www.fraction9coffee.com/products/french-roast-coffee#judgeme_product_reviews
SHILLONG SPICE RUSH  NATURALS,Fraction9,,,,,,https://www.fraction9coffee.com/products/shillong-spice-rush-naturals#judgeme_product_reviews
Kaapi,Fraction9,,,,,,https://www.fraction9coffee.com/products/kaapi#judgeme_product_reviews
New  Gift Hamper!!!,Fraction9,Rs. 619.00,,,,,https://www.fraction9coffee.com/products/gift-hamper
New Launch  Value Product  Everyday Gold,Fraction9,Rs. 619.00,,,,,https://www.fraction9coffee.com/products/everyday-gold-affordable-premium
BLACK PEPPER,Fraction9,Rs. 619.00,,,,,https://www.fraction9coffee.com/products/black-pepper-bold-5-5-mm
"FREE Vanilla Coffee. Buy 500 G any coffee, get 250 G FREE",Fraction9,Rs. 619.00,,,,,https://www.fraction9coffee.comhttps://www.fraction9coffee.com/collections/coffee/products/free-250-g-vanilla-coffee-buy-any-500-g-coffee
"FREE Hazenut Coffee. Buy 500 G any coffee, get 250 G FREE",Fraction9,Rs. 619.00,,,,,https://www.fraction9coffee.com/products/free-hazelnut-coffee-combo
New  Gift Hamper!!!,Fraction9,Rs. 619.00,,,,,https://www.fraction9coffee.com/products/gift-hamper
New Launch  Value Product  Everyday Gold,Fraction9,Rs. 619.00,,,,,https://www.fraction9coffee.com/products/everyday-gold-affordable-premium
BLACK PEPPER,Fraction9,Rs. 619.00,,,,,https://www.fraction9coffee.com/products/black-pepper-bold-5-5-mm
"FREE Vanilla Coffee. Buy 500 G any coffee, get 250 G FREE",Fraction9,Rs. 619.00,,,,,https://www.fraction9coffee.comhttps://www.fraction9coffee.com/collections/coffee/products/free-250-g-vanilla-coffee-buy-any-500-g-coffee
"FREE Hazenut Coffee. Buy 500 G any coffee, get 250 G FREE",Fraction9,Rs. 619.00,,,,,https://www.fraction9coffee.com/products/free-hazelnut-coffee-combo
nan,Fraction9,Rs. 619.00,,,,,https://www.fraction9coffee.com/collections/all/products/cinnamon-roast-coffee-powder
Sweet Roast Coffee,Fraction9,Rs. 619.00,,,,,https://www.fraction9coffee.com/collections/all/products/cinnamon-roast-coffee-powder
fromRs. 619.00Rs. 770.00,Fraction9,Rs. 619.00,,,,,https://www.fraction9coffee.com/collections/all/products/cinnamon-roast-coffee-powder
nan,Fraction9,Rs. 619.00,,,,,https://www.fraction9coffee.com/collections/all/products/breakfast-roast-coffee-powder
Breakfast Roast Coffee,Fraction9,Rs. 619.00,,,,,https://www.fraction9coffee.com/collections/all/products/breakfast-roast-coffee-powder
fromRs. 619.00Rs. 770.00,Fraction9,Rs. 619.00,,,,,https://www.fraction9coffee.com/collections/all/products/breakfast-roast-coffee-powder
nan,Fraction9,Rs. 619.00,,,,,https://www.fraction9coffee.com/collections/all/products/traditional-blend
Traditional Blend Coffee,Fraction9,Rs. 619.00,,,,,https://www.fraction9coffee.com/collections/all/products/traditional-blend
fromRs. 619.00Rs. 770.00,Fraction9,Rs. 619.00,,,,,https://www.fraction9coffee.com/collections/all/products/traditional-blend
nan,Fraction9,Rs. 899.00,,,,,https://www.fraction9coffee.com/collections/all/products/sample-coffee-box
Sampler Box (75gm * 6 variants),Fraction9,Rs. 899.00,,,,,https://www.fraction9coffee.com/collections/all/products/sample-coffee-box
Rs. 899.00Rs. 995.00,Fraction9,Rs. 899.00,,,,,https://www.fraction9coffee.com/collections/all/products/sample-coffee-box
nan,Fraction9,Rs. 619.00,,,,,https://www.fraction9coffee.com/collections/all/products/vienna-roast-coffee-powder
Vienna Roast Coffee,Fraction9,Rs. 619.00,,,,,https://www.fraction9coffee.com/collections/all/products/vienna-roast-coffee-powder
fromRs. 619.00Rs. 770.00,Fraction9,Rs. 619.00,,,,,https://www.fraction9coffee.com/collections/all/products/vienna-roast-coffee-powder
nan,Fraction9,Rs. 619.00,,,,,https://www.fraction9coffee.com/collections/all/products/copy-of-premium-coffee-powder-cinnamon-roast-250gm-by-fraction-9-coffee-roasters
Premium Filter Coffee  Sweet Roast (250 gm)  By Fraction 9 Coffee Roasters,Fraction9,Rs. 619.00,,,,,https://www.fraction9coffee.com/collections/all/products/copy-of-premium-coffee-powder-cinnamon-roast-250gm-by-fraction-9-coffee-roasters
Rs. 619.00,Fraction9,Rs. 619.00,,,,,https://www.fraction9coffee.com/collections/all/products/copy-of-premium-coffee-powder-cinnamon-roast-250gm-by-fraction-9-coffee-roasters
nan,Fraction9,Rs. 619.00,,,,,https://www.fraction9coffee.com/collections/all/products/copy-of-premium-coffee-powder-vienna-roast-250gm-by-fraction-9-coffee-roasters
Premium Filter Coffee  Vienna Roast (250 gm)  By Fraction 9 Coffee Roasters,Fraction9,Rs. 619.00,,,,,https://www.fraction9coffee.com/collections/all/products/copy-of-premium-coffee-powder-vienna-roast-250gm-by-fraction-9-coffee-roasters
Rs. 619.00,Fraction9,Rs. 619.00,,,,,https://www.fraction9coffee.com/collections/all/products/copy-of-premium-coffee-powder-vienna-roast-250gm-by-fraction-9-coffee-roasters
nan,Fraction9,Rs. 619.00,,,,,https://www.fraction9coffee.com/collections/all/products/copy-of-premium-coffee-powder-breakfast-roast-250gm-by-fraction-9-coffee-roasters
Premium Filter Coffee  Breakfast Roast (250 gm)  By Fraction 9 Coffee Roasters,Fraction9,Rs. 619.00,,,,,https://www.fraction9coffee.com/collections/all/products/copy-of-premium-coffee-powder-breakfast-roast-250gm-by-fraction-9-coffee-roasters
Rs. 619.00,Fraction9,Rs. 619.00,,,,,https://www.fraction9coffee.com/collections/all/products/copy-of-premium-coffee-powder-breakfast-roast-250gm-by-fraction-9-coffee-roasters
nan,Fraction9,Rs. 529.00,,,,,https://www.fraction9coffee.com/collections/all/products/prabal
PRABAL,Fraction9,Rs. 529.00,,,,,https://www.fraction9coffee.com/collections/all/products/prabal
fromRs. 529.00Rs. 650.00,Fraction9,Rs. 529.00,,,,,https://www.fraction9coffee.com/collections/all/products/prabal
nan,Fraction9,Rs. 529.00,,,,,https://www.fraction9coffee.com/collections/all/products/madhura
MADHURA,Fraction9,Rs. 529.00,,,,,https://www.fraction9coffee.com/collections/all/products/madhura
fromRs. 529.00Rs. 650.00,Fraction9,Rs. 529.00,,,,,https://www.fraction9coffee.com/collections/all/products/madhura
nan,Fraction9,Rs. 619.00,,,,,https://www.fraction9coffee.com/collections/all/products/cappuccino-blend
Cappuccino Blend,Fraction9,Rs. 619.00,,,,,https://www.fraction9coffee.com/collections/all/products/cappuccino-blend
fromRs. 619.00Rs. 770.00,Fraction9,Rs. 619.00,,,,,https://www.fraction9coffee.com/collections/all/products/cappuccino-blend
nan,Fraction9,Rs. 449.00,,,,,https://www.fraction9coffee.com/collections/all/products/burundi-washed
Burundi Washed,Fraction9,Rs. 449.00,,,,,https://www.fraction9coffee.com/collections/all/products/burundi-washed
Rs. 449.00Rs. 599.00,Fraction9,Rs. 449.00,,,,,https://www.fraction9coffee.com/collections/all/products/burundi-washed
nan,Fraction9,Rs. 435.00,,,,,https://www.fraction9coffee.com/collections/all/products/everyday-gold-affordable-premium
Everyday Gold – Affordable Value | Auto Discounted | No Codes,Fraction9,Rs. 435.00,,,,,https://www.fraction9coffee.com/collections/all/products/everyday-gold-affordable-premium
fromRs. 435.00Rs. 600.00,Fraction9,Rs. 435.00,,,,,https://www.fraction9coffee.com/collections/all/products/everyday-gold-affordable-premium
nan,Fraction9,Rs. 599.00,,,,,https://www.fraction9coffee.com/collections/all/products/honeycrest-value-white-honey
HoneyCrest | Value | White Honey,Fraction9,Rs. 599.00,,,,,https://www.fraction9coffee.com/collections/all/products/honeycrest-value-white-honey
Rs. 599.00Rs. 750.00,Fraction9,Rs. 599.00,,,,,https://www.fraction9coffee.com/collections/all/products/honeycrest-value-white-honey
nan,Fraction9,Rs. 649.00,,,,,https://www.fraction9coffee.com/collections/all/products/tropicrunch
TROPICRUNCH  FRUITY NATURALS,Fraction9,Rs. 649.00,,,,,https://www.fraction9coffee.com/collections/all/products/tropicrunch
Rs. 649.00Rs. 800.00,Fraction9,Rs. 649.00,,,,,https://www.fraction9coffee.com/collections/all/products/tropicrunch
nan,Fraction9,Rs. 819.00,,,,,https://www.fraction9coffee.com/collections/all/products/peachwhirl-ratnagiri-rn3
PEACHWHIRL | RATNAGIRI RN3,Fraction9,Rs. 819.00,,,,,https://www.fraction9coffee.com/collections/all/products/peachwhirl-ratnagiri-rn3
Rs. 819.00Rs. 950.00,Fraction9,Rs. 819.00,,,,,https://www.fraction9coffee.com/collections/all/products/peachwhirl-ratnagiri-rn3
nan,Fraction9,Rs. 899.00,,,,,https://www.fraction9coffee.com/collections/all/products/crimson-spirit-ratnagiri-dark-mrs-01-1
CRIMSON SPIRIT | RATNAGIRI DARK ROOM  Light Plus Roast  MRS 011,Fraction9,Rs. 899.00,,,,,https://www.fraction9coffee.com/collections/all/products/crimson-spirit-ratnagiri-dark-mrs-01-1
"Rs. 899.00Rs. 1,150.00",Fraction9,Rs. 899.00,,,,,https://www.fraction9coffee.com/collections/all/products/crimson-spirit-ratnagiri-dark-mrs-01-1
nan,Fraction9,Rs. 949.00,,,,,https://www.fraction9coffee.com/collections/all/products/sampler-box-75gm-6-variants-copy
Microlot 75 g X 4 Sampler box ( Temporary Product ),Fraction9,Rs. 949.00,,,,,https://www.fraction9coffee.com/collections/all/products/sampler-box-75gm-6-variants-copy
Rs. 949.00Rs. 995.00,Fraction9,Rs. 949.00,,,,,https://www.fraction9coffee.com/collections/all/products/sampler-box-75gm-6-variants-copy
nan,Fraction9,Rs. 799.00,,,,,https://www.fraction9coffee.com/collections/all/products/ratnagiri-naturals-nova
RATNAGIRI NATURALS  NOVA,Fraction9,Rs. 799.00,,,,,https://www.fraction9coffee.com/collections/all/products/ratnagiri-naturals-nova
"Rs. 799.00Rs. 1,100.00",Fraction9,Rs. 799.00,,,,,https://www.fraction9coffee.com/collections/all/products/ratnagiri-naturals-nova
nan,Fraction9,Rs. 879.00,,,,,https://www.fraction9coffee.com/collections/all/products/cuvee-brandylime
Cuvée BrandyLime  Kalyancool,Fraction9,Rs. 879.00,,,,,https://www.fraction9coffee.com/collections/all/products/cuvee-brandylime
"fromRs. 879.00Rs. 1,150.00",Fraction9,Rs. 879.00,,,,,https://www.fraction9coffee.com/collections/all/products/cuvee-brandylime
nan,Fraction9,Rs. 699.00,,,,,https://www.fraction9coffee.com/collections/all/products/shillong-spice-rush-naturals
SHILLONG SPICE RUSH  NATURALS,Fraction9,Rs. 699.00,,,,,https://www.fraction9coffee.com/collections/all/products/shillong-spice-rush-naturals
fromRs. 699.00Rs. 950.00,Fraction9,Rs. 699.00,,,,,https://www.fraction9coffee.com/collections/all/products/shillong-spice-rush-naturals
nan,Fraction9,Rs. 735.00,,,,,https://www.fraction9coffee.com/collections/all/products/golden-mirage-naturals-by-kalyancool-estate
GOLDEN MIRAGE  NATURALS BY KALYANCOOL ESTATE,Fraction9,Rs. 735.00,,,,,https://www.fraction9coffee.com/collections/all/products/golden-mirage-naturals-by-kalyancool-estate
"fromRs. 735.00Rs. 1,000.00",Fraction9,Rs. 735.00,,,,,https://www.fraction9coffee.com/collections/all/products/golden-mirage-naturals-by-kalyancool-estate
nan,Fraction9,Rs. 799.00,,,,,https://www.fraction9coffee.com/collections/all/products/ratnagiri-liora
LIORA  Ratnagiri Estate (Lab Microbe Fermentation),Fraction9,Rs. 799.00,,,,,https://www.fraction9coffee.com/collections/all/products/ratnagiri-liora
"fromRs. 799.00Rs. 1,100.00",Fraction9,Rs. 799.00,,,,,https://www.fraction9coffee.com/collections/all/products/ratnagiri-liora
Breakfast Roast Coffee,Fraction9,,,,,,https://www.fraction9coffee.com/products/breakfast-roast-coffee-powder#judgeme_product_reviews
GOLDEN MIRAGE  NATURALS BY KALYANCOOL ESTATE,Fraction9,,,,,,https://www.fraction9coffee.com/products/golden-mirage-naturals-by-kalyancool-estate#judgeme_product_reviews
Cappuccino Blend,Fraction9,,,,,,https://www.fraction9coffee.com/products/cappuccino-blend#judgeme_product_reviews
Everyday Gold – Affordable Value | Auto Discounted | No Codes,Fraction9,,,,,,https://www.fraction9coffee.com/products/everyday-gold-affordable-premium#judgeme_product_reviews
French Roast Coffee,Fraction9,,,,,,https://www.fraction9coffee.com/products/french-roast-coffee#judgeme_product_reviews
SHILLONG SPICE RUSH  NATURALS,Fraction9,,,,,,https://www.fraction9coffee.com/products/shillong-spice-rush-naturals#judgeme_product_reviews
Kaapi,Fraction9,,,,,,https://www.fraction9coffee.com/products/kaapi#judgeme_product_reviews
New  Gift Hamper!!!,Fraction9,Rs. 799.00,,,,,https://www.fraction9coffee.com/products/gift-hamper
New Launch  Value Product  Everyday Gold,Fraction9,Rs. 799.00,,,,,https://www.fraction9coffee.com/products/everyday-gold-affordable-premium
BLACK PEPPER,Fraction9,Rs. 799.00,,,,,https://www.fraction9coffee.com/products/black-pepper-bold-5-5-mm
"FREE Vanilla Coffee. Buy 500 G any coffee, get 250 G FREE",Fraction9,Rs. 799.00,,,,,https://www.fraction9coffee.comhttps://www.fraction9coffee.com/collections/coffee/products/free-250-g-vanilla-coffee-buy-any-500-g-coffee
"FREE Hazenut Coffee. Buy 500 G any coffee, get 250 G FREE",Fraction9,Rs. 799.00,,,,,https://www.fraction9coffee.com/products/free-hazelnut-coffee-combo
New  Gift Hamper!!!,Fraction9,Rs. 799.00,,,,,https://www.fraction9coffee.com/products/gift-hamper
New Launch  Value Product  Everyday Gold,Fraction9,Rs. 799.00,,,,,https://www.fraction9coffee.com/products/everyday-gold-affordable-premium
BLACK PEPPER,Fraction9,Rs. 799.00,,,,,https://www.fraction9coffee.com/products/black-pepper-bold-5-5-mm
"FREE Vanilla Coffee. Buy 500 G any coffee, get 250 G FREE",Fraction9,Rs. 799.00,,,,,https://www.fraction9coffee.comhttps://www.fraction9coffee.com/collections/coffee/products/free-250-g-vanilla-coffee-buy-any-500-g-coffee
"FREE Hazenut Coffee. Buy 500 G any coffee, get 250 G FREE",Fraction9,Rs. 799.00,,,,,https://www.fraction9coffee.com/products/free-hazelnut-coffee-combo
nan,Fraction9,Rs. 799.00,,,,,https://www.fraction9coffee.com/collections/diwali-offer/products/ratnagiri-liora
LIORA  Ratnagiri Estate (Lab Microbe Fermentation),Fraction9,Rs. 799.00,,,,,https://www.fraction9coffee.com/collections/diwali-offer/products/ratnagiri-liora
"fromRs. 799.00Rs. 1,100.00",Fraction9,Rs. 799.00,,,,,https://www.fraction9coffee.com/collections/diwali-offer/products/ratnagiri-liora
nan,Fraction9,Rs. 735.00,,,,,https://www.fraction9coffee.com/collections/diwali-offer/products/golden-mirage-naturals-by-kalyancool-estate
GOLDEN MIRAGE  NATURALS BY KALYANCOOL ESTATE,Fraction9,Rs. 735.00,,,,,https://www.fraction9coffee.com/collections/diwali-offer/products/golden-mirage-naturals-by-kalyancool-estate
"fromRs. 735.00Rs. 1,000.00",Fraction9,Rs. 735.00,,,,,https://www.fraction9coffee.com/collections/diwali-offer/products/golden-mirage-naturals-by-kalyancool-estate
nan,Fraction9,Rs. 879.00,,,,,https://www.fraction9coffee.com/collections/diwali-offer/products/cuvee-brandylime
Cuvée BrandyLime  Kalyancool,Fraction9,Rs. 879.00,,,,,https://www.fraction9coffee.com/collections/diwali-offer/products/cuvee-brandylime
"fromRs. 879.00Rs. 1,150.00",Fraction9,Rs. 879.00,,,,,https://www.fraction9coffee.com/collections/diwali-offer/products/cuvee-brandylime
nan,Fraction9,Rs. 699.00,,,,,https://www.fraction9coffee.com/collections/diwali-offer/products/shillong-spice-rush-naturals
SHILLONG SPICE RUSH  NATURALS,Fraction9,Rs. 699.00,,,,,https://www.fraction9coffee.com/collections/diwali-offer/products/shillong-spice-rush-naturals
fromRs. 699.00Rs. 950.00,Fraction9,Rs. 699.00,,,,,https://www.fraction9coffee.com/collections/diwali-offer/products/shillong-spice-rush-naturals
Breakfast Roast Coffee,Fraction9,,,,,,https://www.fraction9coffee.com/products/breakfast-roast-coffee-powder#judgeme_product_reviews
GOLDEN MIRAGE  NATURALS BY KALYANCOOL ESTATE,Fraction9,,,,,,https://www.fraction9coffee.com/products/golden-mirage-naturals-by-kalyancool-estate#judgeme_product_reviews
Cappuccino Blend,Fraction9,,,,,,https://www.fraction9coffee.com/products/cappuccino-blend#judgeme_product_reviews
Everyday Gold – Affordable Value | Auto Discounted | No Codes,Fraction9,,,,,,https://www.fraction9coffee.com/products/everyday-gold-affordable-premium#judgeme_product_reviews
French Roast Coffee,Fraction9,,,,,,https://www.fraction9coffee.com/products/french-roast-coffee#judgeme_product_reviews
SHILLONG SPICE RUSH  NATURALS,Fraction9,,,,,,https://www.fraction9coffee.com/products/shillong-spice-rush-naturals#judgeme_product_reviews
Kaapi,Fraction9,,,,,,https://www.fraction9coffee.com/products/kaapi#judgeme_product_reviews
New  Gift Hamper!!!,Fraction9,Rs. 435.00,,,,,https://www.fraction9coffee.com/products/gift-hamper
New Launch  Value Product  Everyday Gold,Fraction9,Rs. 435.00,,,,,https://www.fraction9coffee.com/products/everyday-gold-affordable-premium
BLACK PEPPER,Fraction9,Rs. 435.00,,,,,https://www.fraction9coffee.com/products/black-pepper-bold-5-5-mm
"FREE Vanilla Coffee. Buy 500 G any coffee, get 250 G FREE",Fraction9,Rs. 435.00,,,,,https://www.fraction9coffee.comhttps://www.fraction9coffee.com/collections/coffee/products/free-250-g-vanilla-coffee-buy-any-500-g-coffee
"FREE Hazenut Coffee. Buy 500 G any coffee, get 250 G FREE",Fraction9,Rs. 435.00,,,,,https://www.fraction9coffee.com/products/free-hazelnut-coffee-combo
New  Gift Hamper!!!,Fraction9,Rs. 435.00,,,,,https://www.fraction9coffee.com/products/gift-hamper
New Launch  Value Product  Everyday Gold,Fraction9,Rs. 435.00,,,,,https://www.fraction9coffee.com/products/everyday-gold-affordable-premium
BLACK PEPPER,Fraction9,Rs. 435.00,,,,,https://www.fraction9coffee.com/products/black-pepper-bold-5-5-mm
"FREE Vanilla Coffee. Buy 500 G any coffee, get 250 G FREE",Fraction9,Rs. 435.00,,,,,https://www.fraction9coffee.comhttps://www.fraction9coffee.com/collections/coffee/products/free-250-g-vanilla-coffee-buy-any-500-g-coffee
"FREE Hazenut Coffee. Buy 500 G any coffee, get 250 G FREE",Fraction9,Rs. 435.00,,,,,https://www.fraction9coffee.com/products/free-hazelnut-coffee-combo
nan,Fraction9,Rs. 435.00,,,,,https://www.fraction9coffee.com/collections/new-launch/products/everyday-gold-affordable-premium
Everyday Gold – Affordable Value | Auto Discounted | No Codes,Fraction9,Rs. 435.00,,,,,https://www.fraction9coffee.com/collections/new-launch/products/everyday-gold-affordable-premium
fromRs. 435.00Rs. 600.00,Fraction9,Rs. 435.00,,,,,https://www.fraction9coffee.com/collections/new-launch/products/everyday-gold-affordable-premium
nan,Fraction9,Rs. 649.00,,,,,https://www.fraction9coffee.com/collections/new-launch/products/tropicrunch
TROPICRUNCH  FRUITY NATURALS,Fraction9,Rs. 649.00,,,,,https://www.fraction9coffee.com/collections/new-launch/products/tropicrunch
Rs. 649.00Rs. 800.00,Fraction9,Rs. 649.00,,,,,https://www.fraction9coffee.com/collections/new-launch/products/tropicrunch
nan,Fraction9,Rs. 599.00,,,,,https://www.fraction9coffee.com/collections/new-launch/products/honeycrest-value-white-honey
HoneyCrest | Value | White Honey,Fraction9,Rs. 599.00,,,,,https://www.fraction9coffee.com/collections/new-launch/products/honeycrest-value-white-honey
Rs. 599.00Rs. 750.00,Fraction9,Rs. 599.00,,,,,https://www.fraction9coffee.com/collections/new-launch/products/honeycrest-value-white-honey
nan,Fraction9,Rs. 735.00,,,,,https://www.fraction9coffee.com/collections/new-launch/products/golden-mirage-naturals-by-kalyancool-estate
GOLDEN MIRAGE  NATURALS BY KALYANCOOL ESTATE,Fraction9,Rs. 735.00,,,,,https://www.fraction9coffee.com/collections/new-launch/products/golden-mirage-naturals-by-kalyancool-estate
"fromRs. 735.00Rs. 1,000.00",Fraction9,Rs. 735.00,,,,,https://www.fraction9coffee.com/collections/new-launch/products/golden-mirage-naturals-by-kalyancool-estate
nan,Fraction9,Rs. 799.00,,,,,https://www.fraction9coffee.com/collections/new-launch/products/ratnagiri-naturals-nova
RATNAGIRI NATURALS  NOVA,Fraction9,Rs. 799.00,,,,,https://www.fraction9coffee.com/collections/new-launch/products/ratnagiri-naturals-nova
"Rs. 799.00Rs. 1,100.00",Fraction9,Rs. 799.00,,,,,https://www.fraction9coffee.com/collections/new-launch/products/ratnagiri-naturals-nova
nan,Fraction9,Rs. 899.00,,,,,https://www.fraction9coffee.com/collections/new-launch/products/crimson-spirit-ratnagiri-dark-mrs-01-1
CRIMSON SPIRIT | RATNAGIRI DARK ROOM  Light Plus Roast  MRS 011,Fraction9,Rs. 899.00,,,,,https://www.fraction9coffee.com/collections/new-launch/products/crimson-spirit-ratnagiri-dark-mrs-01-1
"Rs. 899.00Rs. 1,150.00",Fraction9,Rs. 899.00,,,,,https://www.fraction9coffee.com/collections/new-launch/products/crimson-spirit-ratnagiri-dark-mrs-01-1
nan,Fraction9,Rs. 879.00,,,,,https://www.fraction9coffee.com/collections/new-launch/products/cuvee-brandylime
Cuvée BrandyLime  Kalyancool,Fraction9,Rs. 879.00,,,,,https://www.fraction9coffee.com/collections/new-launch/products/cuvee-brandylime
"fromRs. 879.00Rs. 1,150.00",Fraction9,Rs. 879.00,,,,,https://www.fraction9coffee.com/collections/new-launch/products/cuvee-brandylime
nan,Fraction9,Rs. 699.00,,,,,https://www.fraction9coffee.com/collections/new-launch/products/shillong-spice-rush-naturals
SHILLONG SPICE RUSH  NATURALS,Fraction9,Rs. 699.00,,,,,https://www.fraction9coffee.com/collections/new-launch/products/shillong-spice-rush-naturals
fromRs. 699.00Rs. 950.00,Fraction9,Rs. 699.00,,,,,https://www.fraction9coffee.com/collections/new-launch/products/shillong-spice-rush-naturals
nan,Fraction9,Rs. 819.00,,,,,https://www.fraction9coffee.com/collections/new-launch/products/peachwhirl-ratnagiri-rn3
PEACHWHIRL | RATNAGIRI RN3,Fraction9,Rs. 819.00,,,,,https://www.fraction9coffee.com/collections/new-launch/products/peachwhirl-ratnagiri-rn3
Rs. 819.00Rs. 950.00,Fraction9,Rs. 819.00,,,,,https://www.fraction9coffee.com/collections/new-launch/products/peachwhirl-ratnagiri-rn3
nan,Fraction9,Rs. 799.00,,,,,https://www.fraction9coffee.com/collections/new-launch/products/ratnagiri-liora
LIORA  Ratnagiri Estate (Lab Microbe Fermentation),Fraction9,Rs. 799.00,,,,,https://www.fraction9coffee.com/collections/new-launch/products/ratnagiri-liora
"fromRs. 799.00Rs. 1,100.00",Fraction9,Rs. 799.00,,,,,https://www.fraction9coffee.com/collections/new-launch/products/ratnagiri-liora
Breakfast Roast Coffee,Fraction9,,,,,,https://www.fraction9coffee.com/products/breakfast-roast-coffee-powder#judgeme_product_reviews
GOLDEN MIRAGE  NATURALS BY KALYANCOOL ESTATE,Fraction9,,,,,,https://www.fraction9coffee.com/products/golden-mirage-naturals-by-kalyancool-estate#judgeme_product_reviews
Cappuccino Blend,Fraction9,,,,,,https://www.fraction9coffee.com/products/cappuccino-blend#judgeme_product_reviews
Everyday Gold – Affordable Value | Auto Discounted | No Codes,Fraction9,,,,,,https://www.fraction9coffee.com/products/everyday-gold-affordable-premium#judgeme_product_reviews
French Roast Coffee,Fraction9,,,,,,https://www.fraction9coffee.com/products/french-roast-coffee#judgeme_product_reviews
SHILLONG SPICE RUSH  NATURALS,Fraction9,,,,,,https://www.fraction9coffee.com/products/shillong-spice-rush-naturals#judgeme_product_reviews
Kaapi,Fraction9,,,,,,https://www.fraction9coffee.com/products/kaapi#judgeme_product_reviews
New  Gift Hamper!!!,Fraction9,Rs. 619.00,,,,,https://www.fraction9coffee.com/products/gift-hamper
New Launch  Value Product  Everyday Gold,Fraction9,Rs. 619.00,,,,,https://www.fraction9coffee.com/products/everyday-gold-affordable-premium
BLACK PEPPER,Fraction9,Rs. 619.00,,,,,https://www.fraction9coffee.com/products/black-pepper-bold-5-5-mm
"FREE Vanilla Coffee. Buy 500 G any coffee, get 250 G FREE",Fraction9,Rs. 619.00,,,,,https://www.fraction9coffee.comhttps://www.fraction9coffee.com/collections/coffee/products/free-250-g-vanilla-coffee-buy-any-500-g-coffee
"FREE Hazenut Coffee. Buy 500 G any coffee, get 250 G FREE",Fraction9,Rs. 619.00,,,,,https://www.fraction9coffee.com/products/free-hazelnut-coffee-combo
New  Gift Hamper!!!,Fraction9,Rs. 619.00,,,,,https://www.fraction9coffee.com/products/gift-hamper
New Launch  Value Product  Everyday Gold,Fraction9,Rs. 619.00,,,,,https://www.fraction9coffee.com/products/everyday-gold-affordable-premium
BLACK PEPPER,Fraction9,Rs. 619.00,,,,,https://www.fraction9coffee.com/products/black-pepper-bold-5-5-mm
"FREE Vanilla Coffee. Buy 500 G any coffee, get 250 G FREE",Fraction9,Rs. 619.00,,,,,https://www.fraction9coffee.comhttps://www.fraction9coffee.com/collections/coffee/products/free-250-g-vanilla-coffee-buy-any-500-g-coffee
"FREE Hazenut Coffee. Buy 500 G any coffee, get 250 G FREE",Fraction9,Rs. 619.00,,,,,https://www.fraction9coffee.com/products/free-hazelnut-coffee-combo
nan,Fraction9,Rs. 619.00,,,,,https://www.fraction9coffee.com/collections/50-discount-flash-sale/products/cinnamon-roast-coffee-powder
Sweet Roast Coffee,Fraction9,Rs. 619.00,,,,,https://www.fraction9coffee.com/collections/50-discount-flash-sale/products/cinnamon-roast-coffee-powder
fromRs. 619.00Rs. 770.00,Fraction9,Rs. 619.00,,,,,https://www.fraction9coffee.com/collections/50-discount-flash-sale/products/cinnamon-roast-coffee-powder
nan,Fraction9,Rs. 619.00,,,,,https://www.fraction9coffee.com/collections/50-discount-flash-sale/products/breakfast-roast-coffee-powder
Breakfast Roast Coffee,Fraction9,Rs. 619.00,,,,,https://www.fraction9coffee.com/collections/50-discount-flash-sale/products/breakfast-roast-coffee-powder
fromRs. 619.00Rs. 770.00,Fraction9,Rs. 619.00,,,,,https://www.fraction9coffee.com/collections/50-discount-flash-sale/products/breakfast-roast-coffee-powder
nan,Fraction9,Rs. 619.00,,,,,https://www.fraction9coffee.com/collections/50-discount-flash-sale/products/cappuccino-blend
Cappuccino Blend,Fraction9,Rs. 619.00,,,,,https://www.fraction9coffee.com/collections/50-discount-flash-sale/products/cappuccino-blend
fromRs. 619.00Rs. 770.00,Fraction9,Rs. 619.00,,,,,https://www.fraction9coffee.com/collections/50-discount-flash-sale/products/cappuccino-blend
nan,Fraction9,Rs. 449.00,,,,,https://www.fraction9coffee.com/collections/50-discount-flash-sale/products/burundi-washed
Burundi Washed,Fraction9,Rs. 449.00,,,,,https://www.fraction9coffee.com/collections/50-discount-flash-sale/products/burundi-washed
Rs. 449.00Rs. 599.00,Fraction9,Rs. 449.00,,,,,https://www.fraction9coffee.com/collections/50-discount-flash-sale/products/burundi-washed
nan,Fraction9,Rs. 435.00,,,,,https://www.fraction9coffee.com/collections/50-discount-flash-sale/products/everyday-gold-affordable-premium
Everyday Gold – Affordable Value | Auto Discounted | No Codes,Fraction9,Rs. 435.00,,,,,https://www.fraction9coffee.com/collections/50-discount-flash-sale/products/everyday-gold-affordable-premium
fromRs. 435.00Rs. 600.00,Fraction9,Rs. 435.00,,,,,https://www.fraction9coffee.com/collections/50-discount-flash-sale/products/everyday-gold-affordable-premium
nan,Fraction9,Rs. 599.00,,,,,https://www.fraction9coffee.com/collections/50-discount-flash-sale/products/honeycrest-value-white-honey
HoneyCrest | Value | White Honey,Fraction9,Rs. 599.00,,,,,https://www.fraction9coffee.com/collections/50-discount-flash-sale/products/honeycrest-value-white-honey
Rs. 599.00Rs. 750.00,Fraction9,Rs. 599.00,,,,,https://www.fraction9coffee.com/collections/50-discount-flash-sale/products/honeycrest-value-white-honey
nan,Fraction9,Rs. 649.00,,,,,https://www.fraction9coffee.com/collections/50-discount-flash-sale/products/tropicrunch
TROPICRUNCH  FRUITY NATURALS,Fraction9,Rs. 649.00,,,,,https://www.fraction9coffee.com/collections/50-discount-flash-sale/products/tropicrunch
Rs. 649.00Rs. 800.00,Fraction9,Rs. 649.00,,,,,https://www.fraction9coffee.com/collections/50-discount-flash-sale/products/tropicrunch
nan,Fraction9,Rs. 819.00,,,,,https://www.fraction9coffee.com/collections/50-discount-flash-sale/products/peachwhirl-ratnagiri-rn3
PEACHWHIRL | RATNAGIRI RN3,Fraction9,Rs. 819.00,,,,,https://www.fraction9coffee.com/collections/50-discount-flash-sale/products/peachwhirl-ratnagiri-rn3
Rs. 819.00Rs. 950.00,Fraction9,Rs. 819.00,,,,,https://www.fraction9coffee.com/collections/50-discount-flash-sale/products/peachwhirl-ratnagiri-rn3
nan,Fraction9,Rs. 899.00,,,,,https://www.fraction9coffee.com/collections/50-discount-flash-sale/products/crimson-spirit-ratnagiri-dark-mrs-01-1
CRIMSON SPIRIT | RATNAGIRI DARK ROOM  Light Plus Roast  MRS 011,Fraction9,Rs. 899.00,,,,,https://www.fraction9coffee.com/collections/50-discount-flash-sale/products/crimson-spirit-ratnagiri-dark-mrs-01-1
"Rs. 899.00Rs. 1,150.00",Fraction9,Rs. 899.00,,,,,https://www.fraction9coffee.com/collections/50-discount-flash-sale/products/crimson-spirit-ratnagiri-dark-mrs-01-1
nan,Fraction9,Rs. 799.00,,,,,https://www.fraction9coffee.com/collections/50-discount-flash-sale/products/ratnagiri-naturals-nova
RATNAGIRI NATURALS  NOVA,Fraction9,Rs. 799.00,,,,,https://www.fraction9coffee.com/collections/50-discount-flash-sale/products/ratnagiri-naturals-nova
"Rs. 799.00Rs. 1,100.00",Fraction9,Rs. 799.00,,,,,https://www.fraction9coffee.com/collections/50-discount-flash-sale/products/ratnagiri-naturals-nova
nan,Fraction9,Rs. 879.00,,,,,https://www.fraction9coffee.com/collections/50-discount-flash-sale/products/cuvee-brandylime
Cuvée BrandyLime  Kalyancool,Fraction9,Rs. 879.00,,,,,https://www.fraction9coffee.com/collections/50-discount-flash-sale/products/cuvee-brandylime
"fromRs. 879.00Rs. 1,150.00",Fraction9,Rs. 879.00,,,,,https://www.fraction9coffee.com/collections/50-discount-flash-sale/products/cuvee-brandylime
nan,Fraction9,Rs. 699.00,,,,,https://www.fraction9coffee.com/collections/50-discount-flash-sale/products/shillong-spice-rush-naturals
SHILLONG SPICE RUSH  NATURALS,Fraction9,Rs. 699.00,,,,,https://www.fraction9coffee.com/collections/50-discount-flash-sale/products/shillong-spice-rush-naturals
fromRs. 699.00Rs. 950.00,Fraction9,Rs. 699.00,,,,,https://www.fraction9coffee.com/collections/50-discount-flash-sale/products/shillong-spice-rush-naturals
nan,Fraction9,Rs. 735.00,,,,,https://www.fraction9coffee.com/collections/50-discount-flash-sale/products/golden-mirage-naturals-by-kalyancool-estate
GOLDEN MIRAGE  NATURALS BY KALYANCOOL ESTATE,Fraction9,Rs. 735.00,,,,,https://www.fraction9coffee.com/collections/50-discount-flash-sale/products/golden-mirage-naturals-by-kalyancool-estate
"fromRs. 735.00Rs. 1,000.00",Fraction9,Rs. 735.00,,,,,https://www.fraction9coffee.com/collections/50-discount-flash-sale/products/golden-mirage-naturals-by-kalyancool-estate
nan,Fraction9,Rs. 799.00,,,,,https://www.fraction9coffee.com/collections/50-discount-flash-sale/products/ratnagiri-liora
LIORA  Ratnagiri Estate (Lab Microbe Fermentation),Fraction9,Rs. 799.00,,,,,https://www.fraction9coffee.com/collections/50-discount-flash-sale/products/ratnagiri-liora
"fromRs. 799.00Rs. 1,100.00",Fraction9,Rs. 799.00,,,,,https://www.fraction9coffee.com/collections/50-discount-flash-sale/products/ratnagiri-liora
Breakfast Roast Coffee,Fraction9,,,,,,https://www.fraction9coffee.com/products/breakfast-roast-coffee-powder#judgeme_product_reviews
GOLDEN MIRAGE  NATURALS BY KALYANCOOL ESTATE,Fraction9,,,,,,https://www.fraction9coffee.com/products/golden-mirage-naturals-by-kalyancool-estate#judgeme_product_reviews
Cappuccino Blend,Fraction9,,,,,,https://www.fraction9coffee.com/products/cappuccino-blend#judgeme_product_reviews
Everyday Gold – Affordable Value | Auto Discounted | No Codes,Fraction9,,,,,,https://www.fraction9coffee.com/products/everyday-gold-affordable-premium#judgeme_product_reviews
French Roast Coffee,Fraction9,,,,,,https://www.fraction9coffee.com/products/french-roast-coffee#judgeme_product_reviews
SHILLONG SPICE RUSH  NATURALS,Fraction9,,,,,,https://www.fraction9coffee.com/products/shillong-spice-rush-naturals#judgeme_product_reviews
Kaapi,Fraction9,,,,,,https://www.fraction9coffee.com/products/kaapi#judgeme_product_reviews
