roaster,name,price,currency,description,product_url,image_url,variants
Blue Tokai,Kerehaklu Estate - Blossom Culture,₹1000.0,INR,"With the estate shrouded in fog on a January morning, Pranoy noticed unseasonal blossoms in one of the blocks. There, he had the idea of collecting jarfuls of these blossoms for a starter culture. The goal was to see what happens when Kerehaklu's own microbiome shapes processing. Aiding a 71-hour anoxic fermentation, the blossom culture interacted with naturally processed cherries to build fruity layers and a distinctive jamminess. To preserve this development, the coffee was dried on raised beds for three weeks. Roasted to a light profile, the result is a unique expression of provenance. The cup opens with the aroma of ripe berries, followed by notes of strawberry, orange blossom, pomegranate, and sun melon. A delicate floral finish rounds off each sip. Recommended Resting Period: 12 days Note: This coffee pack is a special release with limited availability and, therefore, cannot be included in a subscription plan.",https://bluetokaicoffee.com/products/kerehaklu-estate-blossom-culture-natural,https://cdn.shopify.com/s/files/1/0738/1409/files/finalproductimgs.png?v=1782896537,200g:1000.00
Blue Tokai,Cold Brew Favorites,₹1170.0,INR,"Few things feel more at home during summer than a glass of cold brew. And when we're brewing a batch, this pairing is our go-to. The pack includes: - Amaltas Blend Named after the yellow blooms that herald the Indian summer, Amaltas brews bright cups with notes of blueberry, creamy milk chocolate, and subtle fruitiness. It's wonderfully refreshing on its own. Tasting Notes: Blueberry, Milk Chocolaty, Fruity Processing: Washed + Natural Roast Level: Light Cold Brew Blend Bold Dark chocolate, toffee, and roasted hazelnut come together in this rich, full-bodied coffee. Enjoy it black, or add a dash of milk for more indulgent cup. Tasting Notes: Dark Chocolate, Toffee, Roasted Hazelnut Processing: Washed Roast Level: Medium Dark",https://bluetokaicoffee.com/products/cold-brew-favorites,https://cdn.shopify.com/s/files/1/0738/1409/files/1_c213e88e-6ce7-44d4-b17d-c65076399ef6.jpg?v=1780984058,250g:1170.00
Blue Tokai,Attikan Estate,₹700.0,INR,"Attikan Estate’s arabica coffee beans come from the Biligiriranga Hills in Karnataka and make for one of our most popular coffees. Sweet with nutty overtones and balanced acidity, this is the darkest of our standard medium roasts and recommended for espresso lovers. It is a versatile coffee that also works for manual brewing methods such as Moka Pot, South Indian Filter and AeroPress. Located to the south of Mysore, the Biligiriranga Hills, or ‘white hills’ are named after the mist that hangs over the region. At 1650 meters, it is amongst the highest coffee growing regions in India and grows Selection 9, Selection 795, Cauvery and Kent varieties of Arabica, along with Silver Oaks, citrus, and fig trees. Recommended Resting Period: 10 Days",https://bluetokaicoffee.com/products/attikan-estate,https://cdn.shopify.com/s/files/1/0738/1409/files/Attikan-estate-Front.jpg?v=1734956514,250g:700.00; 500g:1300.00; 1kg:2380.00
Blue Tokai,13th Birthday Blend,₹800.0,INR,"This celebratory blend brings together natural lots from Stanmore, Orchardale, and Riverdale Estates in Yercaud, along with a washed lot from Unakki Estate in Chikmagalur, which forms the base. Its flavour profile takes us back to the Black Forest cakes many of us celebrated birthdays with during our teen years. Opening with the aroma of honey and strawberries, the cup has a medium-high body and a round mouthfeel. You'll notice notes of strawberry, chocolate, cherry, and pear, followed by a lingering finish of chocolate-covered strawberries. This blend brews well across a range of methods, including espresso, AeroPress, French Press, Moka Pot, and Pour Over. Equally enjoyable black or with milk, it lends itself to a wide range of recipes. Recommended Resting Period: 10 Day",https://bluetokaicoffee.com/products/13th-birthday-blend,https://cdn.shopify.com/s/files/1/0738/1409/files/Card_01_1_c34d4c4f-016a-4780-af62-97ce1a125f21.jpg?v=1767077475,250g:800.00; 500g:1488.00; 1000g:2720.00
Blue Tokai,Howdia Estate,₹850.0,INR,"One of our roasters' favourites, Howdia Estate returns for Harvest '26. It reminds us of a floral black tea, and is among the most delicate light roasts on our roster. Processed using the washed method, it brews cups with low bitterness, bright acidity, and a well-rounded mouthfeel. From the first whiff, it's florality comes through, giving way to a bright, tea-like sip with notes of coffee blossoms and orange marmalade, and a black tea-like finish. For a clean, nuanced cup, we recommend brewing this coffee black as a pour over or using an AeroPress. Recommended Resting Period: 10 days",https://bluetokaicoffee.com/products/howdia-estate,https://cdn.shopify.com/s/files/1/0738/1409/files/1.-Howdia-Estate__Front.jpg?v=1782107101,250g:850.00
Blue Tokai,St. Joseph Estate,₹700.0,INR,"Meet the first coffee from our newest partner farm, run by a community of Jesuit priests whose stewardship of the land spans generations. A washed coffee roasted medium-dark, it opens with warm brown spice aromatics. Each sip carries a syrupy mouthfeel and reminds of grapefruit, roasted almond, and toffee. Its medium-high body gives the cup a comforting depth, complemented by a chocolatey aftertaste. Our roasters recommend brewing it as an espresso, or using an AeroPress, Moka Pot, or French Press. A versatile brew, it pairs well with milk, and holds its own black. Recommended Resting Period: 11 Days",https://bluetokaicoffee.com/products/st-joseph-estate,https://cdn.shopify.com/s/files/1/0738/1409/files/1.-St.Joseph-Estate__Front_2.jpg?v=1764321548,250g:700.00; 500g:1300.00; 1kg:2380.00
Blue Tokai,Raxidi Lobo Estate - Anaerobic Natural,₹900.0,INR,"We've been excited to collaborate with Raxidi Lobo Estate since their debut with us last year. So, when we first tasted a sample of this anaerobic natural lot, we knew it had to be a part of Harvest '26 . To bring it to life, the producers started fermenting some of the season's best cherries. Introducing a specially curated yeast strain to the mix, they let the process go on for 48 hours. Finally, slow drying on raised beds for 21 days locked flavour. Roasted to a medium profile, the result is a cup that carries the sweet nostalgia of drinking mosambi juice in summer. It opens with berries and cherry on the nose, then settles into tart-sweet, bright notes of mosambi, green apple, and plum. The mouthfeel is velvety with a medium body, and the finish is long and tea-like. Our roasters recommend brewing it black, either as a pour over, or using an AeroPress. Recommended Resting Period: 11 Days Note: This coffee pack has limited availability and therefore cannot be included in a subscription plan.",https://bluetokaicoffee.com/products/raxidi-lobo-estate-anaerobic-naturals,https://cdn.shopify.com/s/files/1/0738/1409/files/1.-Raxidi-Lobo-Estate__Front_1f24d4f9-58d2-45c0-8266-c3767720de8d.jpg?v=1777466382,250g:900.00; 500g:1675.00; 1kg:3060.00
Blue Tokai,Kerehaklu Estate,₹850.0,INR,"Harvest '26 debuts with a bright, citrusy light roast. A Kerehaklu special, it shows Pranoy and Ajoy's sure hand with washed processing. Ripe red Selection 9 cherries collected by seasoned pickers marked the lot's foundation. The producers then used a starter made from the farm's local microbes to aid fermentation. Monitoring temperature and pH regularly, they finished within 37 hours. Next, the coffee was mechanically washed and dried in the shade for three days. Finally, 12 days of polyhouse drying on raised beds locked its flavour. This controlled, aerobic washed process built complexity while harnessing the bean's inherent character. Roasted to a light profile, the coffee delivers clean cups that open with the aroma of orange blossoms and brown sugar. Notes of orange, black tea, and green grapes follow, wrapped in a juicy mouthfeel. Expect low bitterness, medium-high acidity, and a lingering finish of orange marmalade. Our roasters recommend brewing it black, either as a pour over, or using an AeroPress. Recommended Resting Period: 12 Days Note: This coffee pack is a special release with limited availability and, therefore, cannot be included in a subscription plan.",https://bluetokaicoffee.com/products/kerehaklu-estate-light-1,https://cdn.shopify.com/s/files/1/0738/1409/files/1.-Kerehaklu-Estate__Front.jpg?v=1775204109,250g:850.00; 500g:1580.00; 1000g:2890.00
Blue Tokai,Sandalwood Estate,₹750.0,INR,"A beloved part of our perennial selection, Sandalwood Estate brews cups with tasting notes of rich dark chocolate, sweet prune and zesty orange marmalade. This washed coffee, with coffee beans of the Sarchimor variety, was grown at a lush coffee estate in Coorg. If you’ve tried our coffees from Attikan and Baarbara Estates, you’ll love the chocolatey flavour profile of this medium-dark roast. This heavy bodied coffee has a smooth, syrupy mouthfeel which can best be enjoyed when brewed as an espresso or using a Moka Pot or French Press. The long, sweet aftertaste of butter biscuits and dried fruit comes through beautifully when you allow the brew to cool down a little. Recommended Resting Period: 11 Days",https://bluetokaicoffee.com/products/sandalwood-estate,https://cdn.shopify.com/s/files/1/0738/1409/files/Sandalwood-Estate-Front.jpg?v=1734957649,250g:750.00; 500g:1395.00; 1kg:2550.00
Blue Tokai,Dhak Blend,₹650.0,INR,"Our Dhak Blend is an ode to one of our favourite Indian trees with its colorful flame-like flowers that signal the onset of Spring. The coffees used in this blend are naturally processed which means that the coffee beans are dried with the cherry, resulting in complex, fruity and sweet flavours. Roasted dark to bring out flavours of dark chocolate and fruit jam, this blend's heavy cocoa body leaves a smooth lingering aftertaste. Our roasting team recommends the Dhak Blend for espresso-based drinks as well as manual brews such as the Moka Pot and the French Press. Recommended Resting Period: 9 Days",https://bluetokaicoffee.com/products/dhak-blend,https://cdn.shopify.com/s/files/1/0738/1409/files/Dhak-Blend-Front.jpg?v=1734947063,250g:650.00; 500g:1200.00; 1kg:2210.00
Blue Tokai,Silver Oak Café Blend,₹700.0,INR,"If our baristas have brewed you an espresso-based drink at any of our coffee shops, you’ll be familiar with this special offering since it’s our signature house blend! A small way of bringing our cafe experience to you, this blend features a combination of ground coffee beans, processed using either the washed or the unwashed method. This versatile medium roast is named after the Silver Oak trees commonly found across coffee plantations in Southern India. It works well in espresso-based drinks as well as in manual brews such as AeroPress, pour over or in cold brews. Recommended Resting Period: 8 Days",https://bluetokaicoffee.com/products/silver-oak-cafe-blend,https://cdn.shopify.com/s/files/1/0738/1409/files/SilverOak-blend-Front.jpg?v=1734957127,250g:700.00; 500g:1300.00; 1kg:2380.00
Blue Tokai,Amaltas Blend,₹650.0,INR,"An ode to the vibrant burst of yellow that marks the beginning of Indian summers, this blend is our go-to choice for crafting a refreshing batch of coffee including cold brews. In fact, this was originally called the Cold Brew Blend Light but owing to its diversity (its flavours shine through in a Pour Over or Aeropress), we decided to rename it after one of our favourite neighbourhood trees. A blend of washed and natural processed coffees, we’ve roasted it light to accentuate fruity and refreshing citrus notes. The result? Balanced cups with notes of blueberry and milk chocolate, with each sip concluding with a chocolatey finish. This light and fruity favourite is best enjoyed black. Recommended Resting Period: 16 Days",https://bluetokaicoffee.com/products/amaltas-blend,https://cdn.shopify.com/s/files/1/0738/1409/files/Amaltas-Blend-Front.jpg?v=1735023810,250g:650.00; 500g:1200.00; 1kg:2210.00
Blue Tokai,Cold Brew Blend Bold,₹650.0,INR,"Roasted to a medium-dark profile, this blend is perfect for brewing refreshing, full-bodied glasses of cold brew. Expect low acidity, notes of dark chocolate, toffee, and roasted nuts, and a bittersweet finish. Recommended Resting Period: 11 Days",https://bluetokaicoffee.com/products/cold-brew-blend-dark-roast,https://cdn.shopify.com/s/files/1/0738/1409/files/ColdBrew-Blend-Front.jpg?v=1735022907,250g:650.00; 500g:1200.00; 1kg:2210.00
Blue Tokai,Baarbara Estate,₹700.0,INR,"Coffee beans from Baarbara Estate, roasted to a medium-dark profile, have a wonderful aroma of sweet caramel and dried apricot. We love this coffee’s intense, chocolatey flavour profile. To taste the syrupy, smooth mouthfeel of this coffee, we recommend brewing it as a pour over, an espresso or using an AeroPress, Moka Pot or a French Press. If you’ve enjoyed our coffees from Attikan Estate and Sandalwood Estate, you’ll appreciate the sweet aftertaste and medium acidity of this heavy-bodied coffee. Recommended Resting Period: 8 Days",https://bluetokaicoffee.com/products/baarbara-estate,https://cdn.shopify.com/s/files/1/0738/1409/files/Baarbara-estate-Front.jpg?v=1734947952,250g:700.00; 500g:1300.00; 1kg:2380.00
Blue Tokai,Monsoon Malabar AA- Hoysala Estate,₹700.0,INR,"We’re excited to bring back Monsoon Malabar from Hoysala Estate. The unique flavour profile of this coffee develops when winds and humidity from seasonal monsoon rain change the characteristics of the coffee beans . While this process has its accidental roots in colonial India when a shipment to Europe was attacked by the full force of monsoon winds, similar conditions have been recreated in a controlled environment for consistency in every lot produced. When roasted medium-dark, the result is a medium-bodied cup that invites with sweet aromas of butter biscuits, treating you to notes of cocoa nib s and dried fruit, concluding with the aftertaste of dark chocolate. Best enjoyed when brewed as an espresso, in the Moka Pot or the French press, the nutty flavour profile of this coffee makes for a delicious cup, either with milk or black. Recommended Resting Period: 15 Days",https://bluetokaicoffee.com/products/monsoon-malabar,https://cdn.shopify.com/s/files/1/0738/1409/files/1.MonsoonMalabar-HoysalaEstate__Front.jpg?v=1747054624,250g:700.00; 500g:1300.00; 1kg:2380.00
Blue Tokai,French Roast,₹650.0,INR,"Our darkest roasted coffee, the French Roast is a blend best enjoyed black for those who like their coffee bold, like a traditional espresso with bittersweet notes. If you’re looking to add milk and still retain a definite bite, this is a great choice. We recommend brewing this as an Espresso or using manual brewing equipment such as French Press or Moka Pot. Recommended Resting Period: 5 Days",https://bluetokaicoffee.com/products/french-roast,https://cdn.shopify.com/s/files/1/0738/1409/files/French-roast-Front.jpg?v=1734956702,250g:650.00; 500g:1200.00; 1kg:2210.00
Blue Tokai,Kalledevarapura Estate - Pulp Sun Dried,₹800.0,INR,"Our all-time favourite pulp sun-dried coffee from Kalledevarapura Estate is back! This year’s harvest boasts a medium body and a sweet mouthfeel, perfect for brewing as an espresso, a pour over, with a Moka Pot or an AeroPress. Each cup reveals rich notes of brown sugar, roasted almond, and raisin. Recommended Resting Period: 11 Days",https://bluetokaicoffee.com/products/kalledevarapura-pulp-sun-dried,https://cdn.shopify.com/s/files/1/0738/1409/files/Kalledevarapura-Front.jpg?v=1764321548,250g:800.00; 500g:1488.00; 1kg:2720.00
Blue Tokai,Vienna Roast,₹650.0,INR,"The second darkest of our roasts, this blend, with coffee beans from Karnataka and Tamil Nadu, has great body, low acidity, and is a favourite choice for coffee drinkers who enjoy a strong cup, with its characteristic bittersweet notes. The Vienna Roast is best enjoyed with milk. Best enjoyed with milk, we recommend brewing this as an espresso or using manual brewing equipment such as Moka Pot, French Press, or South Indian filter. Recommended Resting Period: 9 Days",https://bluetokaicoffee.com/products/vienna-roast,https://cdn.shopify.com/s/files/1/0738/1409/files/Vienna-roast-Front.jpg?v=1734956612,250g:650.00; 500g:1200.00; 1kg:2210.00
Blue Tokai,Basankhan Estate,₹700.0,INR,"Basankhan Estate was our first ever single origin dark roast. Now a beloved part of our perennial selection, it comes from a family-owned farm with a rich history spanning over 100 years. At the estate, coffee grows alongside black pepper, oranges, cardamom, lemons, and bananas. As you take a sip, enjoy the velvety mouthfeel reminiscent of dark chocolate, which enhances the overall richness of this brew. The coffee’s body is heavy and round, creating a luscious and full-bodied experience that envelops your palate. If you’ve liked our dark roasts like Vienna and Dhak, you’ll enjoy this one too! Recommended Resting Period: 7 Days",https://bluetokaicoffee.com/products/basankhan-estate,https://cdn.shopify.com/s/files/1/0738/1409/files/Basankhan-estate-Front.jpg?v=1735021855,250g:700.00; 500g:1300.00; 1kg:2380.00
Blue Tokai,Elkhill Estates,₹800.0,INR,"Our debut coffee from Elkhill, a group of estates spanning 1500 acres, this anaerobic washed lot comes from their first year of specialty cultivation. It brews balanced cups with layers of fruit and spice, and a subtle hint of nuts. Ripe cherries, harvested at elevations between 457 to 1067 MASL, were fermented for 36 hours. Next, they were washed then slow-dried on raised beds for nearly 18 days to preserve their character. Roasted to a medium profile, the result is a cup that opens with the aroma of brown sugar and roasted almonds. Each sip is reminiscent of orange, brown spice, and roasted hazelnut, and ends in a lingering, orange zest-like finish. Our roasters recommend brewing this coffee as an espresso, a cold brew, or using a Moka Pot. It tastes great black and also works well with milk. Recommended Resting Period: 11 Days",https://bluetokaicoffee.com/products/elkhill-estate,https://cdn.shopify.com/s/files/1/0738/1409/files/1.-Elkhill-Estates-_Front_39e2aeec-9d3e-4484-93e3-7028fbbe1aaf.jpg?v=1781529234,250g:800.00; 500g:1488.00; 1000g:2720.00
Blue Tokai,Araku - Viishalakshi FPC,₹800.0,INR,"Every harvest brings the excitement of new partnerships and new coffees. This season, we’re proud to introduce our debut lot from Viishalakshi Farmer Producer Company (FPC) in Araku Valley. Named after the valley’s wide-eyed goddess, the FPC brings together 33 tribal villages around Kusumaguda. This lot comes from seven of those villages, where coffee cultivation is led by women and processed at a communal facility. Rooted in natural farming practices for generations, the farmers use composted fruit and vegetable waste to nourish the soil and neem oil treatments to safeguard against pests. Formed last year, Vishalakshi has helped guide these villages from commercial coffee cultivation towards specialty practices. There is now a growing focus on pruning plants, selective picking, proper storage of beans, and careful processing. Roasted to a medium profile, this honey sun-dried lot brews clean, balanced cups. It opens with brown sugar and melon, giving way to roasted almonds, prunes, and a whisper of brown spice. The body is round and syrupy; the finish is long and zesty. We recommend brewing it as an espresso, or using a French Press or Channi. It tastes great black as well as with milk. Recommended Resting Period: 11 Days Note: This coffee pack has limited availability and therefore cannot be included in a subscription plan.",https://bluetokaicoffee.com/products/araku-viishalakshi-fpc,https://cdn.shopify.com/s/files/1/0738/1409/files/Araku--Viishalakshi-FPC.jpg?v=1778831825,250g:800.00; 500g:1488.00; 1000g:2720.00
Blue Tokai,Cold Brew Bags - Light Blend,₹600.0,INR,"Fruity + Refreshing If you enjoy a fruity flavour profile, this one’s for you. Our Cold Brew Light is a refreshing blend that shines with fruity notes of berry and subtle hints of white chocolate, best consumed black. Each box contains Cold Brew sachets of 50g each.",https://bluetokaicoffee.com/products/light-blend,https://cdn.shopify.com/s/files/1/0738/1409/files/Creative1_9.jpg?v=1705468790,
Blue Tokai,The Mocha Mix,₹475.0,INR,"This duo brings together two distinct takes on a café mocha in a simple, mix-and-drink form. It includes: - Sea Salt Mocha: A little indulgence to drop into your days, with notes of salted caramel, milk chocolate, and candy. Chilli Cinnamon Mocha: Spicy and bold with deep cocoa notes, balanced by a hit of chilli, and a lush, date-like sweetness.",https://bluetokaicoffee.com/products/the-mocha-mix,https://cdn.shopify.com/s/files/1/0738/1409/files/Chilli_Cinnamon_Mocha_Sea_Salt_Mocha.jpg?v=1773903825,2 x Box of 5:475.00
Blue Tokai,The Sunrise Combo,₹475.0,INR,"Enjoy starting your day with a comforting, milk-based brew? This pairing brings together two of our favourite recipes in a simple, mix-and-drink form. It includes: - Signature: Reminiscent of the lattes we serve in our cafes, this Drop brews cups with notes of caramel, grapes, and chocolate. Jaggery: This Drop reminds us of a rich cup of South Indian filter coffee, and brews cups with notes of toffee, dark chocolate, and vanilla.",https://bluetokaicoffee.com/products/the-sunrise-combo,https://cdn.shopify.com/s/files/1/0738/1409/files/Signature_Jaggery_1.jpg?v=1774246897,2 x Box of 5:475.00
Blue Tokai,Coffee Cascara,₹340.0,INR,"This delicious cold brew was made using a little known byproduct of coffee processing - Cascara, the dried skin of coffee cherries. With its tea-like flavours, this unique option is perfect for people looking for something fruity and light bodied. All our cold brews use 100% Arabica, are sourced directly from India’s best farms and are roasted with precision for a unique flavour. Ingredients: Filtered water, Arabica coffee cherry Nutritional Values (per 100ml): Energy 9 cal, Carbs 0.9g, Natural Sugar 0.9g, Protein 0.5g, Total Fat 0.4g Each can is 250ml. This product contains no added sugars. You can purchase this as a pack of 2 or 6. Save 12% when you purchase a pack of 6!",https://bluetokaicoffee.com/products/coffee-cherry,https://cdn.shopify.com/s/files/1/0738/1409/files/1_Classiccherry_front.jpg?v=1705470499,Pack of 2 Cans:340.00; Pack of 6 Cans:890.00
Blue Tokai,The Teenage Trail - Box of 13 Coffees,₹1900.0,INR,"This limited-release marks our first teen year, bringing together thirteen of our most-loved brews from across regions, roast levels, and flavour profiles. And if you've been meaning to give your coffee routine a stir, this is a great place to start. You'll revisit cups that you have returned to over the years while finding new favourites along the way. The selection includes 30g tasting jars of: Garigekhan Estate A bright, layered cup showcasing Castillo, a resilient Arabica variety created specifically to combat leaf rust. Roast Level: Light | Processing: Washed| Tasting Notes: Grapefruit, Pomegranate, Cherry Riverdale Estate – Aroma A layered, fruit-forward cup, bright with the aroma of berries and pineapple. Roast Level: Light | Processing: Natural | Tasting Notes: Floral, Candy, Berries Seethargundu Estate A delicate and complex coffee from a Demeter-certified estate that treats their land as a living ecosystem, nurturing soil health, biodiversity, and long-term balance. Roast Level: Light | Processing: Washed | Tasting Notes: Sweet Lime, Black Tea, Stone Fruit Baarbara Estate – Intenso Yeast An experimental lot processed with intenso yeast, a yeast usually used by beer brewers. Roast Level: Light | Processing: Natural | Tasting Notes: Strawberry, Red Currant, Rose 13th Birthday Blend A limited-edition reminiscent of the Black Forest cakes many of us celebrated teen birthdays with. Roast Level: Medium | Processing: Washed + Natural | Tasting Notes: Cherry, Chocolate, Strawberry, Pear Silver Oak Blend Our signature blend that brings a little of our cafe experience to you. Roast Level: Medium | Processing: Washed + Natural | Tasting Notes: Hazelnut, Honey, Grapes Amruthavarshini Estate A fruity and nutty coffee, sourced from a women-led estate. Roast Level: Medium | Processing: Natural | Tasting Notes: Cherries, Pineapples, Roasted Almonds MSP Orchardale Estate A fruity and punchy coffee from the misty high peaks of Yercaud. Roast Level: Medium | Processing: Natu",https://bluetokaicoffee.com/products/the-teenage-trail-box-of-13-coffees,https://cdn.shopify.com/s/files/1/0738/1409/files/Card-01_19.jpg?v=1770203094,390g:1900.00
Blue Tokai,Everyday Essentials Matcha Kit,₹2699.0,INR,"This beginner-friendly kit presents a fuss-free way to start a matcha routine. Created by our friends at Got Tea, it pairs ceremonial-grade matcha with the two tools that matter most for daily preparation, a bamboo scoop and a matcha whisk. The kit includes: Ceremonial-grade matcha powder (60 g) Chashaku (bamboo scoop) for precise measuring Chasen (matcha whisk) to achieve a smooth, even texture",https://bluetokaicoffee.com/products/everyday-essentials-matcha-kit,https://cdn.shopify.com/s/files/1/0738/1409/files/Card-01_17.jpg?v=1768545650,
Blue Tokai,Full Experience Matcha Kit,₹5399.0,INR,"This kit brings together everything you need to prepare matcha the traditional way. Created by our friends at Got Tea, it is designed to help you learn the craft or refine an existing ritual. Inside, you will find ceremonial-grade matcha paired with the essential tools for a balanced, well-textured cup. A clear, step-by-step manual guides you through each stage, helping you understand not just how to prepare matcha, but why each step matters. The kit includes: Ceremonial-grade matcha powder (60 g) Chawan (matcha bowl) for comfortable whisking Chasen (matcha whisk) to achieve a smooth, even texture Naoshi (whisk stand) to help retain the whisk’s shape Chashaku (bamboo scoop) for precise measuring Sieve to remove clumps before whisking",https://bluetokaicoffee.com/products/full-experience-matcha-kit,https://cdn.shopify.com/s/files/1/0738/1409/files/Card-01_16.jpg?v=1768545459,
Blue Tokai,Iced latte Cans,₹340.0,INR,"Creamy, delicious and strong — your favourite iced coffee is now ready to drink at home! Carry a chilled can of our newest Iced Latte anywhere you go. Made from our signature shot of espresso and double-toned milk, it’s sure to become your go-to caffeine fix. How it’s brewed: Milk and sugar are added to barista brewed espresso shots to make this refreshing iced latte. Ingredients: Milk (70%), Coffee (20.5%), Water, Sugar (3%), Acidity regulators (E340, E452, E339(iii)) Nutritional Values (per 100ml): Energy 50.96kcal, Carbs 9.79g, Natural Sugar 3.59g, Added sugar as sucrose 2.96g, Protein 0.61g, Total Fat 1.29g, Cholesterol 0mg, Sodium 12.69mg Each can is 240ml. You can purchase this as a pack of 2 or 6.",https://bluetokaicoffee.com/products/iced-latte-cans,https://cdn.shopify.com/s/files/1/0738/1409/files/1_Icedlatte_front.jpg?v=1705645982,Pack of 2 Cans:340.00; Pack of 6 Cans:750.00
Blue Tokai,Mixed Bag | Drop - Specialty Coffee Concentrate,₹500.0,INR,"Enjoy some of our favourite recipes in a simple mix-and-drink form. This mixed bag contains: - Americano: A dependable daily driver for those who like their coffee black. Signature: Our go-to Drop for milk-based brews with just the rich touch of sweetness. Sea Salt Mocha: A little indulgence to drop into your days. Chilli Cinnamon Mocha: Spicy and bold with deep cocoa notes, balanced by a hit of chilli, and a lush, date-like sweetness. Jaggery: Rich, velvety, and comforting.",https://bluetokaicoffee.com/products/mixed-bag-drop-specialty-coffee-concentrate,https://cdn.shopify.com/s/files/1/0738/1409/files/Card-02_76cdc358-04a6-4baf-88eb-54b06072a782.jpg?v=1771832050,Box of 10:500.00
Blue Tokai,Jaggery | Drop - Specialty Coffee Concentrate,₹250.0,INR,"This Drop reminds us of a rich cup of South Indian filter coffee, and is just what we imagine comfort in a cup to be like. With notes of toffee, dark chocolate, and vanilla, it tastes great black, and also pairs well with milk.",https://bluetokaicoffee.com/products/jaggery-drop-specialty-coffee-concentrate,https://cdn.shopify.com/s/files/1/0738/1409/files/Card-02_7fd66177-7a24-4060-ba83-2af100dfe4c4.jpg?v=1771832032,Box of 5:250.00
Blue Tokai,Chilli Cinnamon Mocha | Drop - Specialty Coffee Concentrate,₹250.0,INR,"Inspired by one of our most-loved cafe drinks, This Drop balances deep cocoa notes with a hit of chilli and a lush, date-like sweetness. With minimal bitterness, it is perfect for days that call for a little bit of spunk. We love it with ice and milk. But, feel free to make it your own with any twist you like.",https://bluetokaicoffee.com/products/chilli-cinnamon-mocha-drop-specialty-coffee-concentrate,https://cdn.shopify.com/s/files/1/0738/1409/files/Card-02_2224397e-fbc2-4030-82f7-982d9b3b9186.jpg?v=1773903825,Box of 5:250.00
Blue Tokai,"Sea Salt Mocha Drop | Specialty Coffee Concentrate, Box of 5",₹250.0,INR,"Specialty coffee, ready to pour. Salted-caramel sweetness, no equipment. Drop is a single-serve liquid coffee concentrate. Tear, pour into 180ml of milk, stir. Hot or cold, your call. Sea Salt Mocha Tasting Notes: caramel, salted milk chocolate, hints of candy. Sweet, balanced by sea salt, never cloying. Made with our specialty arabica. Not instant powder. Not a syrup. Concentrated coffee, dosed for one cup. Box of 5 single-serve packs. Each pack makes one 180ml cup. Pairs well with cold milk over ice, hot milk for a quick cafe-style cup, or poured over vanilla ice cream for a 30-second affogato. Drop is how we make our specialty coffee work for the days you don't have three minutes to brew. Each Drop pack is a single-serve liquid concentrate, made with our specialty arabica. You tear the top off the pack, pour the contents into 180ml of milk — hot or cold, your choice — give it a stir, and drink. The whole thing takes about thirty seconds. Sea Salt Mocha is our indulgence flavour. The base is the same specialty coffee that goes into our other Drops, but we've layered in caramel and salted-milk-chocolate notes, then balanced the sweetness with sea salt so it doesn't tip into syrupy. You taste the chocolate, then the caramel, then a clean salt note at the end. It's the Drop we reach for in the evening rather than the morning. A few practical things. How to use it: pour the contents of one pack into 180ml of milk and stir. If you want it cold, pour over ice with cold milk and you have a salted-caramel iced mocha. If you want it hot, warm your milk first, then add the Drop. Trying it over vanilla ice cream as a 30-second affogato is, in our experience, also a good use. Box of 5 is the right starter. If you already drink Drop and just want a flavour swap from your usual Mixed Bag, this is also where to go. Shelf life: each unopened pack is good for the printed best-before date (typically several months). Once you open one, use it in that sitting; it's a single-serve dos",https://bluetokaicoffee.com/products/sea-salt-mocha-drop-specialty-coffee-concentrate,https://cdn.shopify.com/s/files/1/0738/1409/files/Card-02_95656125-9e2a-4a19-9b12-0c4a64f364a4.jpg?v=1773903825,Box of 5:250.00
Blue Tokai,Signature | Drop - Specialty Coffee Concentrate,₹250.0,INR,"Reminiscent of the lattes we serve in our cafes, this Drop is our go-to base for milk-based brews. It's just sweet enough and brews cups with notes of caramel, grapes, and chocolate. Feel free to make it your own with any twist you like.",https://bluetokaicoffee.com/products/signature-drop-specialty-coffee-concentrate,https://cdn.shopify.com/s/files/1/0738/1409/files/Card-02_df06ade7-ef96-4a00-9a0a-d400929be592.jpg?v=1774246897,Box of 5:250.00; Box of 10:500.00
Blue Tokai,Americano | Drop - Specialty Coffee Concentrate,₹250.0,INR,"This Drop brews a solid, satisfying cup of black coffee with notes of cocoa, dried fruits, and toffee. With medium bitterness, it is both a dependable daily driver and a great base for coffee experiments. We love it as is but feel free to make it your own with any twist you like.",https://bluetokaicoffee.com/products/americano-drop-specialty-coffee-concentrate,https://cdn.shopify.com/s/files/1/0738/1409/files/Card-02_04b71f51-14f3-4f27-a02f-e511ac70866c.jpg?v=1771831938,Box of 5:250.00; Box of 10:500.00
Blue Tokai,Riverdale Estate - Gesha Natural,₹1200.0,INR,"A decade ago, Prakashan from Riverdale Estate planted Gesha, one of the world’s rarest coffee varietals, on his farm in Yercaud. In 2023, after eight years of care, came Riverdale’s first Gesha harvest—one that we roasted as part of our debut Nano-X lineup. Since then, this rare varietal has become a core part of our Nano-X, a limited-edition series featuring experimental lots, crafted by a handful of producers and creative Blue Tokai roasters. This year’s produce, as Prakashan puts it, is the best so far. The plants have matured and come into their own. The processing has become more and more refined over harvests. And thanks to Subham’s seasoned hands, the same goes for our roasting. The lot we sourced was processed using the carbonic maceration method. Ripe, high-density cherries were placed in purpose-built drums. Using special valves, the drums were made oxygen-free and CO2 rich. This controlled fermentation pushed the Gesha’s already exceptional character and complexity further. Slow, controlled drying helped lock in these developments. Given the high density of the beans and their delicate aromatics, this Gesha was a worthy challenge for Subham. Drawing on both experience and a bit of experimentation, he added airflow during the development phase of roasting by opening the hopper chute. This reduced the heavy caramelisation that usually builds at this stage, creating an air-roaster-like profile and unlocking striking clarity in the cup. We’re excited to present the result: an exceptional nano lot that opens with the aroma of sun melon and orange blossom. A bright and silky mouthfeel reveals layered notes of canary melon, cherries, jasmine, and wild berries. Finishing each sip is an aftertaste of cranberries, adding yet another layer of delightful complexity to your experience. We recommend this coffee black, brewed as a Pour Over, or using an AeroPress. Recommended Resting Period: 6 Days Note: This coffee pack is a special release with limited availability an",https://bluetokaicoffee.com/products/riverdale-estate-gesha-natural,https://cdn.shopify.com/s/files/1/0738/1409/files/First_2.png?v=1757396319,100g:1200.00
Blue Tokai,Kolli Berri Estate,₹700.0,INR,"Our first coffee from Harvest ‘24 is a medium-dark roast with chocolatey and nutty flavours. This single-origin ground coffee hails from the beautiful Kolli Berri Estate, set in Chikmagalur, Karnataka. While brewing this one, you’ll notice the unique characteristics of the coffee beans , starting with the aroma of dried fruits, followed by a syrupy mouthfeel in every sip. With medium acidity and medium- high bitterness, it offers a full-bodied profile which is enhanced when brewed as an espresso or using an AeroPress, Moka Pot or a French Press.",https://bluetokaicoffee.com/products/kolli-berri-estate,https://cdn.shopify.com/s/files/1/0738/1409/files/1-Kolli-Berri-_Front_1.jpg?v=1714986770,250g:700.00; 250g:700.00; 250g:700.00; 250g:700.00; 250g:700.00; 250g:700.00; 250g:700.00; 250g:700.00; 250g:700.00; 250g:700.00; 250g:700.00; 250g:700.00; 250g:700.00; 500g:1300.00; 500g:1300.00; 500g:1300.00; 500g:1300.00; 500g:1300.00; 500g:1300.00; 500g:1300.00; 500g:1300.00; 500g:1300.00; 500g:1300.00; 500g:1300.00; 500g:1300.00; 500g:1300.00; 1kg:2380.00; 1kg:2380.00; 1kg:2380.00; 1kg:2380.00; 1kg:2380.00; 1kg:2380.00; 1kg:2380.00; 1kg:2380.00; 1kg:2380.00; 1kg:2380.00; 1kg:2380.00; 1kg:2380.00; 1kg:2380.00
Blue Tokai,Amruthavarshini Estate,₹750.0,INR,"Meet our second release by Amruthavarshini Estate, a women-led estate run by a mother-daughter duo. Processed using the anaerobic natural method, this medium roast brews fruity and nutty cups with a pleasant sweetness. A honey-like aroma leads into bright notes of cherries and pineapples. The nuttiness of roasted almonds adds depth, while the mouthfeel remains syrupy. In the finish, you’ll taste the lingering aftertaste of raisins and nuts. Our roasters recommend brewing it as an espresso, a Pour Over, or using an AeroPress. It tastes great whether you enjoy it black or with milk. Recommended Resting Period: 12 Days",https://bluetokaicoffee.com/products/amruthavarshini-estate,https://cdn.shopify.com/s/files/1/0738/1409/files/1.-Amruthavarshini-Estate__Front.jpg?v=1764321548,250g:750.00; 250g:750.00; 250g:750.00; 250g:750.00; 250g:750.00; 250g:750.00; 250g:750.00; 250g:750.00; 250g:750.00; 250g:750.00; 250g:750.00; 250g:750.00; 250g:750.00; 500g:1395.00; 500g:1395.00; 500g:1395.00; 500g:1395.00; 500g:1395.00; 500g:1395.00; 500g:1395.00; 500g:1395.00; 500g:1395.00; 500g:1395.00; 500g:1395.00; 500g:1395.00; 500g:1395.00; 1000g:2550.00; 1000g:2550.00; 1000g:2550.00; 1000g:2550.00; 1000g:2550.00; 1000g:2550.00; 1000g:2550.00; 1000g:2550.00; 1000g:2550.00; 1000g:2550.00; 1000g:2550.00; 1000g:2550.00; 1000g:2550.00
Blue Tokai,Gulnaar Gift Hamper,₹31999.0,INR,"A luxurious pick for new beginnings, this hamper is made for couples who want the full café experience at home. This hamper includes: - A sleek and compact Mage espresso machine (1 unit) - Smooth, oaky dark roast coffee with overtones of cocoa (250 grams, French Press Grind) - Chocolatey and nutty medium dark roast coffee with fruity overtones from Attikan Estate (250 grams,  French Press Grind) - A medium roast coffee blend with fruity overtones (250 grams, French Press Grind)",https://bluetokaicoffee.com/products/gulnaar-gift-hamper,https://cdn.shopify.com/s/files/1/0738/1409/files/img1_1_87cd9b5c-11ec-4007-a584-f0ac53d63114.jpg?v=1750054554,
Blue Tokai,Palasha Gift Set,₹16999.0,INR,"This thoughtfully curated gift set brings together everything you need for great coffee at home. This hamper includes: - A sleek and compact Maven capsule machine (1 unit) - Box of bold, bittersweet, oaky dark roast coffee capsules (Pack of 10) - Box of chocolatey and nutty medium dark roast coffee capsules (Pack of 10)",https://bluetokaicoffee.com/products/palasha-gift-set,https://cdn.shopify.com/s/files/1/0738/1409/files/img1_1_bfa73f9e-895a-44d6-893a-a3af24274b2b.jpg?v=1750054467,
Blue Tokai,Winter Blend,₹750.0,INR,"Meet the blend our roasters look forward to crafting each winter. Pairing well with milk, it is also a solid base for all those winter recipes you've been saving. We've created it using a careful mix of natural and washed lots from St. Joseph Estate and Attikan Estate. Opening with the aroma of brown spices, this coffee has a medium body and a syrupy, round mouthfeel. You’ll be able to taste cinnamon, cacao, roasted almonds, and raisins, and tying everything together nicely is a chocolatey aftertaste. We recommend brewing it as an espresso, or with a Moka Pot or French Press. Recommended Resting Period: 10 Days",https://bluetokaicoffee.com/products/winter-blend-1,https://cdn.shopify.com/s/files/1/0738/1409/files/1.-Winter-Blend-_Front.jpg?v=1765780034,250g:750.00; 250g:750.00; 250g:750.00; 250g:750.00; 250g:750.00; 250g:750.00; 250g:750.00; 250g:750.00; 250g:750.00; 250g:750.00; 250g:750.00; 250g:750.00; 250g:750.00; 500g:1395.00; 500g:1395.00; 500g:1395.00; 500g:1395.00; 500g:1395.00; 500g:1395.00; 500g:1395.00; 500g:1395.00; 500g:1395.00; 500g:1395.00; 500g:1395.00; 500g:1395.00; 500g:1395.00; 1000g:2550.00; 1000g:2550.00; 1000g:2550.00; 1000g:2550.00; 1000g:2550.00; 1000g:2550.00; 1000g:2550.00; 1000g:2550.00; 1000g:2550.00; 1000g:2550.00; 1000g:2550.00; 1000g:2550.00; 1000g:2550.00
Blue Tokai,Monsoon Malabar | Medium-Dark Roast - Easy Pour,₹300.0,INR,"Nutty + Earthy If you like your coffee dark, but not too much, our Monsoon Malabar AA is perfect for you! With earthy notes, this big-bodied coffee finishes nutty with minimal acidity and notes of spice. Choose from our pack of 5 or pack of 10 Easy Pour boxes.",https://bluetokaicoffee.com/products/monsoon-malabar-easy-pour-coffee-sachets,https://cdn.shopify.com/s/files/1/0738/1409/files/MonsoonMalabaar__Front_1.jpg?v=1705644772,Pack of 5 Sachets:300.00; Pack of 10 Sachets:500.00
Blue Tokai,5-in-1 Explorer Pack,₹1170.0,INR,Want to try different flavours before deciding which one to settle on? Order our 5-in-1 Explorer pack and find a new favourite! This pack is a curated collection of five different coffees with different flavour profiles from our wide range of Indian coffees: A balanced Silver Oak Blend A bold and bitter Vienna Roast A chocolatey and nutty coffee from Attikan Estate A chocolatey and nutty coffee from Baarbara Estate A balanced Amaltas Blend Each Sampler Pack will contain 75 g x 5 pouches of whole coffee beans or ground coffee .,https://bluetokaicoffee.com/products/5-in-1-explorer-pack,https://cdn.shopify.com/s/files/1/0738/1409/files/Sampler_240625.jpg?v=1750762835,Aeropress:1170.00; Channi:1170.00; Coffee Filter:1170.00; Cold Brew:1170.00; Commercial Espresso:1170.00; French Press:1170.00; Home Espresso:1170.00; Inverted Aeropress:1170.00; Moka Pot:1170.00; Pourover:1170.00; South Indian Filter:1170.00; Turkish:1170.00; Whole Bean:1170.00
Blue Tokai,Taanka | Festive Special,₹250.0,INR,"This handmade cup sweater was created in collaboration with The Kalaa Store. Featuring a reindeer motif, it makes a thoughtful Christmas gift for your loved ones. It sits snugly around your favourite brew and keeps your hands cosy between sips. Each Taanka is created by an artisan from the Kalaa Sakhi Sisterhood, a community of over 500 women who use crochet to earn a dignified living Product Composition: Handcrafted crocheted cup sleeve made using a cotton-based blended fibre. Care Instructions: Hand wash and lay flat to dry. Note: The tumbler shown is for illustrative purposes only and does not come with the product.",https://bluetokaicoffee.com/products/taanka-festive-special,https://cdn.shopify.com/s/files/1/0738/1409/files/1_ea3bd04d-1157-4880-bbe4-de979c300d6d.png?v=1766122546,
Blue Tokai,Taanka | Classic Blue,₹250.0,INR,"This handmade cup sweater was created in collaboration with The Kalaa Store. Featuring a pattern reminiscent of hand-knit sweaters, it sits snugly around your favourite brew and keeps your hands cosy between sips. Each Taanka is created by an artisan from the Kalaa Sakhi Sisterhood, a community of over 500 women who use crochet to earn a dignified living. Product Composition: Handcrafted crocheted cup sleeve made using a cotton-based blended fibre. Care Instructions: Hand wash and lay flat to dry. Note: The tumbler shown is for illustrative purposes only and does not come with the product.",https://bluetokaicoffee.com/products/taanka-classic-blue,https://cdn.shopify.com/s/files/1/0738/1409/files/4_9af3504b-6936-433a-9d46-f487f5cd3c22.png?v=1766123243,
Blue Tokai,New Beginnings Combo,₹1020.0,INR,"Start your specialty coffee journey with a straightforward, flexible setup. Pick any three coffees to get a feel for different flavour profiles and brew them using the stainless-steel Channi filter—made for easy pouring and a clean, well-rounded cup. Durable and simple to maintain, this combo helps you understand what roast works best for you. The combo contains 75 g x 3 pouches.",https://bluetokaicoffee.com/products/new-beginnings-combo,https://cdn.shopify.com/s/files/1/0738/1409/files/Card-02_9.jpg?v=1765956933,Channi:1020.00
Blue Tokai,Comfort Combo,₹718.0,INR,"Begin your single-origin coffee journey with a curated pairing you choose—any selected coffee paired with your favourite cookie box for an easy, everyday treat.",https://bluetokaicoffee.com/products/comfort-combo,https://cdn.shopify.com/s/files/1/0738/1409/files/Card-02_8.jpg?v=1765956924,Wheat Bran Coconut cookies:718.00; Multi-seed Millet cookies:718.00; Oatmeal & cranberry cookies:718.00; Chocolate chip cookies:718.00
Blue Tokai,Triple Sharing Room,₹20000.0,INR,"Great for groups of friends or individual travelers open to sharing. Each room accommodates 3 people. Your room will include a king bed, a single bed, and an additional roll-out bed so everyone has a comfortable spot. To ensure comfort and privacy, we’ve allocated two distinct rooms: one for male and one for female. Meal Inclusions Overview Breakfast 1 fresh fruit item 1 fresh juice 1 cereal bowl (with hot/cold milk) 1 egg preparation + toast 1 main dish (South or North Indian) 1 hot beverage (tea or coffee) Lunch 1 soup 1 salad 1 veg main course 1 non-veg main course 1 rice or bread selection On-table sides: curd, papad, pickle 1 dessert Dinner Each dinner includes: 1 soup 1 salad 1–2 starters (veg & chicken) 1 veg main course 1 non-veg main course 1 rice or bread selection 1 dessert All menu items are subject to availability and may change based on seasonal produce or chef’s discretion. If you have any questions, please feel free to text Adhi at +91 99305 55775.",https://bluetokaicoffee.com/products/triple-sharing-room,https://cdn.shopify.com/s/files/1/0738/1409/files/3_6f9fb08d-2e93-4c76-a560-e52d146e2b72.jpg?v=1763114648,Male - 3 per room:20000.00; Female - 3 per room:20000.00
Blue Tokai,Home & Away Combo,₹850.0,INR,Enjoy a versatile coffee pairing built for every kind of routine. Choose your favourite whole-bean coffee and add single-serve drip bags for cups at home or on the go. A duo of convenience and flavour that fits effortlessly into your day.,https://bluetokaicoffee.com/products/home-away-combo,https://cdn.shopify.com/s/files/1/0738/1409/files/Card-02_10.jpg?v=1765956940,Amaltas Blend:850.00; Amruthavarshini Estate:850.00; Attikan Estate:850.00; Baarbara Estate:850.00; Basankhan Estate:850.00; Cold Brew Blend Bold:850.00; Dhak Blend:850.00; French Roast:850.00; Kalledevarapura Estate - Pulp Sun Dried:850.00; Krishnagiri Estate:850.00; Monsoon Malabar AA- Hoysala Estate:850.00; Raxidi Lobo Estate:850.00; Riverdale Estate - Aroma:850.00; Sampigehoney Estate:850.00; Seethargundu Estate:850.00; Silver Oak Cafe Blend:850.00; St. Joseph Estate:850.00; Vienna Roast:850.00
Blue Tokai,Maven - Capsule Machine,₹15338.0,INR,"Brew one-touch perfection, in under a minute, with our new Capsule Machine. Engineered with the same commitment to craft and precision that you know our coffee for, it consistently brews café-quality espressos and lungos at the press of a button. Key Features Consistently Delicious Coffee: Maven’s 20 bar pressure pump ensures ideal extraction, brew after brew. Beginner-Friendly: With intuitive one-touch controls, Maven makes it easy to brew a delicious morning-starter, day after day. Quick and Convenient: Crafts you a perfect cup in under a minute, without compromising on flavour. Space-Saving Design: With its small footprint, Maven elevates any corner in your home to a compact barista station. 1 year warranty: Enjoy peace of mind knowing that your capsule machine is covered against manufacturing defects for an entire year. To know more about warranty click here . To know more about Replacement policy click here .",https://bluetokaicoffee.com/products/maven-capsule-machine,https://cdn.shopify.com/s/files/1/0738/1409/files/1_26.jpg?v=1748260206,Attikan Estate capsule - Pack of 10:15338.00; Silver Oak Blend capsule - Pack of 10:15338.00; Dhak Blend capsule - Pack of 10:15338.00; Veinna Roast capsule - Pack of 10:15338.00
Blue Tokai,V60 Filter Paper/(V01& V02),₹380.0,INR,"Our genuine pack of micro filters, made especially for the V60 Pour Over dripper, providing an even and continuous flow for brewing your coffee. Available in sizes 02 (brews 1-4 cups) and 01 (brews 1-2 cups). Each bag comes with 100 filters.",https://bluetokaicoffee.com/products/v60-filter-paper-v01-v02,https://cdn.shopify.com/s/files/1/0738/1409/files/PO01Front.jpg?v=1708427293,V01:420.00; V02:380.00
Blue Tokai,AeroPress Coffee Filter Paper,₹150.0,INR,Coffee filter papers made for your AeroPress. These high-quality filters are easy to use and absorb bitter tasting oils for smoother tasting coffee. Compatible with all AeroPress brewers except the AeroPress XL Each bag comes with 100 filters,https://bluetokaicoffee.com/products/aeropress-filter-paper,https://cdn.shopify.com/s/files/1/0738/1409/files/APFront.jpg?v=1708428336,
Blue Tokai,Half - Caff,₹450.0,INR,"Our first-ever single-origin, specialty Half-Caff comes from Yelnoorkhan Estate. We selected their S795, washed processed coffee to create a complex and distinctive cup. To reduce caffeine by 55%, we used CO₂ decaffeination, a chemical-free, minimal-waste generating method that is conscious in its water and energy usage. We chose it because the other decaffeination methods available to us in India came with a catch. In removing all the caffeine, they also took away the depth that makes a cup memorable. Adding artificial flavours was not something we wanted to do, never mind the fact that many of these methods also used far too much water. The result is a cup with a gentler kick that holds its own in terms of flavour. You’ll first notice chocolate biscuits on the nose as well as your palate. A silky mouthfeel then reveals notes of roasted hazelnuts and malt, followed by a long, nutty finish. For the best experience, brew this coffee using an espresso machine. It tastes great black and is equally suited to milk-based beverages. Recommended Resting Period: 5 Days Note: This coffee pack is a special release with limited availability and, therefore, cannot be included in a subscription plan.",https://bluetokaicoffee.com/products/half-caff,https://cdn.shopify.com/s/files/1/0738/1409/files/1.-Half-Caff__Front_b6fd7e82-a892-4233-9e4b-744783a97b6d.jpg?v=1763722998,100g:450.00; 200g:800.00
Blue Tokai,Double Sharing Room,₹45000.0,INR,"Suitable for pairs traveling together. Each room accommodates 2 people. Meal Inclusions Overview Breakfast 1 fresh fruit item 1 fresh juice 1 cereal bowl (with hot/cold milk) 1 egg preparation + toast 1 main dish (South or North Indian) 1 hot beverage (tea or coffee) Lunch 1 soup 1 salad 1 veg main course 1 non-veg main course 1 rice or bread selection On-table sides: curd, papad, pickle 1 dessert Dinner Each dinner includes: 1 soup 1 salad 1–2 starters (veg & chicken) 1 veg main course 1 non-veg main course 1 rice or bread selection 1 dessert All menu items are subject to availability and may change based on seasonal produce or chef’s discretion. If you have any questions, please feel free to text Adhi at +91 99305 55775.",https://bluetokaicoffee.com/products/double-sharing-room,https://cdn.shopify.com/s/files/1/0738/1409/files/2_968bd49e-3bb2-4986-8809-9352c0432b7a.jpg?v=1763114665,2 per room:45000.00
Blue Tokai,Single Room (Private Stay),₹35000.0,INR,"Ideal for solo travelers who prefer complete privacy. One person per room. Meal Inclusions Overview Breakfast 1 fresh fruit item 1 fresh juice 1 cereal bowl (with hot/cold milk) 1 egg preparation + toast 1 main dish (South or North Indian) 1 hot beverage (tea or coffee) Lunch 1 soup 1 salad 1 veg main course 1 non-veg main course 1 rice or bread selection On-table sides: curd, papad, pickle 1 dessert Dinner Each dinner includes: 1 soup 1 salad 1–2 starters (veg & chicken) 1 veg main course 1 non-veg main course 1 rice or bread selection 1 dessert All menu items are subject to availability and may change based on seasonal produce or chef’s discretion. If you have any questions, please feel free to text Adhi at +91 99305 55775.",https://bluetokaicoffee.com/products/single-room-private-stay,https://cdn.shopify.com/s/files/1/0738/1409/files/1_68baf041-1732-48aa-b1a7-4693e89b4ac3.jpg?v=1763114635,1 per room:35000.00
Blue Tokai,Riverdale Estate – Fruit Punch,₹875.0,INR,"Producer Series ’25 opens with a welcome return from Prakashan Balaraman of Riverdale, a pioneer pushing boundaries through experiments with fruit fermentation and rare varietals. For this special lot, Prakashan went a step further, using a blend of tropical fruits during fermentation instead of just one. Ripe cherries were handpicked and triple-washed to remove any floaters before fermentation began. During the first stage, tropical fruits were added in just the right amount to prolong fermentation with natural sugars. Next, in purpose-built tanks, CO₂ was used to flush out oxygen, creating a low-oxygen environment that extended fermentation even further and deepened complexity. After slow drying on raised beds, the coffee was allowed to rest for six weeks for the flavours to stabilise. Choosing a light roast profile, our head roaster Shreyas helped shape a cup that opens with the aroma of rich tropical fruits. Bright notes of peach and strawberry follow, layered with hints of red grape and tangerine. A juicy mouthfeel carries through to a clean, lingering mango finish—all coming together to deliver the fruit-forward character that inspired the name, Fruit Punch. We recommend brewing this expressive coffee black, as a Pour Over, or using an AeroPress. Recommended Resting Period: 18 Days Note: This coffee pack is a special release with limited availability and, therefore, cannot be included in subscription.",https://bluetokaicoffee.com/products/riverdale-estate-fruit-punch,https://cdn.shopify.com/s/files/1/0738/1409/files/Untitled-3-01.jpg?v=1750077372,200g:875.00
Blue Tokai,Ratnagiri Estate - YC 01,₹875.0,INR,"Run by Ashok and Divya Patre, Ratnagiri Estate has been steadily advancing specialty processing through their science-led approach. In recent years, they have added a microbiology lab, bioprocessing unit, and climate-controlled drying chamber to the farm. With this special coffee, we offer a window into the innovative work they are doing. To process this lot, ripe cherries were placed in bio-reactors after floater removal. In a CO₂ rich environment, two strains of yeast developed using the farm’s own organic matter, together with lactic acid bacteria, drove a 76-hour fermentation. Finally, the coffee was slow-dried on raised beds for 29 days to lock in flavour development. Roasted light by Subham from our team, the result is a cup with both floral and fruity layers. A velvety mouthfeel unfolds into notes of jasmine, custard apple, forest honey, and earl grey tea. Concluding each sip is a tea-like finish. We recommend brewing this coffee black, as a Pour Over, or using an AeroPress. Recommended Resting Period: 8 Days Note: This coffee pack is a special release with limited availability and, therefore, cannot be included in a subscription plan.",https://bluetokaicoffee.com/products/ratnagiri-estate-yc-01,https://cdn.shopify.com/s/files/1/0738/1409/files/Card-01_3.jpg?v=1759311312,200g:875.00
Blue Tokai,SICC - Excelsa,₹560.0,INR,"Most experimentation with specialty coffee revolves around Arabica. But, at Mooleh Manay Estate, Komal and Akshay are asking what else deserves exploration. Researching alternative coffee species, the two are not only working on climate-proofing specialty coffee but are also pushing the boundaries of flavour. This special lot, crafted entirely using beans grown on the Excelsa species, is an example of the same. Since Excelsa is a 20-meter-tall tree, pickers used ladders to harvest the fruit. Ripe cherries were then sorted by submerging in water, removing floaters that are usually underripe or defective. The remaining cherries were then fermented for 84 hours, in a CO2 rich environment, alongside a custom culture. Finally, the cherries were dried inside a polyhouse, with continuous raking to ensure even drying. Tyler, head of our roasting department, and Subham, one of our first roasters at Blue Tokai, collaborated to fine-tune this lot's roast profile. The result is an intense cup that opens with the aroma of wild berries, and treats you to notes of cola, black currant, ripe banana, and molasses. And even when paired with milk, this coffee holds its distinctive and punchy profile. We suggest brewing it as an espresso, a Pour Over, or a French Press. Recommended Resting Period: 15 Days Note: This coffee pack is a special release with limited availability and, therefore, cannot be included in a subscription plan.",https://bluetokaicoffee.com/products/sicc-excelsa,https://cdn.shopify.com/s/files/1/0738/1409/files/Card-01_6.jpg?v=1761723714,100g:560.00
Blue Tokai,Garigekhan Estate - CAT - 129,₹700.0,INR,"We’re excited to share our first release from Garigekhan Estate, a special lot in more ways than one. It marks the estate’s foray into a new Arabica varietal, and showcases what close collaboration between roasters and producers can achieve. In 2020, Garigekhan introduced Catimor 129, a low-intervention varietal, to their land. The producers planted 170 plants and have spent the past few years observing how the variety has taken to their terroir. Naturally resistant to coffee leaf rust and coffee berry disease, Catimor 129 holds fascinating possibilities, especially when processed with care. And this year marks the first time it has yielded a specialty-grade crop. Our Head of Sourcing, Asif, worked closely with the producers to refine the lot’s processing. Learning from last year’s trials, when a shorter fermentation left the mucilage only partially broken down, they experimented with a longer, 120-hour anaerobic ferment. The cherries were then slow-dried over 25 days to allow for deeper flavour development. Roasted to a medium profile, the result is a vibrant cup, lush with fruity layers and a standout nutty note. You'll notice the aroma of red grape first. A sweet, syrupy mouthfeel follows soon after, revealing notes of kiwi, papaya, pomegranate, and roasted hazelnut. A soft, berry-like finish lingers on the palate, punctuating each sip. For the best experience, we suggest brewing this limited-edition lot as a Pour Over, or using an AeroPress. Recommended Resting Period: 14 Days Note: This coffee pack is a special release with limited availability and, therefore, cannot be included in a subscription plan.",https://bluetokaicoffee.com/products/garigekhan-estate-cat-129,https://cdn.shopify.com/s/files/1/0738/1409/files/Card01_1.jpg?v=1762948298,100g:700.00
Blue Tokai,Cold Brew Bags - Kalledeverapura,₹600.0,INR,"Rich + Smooth This single estate Cold Brew option is a medium roast sourced from one of our oldest farm partners, Kalledevarapura Estate, situated in the hills of Chikmagalur. With beautiful notes of stone fruit and toffee, this blend can be enjoyed black or with milk. Each box contains Cold Brew sachets of 50g each.",https://bluetokaicoffee.com/products/kalledeverapura,https://cdn.shopify.com/s/files/1/0738/1409/files/Creative1_10.jpg?v=1705469195,
Blue Tokai,Attikan Estate,₹450.0,INR,"Sweet with fruity overtones and balanced acidity, Attikan Estate is the darkest of our standard medium roasts and is perfect to brew an espresso with. It boasts of a bold and fruity profile, rounded off with a hint of nuttiness. Contains our most-loved and highest scoring coffees. these coffee capsules are made using aluminium, that is 100% recyclable. Keeps freshness and flavour intact. Easy to use and perfect for quick, fuss-free brewing. These coffee capsules are compatible with any machine that works with Nespresso®️* Original Line coffee pods. We recommended using these for a single shot of espresso and espresso-style beverages. Tastes great when consumed black or used in milk-based beverages. Disclaimer:- Blue Tokai Coffee Roasters is not affiliated with, endorsed, or sponsored by Nespresso®. Nespresso® is a registered trademark of Societe des Produits Nestlé S.A.",https://bluetokaicoffee.com/products/attikan-estate-aluminium-coffee-capsules,https://cdn.shopify.com/s/files/1/0738/1409/files/Attikan-estate-coffee-capsules-10.jpg?v=1735907065,Pack of 10:450.00; Pack of 20:900.00; Pack of 30:1300.00; Pack of 40:1600.00
Blue Tokai,Sampigehoney Estate Subscription,₹1890.0,INR,,https://bluetokaicoffee.com/products/sampigehoney-estate-subscription,https://cdn.shopify.com/s/files/1/0738/1409/files/Subscription-3_delivery_56548659-988a-42a5-985e-cf49272f980e.jpg?v=1751875057,250g:1890.00; 500g:3510.00; 1kg:6426.00; 250g:3675.00; 500g:6825.00; 1kg:12495.00; 250g:6930.00; 500g:12870.00; 1kg:23562.00; 250g:13440.00; 500g:24960.00; 1kg:45696.00
Blue Tokai,Monsoon Malabar | Medium-Dark Roast - Easy Pour Subscription,₹1350.0,INR,,https://bluetokaicoffee.com/products/monsoon-malabar-medium-dark-roast-easy-pour-subscription,https://cdn.shopify.com/s/files/1/0738/1409/files/Subscription-3_delivery_626c7c1b-14ee-4834-a2e7-ad14d518adc8.jpg?v=1751875046,3 / Pack of 10 Sachets:1350.00; 6 / Pack of 10 Sachets:2625.00; 12 / Pack of 10 Sachets:4950.00; 24 / Pack of 10 Sachets:9600.00
Blue Tokai,Riverdale Estate - Aroma Subscription,₹2160.0,INR,,https://bluetokaicoffee.com/products/riverdale-estate-aroma-subscription,https://cdn.shopify.com/s/files/1/0738/1409/files/Subscription-3_delivery_5d2f82cd-37e5-41bd-a67d-c3515102cbea.jpg?v=1751875044,250g:2160.00; 500g:4023.00; 1kg:7344.00; 250g:4200.00; 500g:7822.50; 1kg:14280.00; 250g:7920.00; 500g:14751.00; 1kg:26928.00; 250g:15360.00; 500g:28608.00; 1kg:52224.00
Blue Tokai,Meghmalhar Gift Hamper,₹5799.0,INR,"Celebrate the festive season with a gift that’s generous, flavourful, and thoughtfully crafted. A complete coffee experience for those who love their rituals. This hamper includes: - A healthy, crunchy blend of nuts and dried fruits (50 grams) - A sleek Bullet French Press for home brewing (450 ml) - A medium roast coffee blend with fruity overtones (250 grams, French Press Grind) - Suchali’s Artisan Bakehouse’s hearty and buttery oatmeal & cranberry cookies (10 pieces) - Crunchy Orange Almond Biscotti (6 pieces) - A refreshing, ready-to-drink coffee in a can (250ml) - Suchali’s Artisan Bakehouse's handcrafted Lavash for savoury snacking (150 grams) - Portable Drip Bags for fuss-free brewing (20 bags) - A charming Nilgiri Tumbler for sipping in style (1 unit)",https://bluetokaicoffee.com/products/meghmalhar-gift-hamper,https://cdn.shopify.com/s/files/1/0738/1409/files/Fest_H3_2.jpg?v=1758090943,
Blue Tokai,Meghmitra Gift Set,₹3149.0,INR,"A festive favourite, this gift box is a mix of warmth, flavour, and lasting utility, perfect for celebrations big or small. This hamper includes: - A sturdy and elegant Cellar Mug (1 unit) - Crunchy Hazelnut Biscotti for the perfect coffee pairing (6 pieces) - Cashews with Himalayan pink salt for a crunchy, savoury bite (50 grams) - Suchali’s Artisan Bakehouse’s oatmeal & cranberry cookies (10 pieces) - Smooth, oaky dark roast coffee with overtones of cocoa (250 grams, French Press Grind) - A refreshing, ready-to-drink coffee in a can (250 ml) - Portable Drip Bags for easy brewing (20 bags)",https://bluetokaicoffee.com/products/meghmitra-gift-set,https://cdn.shopify.com/s/files/1/0738/1409/files/img2_1_ebab00e4-21c3-438d-bc54-003d1fb1ce05.jpg?v=1758090918,
Blue Tokai,Kadamb Gift Box,₹1299.0,INR,"This thoughtfully curated gift box is perfect for festive exchanges, heartfelt gestures, and moments that call for a thoughtful something. This hamper includes: - Almonds with Himalayan pink salt for a savoury crunch (50 grams) - Easy to brew Blue Tokai Easy Pour sachets (pack of 5) - A refreshing, ready-to-drink coffee in a can (220ml) - Suchali’s Artisan Bakehouse’s hearty oatmeal & cranberry cookies (10 pieces)",https://bluetokaicoffee.com/products/kadamb-gift-box,https://cdn.shopify.com/s/files/1/0738/1409/files/img2_1_1772384b-f290-4e49-b0b2-965582c8c95b.jpg?v=1758090894,
Blue Tokai,Sanchay Gift Set,₹2999.0,INR,"This gift box brings together utility and indulgence, ideal for celebrating milestones, team wins, or long-standing partnerships. This hamper includes: - Crunchy almonds for a savoury snack (50 grams) - Cashews for a buttery crunch with Himalayan pink salt (50 grams) - A charming Coromandel Sipper for sipping in style (1 unit) - Easy to brew Blue Tokai Easy Pour sachets (pack of 10) - Suchali’s Artisan Bakehouse’s hearty oatmeal & cranberry cookies (10 pieces) - A reusable tote bag for everyday use (1 unit - colour may vary) - A clean, minimalist notebook for notes, thoughts or doodles (1 unit - colour may vary)",https://bluetokaicoffee.com/products/sanchay-gift-set,https://cdn.shopify.com/s/files/1/0738/1409/files/Cor_H2_2.jpg?v=1758090868,
Blue Tokai,Aaranya Gift Hamper,₹1849.0,INR,"A thoughtful curation for everyday appreciation, perfect for welcoming new team members, thanking partners, or simply making workdays more delightful. This hamper includes: - Chocolatey and nutty medium dark roast coffee with fruity overtones from Attikan Estate (100 grams, French Press Grind) - Suchali’s Artisan Bakehouse’s buttery chocolate chip cookies (10 pieces) - A blend of nuts and dried fruits for mindful snacking (50 grams) - Portable Drip Bags for quick, no-fuss brews (20 bags) - A reusable tote bag for everyday errands (1 unit - colour may vary) - A minimalist notebook for fresh thoughts and ideas (1 unit - colour may vary)",https://bluetokaicoffee.com/products/aaranya-gift-hamper,https://cdn.shopify.com/s/files/1/0738/1409/files/img2_1_9b20595a-835b-4755-abc9-7d9e2773b77a.jpg?v=1758090491,
Blue Tokai,Bakula Gift Hamper,₹4999.0,INR,"A thoughtful keepsake that brings together comforting flavours and indulgence, just right for weddings and warm wishes. This hamper includes: - French Press for a rich brewing experience (600 ml) - Set of 2 Coromandel Sippers - A medium roast coffee blend with fruity overtones (250 grams, French Press Grind)",https://bluetokaicoffee.com/products/bakula-gift-hamper,https://cdn.shopify.com/s/files/1/0738/1409/files/img1_1_983ec7b5-b785-4329-9b3f-e657097ee770.jpg?v=1758090840,
Blue Tokai,Chitrang Gift Set,₹2099.0,INR,"This thoughtfully curated gift hamper features rich coffee and indulgent treats, creating the perfect keepsake for guests and loved ones at any wedding. This hamper includes: - Easy to brew Blue Tokai Easy Pour sachets (pack of 10) - Sweet and zesty Orange Almond Biscotti (6 pieces) - A sturdy, travel-friendly Enamel Mug (1 unit)",https://bluetokaicoffee.com/products/chitrang-gift-set,https://cdn.shopify.com/s/files/1/0738/1409/files/img1_1_8a94b6d0-3744-4a51-9a6f-315689df42ba.jpg?v=1758090816,
Blue Tokai,Kurinji Gift Hamper,₹1799.0,INR,"Refreshing, indulgent, and full of thoughtful flavours, this gift is designed to make the wedding celebrations even more memorable. This hamper includes: - Easy to brew Blue Tokai Easy Pour sachets (pack of 5) - A ready-to-drink mocha cold coffee (220 ml) - A mix of nutritious and delicious trail mix (50 grams) - Crunchy almonds with Himalayan pink salt (50 grams) - Crispy and wholesome Buttermilk Crackers (150 grams) - Suchali’s Artisan Bakehouse's buttery, wholesome cookies with the sweet tang of cranberries (10 pieces) - Suchali’s Artisan Bakehouse’s hearty, melt-in-your-mouth chocolate chip cookies (10 pieces)",https://bluetokaicoffee.com/products/kurinji-gift-hamper,https://cdn.shopify.com/s/files/1/0738/1409/files/img2_2_deaa4d0a-c7d6-400e-b76b-d6de702ef622.jpg?v=1758090783,
Blue Tokai,Ketaki Gift Box,₹1299.0,INR,"Perfect for weddings, this hamper blends elegance with warmth, offering a moment of joy in every sip and bite. This hamper includes: - Easy to brew Blue Tokai Easy Pour sachets (pack of 5) - A mix of crunchy and flavourful Trail Mix (50 grams) - Crisp, melt-in-your-mouth Hazelnut Biscotti (6 pieces) - Handcrafted Cashews with Himalayan Pink Salt (50 grams)",https://bluetokaicoffee.com/products/ketaki-gift-box,https://cdn.shopify.com/s/files/1/0738/1409/files/img2_1_b21f051a-363f-4042-9cdd-c1e00d59132b.jpg?v=1758090756,
Blue Tokai,Parijat Gift Hamper,₹6399.0,INR,"A generous mix of bold brews and thoughtful treats, this gift box is perfect for marking milestones or making everyday moments feel extra special. This hamper includes: - A classic French Press for a smooth brewing ritual (600 ml) - Smooth, oaky dark roast coffee with overtones of cocoa (250 grams, French Press Grind) - Chocolatey and nutty medium dark roast coffee with fruity overtones from Attikan Estate (250 grams, French Press Grind) - Easy to brew Blue Tokai Easy Pour sachets (pack of 10) - A set of 2 refreshing and ready-to-drink cold brew cans (250ml each) - A blend of nuts and dried fruits, adding a healthy, crunchy bite to your coffee break (50 grams) - Portable Drip Bags for easy brewing anywhere (20 bags) - Almonds with Himalayan Pink Salt for a savoury snack (50 grams) - Cashews with Himalayan Pink Salt for a buttery crunch (50 grams) - Orange Almond Biscotti for a light, sweet bite (6 pieces) - A charming Coromandel Sipper for enjoying your brews in style (1 unit)",https://bluetokaicoffee.com/products/parijat-gift-hamper,https://cdn.shopify.com/s/files/1/0738/1409/files/img2_1_3845e819-0e21-4b2a-91a7-525ebb11d60e.jpg?v=1758090725,
Blue Tokai,Gulmohar Gift Set,₹3699.0,INR,"A thoughtful curation of artisanal coffee products and handcrafted treats, perfect for celebrations big and small. This hamper includes: - Chocolatey and nutty medium dark roast coffee with fruity overtones from Attikan Estate (100 grams, French Press Grind) - A medium roast coffee blend with fruity overtones (100 grams, French Press Grind) - Suchali’s Artisan Bakehouse’s hearty oatmeal & cranberry cookies (10 pieces) - Suchali’s Artisan Bakehouse’s buttery chocolate chip cookies (10 pieces) - Crunchy, wholesome Lavash (150 grams) - Almonds with Himalayan Pink Salt for a savoury snack (50 grams) - A blend of nuts and dried fruits, adding a healthy, crunchy bite to your coffee break (50 grams) - Portable Drip Bags for fresh brews on the go (20 bags) - A sleek and stylish Nilgiri Tumbler (1 unit)",https://bluetokaicoffee.com/products/gulmohar-gift-set,https://cdn.shopify.com/s/files/1/0738/1409/files/img2_1_e523cd30-2d07-4d89-904f-b10df0f39827.jpg?v=1758090696,
Blue Tokai,Phalgun Gift Box,₹2149.0,INR,"A heartfelt celebration in a beautifully packaged box. Perfect for birthdays, anniversaries, or simply sharing a moment of joy. This hamper includes: - Easy to brew Blue Tokai Easy Pour sachets (Pack of 5) - A refreshing and ready-to-drink coffee in a can (220 ml) - Suchali’s Artisan Bakehouse’s buttery, melt-in-your-mouth chocolate chip cookies (10 pieces) - Crispy, savoury buttermilk crackers (150 grams) - A blend of nuts and dried fruits, adding a healthy, crunchy bite to your coffee break (50 grams) - A sturdy, travel-friendly Cellar Mug (1 unit)",https://bluetokaicoffee.com/products/phalgun-gift-box,https://cdn.shopify.com/s/files/1/0738/1409/files/img2_1.jpg?v=1758090666,
Blue Tokai,French Press 600 ml,₹2199.0,INR,"Every home-brewer's go-to equipment, the classic French Press is known to make a consistent, heavy-bodied black coffee. Blue Tokai's French Press features heat-resistant glass and stainless steel body. This equipment can brew up to 4 cups (600ml) of coffee.",https://bluetokaicoffee.com/products/french-press-600-ml,https://cdn.shopify.com/s/files/1/0738/1409/files/FrenchPress600ml_1.jpg?v=1746083819,600ml:2199.00
Blue Tokai,Baarbara Estate Subscription,₹1890.0,INR,,https://bluetokaicoffee.com/products/baarbara-estate-subscription,https://cdn.shopify.com/s/files/1/0738/1409/files/Subscription-3_delivery_9bcfc4f8-2ea1-4c98-ba5c-cca36e3c0863.jpg?v=1711971940,250g:1890.00; 500g:3510.00; 1kg:6426.00; 250g:3675.00; 500g:6825.00; 1kg:12495.00; 250g:6930.00; 500g:12870.00; 1kg:23562.00; 250g:13440.00; 500g:24960.00; 1kg:45696.00
Blue Tokai,Harley Estate - Grappa Subscription,₹2025.0,INR,,https://bluetokaicoffee.com/products/harley-estate-grappa-subscription,https://cdn.shopify.com/s/files/1/0738/1409/files/Subscription-3_delivery_9bcfc4f8-2ea1-4c98-ba5c-cca36e3c0863.jpg?v=1711971940,250g:2025.00; 500g:3766.50; 1kg:6885.00; 250g:3937.50; 500g:7323.75; 1kg:13387.50; 250g:7425.00; 500g:13810.50; 1kg:25245.00; 250g:14400.00; 500g:26784.00; 1kg:48960.00
Blue Tokai,Warsanlyngdoh Coffee Collective,₹750.0,INR,"It's always exciting for us to partner with a new farm. With Meghalaya's Warsanlyngdoh Coffee Collective, that excitement runs even deeper. A completely new coffee growing region for us, it speaks of the possibilities that the North East Indian soil holds for specialty production. The collective’s origin goes back a decade, when Daman, a first-generation coffee producer, visited Nongryniang—a remote village in Khasi Hills and home to the nanny who cared for him in his early years. "" There, nestled among the misty hills, I came across two old coffee plants growing in someone’s backyard. I later learned that back in the 1980s, the government had briefly launched a coffee planting program in the area. Like many such initiatives, it had long been abandoned and forgotten. But those plants stayed with me. And so did the people ."", he recounts. Since then, Daman started a decade-long pursuit of craft and community. From shading systems to post-harvest processing, he spent years learning all it takes to grow high-quality coffee. Over time, the collective has grown in both, resolve and numbers, with 75 farmers now contributing to a harvest. They pick only the ripest cherries by hand, which are sun-dried for 15–22 days depending on weather conditions. The first coffee that we’ve sourced from the collective is a natural lot we’ve chosen to roast to a medium profile. It brews cups that open with the aroma of raisins, unfolding into a creamy mouthfeel. Notes of blueberry, black tea, and khasi mandarin carry through in each sip, with a long, marmalade-like finish. A balanced coffee, it lends well to various brewing methods, including espresso, Moka Pot, French Press, and AeroPress. It is enjoyable on its own as well as in milk-based beverages. Recommended Resting Period: 13 Days",https://bluetokaicoffee.com/products/warsanlyngdoh-coffee-collective,https://cdn.shopify.com/s/files/1/0738/1409/files/1.-Warsanlyngdoh-Coffee-Collective__Front.jpg?v=1751283592,250g:750.00; 250g:750.00; 250g:750.00; 250g:750.00; 250g:750.00; 250g:750.00; 250g:750.00; 250g:750.00; 250g:750.00; 250g:750.00; 250g:750.00; 250g:750.00; 250g:750.00; 500g:1395.00; 500g:1395.00; 500g:1395.00; 500g:1395.00; 500g:1395.00; 500g:1395.00; 500g:1395.00; 500g:1395.00; 500g:1395.00; 500g:1395.00; 500g:1395.00; 500g:1395.00; 500g:1395.00; 1000g:2550.00; 1000g:2550.00; 1000g:2550.00; 1000g:2550.00; 1000g:2550.00; 1000g:2550.00; 1000g:2550.00; 1000g:2550.00; 1000g:2550.00; 1000g:2550.00; 1000g:2550.00; 1000g:2550.00; 1000g:2550.00
Blue Tokai,Kuttinkhan Estate Subscription,₹2025.0,INR,,https://bluetokaicoffee.com/products/kelchandra-kuttinkhan-estate-subscription,https://cdn.shopify.com/s/files/1/0738/1409/files/Subscription-3_delivery_9bcfc4f8-2ea1-4c98-ba5c-cca36e3c0863.jpg?v=1711971940,250g:2025.00; 500g:3766.50; 1kg:6885.00; 250g:3937.50; 500g:7323.75; 1kg:13387.50; 250g:7425.00; 500g:13810.50; 1kg:25245.00; 250g:14400.00; 500g:26784.00; 1kg:48960.00
Blue Tokai,Mooleh Manay Estate – CM Natural,₹875.0,INR,"Returning to our Producer Series after 2023, Komal Sable and Akshay Dashrath share their first experiment with carbonic maceration. Building on the clarity and consistency they achieved with anaerobic fermentation last season, the fifth-generation producers modified their drums to create a CO₂-rich, oxygen-free environment that allows for slower, more controlled fermentation within whole cherries. The process began by removing floaters to select only ripe, dense cherries, followed by a brief pre-drying phase to reduce surface moisture. The cherries were then sealed in drums, and a custom culture was introduced to extend the fermentation. Over 60 hours, this combination of carbonic maceration and yeast inoculation ensured thorough mucilage breakdown and the development of deep complexity. Post-fermentation, the cherries were dried on raised beds inside a polyhouse. Continuous raking over 7 to 10 days ensured even drying until a final moisture level of 11–12% was reached. Roasted light by Rishab from our team, this coffee offers a well-structured cup with notes of fermented red fruit and a bright, juicy sweetness. It opens with the aroma of mixed berries and carries a syrupy mouthfeel, with layered flavours of dried fig, plum, black grape, and mulberry. A chocolatey aftertaste marks the finish, adding further depth. We recommend brewing this expressive coffee black, as a Pour Over, or using an AeroPress. Recommended Resting Period: 16 Days Note: This coffee pack is a special release with limited availability and, therefore, cannot be included in subscription.",https://bluetokaicoffee.com/products/mooleh-manay-estate-cm-natural,https://cdn.shopify.com/s/files/1/0738/1409/files/Sicc__Front_-01.jpg?v=1753869704,200g:875.00
Blue Tokai,SKIA Coffee (Pack of 2),₹600.0,INR,"This two-pack (100 gms each) brings together distinct coffees from Nelaji Village in Coorg. Grown by smallholder farmers and processed by Ashish Rao, a first-generation producer, these lots mark our first collaboration with Skia Coffee. Ripe, high-density cherries were pulped with the mucilage left intact, then placed in sealed tanks for a 72-hour anaerobic fermentation. A yeast strain purpose-built for controlled fermentation was introduced during this stage to develop complexity. From there, the two lots took separate paths. Honey Sun Dried The first lot was dried slowly on raised beds under controlled shade. Roasted to a medium profile, it makes for a balanced cup with notes of sweet lime, prunes, and almond. Recommended Resting Period: 16 Days Thermal Shock This second lot was immersed in hot water, then rapidly cooled in ice. It was then mechanically washed and dried slowly under shade. Also roasted to a medium profile, it brews cups with notes of tangerine, brown sugar, and berries. Both coffees brew beautifully as an espresso or with an AeroPress, Moka Pot, or French Press. They taste great black and pair well with milk. Together, they offer a chance to explore how thoughtful shifts in processing shape flavour in the final cup. Recommended Resting Period: 12 Days Note: This coffee pack is a special release with limited availability and, therefore, cannot be included in subscription.",https://bluetokaicoffee.com/products/skia-coffee-pack-of-2,https://cdn.shopify.com/s/files/1/0738/1409/files/1.-SKIA-Coffee-Thermal-Shock__Front.jpg?v=1753704812,200g:600.00
Blue Tokai,Coffee + French Press,₹1680.0,INR,Coffee + French Press,https://bluetokaicoffee.com/products/coffee-french-press,https://cdn.shopify.com/s/files/1/0738/1409/files/Vienna-French-Press-Lifestyle_edit.jpg?v=1746773283,75g:2270.00; 75g:1800.00; 75g:1800.00; 250g:1800.00; 250g:1800.00; 250g:1800.00; 250g:1800.00; 250g:1800.00; 250g:1800.00; 250g:1750.00; 250g:1780.00; 250g:1800.00; 250g:1800.00; 250g:1850.00; 250g:1800.00; 250g:1800.00; 250g:1800.00; 250g:1800.00; 250g:1800.00; 250g:1750.00; 250g:1680.00; 250g:1680.00; 250g:1850.00
Blue Tokai,Riverdale Estate N72 Subscription,₹2160.0,INR,,https://bluetokaicoffee.com/products/riverdale-estate-n72-subscription,https://cdn.shopify.com/s/files/1/0738/1409/files/Subscription-3_delivery_5d2f82cd-37e5-41bd-a67d-c3515102cbea.jpg?v=1751875044,250g:2160.00; 500g:4023.00; 1kg:7344.00; 250g:4200.00; 500g:7822.50; 1kg:14280.00; 250g:7920.00; 500g:14751.00; 1kg:26928.00; 250g:15360.00; 500g:28608.00; 1kg:52224.00
Blue Tokai,Kolli Berri Estate Subscription,₹1890.0,INR,,https://bluetokaicoffee.com/products/kolli-berri-estate-subscription,https://cdn.shopify.com/s/files/1/0738/1409/files/Subscription-3_delivery_5d2f82cd-37e5-41bd-a67d-c3515102cbea.jpg?v=1751875044,250g:1890.00; 500g:3510.00; 1kg:6426.00; 250g:3675.00; 500g:6825.00; 1kg:12495.00; 250g:6930.00; 500g:12870.00; 1kg:23562.00; 250g:13440.00; 500g:24960.00; 1kg:45696.00
Blue Tokai,Warsanlyngdoh Coffee Collective Subscription,₹2025.0,INR,,https://bluetokaicoffee.com/products/warsanlyngdoh-coffee-collective-subscription,https://cdn.shopify.com/s/files/1/0738/1409/files/Subscription-3_delivery_56548659-988a-42a5-985e-cf49272f980e.jpg?v=1751875057,250g:2025.00; 500g:3766.50; 1kg:6885.00; 250g:3937.50; 500g:7323.75; 1kg:13387.50; 250g:7425.00; 500g:13810.50; 1kg:25245.00; 250g:14400.00; 500g:26784.00; 1kg:48960.00
Blue Tokai,Krishnagiri Estate,₹700.0,INR,"A single origin dark roast, this coffee comes from a Rainforest Alliance Certified farm. The producers used a custom-designed pulper to process this washed lot, minimising water usage. In the cup, you'll first notice the aroma of brown spices. The brew, characterised by mellow acidity, a heavy body, and a velvety mouthfeel, reminds of oak, toasted walnuts, and malt. A bittersweet finish lingers between sips. We recommend brewing this coffee as an espresso, using a Moka Pot, French Press, or an AeroPress. It is rich enough to enjoy black, and also pairs well with milk. Recommended Resting Period: 7 Days",https://bluetokaicoffee.com/products/krishnagiri-estate-dark,https://cdn.shopify.com/s/files/1/0738/1409/files/1.KrishnagiriEstate__Front.jpg?v=1750769967,250g:700.00; 250g:700.00; 250g:700.00; 250g:700.00; 250g:700.00; 250g:700.00; 250g:700.00; 250g:700.00; 250g:700.00; 250g:700.00; 250g:700.00; 250g:700.00; 250g:700.00; 500g:1300.00; 500g:1300.00; 500g:1300.00; 500g:1300.00; 500g:1300.00; 500g:1300.00; 500g:1300.00; 500g:1300.00; 500g:1300.00; 500g:1300.00; 500g:1300.00; 500g:1300.00; 500g:1300.00; 1kg:2380.00; 1kg:2380.00; 1kg:2380.00; 1kg:2380.00; 1kg:2380.00; 1kg:2380.00; 1kg:2380.00; 1kg:2380.00; 1kg:2380.00; 1kg:2380.00; 1kg:2380.00; 1kg:2380.00; 1kg:2380.00
Blue Tokai,Krishnagiri Estate Subscription,₹1890.0,INR,,https://bluetokaicoffee.com/products/krishnagiri-estate-subscription,https://cdn.shopify.com/s/files/1/0738/1409/files/Subscription-3_delivery_56548659-988a-42a5-985e-cf49272f980e.jpg?v=1751875057,250g:1890.00; 500g:3510.00; 1kg:6426.00; 250g:3675.00; 500g:6825.00; 1kg:12495.00; 250g:6930.00; 500g:12870.00; 1kg:23562.00; 250g:13440.00; 500g:24960.00; 1kg:45696.00
Blue Tokai,The Rich & Bold Trio Pack,₹700.0,INR,"Introducing our Rich & Bold Trio Pack of whole coffee beans or ground coffee , meticulously curated to help you explore our world of dark coffee wonders. Whether you're new to our brand or simply looking to diversify your coffee experience, this customisable mixed bag is your gateway to discovering the ideal darker brews for your taste buds. Inside this carefully crafted sampler pack, you'll find three coffees: Vienna Roast : Rich and smoky notes with a perfect balance of boldness and smoothness. French Roast : For those who crave the deep, dark intensity of a very dark roast. Silver Oak : Celebrated for its complex flavours and versatility, this one is our own in-house cafe blend Each Sampler Pack will contain 75 g x 3 pouches.",https://bluetokaicoffee.com/products/the-rich-bold-trio-pack,https://cdn.shopify.com/s/files/1/0738/1409/files/Sampler_201224.jpg?v=1750764829,Whole Bean:700.00; Aeropress:700.00; Channi:700.00; Coffee Filter:700.00; Cold Brew:700.00; Commercial Espresso:700.00; French Press:700.00; Home Espresso:700.00; Inverted Aeropress:700.00; Moka Pot:700.00; Pourover:700.00; South Indian Filter:700.00; Turkish:700.00
Blue Tokai,Dhak Blend,₹450.0,INR,"Named after one of our favourite spring blossoms, the Dhak blend is roasted dark to bring out deep flavours of dark chocolate and fruit jam. Its heavy cocoa body leaves a smooth lingering aftertaste and makes for a bold, well-rounded cup of coffee. Contains some of our most-loved and highest scoring coffees. Made using aluminium, that is 100% recyclable. Keeps freshness and flavour intact. Easy to use and perfect for quick, fuss-free brewing. These Coffee capsules are compatible with any machine that works with Nespresso®️* Original Line Coffee pods. We recommended using these for a single shot of espresso and espresso-style beverages. Tastes great when used in milk-based beverages. Disclaimer:- Blue Tokai Coffee Roasters is not affiliated with, endorsed, or sponsored by Nespresso®. Nespresso® is a registered trademark of Societe des Produits Nestlé S.A.",https://bluetokaicoffee.com/products/dhak-blend-aluminium-coffee-capsules,https://cdn.shopify.com/s/files/1/0738/1409/files/Dhak-blend-coffee-capsules-pack-10.jpg?v=1736747343,Pack of 10:450.00; Pack of 20:900.00; Pack of 30:1300.00; Pack of 40:1600.00
Blue Tokai,M.S. Estate Subscription,₹2025.0,INR,,https://bluetokaicoffee.com/products/m-s-estate-subscription,https://cdn.shopify.com/s/files/1/0738/1409/files/Subscription-3_delivery_56548659-988a-42a5-985e-cf49272f980e.jpg?v=1751875057,250g:2025.00; 500g:3766.50; 1kg:6885.00; 250g:3937.50; 500g:7323.75; 1kg:13387.50; 250g:7425.00; 500g:13810.50; 1kg:25245.00; 250g:14400.00; 500g:26784.00; 1kg:48960.00
Blue Tokai,Cold Brew Bags - Bold,₹600.0,INR,Chocolatey + Robust Our Cold Brew Bold is a dark roast perfect for those who enjoy a robust kick in their coffee and prefer low acidity. This blend has a nutty flavour profile with notes of dark chocolate and roasted nuts. Perfect for milky drinks. Each box contains Cold Brew sachets of 50g each.,https://bluetokaicoffee.com/products/cold-brew-bag-bold,https://cdn.shopify.com/s/files/1/0738/1409/files/1Boldblend_front.jpg?v=1705468648,
Blue Tokai,St. Joseph Estate Subscription,₹1890.0,INR,,https://bluetokaicoffee.com/products/st-joseph-estate-subscription,https://cdn.shopify.com/s/files/1/0738/1409/files/Subscription-3_delivery_56548659-988a-42a5-985e-cf49272f980e.jpg?v=1751875057,250g:1890.00; 500g:3510.00; 1kg:6426.00; 250g:3675.00; 500g:6825.00; 1kg:12495.00; 250g:6930.00; 500g:12870.00; 1kg:23562.00; 250g:13440.00; 500g:24960.00; 1kg:45696.00
Blue Tokai,Monsoon Malabar AA- Hoysala Estate Subscription,₹1890.0,INR,,https://bluetokaicoffee.com/products/monsoon-malabar-aa-hoysala-estate-subscription,https://cdn.shopify.com/s/files/1/0738/1409/files/Subscription-3_delivery_56548659-988a-42a5-985e-cf49272f980e.jpg?v=1751875057,250g:1890.00; 500g:3510.00; 1kg:6426.00; 250g:3675.00; 500g:6825.00; 1kg:12495.00; 250g:6930.00; 500g:12870.00; 1kg:23562.00; 250g:13440.00; 500g:24960.00; 1kg:45696.00
Blue Tokai,Seethargundu Estate - Light Subscription,₹1890.0,INR,,https://bluetokaicoffee.com/products/kalledevarapura-estate-pulp-sun-dried-subscription,https://cdn.shopify.com/s/files/1/0738/1409/files/Subscription-3_delivery_56548659-988a-42a5-985e-cf49272f980e.jpg?v=1751875057,250g:1890.00; 500g:3510.00; 1kg:6426.00; 250g:3675.00; 500g:6825.00; 1kg:12495.00; 250g:6930.00; 500g:12870.00; 1kg:23562.00; 250g:13440.00; 500g:24960.00; 1kg:45696.00
Blue Tokai,All Products,₹0.00,INR,,https://bluetokaicoffee.com/products/all-products,,
Blue Tokai,Mage - Espresso Machine,₹27999.0,INR,"Experience the delight of café-quality coffee in the comfort of your home with our compact espresso machine , bound to elevate any countertop it sits on. Engineered with the same commitment to craft and precision that you know our coffee for, it brews consistently delicious espressos, lattes, cappuccinos, and more. Key Features Even Extraction: Enjoy precise and reliable extraction, thanks to the machine's 15 bar pressure pump, pre-soaking system and 58mm double-spouted portafilter. Convenient Brewing: Simply insert the portafilter in place and brew a perfect espresso shot at the press a button. Perfect for Latte Art: Includes a steam wand for frothing milk ideal for crafting milk-based coffee drinks. Affordable Indulgence: Save money by brewing café-style coffee at home while also experimenting with new recipes. 1 year warranty: Enjoy peace of mind knowing that your espresso maker is covered against manufacturing defects for an entire year. To know more about warranty click here . To know more about Replacement policy click here . This espresso machine is designed for easy self-installation. No team or assistance is required—simply follow the step-by-step guide included, and you'll be ready to enjoy your espresso in no time.",https://bluetokaicoffee.com/products/espresso-machine,https://cdn.shopify.com/s/files/1/0738/1409/files/1_27.jpg?v=1748260263,
Blue Tokai,Kerehaklu Estate - Peaberries,₹800.0,INR,"This special two-pack( 125 gms each) , crafted in partnership with Kerehaklu Estate, features our favourite mutation, a Peaberry. Coffee cherries usually hold two seeds but about 5-10% of the time, just one seed grows inside the cherry. This is a Peaberry. Small, round, and denser than regular coffee beans, it boasts a unique flavour profile, with a deeper sweetness and a brighter acidity. Carefully isolated by Pranoy, Ajoy, and team at the farm, the Peaberries that lent to the creation of this pack were processed in two distinct ways: - Washed (Aerobic Sequential) This lot underwent a sequential aerobic fermentation, where Peaberries were submerged in water for an extended period, creating an oxygen-rich environment that brought out complexity, clarity, and bright acidity. Roasted light, these make for a cup with the aroma of brown sugar and citrus, and a juicy mouthfeel that opens into notes of mosambi, toffee, and green grape. The aftertaste is sweet and reminds of ripe mosambis. Natural (Anoxic) Fermented in an oxygen-free environment, the coffee cherries in this lot experienced a slower, more complex fermentation, since the microbes had more time to break down the sugars present, and produce a wider range of aromatic compounds. The result is a rich, fruity flavour profile with a deep body and balance. Roasted light, these make for a cup with the aroma of red grape and dark cherries, and a creamy mouthfeel revealing notes of orange, red grape, and red apple. Punctuating each sip is a lingering aftertaste of red apple. We recommend brewing these coffees black as a Pour Over or using an AeroPress. Recommended Resting Period: 15 Days Note: This coffee pack is a special release with limited availability and, therefore, cannot be included in our Mixed Bag subscription.",https://bluetokaicoffee.com/products/kerehaklu-estate-peaberries,https://cdn.shopify.com/s/files/1/0738/1409/files/02_Kerehaklu-Estate-Peaberry-Natural__Washed_Natural.jpg?v=1739270298,250g:800.00
Blue Tokai,MSP Micro Lot Blend,₹750.0,INR,"A melting pot of micro-climates where some of India’s finest coffee has thrived since 1920, MSP Coffee is a group of seven estates in Yercaud, including the three that lend to this blend. From achieving a surprisingly sweet cup after fermenting coffee with a local variety of bitter lemons to seeing the tail end of a 1000-hour ferment, the group exemplifies how curiosity lies at the heart of their work. The micro lots we picked for this blend come from Bison Valley Estate, Stanmore Estate, and Orchardale Estate and bear this very spirit. The first lot was washed and fermented with melon extract, with the processing imparting a unique sweetness. The second underwent triple fermentation: first as whole cherries, then after depulping, and finally after washing. This process uniquely combined quick dry fermentation and long anaerobic fermentation with watermelon, developing complexity. The third coffee was processed using the natural method, with cherries dried intact, allowing the fruit to shape its character. Roasted medium, the blend has a fruity and punchy flavour profile with notes of cherry, dark chocolate, and wild berry, followed by a rich, lingering aftertaste of chocolate. This blend works well black as well as with milk and lends itself nicely to most brewing methods including espresso, Pour Over, Moka Pot, French Press, AeroPress, and Cold Brew. Recommended Resting Period: 7 Days",https://bluetokaicoffee.com/products/msp-micro-lot-blend,https://cdn.shopify.com/s/files/1/0738/1409/files/1._MSPMicroLotBlend__Front_-01.jpg?v=1740635611,250g:750.00
Blue Tokai,Origin Unhurried: Yercaud Pack,₹750.0,INR,"In the spirit of slow travel, welcome to a journey through India's coffee-growing regions, where coffee cherries ripen under the shade of tall trees, centuries-old crafts continue to thrive in skilled hands, and expressions of heritage endure and evolve. For the third destination, we bring you three 75g packs of coffee from Yercaud, a picturesque hill station dotted with streams and valleys, where coffee has been cultivated since 1820. The selection includes: Riverdale Estate - White Rose, an experimental light roast fermented with rose petals, brewing cups with notes of blood orange, passion fruit, and pomegranate. Hidden Falls Estate, a natural light roast with a fruity and punchy flavour profile, and notes of mango, mulberry, and guava. Gowri Estate, a natural medium roast with notes of mulberry, red plum, and red grape. The pack also includes stories of local craft, culture, and community, offering an opportunity to establish a deeper connection with your brews. Recommended Resting Period: Gowri Estate: 8 days Hidden Falls Estate: 15 days Riverdale Estate - White Rose: 15 days Wait for this short duration to enjoy optimal flavours. Resting allows coffee to degas after roasting, resulting in a well-balanced and flavourful brew. Note: This coffee pack is a special release with limited availability and, therefore, cannot be included in our Mixed Bag subscription.",https://bluetokaicoffee.com/products/origin-unhurried-yercaud-pack,https://cdn.shopify.com/s/files/1/0738/1409/files/1_23.jpg?v=1738648042,225g:750.00
Blue Tokai,Riverdale Estate - White Rose,₹800.0,INR,"Fermented with rose petals, this layered light roast perfectly embodies why Riverdale Estate is a pioneer in experimental processing. Only the ripest cherries, hand-picked from the higher-altitude blocks of the farm, where the fruit matures slowly and develops an enhanced sweetness, were used. Once harvested, the cherries underwent a triple wash with natural spring water to remove impurities, followed by a floating process to eliminate underdeveloped beans. During fermentation, rose petals were introduced, setting up the stage for complexity in the cup. After fermentation, the cherries were slow-dried on raised beds for up to 30 days, allowing for even drying. Finally, the coffee was hulled at the estate’s dry mill, where any defective beans were eliminated before being sent to our roastery. In the cup, you’ll experience bright notes of blood orange, passion fruit, and pomegranate, complemented by a creamy mouthfeel and a lingering sweetness. We recommend brewing it black using an AeroPress or as a Pour Over. Note: This coffee is a special release with limited availability and, therefore, cannot be included in our Mixed Bag subscription.",https://bluetokaicoffee.com/products/riverdale-estate-white-rose-2,https://cdn.shopify.com/s/files/1/0738/1409/files/01_RiverdaleEstate-WhiteRose__Front.jpg?v=1737957453,250g:800.00
Blue Tokai,Blue Tokai Coffee Roasters Gift Card,₹500.0,INR,"Give the gift of great coffee with the Blue Tokai Coffee Roasters Gift Card! Whether it's a birthday, anniversary, or just a thoughtful gesture, this digital gift card is perfect for any coffee enthusiast. Key Features: Flexibility: Redeemable on all products at Blue Tokai, including freshly roasted coffee beans, brewing equipment, merchandise, and more. Customizable Amounts: Available in various denominations to suit your gifting needs. Hassle-Free: Delivered instantly via email, ready to use at checkout. Why Choose Blue Tokai? Blue Tokai is India’s leading specialty coffee brand, offering the finest beans sourced directly from sustainable farms. With a range of single-origin coffees and blends, the recipient is sure to find their perfect brew. Surprise your loved ones with the gift of premium coffee today! Terms and conditions Blue Tokai Coffee Roasters(BTCR) GIFT CARD is issued to be redeemed at BTCR App only. BTCR GIFT CARD will be valid for 1-year to redeem from date of purchase. The amount in BTCR can be redeemed on all types of orders on BTCR app only. The amount cannot be taken out/transferred from BTCR Wallet. The amount can be used on multiple transactions on BTCR app only. No returns and no refunds on gift cards, e-gift cards and gift vouchers. A GIFT CARD can be redeemed multiple times. No cash payment will be made by the company for the Gift card either in part or in full nor exchanged. In case the value of the service exceeds the value of the Gift card, the difference must be paid by other available payment modes. No cancellation and No refund money are allowed on the issued Gift card. Any unspent amount available in the Gift Card after the card expires shall stand forfeited. BTCR does not accept any responsibility if the customer loses/misplaces the gift card. No duplicate card will be issued either. E-Gift Cards are normally delivered instantly. But sometimes due to system issues, the delivery can be delayed up-to 24 - 48 hours. For enquiries or comp",https://bluetokaicoffee.com/products/blue-tokai-coffee-roasters-gift-card,https://cdn.shopify.com/s/files/1/0738/1409/files/Giftcard_600x600-14_1.jpg?v=1737444573,"₹500.00:500.00; ₹1,000.00:1000.00; ₹1500.00:1500.00; ₹2,000.00:2000.00; ₹2500.00:2500.00; ₹3,000.00:3000.00; ₹5,000.00:5000.00; ₹7500.00:7500.00; ₹10000.00:10000.00"
Blue Tokai,Basankhan Estate Subscription,₹1890.0,INR,,https://bluetokaicoffee.com/products/basankhan-estate-subscription,https://cdn.shopify.com/s/files/1/0738/1409/files/Subscription-3_delivery_d91e5bc4-9a1d-48fc-a38d-df302aca245a.jpg?v=1751875051,250g:1890.00; 500g:3510.00; 1kg:6426.00; 250g:3675.00; 500g:6825.00; 1kg:12495.00; 250g:6930.00; 500g:12870.00; 1kg:23562.00; 250g:13440.00; 500g:24960.00; 1kg:45696.00
Blue Tokai,Portable Drip Bags,₹350.0,INR,"Meet our new pack of portable drip bags that brew a fresh cup of your favourite coffee, anytime and anywhere, without equipment. Compatible with any ground coffee, these craft a delicious cup in four easy steps: Simply anchor the bag onto a cup Add 11-13 gms (½ a bag) of any medium-fine ground coffee Pour hot water 2-3 times Wait for 2 minutes and enjoy delicious coffee!",https://bluetokaicoffee.com/products/coffee-drip-bags,https://cdn.shopify.com/s/files/1/0738/1409/files/1.-Drip-Bag-_Front.jpg?v=1723200155,1 x 20 drip bags:350.00; 2 x 20 drip bags:700.00
Blue Tokai,Wine Barrel Aged Coffee,₹650.0,INR,"Meet our three-pack of wine barrel aged coffees, beautifully merging the world of fine wine and specialty coffee. Green coffee beans sourced from Baarbara Estate were aged for seven weeks in Fratelli wine barrels that had previously held three of their exceptional wines. The barrels were rotated every 5 days to ensure even infusion, and samples were drawn regularly to track the beans’ flavour development. After ageing, the beans rested for 10-15 days in our warehouses and were then roasted to a medium profile. From this process, three distinct, layered, and comforting coffees have emerged. Named after the wines previously stored in the barrels used during processing, the coffees in this selection are: MS Late Harvest treats you to notes of black cherry, prune, and red wine. Sette Collection brews cups with notes of red grape, orange, and walnut. J'Noon White tastes of sparkling wine, stone fruits, and raspberry. We recommend brewing this selection black. Note: The wine-like tasting notes in these coffees are a result of their unique processing. All offerings in this pack are non-alcoholic.",https://bluetokaicoffee.com/products/wine-barrel-aged,https://cdn.shopify.com/s/files/1/0738/1409/files/WineBarrelAgedCup2.jpg?v=1735020269,250g:650.00
Blue Tokai,Wheat Bran Coconut cookies,₹195.0,INR,"Indulge in our treats packed with rich flavour and loaded with fiber. Naturally sweetened with jaggery, each bite offers a wholesome and satisfying experience that’s as delicious as it is nutritious. Naturally sweetened with jaggery Crafted with 100% butter Contains no refined flour Packed with flavour and loaded with fibre Each box contains 10 cookies",https://bluetokaicoffee.com/products/coconut-wheat-cookies,https://cdn.shopify.com/s/files/1/0738/1409/files/Wheat-Bran_front.jpg?v=1735036763,
Blue Tokai,Multi-seed Millet cookies,₹195.0,INR,"Savour our guilt-free cookies, packed with a crunchy blend of nutritious seeds for a wholesome, satisfying treat. Enjoy the perfect balance of health and indulgence in every bite. Packed with a crunchy, wholesome blend of assorted seeds Perfect for sharing Contains no refined flour and sugar Guilt-free cookies, rich in fibre Each box contains 10 cookies",https://bluetokaicoffee.com/products/multi-seed-millet-cookies,https://cdn.shopify.com/s/files/1/0738/1409/files/Multi_Seed.jpg?v=1735036698,
Blue Tokai,Oatmeal & cranberry cookies,₹195.0,INR,"Indulge in the delightful blend of sweet dried cranberries and wholesome oats, baked into cookies that are both chewy and crispy. Made with 100% butter, these treats offer a rich, buttery flavour that complements their soft and satisfying texture. Enjoy the perfect balance of sweetness and crunch in every bite. Rich in fibre, with the sweetness of dried cranberries and wholesome oats Chewy, soft, crispy and perfect for sharing Crafted with 100% butter Contains no refined flour and sugar Each box contains 10 cookies",https://bluetokaicoffee.com/products/oatmeal-cranberry-cookies,https://cdn.shopify.com/s/files/1/0738/1409/files/Oatmeal-_-Cranberry.jpg?v=1735036636,
Blue Tokai,Chocolate chip cookies,₹195.0,INR,"Savour the wholesome goodness of our chocolate chip cookies, made with a blend of nutrient-rich amaranth and whole wheat flour. Each treat is crafted with 100% butter, delivering a perfectly chewy and crunchy experience that’s satisfying. Rich in fibre with the goodness of amaranth and whole wheat flour Chewy, crunchy and perfect for sharing Crafted with 100% butter Contains no refined flour Each box contains 10 cookies",https://bluetokaicoffee.com/products/chocolate-chip-cookies,https://cdn.shopify.com/s/files/1/0738/1409/files/Choco_Front.jpg?v=1735036315,
Blue Tokai,Climate Resilient Coffees,₹1000.0,INR,,https://bluetokaicoffee.com/products/crc,,130g:1000.00
Blue Tokai,Little Box of Love,₹1299.0,INR,"You may not say it that often so here’s a little gift to make your love for them known. Brewed perfectly to your siblings’ taste, surprise them with easy-to-brew coffees, paired with chocolatey cookies and much more. A fitting introduction to the world of specialty coffee, it includes: A pack of 5 Easy Pour sachets for delicious brews that demand no equipment; A charming cellar mug that invites you to savour the moment; A box of 10 Chocolate Chip C ookies to enjoy as treats and to complement coffee explorations ; A pack of trail mix with wholesome and nutritious snack, a perfect blend of nuts, dried fruits, and seeds. An endearing gift note;",https://bluetokaicoffee.com/products/little-box-of-love,https://cdn.shopify.com/s/files/1/0738/1409/files/Yellow_Gift_Box.jpg?v=1723029409,
Blue Tokai,Big Box of Comfort,₹1899.0,INR,"Manifest in a beaming smile and eyes sparkling with delight, silently whispering ""thank you for all the love!"" ... the unique joy of receiving a thoughtful present is what this coffee gift hamper captures. A fitting introduction to the world of specialty coffee, it includes: A pack of 5 Easy Pour sachets for delicious brews that demand no equipment; A charming cellar mug that invites you to savour the moment; A box of 10 Oatmeal and Cranberry C ookies to enjoy as treats and to complement coffee explorations ; Two perfect pocket snacks—our 50g individual packs of cashews and almonds; Two of our ready-to-drink coffee cans (Mocha Cold Coffee and Classic Bold) that pair perfectly with your everyday . An endearing gift note",https://bluetokaicoffee.com/products/big-box-of-comfort,https://cdn.shopify.com/s/files/1/0738/1409/files/2.GiftBox__Open.jpg?v=1720515091,
Blue Tokai,Araku Valley - Manyatorna FPO,₹0.00,INR,,https://bluetokaicoffee.com/products/araku-valley-manyatorna-fpo,,75g:0.00; 75g:0.00; 75g:0.00; 75g:0.00; 75g:0.00; 75g:0.00; 75g:0.00; 75g:0.00; 75g:0.00; 75g:0.00; 75g:0.00; 75g:0.00; 75g:0.00
Blue Tokai,Araku Valley - Gosthani FPO,₹0.00,INR,,https://bluetokaicoffee.com/products/araku-valley-gosthani-fpo,,75g:0.00; 75g:0.00; 75g:0.00; 75g:0.00; 75g:0.00; 75g:0.00; 75g:0.00; 75g:0.00; 75g:0.00; 75g:0.00; 75g:0.00; 75g:0.00; 75g:0.00
Blue Tokai,Araku Valley - Vanmaya FPO,₹0.00,INR,,https://bluetokaicoffee.com/products/araku-valley-vanmaya-fpo,,75g:0.00; 75g:0.00; 75g:0.00; 75g:0.00; 75g:0.00; 75g:0.00; 75g:0.00; 75g:0.00; 75g:0.00; 75g:0.00; 75g:0.00; 75g:0.00; 75g:0.00
Blue Tokai,Coromandel Sipper,₹1199.0,INR,"Meet the Coromandel Sipper – your ultimate travel companion for life on the go. Crafted from food-grade stainless steel, this sleek and durable sipper bottle is perfect for busy commutes or weekends with plans. Lightweight yet sturdy, it’s designed to prevent spills, making every adventure seamless and mess-free. Features of the Coromandel Sipper: Premium Stainless-Steel Construction: Made from food-grade stainless steel, this tumbler glass is rust-resistant, durable, and safe for everyday use. Ample Capacity: With a 500ml size, this tumbler bottle holds just the right amount of your favourite beverage, from morning coffee to refreshing iced tea. Reliable Insulation: The insulation maintains hot drinks for up to 7 hours and cold drinks for up to 12 hours, ideal for any climate or activity. Travel-Friendly Design: Lightweight, spill-resistant, and easy to carry, this coffee sipper is perfect for people with busy schedules or those who love exploring the outdoors. Eco-Friendly Alternative: Ditch single-use plastics with this reusable insulated sipper, combining functionality and sustainability in one sleek package. Wherever your day takes you, the Coromandel Sipper is ready to keep pace, blending practicality with style for every moment on the go.",https://bluetokaicoffee.com/products/coromandel-sipper,https://cdn.shopify.com/s/files/1/0738/1409/files/Creative-03_3_6993c51b-d252-4949-8352-23e398218ce7.jpg?v=1732704218,
Blue Tokai,24 Delivery Capsule Subscription,₹0.00,INR,,https://bluetokaicoffee.com/products/24-delivery-capsule-subscription,https://cdn.shopify.com/s/files/1/0738/1409/files/24D.jpg?v=1732865669,
Blue Tokai,12 Delivery Capsule Subscription,₹0.00,INR,,https://bluetokaicoffee.com/products/12-delivery-capsule-subscription,https://cdn.shopify.com/s/files/1/0738/1409/files/12D.jpg?v=1732865663,
Blue Tokai,6 Delivery Capsule Subscription,₹0.00,INR,,https://bluetokaicoffee.com/products/6-delivery-capsule-subscription,https://cdn.shopify.com/s/files/1/0738/1409/files/6D.jpg?v=1732865657,
Blue Tokai,3 Delivery Capsule Subscription,₹0.00,INR,,https://bluetokaicoffee.com/products/3-delivery-capsule-subscription,https://cdn.shopify.com/s/files/1/0738/1409/files/3D.jpg?v=1732865576,
Blue Tokai,Silver Oak Blend,₹450.0,INR,"This medium roast is our signature house blend and is used to brew espresso-based coffees across our cafés. The Silver Oak Blend is an extremely versatile choice that has a balanced flavour profile and works really well as an espresso. Contains some of our most-loved and highest scoring coffees. Made using aluminium, that is 100% recyclable. Keeps freshness and flavour intact. Easy to use and perfect for quick, fuss-free brewing. These coffee capsules are compatible with any machine that works with Nespresso®️* Original Line coffee pods. We recommended using these for a single shot of espresso and espresso-style beverages. Tastes great when consumed black or used in milk-based beverages. Disclaimer:- Blue Tokai Coffee Roasters is not affiliated with, endorsed, or sponsored by Nespresso®. Nespresso® is a registered trademark of Societe des Produits Nestlé S.A.",https://bluetokaicoffee.com/products/silver-oak-aluminium-coffee-capsules,https://cdn.shopify.com/s/files/1/0738/1409/files/Silver-Oak-blend-coffee-capsules-10.jpg?v=1736757147,Pack of 10:450.00; Pack of 20:900.00; Pack of 30:1300.00; Pack of 40:1600.00
Blue Tokai,Vienna Roast | Coffee Capsules Subscription,₹4320.0,INR,,https://bluetokaicoffee.com/products/vienna-roast-coffee-capsules-subscription,https://cdn.shopify.com/s/files/1/0738/1409/files/Subscription-3_delivery_805a70d2-e77d-462e-92ca-9ff835d69c37.jpg?v=1771848136,3 / Pack of 40:4320.00; 6 / Pack of 40:8400.00; 12 / Pack of 40:15840.00; 24 / Pack of 40:30720.00
Blue Tokai,Dhak Blend | Coffee Capsules Subscription,₹4320.0,INR,,https://bluetokaicoffee.com/products/dhak-blend-coffee-capsules-subscription,https://cdn.shopify.com/s/files/1/0738/1409/files/Subscription-3_delivery_805a70d2-e77d-462e-92ca-9ff835d69c37.jpg?v=1771848136,3 / Pack of 40:4320.00; 6 / Pack of 40:8400.00; 12 / Pack of 40:15840.00; 24 / Pack of 40:30720.00
Blue Tokai,Assorted Cookie Box,₹870.0,INR,"In life's big and small moments, it’s often the little things that make the biggest impact—like a pack of cookies. Packed with flavour and nutrition, our cookies are a reminder that joy can be found in simplicity. Savour the handcrafted goodness in every bite from our assorted range. Chocolate Chip Cookies : Savour the wholesome goodness of our chocolate chip cookies, made with a blend of nutrient-rich amaranth and whole wheat flour. Wheat Bran Coconut Cookies: Naturally sweetened with jaggery, each bite of our Wheat Bran Coconut cookies offers a wholesome and satisfying experience. Multi-Seed Millet Cookies: Savour our guilt-free cookies, packed with a crunchy blend of nutritious seeds for a wholesome, satisfying treat. Oatmeal and Cranberry Cookies: Indulge in the delightful blend of sweet, dried cranberries and wholesome oats, baked into cookies that are both chewy and crispy.",https://bluetokaicoffee.com/products/assorted-cookie-box,https://cdn.shopify.com/s/files/1/0738/1409/files/CookieHamperDiwaliNOCOOKIES.png?v=1729490407,
Blue Tokai,Bullet French Press,₹2199.0,INR,"Transform your coffee routine with our New Bullet French Press coffee maker, a classic brewer in a modern, functional form. Ideal for beginners and seasoned brewers alike, its matte finish ensures a spotless appearance post-brewing, while the sleek design adds a touch of sophistication to any countertop. Key Features A sight to behold : Elevates your coffee corner with its understated yet tasteful   design. Superior Brewing Experience : Enjoy smooth press action and impeccable coffee-   to-ground separation with our high-density stainless-steel filter. Designed for Ease : Lightweight, heat-resistant, and shatter-proof for effortless   handling and durability. Portable : Fits neatly into your backpack, delighting you with delicious coffee on   the go. Specifications Capacity: 450 ml Dimensions: 15.9 x 14.7 x 5.2 cm Material: Stainless Steel Mesh, Heat Resistant Borosilicate Glass and Polypropylene Insulating Sleeve To know more about Replacement policy click here .",https://bluetokaicoffee.com/products/bullet-french-press,https://cdn.shopify.com/s/files/1/0738/1409/files/Bullet.jpg?v=1719835020,
Blue Tokai,Jacaranda Blend Subscription,₹1350.0,INR,,https://bluetokaicoffee.com/products/south-indian-filter-blend-subscription,https://cdn.shopify.com/s/files/1/0738/1409/files/Subscription-3_delivery_ad46ca21-fedb-49e5-ac1e-dd59609e77fc.jpg?v=1711971065,250g:1350.00; 500g:2511.00; 1000g:4590.00; 250g:2625.00; 500g:4882.50; 1000g:8925.00; 250g:4950.00; 500g:9207.00; 1000g:16830.00; 250g:9600.00; 500g:17856.00; 1000g:32640.00
Blue Tokai,Amaltas Blend Subscription,₹1755.0,INR,,https://bluetokaicoffee.com/products/cold-brew-blend-light-subscription,https://cdn.shopify.com/s/files/1/0738/1409/files/Subscription-3_delivery_53cbba3b-f7ee-4e2e-ab57-960f4b69a417.jpg?v=1751875059,250g:1755.00; 500g:3240.00; 1kg:5967.00; 250g:3412.50; 500g:6300.00; 1kg:11602.50; 250g:6435.00; 500g:11880.00; 1kg:21879.00; 250g:12480.00; 500g:23040.00; 1kg:42432.00
Blue Tokai,Vienna Roast,₹450.0,INR,"The second darkest of our roasts, this blend has a great body, low acidity and is a favourite choice for coffee drinkers who enjoy a strong cup, with the characteristic bittersweet notes. Contains some of our most-loved and highest scoring coffees. Made using aluminium, that is 100% recyclable. Keeps freshness and flavour intact. Easy to use and perfect for quick, fuss-free brewing. These Coffee capsules are compatible with any machine that works with Nespresso®️* Original Line Coffee pods. We recommended using these for a single shot of espresso and espresso-style beverages. Tastes great when used in milk-based beverages. Disclaimer:- Blue Tokai Coffee Roasters is not affiliated with, endorsed, or sponsored by Nespresso®. Nespresso® is a registered trademark of Societe des Produits Nestlé S.A.",https://bluetokaicoffee.com/products/vienna-roast-aluminium-coffee-capsules,https://cdn.shopify.com/s/files/1/0738/1409/files/Vienna-roast-coffee-capsules.jpg?v=1736417191,Pack of 10:450.00; Pack of 20:900.00; Pack of 30:1300.00; Pack of 40:1600.00
Blue Tokai,Salted Almonds,₹298.0,INR,,https://bluetokaicoffee.com/products/salted-almonds,https://cdn.shopify.com/s/files/1/0738/1409/files/Almondsx2.jpg?v=1727695396,Pack of 2:298.00; Pack of 4:596.00
Blue Tokai,Salted Cashews,₹298.0,INR,,https://bluetokaicoffee.com/products/salted-cashews,https://cdn.shopify.com/s/files/1/0738/1409/files/Cashewx2.jpg?v=1727695196,Pack of 2:298.00; Pack of 4:596.00
Blue Tokai,Trail Mix,₹298.0,INR,"Snack healthy and smart with our nutritious trail mix, a delightful combination of nuts, dried fruits, and seeds. Perfect for an energy boost during the day or as a wholesome treat during hectic workdays , this trail mix is both satisfying and nourishing, providing a tasty balance of crunch and flavour .",https://bluetokaicoffee.com/products/trail-mix,https://cdn.shopify.com/s/files/1/0738/1409/files/TrailMixx2.png?v=1727695093,Pack of 2:298.00; Pack of 4:596.00
Blue Tokai,Coffee for grinder seasoning,₹250.0,INR,These are bad beans from our roasting machine meant specifically for seasoning new grinder burrs. They are not intended for brewing or consumption.,https://bluetokaicoffee.com/products/coffee-for-grinder-seasoning,https://cdn.shopify.com/s/files/1/0738/1409/files/coffee-beans.jpg?v=1735207034,1000g:250.00
Blue Tokai,COFFEE T-SHIRT Yellow (Pour over),₹899.0,INR,"Inspired by the pour over apparatus, our signature cotton t-shirt is designed as a style built out of amalgamating regional and contemporary art. If coffee is a big part of your life, w ear your love for coffee on your sleeve with this t-shirt ! 100% recycled and recyclable GSM 180+ Double bio-washed A versatile fit for everyone",https://bluetokaicoffee.com/products/pourover-printed-coffee-tshirt,https://cdn.shopify.com/s/files/1/0738/1409/files/Yellow-2.jpg?v=1724323828,Yellow / Small:899.00; Yellow / Medium:899.00; Yellow / Large:899.00; Yellow / Extra Large:899.00; Yellow / Double Extra Large:899.00
Blue Tokai,COFFEE T-SHIRT Black (Mokapot),₹899.0,INR,"Our signature cotton t-shirt is inspired by the mokapot, made as juxtapositions of regional and contemporary art. Available in two colours, this is the perfect way to flaunt your love for coffee and initiate some interesting conversations! 100% recycled and recyclable GSM 180+ Double bio-washed A versatile fit for everyone",https://bluetokaicoffee.com/products/mokapot-print-black-tshirt,https://cdn.shopify.com/s/files/1/0738/1409/files/Grey-2.jpg?v=1724324413,Small:899.00; Medium:899.00; Large:899.00; Extra Large:899.00; Double Extra Large:899.00
Blue Tokai,COFFEE T-SHIRT Blue (Mokapot),₹899.0,INR,"Our signature cotton t-shirt is inspired by the mokapot, made as juxtapositions of regional and contemporary art. Available in two colours, this is the perfect way to flaunt your love for coffee and initiate some interesting conversations! 100% recycled and recyclable GSM 180+ Double bio-washed A versatile fit for everyone",https://bluetokaicoffee.com/products/mokapot-printed-blue-coffee-tshirt,https://cdn.shopify.com/s/files/1/0738/1409/files/Blue-1.jpg?v=1724323829,Blue / Small:899.00; Blue / Medium:899.00; Blue / Large:899.00; Blue / Extra Large:899.00; Blue / Double Extra Large:899.00
Blue Tokai,Classic Cold Coffee,₹350.0,INR,"Made using 100% Arabica coffee, sourced directly from our partner farms Expertly crafted and preservative-free Pack of 4 cans, perfect to drink at home or when you're on the go Blended to perfection for a creamy and sweet mouthfeel Each can contains 220 ml of cold coffee",https://bluetokaicoffee.com/products/classic-cold-coffee,https://cdn.shopify.com/s/files/1/0738/1409/files/2.-Classic-Cold-_Double.jpg?v=1723010507,Pack of 2 Cans:350.00; Pack of 4 Cans:710.00
Blue Tokai,Mocha Cold Coffee,₹350.0,INR,"Made using 100% Arabica coffee , sourced directly from our partner farms Expertly crafted and preservative-free Pack of 4 cans, perfect to drink at home or when you're on the go Blended to perfection for a creamy and chocolatey mouthfeel Each can contains 220 ml of cold coffee",https://bluetokaicoffee.com/products/mocha-cold-coffee,https://cdn.shopify.com/s/files/1/0738/1409/files/2.-Mocha-Cold-_Double.jpg?v=1723805313,Pack of 2 Cans:350.00; Pack of 4 Cans:710.00
Blue Tokai,Seethargundu Estate | Light Roast - Easy Pour,₹300.0,INR,"If you like your coffee light, fruity and complex in flavours, this one could be your next favourite. With a clean and crisp body, you'll be treated to aromas of jaggery and sugarcane, a syrupy mouthfeel, and a smooth, velvety texture, followed by a lingering aftertaste of refreshing citrus. Choose from our pack of 5 or pack of 10 Easy Pours.",https://bluetokaicoffee.com/products/seethargundu-estate-easy-pour-coffee-sachets,https://cdn.shopify.com/s/files/1/0738/1409/files/Seethargundu-Estate__Front_1.jpg?v=1764321548,Pack of 5 Sachets:300.00; Pack of 10 Sachets:500.00
Blue Tokai,Cold Brew Bags - Kalledeverapura Subscription,₹1350.0,INR,,https://bluetokaicoffee.com/products/cold-brew-bags-kalledeverapura-subscription,,3 / Pack of 5:1350.00; 6 / Pack of 5:2625.00; 12 / Pack of 5:4950.00; 24 / Pack of 5:9600.00
Blue Tokai,Silver Oak Blend | Coffee Capsules Subscription,₹4320.0,INR,,https://bluetokaicoffee.com/products/silver-oak-blend-coffee-capsules-subscription,https://cdn.shopify.com/s/files/1/0738/1409/files/Subscription-3_delivery_805a70d2-e77d-462e-92ca-9ff835d69c37.jpg?v=1771848136,3 / Pack of 40:4320.00; 6 / Pack of 40:8400.00; 12 / Pack of 40:15840.00; 24 / Pack of 40:30720.00
Blue Tokai,Coffee Journal,₹480.0,INR,"This journal is for coffee drinkers ranging from experimentalists to avid cupping experts. Take tasting notes, sharpen your palate or just list which coffees and brewing techniques you like the most (you can also note down which coffees you'd like to recommend to friends, family members or colleagues!). Map your coffee journey as you brew your next thirty coffees. Also, ideal as gifts for those who are about to embark on their coffee journey or want to maintain a record of their experience but haven't found the best way to do so. 72 pages / A6 / 105 MM X 148 MM INCLUDES A glossary defining all the terms Made in India in collaboration with Origin One using paper from sustainable sources.",https://bluetokaicoffee.com/products/coffee-journal,https://cdn.shopify.com/s/files/1/0738/1409/files/1coffeejournal_cover.jpg?v=1706010075,
Blue Tokai,Attikan Estate | Coffee Capsules Subscription,₹4320.0,INR,,https://bluetokaicoffee.com/products/attikan-estate-coffee-capsules-1,https://cdn.shopify.com/s/files/1/0738/1409/files/Subscription-3_delivery_3ec21c0d-5503-4564-99ca-e0d56251b761.jpg?v=1771848102,3 / Pack of 40:4320.00; 6 / Pack of 40:8400.00; 12 / Pack of 40:15840.00; 24 / Pack of 40:30720.00
Blue Tokai,Moka Pot Hoodie,₹1599.0,INR,"Here’s our love for brewing, and the warmth you need for winter, woven into a hooded sweatshirt. Incredibly soft and breathable, it features a kangaroo pocket and an illustration of a Moka pot inspired by indigenous and modern art on the back. Unisex; fits as expected Double silicon washed for extra softness Printed using gold-standard dyes Made using cotton fleece (80% cotton and 20% polyester) Size Chart Size Chest Body Length Sleeve Length S 40 25.1/2 24 M 42 26 25 L 44 27.1/2 26 XL 46 28.1/2 27 XXL 48 29.1/2 28",https://bluetokaicoffee.com/products/moka-pot-hoodie,https://cdn.shopify.com/s/files/1/0738/1409/files/1MokaPotHoodie_front.jpg?v=1706010722,Small:1599.00; Medium:1599.00; Large:1599.00; Extra Large:1599.00; Double Extra Large:1599.00
Blue Tokai,Vienna | Dark Roast - Easy Pour Subscription,₹1350.0,INR,,https://bluetokaicoffee.com/products/vienna-dark-roast-easy-pour-subscription,https://cdn.shopify.com/s/files/1/0738/1409/files/Subscription-3_delivery_ffdde8ce-7780-4f72-bfec-cbd4fac3c1d3.jpg?v=1751875045,3 / Pack of 10 Sachets:1350.00; 6 / Pack of 10 Sachets:2625.00; 12 / Pack of 10 Sachets:4950.00; 24 / Pack of 10 Sachets:9600.00
Blue Tokai,Thogarihunkal Estate | Medium Roast - Easy Pour Subscription,₹1350.0,INR,,https://bluetokaicoffee.com/products/thogarihunkal-estate-medium-roast-easy-pour-subscription,https://cdn.shopify.com/s/files/1/0738/1409/files/Subscription-3_delivery_626c7c1b-14ee-4834-a2e7-ad14d518adc8.jpg?v=1751875046,3 / Pack of 10 Sachets:1350.00; 6 / Pack of 10 Sachets:2625.00; 12 / Pack of 10 Sachets:4950.00; 24 / Pack of 10 Sachets:9600.00
Blue Tokai,Gowri Estate | Medium Roast - Easy Pour Subscription,₹1350.0,INR,,https://bluetokaicoffee.com/products/gowri-estate-medium-roast-easy-pour-subscription,https://cdn.shopify.com/s/files/1/0738/1409/files/Subscription-3_delivery_52eba6cc-7473-40c2-ac6e-f80942dc669f.jpg?v=1751875047,3 / Pack of 10 Sachets:1350.00; 6 / Pack of 10 Sachets:2625.00; 12 / Pack of 10 Sachets:4950.00; 24 / Pack of 10 Sachets:9600.00
Blue Tokai,French Roast | Very Dark Roast - Easy Pour Subscription,₹1350.0,INR,,https://bluetokaicoffee.com/products/french-roast-very-dark-roast-easy-pour-subscription,https://cdn.shopify.com/s/files/1/0738/1409/files/Subscription-3_delivery_a9f61c6c-3142-43a0-8ffd-fc144357aa1a.jpg?v=1751875048,3 / Pack of 10 Sachets:1350.00; 6 / Pack of 10 Sachets:2625.00; 12 / Pack of 10 Sachets:4950.00; 24 / Pack of 10 Sachets:9600.00
Blue Tokai,Attikan Estate | Medium-Dark Roast - Easy Pour Subscription,₹1350.0,INR,,https://bluetokaicoffee.com/products/attikan-estate-medium-dark-roast-easy-pour-easy-pour-subscription,https://cdn.shopify.com/s/files/1/0738/1409/files/Subscription-3_delivery_1e9a5cbb-4497-4aa7-b530-318b14e7892c.jpg?v=1751875049,3 / Pack of 10 Sachets:1350.00; 6 / Pack of 10 Sachets:2625.00; 12 / Pack of 10 Sachets:4950.00; 24 / Pack of 10 Sachets:9600.00
Blue Tokai,Vienna Roast Subscription,₹1755.0,INR,,https://bluetokaicoffee.com/products/vienna-roast-subscription,https://cdn.shopify.com/s/files/1/0738/1409/files/Subscription-3_delivery_d91e5bc4-9a1d-48fc-a38d-df302aca245a.jpg?v=1751875051,250g:1755.00; 500g:3240.00; 1kg:5967.00; 250g:3412.50; 500g:6300.00; 1kg:11602.50; 250g:6435.00; 500g:11880.00; 1kg:21879.00; 250g:12480.00; 500g:23040.00; 1kg:42432.00
Blue Tokai,Thogarihunkal Estate Subscription,₹1458.0,INR,,https://bluetokaicoffee.com/products/thogarihunkal-estate-subscription,https://cdn.shopify.com/s/files/1/0738/1409/files/Subscription-3_delivery_aeb3ce13-966d-4bf1-8449-b51289e2163f.jpg?v=1711970947,250g:1458.00; 500g:2700.00; 1kg:4914.00; 250g:2835.00; 500g:5250.00; 1kg:9555.00; 250g:5346.00; 500g:9900.00; 1kg:18018.00; 250g:10368.00; 500g:19200.00; 1kg:34944.00
Blue Tokai,Stanmore Estate Subscription,₹1755.0,INR,,https://bluetokaicoffee.com/products/stanmore-estate-subscription,https://cdn.shopify.com/s/files/1/0738/1409/files/Subscription-3_delivery_80f5c2e9-955a-409a-95e6-98958c1f0497.jpg?v=1711971004,250g:1755.00; 500g:3267.00; 1kg:5967.00; 250g:3412.50; 500g:6352.50; 1kg:11602.50; 250g:6435.00; 500g:11979.00; 1kg:21879.00; 250g:12480.00; 500g:23232.00; 1kg:42432.00
Blue Tokai,Silver Oak Cafe Blend Subscription,₹1890.0,INR,,https://bluetokaicoffee.com/products/silver-oak-cafe-blend-subscription,https://cdn.shopify.com/s/files/1/0738/1409/files/Subscription-3_delivery_e3aa8204-c081-485a-a8ba-a50cc7b11127.jpg?v=1751875052,250g:1890.00; 500g:3510.00; 1kg:6426.00; 250g:3675.00; 500g:6825.00; 1kg:12495.00; 250g:6930.00; 500g:12870.00; 1kg:23562.00; 250g:13440.00; 500g:24960.00; 1kg:45696.00
Blue Tokai,Sandalwood Estate Subscription,₹1890.0,INR,,https://bluetokaicoffee.com/products/sandalwood-estate-subscription,https://cdn.shopify.com/s/files/1/0738/1409/files/Subscription-3_delivery_6c05ef1a-f7c4-4c12-9a30-bb1abf9f621a.jpg?v=1751875054,250g:1890.00; 500g:3510.00; 1kg:6426.00; 250g:3675.00; 500g:6825.00; 1kg:12495.00; 250g:6930.00; 500g:12870.00; 1kg:23562.00; 250g:13440.00; 500g:24960.00; 1kg:45696.00
Blue Tokai,Dhak Blend Subscription,₹1755.0,INR,,https://bluetokaicoffee.com/products/dhak-blend-subscription,https://cdn.shopify.com/s/files/1/0738/1409/files/Subscription-3_delivery_2a8c0e74-adca-49bd-8812-3dcb57ec3ded.jpg?v=1751875058,250g:1755.00; 500g:3240.00; 1kg:5967.00; 250g:3412.50; 500g:6300.00; 1kg:11602.50; 250g:6435.00; 500g:11880.00; 1kg:21879.00; 250g:12480.00; 500g:23040.00; 1kg:42432.00
Blue Tokai,Cold Brew Blend Bold Subscription,₹1755.0,INR,,https://bluetokaicoffee.com/products/cold-brew-blend-bold-subscription,https://cdn.shopify.com/s/files/1/0738/1409/files/Subscription-3_delivery_afad15c2-544a-42ff-8516-110cef664c76.jpg?v=1751875060,250g:1755.00; 500g:3240.00; 1kg:5967.00; 250g:3412.50; 500g:6300.00; 1kg:11602.50; 250g:6435.00; 500g:11880.00; 1kg:21879.00; 250g:12480.00; 500g:23040.00; 1kg:42432.00
Blue Tokai,Hoysala Estate - Natural Subscription,₹1674.0,INR,,https://bluetokaicoffee.com/products/hoysala-estate-natural-subscription,https://cdn.shopify.com/s/files/1/0738/1409/files/Subscription-3_delivery_c8c9418c-490e-4d44-a83c-d504c130f981.jpg?v=1711971394,250g:1674.00; 500g:3105.00; 1000g:5697.00; 250g:3255.00; 500g:6037.50; 1000g:11077.50; 250g:6138.00; 500g:11385.00; 1000g:20889.00; 250g:11904.00; 500g:22080.00; 1000g:40512.00
Blue Tokai,Mixed Bag,₹450.0,INR,,https://bluetokaicoffee.com/products/mixed-bag,,250g:450.00; 250g:450.00; 250g:450.00; 250g:450.00; 500g:450.00; 500g:450.00; 500g:450.00; 500g:450.00; 1kg:450.00; 1kg:450.00; 1kg:450.00; 1kg:450.00
Blue Tokai,Mixed Bag Subscription,₹1950.0,INR,,https://bluetokaicoffee.com/products/mixed-bag-subscription,https://cdn.shopify.com/s/files/1/0738/1409/files/Subscription-3_delivery_d2378c63-9cf4-4cc9-894d-98eb8ca1fe81.jpg?v=1711970638,250g:1950.00; 500g:3640.00; 1kg:6640.00; 250g:3800.00; 500g:7080.00; 1kg:12960.00; 250g:7170.00; 500g:13360.00; 1kg:24450.00; 250g:13920.00; 500g:25920.00; 1kg:47420.00
Blue Tokai,Mixed | Light to Dark Roasts Easy Pour Subscription,₹1350.0,INR,,https://bluetokaicoffee.com/products/mixed-light-to-dark-roasts-easy-pour-subscription,https://cdn.shopify.com/s/files/1/0738/1409/files/Subscription-3_delivery_40aec7bd-048e-4798-b28c-0521243b4b4c.jpg?v=1751875061,3 / Pack of 10 Sachets:1350.00; 6 / Pack of 10 Sachets:2625.00; 12 / Pack of 10 Sachets:4950.00; 24 / Pack of 10 Sachets:9600.00
Blue Tokai,Jacaranda Blend | Medium Dark Roast Easy Pour Subscription,₹1350.0,INR,,https://bluetokaicoffee.com/products/jacaranda-blend-medium-dark-roast-subscription,https://cdn.shopify.com/s/files/1/0738/1409/files/Subscription-3_delivery_a13aff7b-7c2c-41d1-b80b-f396a862eca8.jpg?v=1751875062,3 / Pack of 10 Sachets:1350.00; 6 / Pack of 10 Sachets:2625.00; 12 / Pack of 10 Sachets:4950.00; 24 / Pack of 10 Sachets:9600.00
Blue Tokai,French Roast Subscription,₹1755.0,INR,,https://bluetokaicoffee.com/products/french-press-subscription,https://cdn.shopify.com/s/files/1/0738/1409/files/Subscription-3_delivery_826ce7fe-fc32-45e5-a04b-11f517de02cb.jpg?v=1751875063,250g:1755.00; 500g:3240.00; 1kg:5967.00; 250g:3412.50; 500g:6300.00; 1kg:11602.50; 250g:6435.00; 500g:11880.00; 1kg:21879.00; 250g:12480.00; 500g:23040.00; 1kg:42432.00
Blue Tokai,Attikan Estate Subscription,₹1890.0,INR,,https://bluetokaicoffee.com/products/attikan-estate-subscription,https://cdn.shopify.com/s/files/1/0738/1409/files/Subscription-3_delivery.jpg?v=1751875064,250g:1890.00; 500g:3510.00; 1kg:6426.00; 250g:3675.00; 500g:6825.00; 1kg:12495.00; 250g:6930.00; 500g:12870.00; 1kg:23562.00; 250g:13440.00; 500g:24960.00; 1kg:45696.00
Blue Tokai,Mixed | Light to Dark Roasts - Easy Pour,₹300.0,INR,"Brewing made easy! Our mixed bag contains a range of single-estate coffees of different roast levels, so you can try them all. Seethargundu Estate is a light roast that offers a clean, crisp body, sweet aromas and a refreshing citrusy aftertaste, while Vienna is a dark roast that’s bitter and bold. Thogarihunkal Estate is a fruity medium roast and Attikan Estate is medium-dark that packs a nutty, chocolatey punch, Jacaranda Blend is a sweet, and chocolatey medium-dark roast. Choose from our pack of 5 or pack of 10 Easy Pour boxes.",https://bluetokaicoffee.com/products/mixed-light-to-dark-roasts,https://cdn.shopify.com/s/files/1/0738/1409/files/MixedBag__Front_c9b610f1-ce4a-4b53-8b30-f6ca758eb6bb.jpg?v=1717566490,Pack of 5 Sachets:300.00; Pack of 10 Sachets:500.00
Blue Tokai,Vienna | Dark Roast - Easy Pour,₹300.0,INR,"Bold + Strong Oaky, with overtones of cocoa and a hint of bitterness, this smooth dark roast is a classic. Every cup is heavy-bodied with low acidity and is perfect for those who love the sharp, bold taste of coffee! Choose from our pack of 5 or pack of 10 Easy Pour boxes.",https://bluetokaicoffee.com/products/vienna-dark-roast-easy-pour-coffee-sachets,https://cdn.shopify.com/s/files/1/0738/1409/files/ViennaRoast__Front_1_a175faba-8e5f-40b8-aaa1-0efc3a525321.jpg?v=1717565466,Pack of 5 Sachets:300.00; Pack of 10 Sachets:500.00
Blue Tokai,Customised Sampler Pack,₹700.0,INR,"Our assorted sampler pack is for those who want to try our coffee beans , wheth er as whole beans or ground coffee , but don't know where to start. This customizable mixed bag of coffee beans allows you to choose between three different coffees to discover which ones work best for you. Each Sampler Pack will contain 75 g x 3 pouches.",https://bluetokaicoffee.com/products/customised-sampler-pack,https://cdn.shopify.com/s/files/1/0738/1409/files/1SamplerPack__Front.jpg?v=1707393228,French Press:700.00; Whole Beans:700.00; Turkish:700.00; Home Espresso:700.00; Aeropress:700.00; Coffee Filter:700.00; Moka Pot:700.00; South Indian Filter:700.00; Cold Brew:700.00; Inverted Aeropress:700.00; Channi:700.00; Pourover:700.00; Commercial Espresso:700.00
Blue Tokai,New Brewer's Pack,₹1350.0,INR,"Your coffee journey begins right here. Our new brewer's pack is for those who want to begin their home brewing journey. This assorted pack allows you to try Roasted coffees , Easy Pours that require no equipment and ready to drink cold brew cans so that you can pick the one that best suits your palate, time and convenience. You can easily brew without equipment too with channi grind here.",https://bluetokaicoffee.com/products/new-brewers-pack,https://cdn.shopify.com/s/files/1/0738/1409/files/900x1200.jpg?v=1708414422,Classic Bold / Attikan Estate:1350.00; Classic Bold / Thogarihunkal:1350.00; Classic Bold / Vienna:1350.00; Elderflower / Attikan Estate:1350.00; Elderflower / Thogarihunkal:1350.00; Elderflower / Vienna:1350.00; Orange Mint / Attikan Estate:1350.00; Orange Mint / Thogarihunkal:1350.00; Orange Mint / Vienna:1350.00
Blue Tokai,Orange Mint,₹340.0,INR,"Zesty and refreshing coffee in a can, this cold brew brings out notes of citrus and mint in every sip. Roasted with precision for a unique flavour, it has balanced acidity and low bitterness. Like all our cold brews, it uses 100% arabica beans, sourced directly from India’s best farms. How it’s brewed: Specialty-grade Arabica coffee is steeped for 18 hours to bring out a zesty and refreshing flavour. Ingredients: Filtered Water (85.10%), 100% Arabica Coffee (12.50%), Orange Mint Syrup (2.4%) Nutritional Values (per 100ml): Energy 29.44kcal, Carbs 6.84g, Natural Sugar 1.71g, Protein 0.52g, Total Fat 0g, Cholesterol 0mg, Sodium 1.62mg",https://bluetokaicoffee.com/products/orange-mint-cold-brew-cans,https://cdn.shopify.com/s/files/1/0738/1409/files/3_Classicorangemint_double.jpg?v=1717674271,Pack of 2 Cans:340.00; Pack of 6 Cans:890.00
Blue Tokai,Elderflower,₹340.0,INR,"Brewed using Elderflower syrup, this cold brew tastes subtly sweet and delicately floral. Roasted with precision for a unique flavour, it has low bitterness and balanced acidity. How it’s brewed: Specialty-grade Arabica coffee is steeped for 18 hours to bring out delicious floral notes. Ingredients: Filtered Water (85.50%), 100% Arabica Coffee (12.50%), Elderflower Syrup (2%) Nutritional Values (per 100ml): Energy 29.88kcal, Carbs 6.99g, Natural Sugar 1.75g, Protein 0.48g, Total Fat 0g, Cholesterol 0mg, Sodium 1.85mg",https://bluetokaicoffee.com/products/elderflower-cold-brew-can,https://cdn.shopify.com/s/files/1/0738/1409/files/3_Classicelderflower_double.jpg?v=1717674297,Pack of 2 Cans:340.00; Pack of 6 Cans:890.00
Blue Tokai,Versova Cafe Tee (Grey),₹719.0,INR,"This t-shirt is an ode to our beautiful Versova cafe. If you’ve visited this coffee shop, it’ll transport you back to the lush green plants and serene views of the sea. This t-shirt is made with soft and supple organic cotton. Only available in grey. Free of toxic chemicals and GMOs. Environment-friendly. Uses non-toxic colours and dyes. Material used: Interlock 200 GOTS (Global Organic Textile Standard) certified by Control Union. Made from 95% certified organic fibres. The rest 5% is made of sustainable or recycled materials Care instructions: This t-shirt can be machine washed. If you wish to iron it, be sure to turn it inside out",https://bluetokaicoffee.com/products/versova-cafe-tee-grey,https://cdn.shopify.com/s/files/1/0738/1409/files/1versovacafetee_front.jpg?v=1706010545,Small:719.00; Medium:719.00; Large:719.00; Extra Large:719.00
Blue Tokai,French Roast | Very Dark Roast - Easy Pour,₹300.0,INR,"Cocoa + Bittersweet Savour the bittersweet and cocoa notes of our darkest roast. If you like your coffee bittersweet and with minimal acidity, our French Roast is perfect for you! Choose from our pack of 5 or pack of 10 Easy Pour boxes.",https://bluetokaicoffee.com/products/french-roast-easy-pour-coffee-sachets,https://cdn.shopify.com/s/files/1/0738/1409/files/FrenchRoast__Front_1.jpg?v=1705644248,Pack of 5 Sachets:300.00; Pack of 10 Sachets:500.00
Blue Tokai,Jacaranda Blend | Medium Dark Roast - Easy Pour,₹300.0,INR,"Chocolatey + Sweet With low acidity and a nutty flavour profile, the chocolatey and sweet flavours of our Jacaranda Blend tastes wonderful black or with a dash of milk. This blend is made from naturally processed Arabica from Gowri Estate, washed Arabica from Baarbara Estate and Robusta from Kerehaklu Estate. Choose from our pack of 5 or pack of 10 Easy Pour boxes. Click here to read more about Gowri Estate. Click here to read more about Baarbara Estate. Click here to read more about Kerehaklu Estate.",https://bluetokaicoffee.com/products/jacaranda-blend-easy-pour-coffee-sachets,https://cdn.shopify.com/s/files/1/0738/1409/files/JacarandaBlend__Front_2.jpg?v=1705644524,Pack of 5 Sachets:300.00; Pack of 10 Sachets:500.00
Blue Tokai,6 Delivery Easy Pour Subscription,₹2100.0,INR,Get 6 total deliveries scheduled whenever you'd like and save 12.5% versus buying the packets individually.,https://bluetokaicoffee.com/products/6-delivery-easy-pour-subscription,https://cdn.shopify.com/s/files/1/0738/1409/files/6del.jpg?v=1755604397,Attikan Estate | Medium Dark / Pack of 10:2100.00; Nachammai Estate | Light Roast / Pack of 10:2100.00; Mixed | Light to Dark Roast / Pack of 10:2100.00; Thogarihunkal Estate | Medium Roast / Pack of 10:2100.00; Monsoon Malabar | Medium-Dark Roast / Pack of 10:2100.00; Seethargundu Estate | Light Roast / Pack of 10:2360.00; Vienna | Dark Roast / Pack of 10:2100.00; Jacaranda Blend | Medium Dark Roast / Pack of 10:2100.00; Gowri Estate | Medium Roast / Pack of 10:2100.00; French Roast | Very Dark Roast / Pack of 10:2100.00; Sula Barrel Aged Blend | Medium Dark Roast / Pack of 10:2360.00
Blue Tokai,24 Delivery Easy Pour Subscription,₹7680.0,INR,Get 24 total deliveries of Easy Pour scheduled whenever you'd like and save 20% versus buying the packets individually.,https://bluetokaicoffee.com/products/24-delivery-easy-pour-subscription,https://cdn.shopify.com/s/files/1/0738/1409/files/24del.jpg?v=1755604438,Attikan Estate | Medium Dark / Pack of 10:7680.00; Nachammai Estate | Light Roast / Pack of 10:7680.00; Mixed | Light to Dark Roast / Pack of 10:7680.00; Thogarihunkal Estate | Medium Roast / Pack of 10:7680.00; Monsoon Malabar | Medium-Dark Roast / Pack of 10:7680.00; Seethargundu Estate | Light Roast / Pack of 10:8640.00; Vienna | Dark Roast / Pack of 10:7680.00; Jacaranda Blend | Medium Dark Roast / Pack of 10:7680.00; Gowri Estate | Medium Roast / Pack of 10:7680.00; French Roast | Very Dark Roast / Pack of 10:7680.00; Sula Barrel Aged Blend | Medium Dark Roast / Pack of 10:8640.00
Blue Tokai,12 Delivery Easy Pour Subscription,₹3960.0,INR,Get 12 total deliveries scheduled whenever you'd like and save 17.5% versus buying the packets individually.,https://bluetokaicoffee.com/products/12-delivery-easy-pour-subscription,https://cdn.shopify.com/s/files/1/0738/1409/files/12del.jpg?v=1755604418,Attikan Estate | Medium Dark / Pack of 10:3960.00; Nachammai Estate | Light Roast / Pack of 10:3960.00; Mixed | Light to Dark Roast / Pack of 10:3960.00; Thogarihunkal Estate | Medium Roast / Pack of 10:3960.00; Monsoon Malabar | Medium-Dark Roast / Pack of 10:3960.00; Seethargundu Estate | Light Roast / Pack of 10:4450.00; Vienna | Dark Roast / Pack of 10:3960.00; Jacaranda Blend | Medium Dark Roast / Pack of 10:3960.00; Gowri Estate | Medium Roast / Pack of 10:3960.00; French Roast | Very Dark Roast / Pack of 10:3960.00; Sula Barrel Aged Blend | Medium Dark Roast / Pack of 10:4450.00
Blue Tokai,3 Delivery Easy Pour Subscription,₹1080.0,INR,Get 3 total deliveries of Easy Pour scheduled whenever you'd like and save 10% versus buying the packets individually.,https://bluetokaicoffee.com/products/easy-pour-subscription,https://cdn.shopify.com/s/files/1/0738/1409/files/3_del.jpg?v=1755604317,Attikan Estate | Medium Dark / Pack of 10:1080.00; Nachammai Estate | Light Roast / Pack of 10:1080.00; Mixed | Light to Dark Roast / Pack of 10:1080.00; Thogarihunkal Estate | Medium Roast / Pack of 10:1080.00; Monsoon Malabar | Medium-Dark Roast / Pack of 10:1080.00; Seethargundu Estate | Light Roast / Pack of 10:1210.00; Vienna | Dark Roast / Pack of 10:1080.00; Jacaranda Blend | Medium Dark Roast / Pack of 10:1080.00; Gowri Estate | Medium Roast / Pack of 10:1080.00; French Roast | Very Dark Roast / Pack of 10:1080.00; Sula Barrel Aged Blend | Medium Dark Roast / Pack of 10:1210.00
Blue Tokai,Assorted 6-Pack,₹890.0,INR,"Our multi-flavoured 6-pack of cold brew cans is the perfect way to try all our new, delicious cold brews. In this pack, you’ll find an assortment of our coffee cans , with options for diverse palates: 1 x Classic Bold - 250mL 1 x Classic Light - 250mL 1 x Elderflower - 250mL 1 x Orange Mint - 250mL 1 x Mocha Cold Coffee - 220mL 1 x Classic Cold Coffee - 220mL All our cold brews use 100% Arabica coffee beans, are sourced directly from India’s best farms and are roasted with precision for a unique flavour.",https://bluetokaicoffee.com/products/assorted-6-pack,https://cdn.shopify.com/s/files/1/0738/1409/files/Assorted-Six-Pack.jpg?v=1753771357,
Blue Tokai,Classic Bold,₹340.0,INR,"Our signature Classic Bold cold brew brings out delicious nutty and chocolatey notes. The Classic Bold flavour is the one we've always served in our cafes, and has been one of our most popular cold brews with its heavy body, low acidity and bittersweet finish. Drink as is or with milk. All our cold brews use 100% Arabica coffee beans , are sourced directly from India’s best farms and are roasted with precision for a unique flavour. Ingredients: Filtered water, 100% Arabica coffee Nutritional Values (per 100ml): Energy 12 cal, Carbs 1.2g, Natural Sugar 1.0g, Protein 0.9g, Total Fat 0.4g Each can is 250ml. This product contains no added sugars. You can purchase this as a pack of 2 or 6. Save 12% when you purchase a pack of 6!",https://bluetokaicoffee.com/products/classic-bold-cold-brew-cans,https://cdn.shopify.com/s/files/1/0738/1409/files/3_Classicbold_double_1.jpg?v=1717674306,Pack of 2 Cans:340.00; Pack of 6 Cans:890.00
Blue Tokai,Classic Light,₹340.0,INR,"Our signature Classic Light cold brew brings out a playful fruity flavour, and has been a hit with light roast drinkers since it was launched across our cafes years ago. Recommended for those who enjoy their coffee black. All our cold brews use 100% Arabica coffee beans, are sourced directly from India’s best farms and are roasted with precision for a unique flavour. Ingredients: Filtered water, 100% Arabica coffee Nutritional Values (per 100ml): Energy 12 cal, Carbs 1.2g, Natural Sugar 1.0g, Protein 0.9g, Total Fat 0.4g Each can is 250ml. This product contains no added sugars. You can purchase this as a pack of 2 or 6. Save 12% when you purchase a pack of 6!",https://bluetokaicoffee.com/products/classic-light-cold-brew-cans,https://cdn.shopify.com/s/files/1/0738/1409/files/3_Classiclight_double.jpg?v=1717674301,Pack of 2 Cans:340.00; Pack of 6 Cans:890.00
Blue Tokai,3 Delivery Subscription,₹1500.0,INR,Get 3 total deliveries scheduled whenever you'd like and save 10% versus buying the packets individually.,https://bluetokaicoffee.com/products/3-delivery-subscription,https://cdn.shopify.com/s/files/1/0738/1409/files/3delcoffee.jpg?v=1755604813,250g:1500.00; 500g:2790.00; 1000g:5100.00
Blue Tokai,Attikan Estate | Medium-Dark Roast - Easy Pour,₹300.0,INR,"Nutty + Chocolatey If you like your coffee a little dark, but not too much, this one is perfect for you. It has low acidity and flavour notes of figs, dark chocolate and roasted almonds. The delicious nuttiness of this medium-dark roast hits all the right notes, whether enjoyed with milk or black. Choose from our pack of 5 or pack of 10 Easy Pour boxes.",https://bluetokaicoffee.com/products/attikan-estate-easy-pour-coffee-sachets,https://cdn.shopify.com/s/files/1/0738/1409/files/AttikanEstate__Front.jpg?v=1764321548,Pack of 5 Sachets:300.00; Pack of 10 Sachets:500.00
Blue Tokai,Notebooks,₹180.0,INR,"All our notebooks are made with 100% cotton handmade paper by Craft Boat, an organisation that works with garment manufacturers to recycle unused cotton textiles which would otherwise have been dumped in landfills. The textile scraps are them made into paper pulp before being converted into sheets of paper for these notebooks . All our Blue Tokai notebook covers were screen printed by hand and depict a panoramic scene of a coffee farm by Mata Ni Pachedi artist, Jagdish Chitara. Choose between blue, yellow and pink. The dimensions of the notebooks are 14cm x 0.7cm x 21cm and each notebook has 24 blank pages.",https://bluetokaicoffee.com/products/notebooks,https://cdn.shopify.com/s/files/1/0738/1409/files/1notebooks.jpg?v=1706010029,Pink:180.00; Yellow:180.00; Blue:180.00
Blue Tokai,12 Delivery Subscription,₹6000.0,INR,Get 12 total deliveries scheduled whenever you'd like and save 17.5% versus buying the packets individually.,https://bluetokaicoffee.com/products/new-12-delivery-subscription,https://cdn.shopify.com/s/files/1/0738/1409/files/12delcoffee.jpg?v=1755604904,250g:6000.00; 500g:11160.00; 1000g:20400.00
Blue Tokai,6 Delivery Subscription,₹3000.0,INR,Get 6 total deliveries scheduled whenever you'd like and save 12.5% versus buying the packets individually.,https://bluetokaicoffee.com/products/new-6-delivery-subscription,https://cdn.shopify.com/s/files/1/0738/1409/files/6delcoffee.jpg?v=1755604871,250g:3000.00; 500g:5580.00; 1000g:10200.00
Blue Tokai,24 Delivery Subscription,₹10800.0,INR,Get 24 total deliveries scheduled whenever you'd like and save 20% versus buying the packets individually.,https://bluetokaicoffee.com/products/new-24-delivery-subscription,https://cdn.shopify.com/s/files/1/0738/1409/files/24delcoffee.jpg?v=1755604943,250g:10800.00; 500g:18700.00; 1000g:36720.00
