roaster,name,price,currency,description,product_url,image_url,variants
Mokka Farms,Electric Drip - 80% Arabica-20% Robusta | A/ AA Grade | Premium Ground Coffee,₹230.0,INR,"MokkaFarms brings you an exclusive High Quality, Estate Coffee, Fresh Roast, 100% Pure, Sundried Arabica & Robusta Whole Coffee Beans from Coorg/ Chikmagalur region of Western Ghats, Karnataka, India. Our coffee beans are further selectively picked to ensure that you have a superior grade coffee beans. The beans are carefully selected and roasted, separately in small batches, to perfection as per the roast type and pack size that you need, to create a strong, flavourful and an extremely gratifying and a rich aromatic coffee experience. The result is a smooth and balanced cup of coffee with a unique flavor profile. The Roasted Whole Coffee Beans from Mokka Farms give the coffee a mild and fruity taste with a hint of chocolate. The brewing method enhances the flavors and aromas, resulting in a full-bodied and satisfying cup of coffee. The coffee can be enjoyed hot or cold and is perfect for those who appreciate a strong and flavorful coffee. Whether you prefer a classic cup of black coffee or a creamy and sweet latte, this coffee blend will satisfy your cravings. Indulge in the rich and authentic taste of one of the best Robusta Coffee Beans that you can find in the country. Proudly Made in India! FLAVOURFUL COFFEE: Treat yourself to the exquisite flavors of MokkaFarms 100% Arabica Robusta Blend Roasted Whole Coffee Beans, a sensory experience like no other FARM to FORK: From planting, harvesting, grading, roasting, grinding to processing and packaging, we carefully track every step of the coffee production process to give high quality and maintain consistency HANDCRAFTED: Our coffee is carefully handcrafted in small batches to deliver a rich and remarkable flavor, strength and aroma while ensuring consistency AROMATIC, GREAT TASTE, STRONG: Our 100% Robusta Roasted Whole Coffee Beans has a toasty aroma and a velvety taste, and feels like a strong punch! CONVENIENCE, REUSABLE PACKAGING: Comes in a convenient, tamper-proof, one-way valve, resealable zip-lock pouch for m",https://www.mokkafarms.com/products/electricdrip80ara20rob,https://cdn.shopify.com/s/files/1/0644/7199/0455/files/0_9ecda36a-72a6-49a0-be77-8674ba077092.png?v=1762441179,100g:230.00; 250g:360.00; 500g:665.00; 1kg:1200.00; 100g:230.00; 250g:360.00; 500g:665.00; 1kg:1200.00; 100g:230.00; 250g:360.00; 500g:665.00; 1kg:1200.00; 100g:230.00; 250g:360.00; 500g:665.00; 1kg:1200.00; 100g:230.00; 250g:360.00; 500g:665.00; 1kg:1200.00; 100g:270.00; 250g:405.00; 500g:760.00; 1kg:1420.00; 100g:270.00; 250g:405.00; 500g:760.00; 1kg:1420.00; 100g:270.00; 250g:405.00; 500g:760.00; 1kg:1420.00; 100g:270.00; 250g:405.00; 500g:760.00; 1kg:1420.00; 100g:270.00; 250g:405.00; 500g:760.00; 1kg:1420.00
Mokka Farms,"Specialty Coffee, Roasted Whole Beans | 75g Packs x 4 Variants | Sampler Pack",₹649.0,INR,"MokkaFarms Coffee Sampler Packs come in a variety of options to help you choose the right coffee that suits you best! This Coffee Sampler Pack is the Specialty Coffee Roasted Whole Coffee Beans [A/AA Grade], which has the below roasted bean variants, each 75g: 1. Robusta Kaapi Royale, Plantation/ Washed, AA Grade, Light Roast 2. Robusta Kaapi Royale, Plantation/ Washed, AA Grade, Medium-Dark Roast 3. Monsoon Malabar, Plantation/ Washed, A/ AA Grade, Light Roast 4. Monsoon Malabar, Plantation/ Washed, A/ AA Grade, Medium-Dark Roast The Sampler Pack is encased in a cloth bag that you can use multiple times in the future for a variety of purposes!",https://www.mokkafarms.com/products/specialtybeansampler,https://cdn.shopify.com/s/files/1/0644/7199/0455/files/WhatsAppImage2026-04-09at12.14.43.jpg?v=1775734622,
Mokka Farms,Plantation/ Washed Roasted Whole Coffee Beans | 75g Packs x 4 Variants | Sampler Pack,₹599.0,INR,"MokkaFarms Coffee Sampler Packs come in a variety of options to help you choose the right coffee that suits you best! This Coffee Sampler Pack is the Plantation/ Washed Roasted Whole Coffee Beans [A/AA Grade], which has the below roasted bean variants, each 75g: 1. 100% Robusta, Plantation/ Washed, A/ AA Grade, Light Roast 2. 100% Robusta, Plantation/ Washed, A/ AA Grade, Medium-Dark Roast 3. 100% Arabica, Plantation/ Washed, A/ AA Grade, Light Roast 4. 100% Arabica, Plantation/ Washed, A/ AA Grade, Medium-Dark Roast The Sampler Pack is encased in a cloth bag that you can use multiple times in the future for a variety of purposes!",https://www.mokkafarms.com/products/plantationbeansampler,https://cdn.shopify.com/s/files/1/0644/7199/0455/files/WhatsAppImage2026-04-09at12.14.43.jpg?v=1775734622,
Mokka Farms,Sundried/ Cherry Roasted Whole Coffee Beans | 75g Packs x 4 Variants | Sampler Pack,₹549.0,INR,"MokkaFarms Coffee Sampler Packs come in a variety of options to help you choose the right coffee that suits you best! This Coffee Sampler Pack is the Sundried/ Cherry Roasted Whole Coffee Beans [A/AA Grade], which has the below roasted bean variants, each 75g: 1. 100% Robusta, Sundried/ Cherry, A/ AA Grade, Light Roast 2. 100% Robusta, Sundried/ Cherry, A/ AA Grade, Medium-Dark Roast 3. 100% Arabica, Sundried/ Cherry, A/ AA Grade, Light Roast 4. 100% Arabica, Sundried/ Cherry, A/ AA Grade, Medium-Dark Roast The Sampler Pack is encased in a cloth bag that you can use multiple times in the future for a variety of purposes!",https://www.mokkafarms.com/products/sundriedbeansampler,https://cdn.shopify.com/s/files/1/0644/7199/0455/files/WhatsAppImage2026-04-09at12.14.43.jpg?v=1775734622,
Mokka Farms,80-20 Filter Coffee | 50g Pack Size x 5 Variants | Sampler Pack,₹449.0,INR,"MokkaFarms Coffee Sampler Packs come in a variety of options to help you choose the right coffee that suits you best! This Coffee Sampler Pack is the 80-20 Filter Coffee, which has the below filter coffee variants, each 50g: 1. Vibrance Chicory Filter Coffee [80% Coffee-20% Chicory Blend] 2. Isayu Chicory Filter Coffee [80% Arabica-20% Chicory Blend] 3. Mista Chicory Filter Coffee [40% Arabica-40% Robusta-20% Chicory Blend] 4. Black Pure Filter Coffee [80% Robusta-20% Arabica Blend] 5. Serene Filter Coffee [20% Robusta-80% Arabica Blend] We offer these in 4 different grind sizes - Fine, Regular, Coarse, Electric Drip - and, you get to pick the size that suits you best! The Sampler Pack is encased in a cloth bag that you can use multiple times in the future for a variety of purposes!",https://www.mokkafarms.com/products/8020sampler,https://cdn.shopify.com/s/files/1/0644/7199/0455/files/WhatsAppImage2026-04-09at12.14.43.jpg?v=1775734622,Fine:449.00; Regular:449.00; Coarse:449.00; Electric Drip:449.00
Mokka Farms,Pure Filter Coffee | 50g Pack Size x 5 Variants | Sampler Pack,₹499.0,INR,"MokkaFarms Coffee Sampler Packs come in a variety of options to help you choose the right coffee that suits you best! This Coffee Sampler Pack is the Pure Filter Coffee, which has the below filter coffee variants, each 50g: 1. 100% Robusta Pure Filter Coffee 2. Black Pure Filter Coffee [80% Robusta-20% Arabica Blend] 3. Signature Pure Filter Coffee [40% Robusta-60% Arabica Blend] 4. Serene Pure Filter Coffee [20% Robusta-80% Arabica Blend] 5. 100% Arabica Pure Filter Coffee We offer these in 4 different grind sizes - Fine, Regular, Coarse, Electric Drip - and, you get to pick the size that suits you best! The Sampler Pack is encased in a cloth bag that you can use multiple times in the future for a variety of purposes!",https://www.mokkafarms.com/products/pfcsampler,https://cdn.shopify.com/s/files/1/0644/7199/0455/files/WhatsAppImage2026-04-09at12.14.43.jpg?v=1775734622,Fine:499.00; Regular:499.00; Coarse:499.00; Electric Drip:499.00
Mokka Farms,Electric Drip - 50% Arabica-50% Robusta Blend | A/ AA Grade | Premium Ground Coffee,₹230.0,INR,"MokkaFarms brings you an exclusive High Quality, Estate Coffee, Fresh Roast, 100% Pure, Sundried Arabica & Robusta Whole Coffee Beans from Coorg/ Chikmagalur region of Western Ghats, Karnataka, India. Our coffee beans are further selectively picked to ensure that you have a superior grade coffee beans. The beans are carefully selected and roasted, separately in small batches, to perfection as per the roast type and pack size that you need, to create a strong, flavourful and an extremely gratifying and a rich aromatic coffee experience. The result is a smooth and balanced cup of coffee with a unique flavor profile. The Roasted Whole Coffee Beans from Mokka Farms give the coffee a mild and fruity taste with a hint of chocolate. The brewing method enhances the flavors and aromas, resulting in a full-bodied and satisfying cup of coffee. The coffee can be enjoyed hot or cold and is perfect for those who appreciate a strong and flavorful coffee. Whether you prefer a classic cup of black coffee or a creamy and sweet latte, this coffee blend will satisfy your cravings. Indulge in the rich and authentic taste of one of the best Robusta Coffee Beans that you can find in the country. Proudly Made in India! FLAVOURFUL COFFEE: Treat yourself to the exquisite flavors of MokkaFarms 100% Arabica Robusta Blend Roasted Whole Coffee Beans, a sensory experience like no other FARM to FORK: From planting, harvesting, grading, roasting, grinding to processing and packaging, we carefully track every step of the coffee production process to give high quality and maintain consistency HANDCRAFTED: Our coffee is carefully handcrafted in small batches to deliver a rich and remarkable flavor, strength and aroma while ensuring consistency AROMATIC, GREAT TASTE, STRONG: Our 100% Robusta Roasted Whole Coffee Beans has a toasty aroma and a velvety taste, and feels like a strong punch! CONVENIENCE, REUSABLE PACKAGING: Comes in a convenient, tamper-proof, one-way valve, resealable zip-lock pouch for m",https://www.mokkafarms.com/products/electricdrip50ara50rob,https://cdn.shopify.com/s/files/1/0644/7199/0455/files/0_9ecda36a-72a6-49a0-be77-8674ba077092.png?v=1762441179,100g:230.00; 250g:360.00; 500g:665.00; 1kg:1200.00; 100g:230.00; 250g:360.00; 500g:665.00; 1kg:1200.00; 100g:230.00; 250g:360.00; 500g:665.00; 1kg:1200.00; 100g:230.00; 250g:360.00; 500g:665.00; 1kg:1200.00; 100g:230.00; 250g:360.00; 500g:665.00; 1kg:1200.00; 100g:270.00; 250g:405.00; 500g:760.00; 1kg:1420.00; 100g:270.00; 250g:405.00; 500g:760.00; 1kg:1420.00; 100g:270.00; 250g:405.00; 500g:760.00; 1kg:1420.00; 100g:270.00; 250g:405.00; 500g:760.00; 1kg:1420.00; 100g:270.00; 250g:405.00; 500g:760.00; 1kg:1420.00
Mokka Farms,South Indian Filter - Arabica-Robusta Blend | A/ AA Grade | Premium Ground Coffee,₹230.0,INR,"MokkaFarms brings you an exclusive High Quality, Estate Coffee, Fresh Roast, 100% Pure, Sundried Arabica & Robusta Whole Coffee Beans from Coorg/ Chikmagalur region of Western Ghats, Karnataka, India. Our coffee beans are further selectively picked to ensure that you have a superior grade coffee beans. The beans are carefully selected and roasted, separately in small batches, to perfection as per the roast type and pack size that you need, to create a strong, flavourful and an extremely gratifying and a rich aromatic coffee experience. The result is a smooth and balanced cup of coffee with a unique flavor profile. The Roasted Whole Coffee Beans from Mokka Farms give the coffee a mild and fruity taste with a hint of chocolate. The brewing method enhances the flavors and aromas, resulting in a full-bodied and satisfying cup of coffee. The coffee can be enjoyed hot or cold and is perfect for those who appreciate a strong and flavorful coffee. Whether you prefer a classic cup of black coffee or a creamy and sweet latte, this coffee blend will satisfy your cravings. Indulge in the rich and authentic taste of one of the best Robusta Coffee Beans that you can find in the country. Proudly Made in India! FLAVOURFUL COFFEE: Treat yourself to the exquisite flavors of MokkaFarms 100% Arabica Robusta Blend Roasted Whole Coffee Beans, a sensory experience like no other FARM to FORK: From planting, harvesting, grading, roasting, grinding to processing and packaging, we carefully track every step of the coffee production process to give high quality and maintain consistency HANDCRAFTED: Our coffee is carefully handcrafted in small batches to deliver a rich and remarkable flavor, strength and aroma while ensuring consistency AROMATIC, GREAT TASTE, STRONG: Our 100% Robusta Roasted Whole Coffee Beans has a toasty aroma and a velvety taste, and feels like a strong punch! CONVENIENCE, REUSABLE PACKAGING: Comes in a convenient, tamper-proof, one-way valve, resealable zip-lock pouch for m",https://www.mokkafarms.com/products/south-indian-filter-arabica-robusta-blend-a-aa-grade-premium-ground-coffee,https://cdn.shopify.com/s/files/1/0644/7199/0455/files/0_9ecda36a-72a6-49a0-be77-8674ba077092.png?v=1762441179,100g:230.00; 250g:360.00; 500g:665.00; 1kg:1200.00; 100g:230.00; 250g:360.00; 500g:665.00; 1kg:1200.00; 100g:230.00; 250g:360.00; 500g:665.00; 1kg:1200.00; 100g:230.00; 250g:360.00; 500g:665.00; 1kg:1200.00; 100g:230.00; 250g:360.00; 500g:665.00; 1kg:1200.00; 100g:270.00; 250g:405.00; 500g:760.00; 1kg:1420.00; 100g:270.00; 250g:405.00; 500g:760.00; 1kg:1420.00; 100g:270.00; 250g:405.00; 500g:760.00; 1kg:1420.00; 100g:270.00; 250g:405.00; 500g:760.00; 1kg:1420.00; 100g:270.00; 250g:405.00; 500g:760.00; 1kg:1420.00
Mokka Farms,Home Espresso - Arabica-Robusta Blend | A/ AA Grade | Premium Ground Coffee,₹230.0,INR,"MokkaFarms brings you an exclusive High Quality, Estate Coffee, Fresh Roast, 100% Pure, Sundried Arabica & Robusta Whole Coffee Beans from Coorg/ Chikmagalur region of Western Ghats, Karnataka, India. Our coffee beans are further selectively picked to ensure that you have a superior grade coffee beans. The beans are carefully selected and roasted, separately in small batches, to perfection as per the roast type and pack size that you need, to create a strong, flavourful and an extremely gratifying and a rich aromatic coffee experience. The result is a smooth and balanced cup of coffee with a unique flavor profile. The Roasted Whole Coffee Beans from Mokka Farms give the coffee a mild and fruity taste with a hint of chocolate. The brewing method enhances the flavors and aromas, resulting in a full-bodied and satisfying cup of coffee. The coffee can be enjoyed hot or cold and is perfect for those who appreciate a strong and flavorful coffee. Whether you prefer a classic cup of black coffee or a creamy and sweet latte, this coffee blend will satisfy your cravings. Indulge in the rich and authentic taste of one of the best Robusta Coffee Beans that you can find in the country. Proudly Made in India! FLAVOURFUL COFFEE: Treat yourself to the exquisite flavors of MokkaFarms 100% Arabica Robusta Blend Roasted Whole Coffee Beans, a sensory experience like no other FARM to FORK: From planting, harvesting, grading, roasting, grinding to processing and packaging, we carefully track every step of the coffee production process to give high quality and maintain consistency HANDCRAFTED: Our coffee is carefully handcrafted in small batches to deliver a rich and remarkable flavor, strength and aroma while ensuring consistency AROMATIC, GREAT TASTE, STRONG: Our 100% Robusta Roasted Whole Coffee Beans has a toasty aroma and a velvety taste, and feels like a strong punch! CONVENIENCE, REUSABLE PACKAGING: Comes in a convenient, tamper-proof, one-way valve, resealable zip-lock pouch for m",https://www.mokkafarms.com/products/home-espresso-arabica-robusta-blend-a-aa-grade-premium-ground-coffee,https://cdn.shopify.com/s/files/1/0644/7199/0455/files/0_9ecda36a-72a6-49a0-be77-8674ba077092.png?v=1762441179,100g:230.00; 250g:360.00; 500g:665.00; 1kg:1200.00; 100g:230.00; 250g:360.00; 500g:665.00; 1kg:1200.00; 100g:230.00; 250g:360.00; 500g:665.00; 1kg:1200.00; 100g:230.00; 250g:360.00; 500g:665.00; 1kg:1200.00; 100g:230.00; 250g:360.00; 500g:665.00; 1kg:1200.00; 100g:270.00; 250g:405.00; 500g:760.00; 1kg:1420.00; 100g:270.00; 250g:405.00; 500g:760.00; 1kg:1420.00; 100g:270.00; 250g:405.00; 500g:760.00; 1kg:1420.00; 100g:270.00; 250g:405.00; 500g:760.00; 1kg:1420.00; 100g:270.00; 250g:405.00; 500g:760.00; 1kg:1420.00
Mokka Farms,Electric Drip - 100% Pure Robusta | A/ AA Grade | Premium Ground Coffee,₹210.0,INR,"☕ Premium Ground Coffee – 100% Pure Robusta by MokkaFarms 🇮🇳 Made with love in India, for true coffee lovers. Discover the bold and intense taste of MokkaFarms Premium Ground Coffee – made from 100% pure, sun-dried Robusta beans handpicked from the rich plantations of Coorg and Chikmagalur in Karnataka’s Western Ghats. Each batch is carefully sorted, graded, and roasted in small batches to perfection, preserving the bean’s natural strength and earthy flavor. Whether you enjoy a light roast for a smoother body or a dark roast for a robust kick , our ground coffee delivers a truly bold and satisfying experience. ☕ The result? A strong-bodied, aromatic and powerful cup with earthy undertones and a bittersweet chocolate finish – perfect to energize your day. 🌿 What Makes It Special? 🌱 100% Estate-Grown Robusta – Single-origin beans from premium Indian coffee estates. 🔁 Farm-to-Fork Control – From plantation to packaging, we ensure quality, freshness, and consistency. 🔥 Handcrafted Roasts – Roasted fresh in small batches to unlock peak flavor and aroma. ☕ Versatile Brewing – French Press, Espresso, Moka Pot, Pour Over, or South Indian Filter – you name it! 📦 Smart Packaging – Resealable, one-way valve pouch locks in aroma till the last scoop. Whether you like it hot or cold, black or with milk – this blend delivers a strong, café-style experience right at home. ✨ Enjoy the bold and authentic taste of Indian Robusta. Taste it, sip by sip.",https://www.mokkafarms.com/products/electric-drip-100-pure-robusta-a-aa-grade-premium-ground-coffee,https://cdn.shopify.com/s/files/1/0644/7199/0455/files/0_4572bef5-8b84-4ca3-a71f-20a770760e26.png?v=1762440986,100g:210.00; 250g:315.00; 500g:575.00; 1kg:1050.00; 100g:210.00; 250g:315.00; 500g:575.00; 1kg:1050.00; 100g:210.00; 250g:315.00; 500g:575.00; 1kg:1050.00; 100g:210.00; 250g:315.00; 500g:575.00; 1kg:1050.00; 100g:210.00; 250g:315.00; 500g:575.00; 1kg:1050.00; 100g:245.00; 250g:350.00; 500g:650.00; 1kg:1200.00; 100g:245.00; 250g:350.00; 500g:650.00; 1kg:1200.00; 100g:245.00; 250g:350.00; 500g:650.00; 1kg:1200.00; 100g:245.00; 250g:350.00; 500g:650.00; 1kg:1200.00; 100g:245.00; 250g:350.00; 500g:650.00; 1kg:1200.00
Mokka Farms,South Indian Filter - 100% Pure Robusta | A/ AA Grade | Premium Ground Coffee,₹210.0,INR,"☕ Premium Ground Coffee – 100% Pure Robusta by MokkaFarms 🇮🇳 Made with love in India, for true coffee lovers. Discover the bold and intense taste of MokkaFarms Premium Ground Coffee – made from 100% pure, sun-dried Robusta beans handpicked from the rich plantations of Coorg and Chikmagalur in Karnataka’s Western Ghats. Each batch is carefully sorted, graded, and roasted in small batches to perfection, preserving the bean’s natural strength and earthy flavor. Whether you enjoy a light roast for a smoother body or a dark roast for a robust kick , our ground coffee delivers a truly bold and satisfying experience. ☕ The result? A strong-bodied, aromatic and powerful cup with earthy undertones and a bittersweet chocolate finish – perfect to energize your day. 🌿 What Makes It Special? 🌱 100% Estate-Grown Robusta – Single-origin beans from premium Indian coffee estates. 🔁 Farm-to-Fork Control – From plantation to packaging, we ensure quality, freshness, and consistency. 🔥 Handcrafted Roasts – Roasted fresh in small batches to unlock peak flavor and aroma. ☕ Versatile Brewing – French Press, Espresso, Moka Pot, Pour Over, or South Indian Filter – you name it! 📦 Smart Packaging – Resealable, one-way valve pouch locks in aroma till the last scoop. Whether you like it hot or cold, black or with milk – this blend delivers a strong, café-style experience right at home. ✨ Enjoy the bold and authentic taste of Indian Robusta. Taste it, sip by sip.",https://www.mokkafarms.com/products/south-indian-filter-100-pure-robusta-a-aa-grade-premium-ground-coffee,https://cdn.shopify.com/s/files/1/0644/7199/0455/files/0_4572bef5-8b84-4ca3-a71f-20a770760e26.png?v=1762440986,100g:210.00; 250g:315.00; 500g:575.00; 1kg:1050.00; 100g:210.00; 250g:315.00; 500g:575.00; 1kg:1050.00; 100g:210.00; 250g:315.00; 500g:575.00; 1kg:1050.00; 100g:210.00; 250g:315.00; 500g:575.00; 1kg:1050.00; 100g:210.00; 250g:315.00; 500g:575.00; 1kg:1050.00; 100g:245.00; 250g:350.00; 500g:650.00; 1kg:1200.00; 100g:245.00; 250g:350.00; 500g:650.00; 1kg:1200.00; 100g:245.00; 250g:350.00; 500g:650.00; 1kg:1200.00; 100g:245.00; 250g:350.00; 500g:650.00; 1kg:1200.00; 100g:245.00; 250g:350.00; 500g:650.00; 1kg:1200.00
Mokka Farms,Home Espresso - 100% Pure Robusta | A/ AA Grade | Premium Ground Coffee,₹210.0,INR,"☕ Premium Ground Coffee – 100% Pure Robusta by MokkaFarms 🇮🇳 Made with love in India, for true coffee lovers. Discover the bold and intense taste of MokkaFarms Premium Ground Coffee – made from 100% pure, sun-dried Robusta beans handpicked from the rich plantations of Coorg and Chikmagalur in Karnataka’s Western Ghats. Each batch is carefully sorted, graded, and roasted in small batches to perfection, preserving the bean’s natural strength and earthy flavor. Whether you enjoy a light roast for a smoother body or a dark roast for a robust kick , our ground coffee delivers a truly bold and satisfying experience. ☕ The result? A strong-bodied, aromatic and powerful cup with earthy undertones and a bittersweet chocolate finish – perfect to energize your day. 🌿 What Makes It Special? 🌱 100% Estate-Grown Robusta – Single-origin beans from premium Indian coffee estates. 🔁 Farm-to-Fork Control – From plantation to packaging, we ensure quality, freshness, and consistency. 🔥 Handcrafted Roasts – Roasted fresh in small batches to unlock peak flavor and aroma. ☕ Versatile Brewing – French Press, Espresso, Moka Pot, Pour Over, or South Indian Filter – you name it! 📦 Smart Packaging – Resealable, one-way valve pouch locks in aroma till the last scoop. Whether you like it hot or cold, black or with milk – this blend delivers a strong, café-style experience right at home. ✨ Enjoy the bold and authentic taste of Indian Robusta. Taste it, sip by sip.",https://www.mokkafarms.com/products/home-espresso-100-pure-robusta-a-aa-grade-premium-ground-coffee,https://cdn.shopify.com/s/files/1/0644/7199/0455/files/0_4572bef5-8b84-4ca3-a71f-20a770760e26.png?v=1762440986,100g:210.00; 250g:315.00; 500g:575.00; 1kg:1050.00; 100g:210.00; 250g:315.00; 500g:575.00; 1kg:1050.00; 100g:210.00; 250g:315.00; 500g:575.00; 1kg:1050.00; 100g:210.00; 250g:315.00; 500g:575.00; 1kg:1050.00; 100g:210.00; 250g:315.00; 500g:575.00; 1kg:1050.00; 100g:245.00; 250g:350.00; 500g:650.00; 1kg:1200.00; 100g:245.00; 250g:350.00; 500g:650.00; 1kg:1200.00; 100g:245.00; 250g:350.00; 500g:650.00; 1kg:1200.00; 100g:245.00; 250g:350.00; 500g:650.00; 1kg:1200.00; 100g:245.00; 250g:350.00; 500g:650.00; 1kg:1200.00
Mokka Farms,Electric Drip - 100% Pure Arabica | A/ AA Grade | Premium Ground Coffee,₹250.0,INR,"☕ Premium Ground Coffee – 100% Pure Arabica by MokkaFarms 🇮🇳 Made with love in India, for true coffee lovers. Discover the luxurious taste of MokkaFarms Premium Ground Coffee – made from 100% pure Arabica beans handpicked from the lush plantations of Coorg and Chikmagalur in Karnataka’s Western Ghats. Each batch is carefully sorted, graded, and roasted in small batches to perfection, preserving the bean’s natural aroma and rich flavor. Whether you enjoy a light roast for its brightness or a dark roast for bold intensity , our ground coffee delivers a truly customized experience. ☕ The result? A full-bodied, smooth and aromatic cup with mild fruity notes and a hint of chocolate – perfect for your morning kick or evening unwind. 🌿 What Makes It Special? 🌱 100% Estate-Grown Arabica – Single-origin beans from premium Indian coffee estates. 🔁 Farm-to-Fork Control – From plantation to packaging, we ensure quality, freshness, and consistency. 🔥 Handcrafted Roasts – Roasted fresh in small batches to unlock peak flavor and aroma. ☕ Versatile Brewing – French Press, Espresso, Moka Pot, Pour Over, or South Indian Filter – you name it! 📦 Smart Packaging – Resealable, one-way valve pouch locks in aroma till the last scoop. Whether you like it hot or cold, black or with milk – this blend delivers a premium café-style experience . ✨ Indulge in the best of Indian Arabica. Taste it, sip by sip.",https://www.mokkafarms.com/products/eledrip100ara,https://cdn.shopify.com/s/files/1/0644/7199/0455/files/0_edc1eaf0-4bb2-4871-b406-33ca03c0b127.png?v=1762440815,100g:250.00; 250g:400.00; 500g:750.00; 1kg:1400.00; 100g:250.00; 250g:400.00; 500g:750.00; 1kg:1400.00; 100g:250.00; 250g:400.00; 500g:750.00; 1kg:1400.00; 100g:250.00; 250g:400.00; 500g:750.00; 1kg:1400.00; 100g:250.00; 250g:400.00; 500g:750.00; 1kg:1400.00; 100g:250.00; 250g:400.00; 500g:750.00; 1kg:1400.00; 100g:290.00; 250g:460.00; 500g:870.00; 1kg:1640.00; 100g:290.00; 250g:460.00; 500g:870.00; 1kg:1640.00; 100g:290.00; 250g:460.00; 500g:870.00; 1kg:1640.00; 100g:290.00; 250g:460.00; 500g:870.00; 1kg:1640.00; 100g:290.00; 250g:460.00; 500g:870.00; 1kg:1640.00; 100g:290.00; 250g:460.00; 500g:870.00; 1kg:1640.00
Mokka Farms,South Indian Filter - 100% Pure Arabica | A/ AA Grade | Premium Ground Coffee,₹250.0,INR,"☕ Premium Ground Coffee – 100% Pure Arabica by MokkaFarms 🇮🇳 Made with love in India, for true coffee lovers. Discover the luxurious taste of MokkaFarms Premium Ground Coffee – made from 100% pure Arabica beans handpicked from the lush plantations of Coorg and Chikmagalur in Karnataka’s Western Ghats. Each batch is carefully sorted, graded, and roasted in small batches to perfection, preserving the bean’s natural aroma and rich flavor. Whether you enjoy a light roast for its brightness or a dark roast for bold intensity , our ground coffee delivers a truly customized experience. ☕ The result? A full-bodied, smooth and aromatic cup with mild fruity notes and a hint of chocolate – perfect for your morning kick or evening unwind. 🌿 What Makes It Special? 🌱 100% Estate-Grown Arabica – Single-origin beans from premium Indian coffee estates. 🔁 Farm-to-Fork Control – From plantation to packaging, we ensure quality, freshness, and consistency. 🔥 Handcrafted Roasts – Roasted fresh in small batches to unlock peak flavor and aroma. ☕ Versatile Brewing – French Press, Espresso, Moka Pot, Pour Over, or South Indian Filter – you name it! 📦 Smart Packaging – Resealable, one-way valve pouch locks in aroma till the last scoop. Whether you like it hot or cold, black or with milk – this blend delivers a premium café-style experience . ✨ Indulge in the best of Indian Arabica. Taste it, sip by sip.",https://www.mokkafarms.com/products/sifc100ara,https://cdn.shopify.com/s/files/1/0644/7199/0455/files/0_edc1eaf0-4bb2-4871-b406-33ca03c0b127.png?v=1762440815,100g:250.00; 250g:400.00; 500g:750.00; 1kg:1400.00; 100g:250.00; 250g:400.00; 500g:750.00; 1kg:1400.00; 100g:250.00; 250g:400.00; 500g:750.00; 1kg:1400.00; 100g:250.00; 250g:400.00; 500g:750.00; 1kg:1400.00; 100g:250.00; 250g:400.00; 500g:750.00; 1kg:1400.00; 100g:250.00; 250g:400.00; 500g:750.00; 1kg:1400.00; 100g:290.00; 250g:460.00; 500g:870.00; 1kg:1640.00; 100g:290.00; 250g:460.00; 500g:870.00; 1kg:1640.00; 100g:290.00; 250g:460.00; 500g:870.00; 1kg:1640.00; 100g:290.00; 250g:460.00; 500g:870.00; 1kg:1640.00; 100g:290.00; 250g:460.00; 500g:870.00; 1kg:1640.00; 100g:290.00; 250g:460.00; 500g:870.00; 1kg:1640.00
Mokka Farms,Home Espresso - 100% Pure Arabica | A/ AA Grade | Premium Ground Coffee,₹250.0,INR,"☕ Premium Ground Coffee – 100% Pure Arabica by MokkaFarms 🇮🇳 Made with love in India, for true coffee lovers. Discover the luxurious taste of MokkaFarms Premium Ground Coffee – made from 100% pure Arabica beans handpicked from the lush plantations of Coorg and Chikmagalur in Karnataka’s Western Ghats. Each batch is carefully sorted, graded, and roasted in small batches to perfection, preserving the bean’s natural aroma and rich flavor. Whether you enjoy a light roast for its brightness or a dark roast for bold intensity , our ground coffee delivers a truly customized experience. ☕ The result? A full-bodied, smooth and aromatic cup with mild fruity notes and a hint of chocolate – perfect for your morning kick or evening unwind. 🌿 What Makes It Special? 🌱 100% Estate-Grown Arabica – Single-origin beans from premium Indian coffee estates. 🔁 Farm-to-Fork Control – From plantation to packaging, we ensure quality, freshness, and consistency. 🔥 Handcrafted Roasts – Roasted fresh in small batches to unlock peak flavor and aroma. ☕ Versatile Brewing – French Press, Espresso, Moka Pot, Pour Over, or South Indian Filter – you name it! 📦 Smart Packaging – Resealable, one-way valve pouch locks in aroma till the last scoop. Whether you like it hot or cold, black or with milk – this blend delivers a premium café-style experience . ✨ Indulge in the best of Indian Arabica. Taste it, sip by sip.",https://www.mokkafarms.com/products/homeesp100ara,https://cdn.shopify.com/s/files/1/0644/7199/0455/files/0_edc1eaf0-4bb2-4871-b406-33ca03c0b127.png?v=1762440815,100g:250.00; 250g:400.00; 500g:750.00; 1kg:1400.00; 100g:250.00; 250g:400.00; 500g:750.00; 1kg:1400.00; 100g:250.00; 250g:400.00; 500g:750.00; 1kg:1400.00; 100g:250.00; 250g:400.00; 500g:750.00; 1kg:1400.00; 100g:250.00; 250g:400.00; 500g:750.00; 1kg:1400.00; 100g:250.00; 250g:400.00; 500g:750.00; 1kg:1400.00; 100g:290.00; 250g:460.00; 500g:870.00; 1kg:1640.00; 100g:290.00; 250g:460.00; 500g:870.00; 1kg:1640.00; 100g:290.00; 250g:460.00; 500g:870.00; 1kg:1640.00; 100g:290.00; 250g:460.00; 500g:870.00; 1kg:1640.00; 100g:290.00; 250g:460.00; 500g:870.00; 1kg:1640.00; 100g:290.00; 250g:460.00; 500g:870.00; 1kg:1640.00
Mokka Farms,Robusta-Chicory Filter Coffee | 50g Pack Size x 5 Variants | Sampler Pack,₹399.0,INR,"MokkaFarms Coffee Sampler Packs come in a variety of options to help you choose the right coffee that suits you best! This Coffee Sampler Pack is the Robusta Chicory Filter Coffee, which has the below filter coffee variants, each 50g: 1. Decadence Coffee [53% Coffee-47% Chicory Blend] 2. Intense Coffee [60% Coffee-40% Chicory Blend] 3. Indulgence Coffee [70% Coffee-30% Chicory Blend] 4. Vibrance Coffee [80% Coffee-20% Chicory Blend] 5. Vivacious Coffee [85% Coffee-15% Chicory Blend] We offer these in 4 different grind sizes - Fine, Regular, Coarse, Electric Drip - and, you get to pick the size that suits you best! The Sampler Pack is encased in a cloth bag that you can use multiple times in the future for a variety of purposes!",https://www.mokkafarms.com/products/robchicsampler,https://cdn.shopify.com/s/files/1/0644/7199/0455/files/WhatsAppImage2026-04-09at12.14.43.jpg?v=1775734622,Fine:399.00; Regular:399.00; Coarse:399.00; Electric Drip:399.00
Mokka Farms,Arabica-Chicory Filter Coffee | 50g Pack Size x 5 Variants | Sampler Pack,₹449.0,INR,"MokkaFarms Coffee Sampler Packs come in a variety of options to help you choose the right coffee that suits you best! This Coffee Sampler Pack is the Arabica Chicory Filter Coffee, which has the below filter coffee variants, each 50g: 1. Zorin Coffee [60% Arabica-40% Chicory Blend] 2. Dyumni Coffee [70% Arabica-30% Chicory Blend] 3. Isayu Coffee [80% Arabica-20% Chicory Blend] 4. Mista Coffee [40% Arabica-40% Robusta-20% Chicory Blend] 5. Ranya Coffee [60% Arabica-35% Robusta-5% Chicory Blend] We offer these in 4 different grind sizes - Fine, Regular, Coarse, Electric Drip - and, you get to pick the size that suits you best! The Sampler Pack is encased in a cloth bag that you can use multiple times in the future for a variety of purposes!",https://www.mokkafarms.com/products/arachicsampler,https://cdn.shopify.com/s/files/1/0644/7199/0455/files/WhatsAppImage2026-04-09at12.14.43.jpg?v=1775734622,Fine:449.00; Regular:449.00; Coarse:449.00; Electric Drip:449.00
Mokka Farms,Chicory Powder 100g,₹20.0,INR,,https://www.mokkafarms.com/products/chicory,,Regular:20.00
Mokka Farms,Robusta Kaapi Royale Coffee - 100% Robusta [Specialty Coffee],₹405.0,INR,"Robusta Kaapi Royale Specialty Coffee - A 100% Robusta SC 17 coffee sourced by MokkaFarms, is available in various coffee roasts, varieties and packaging sizes. Shipped out in less than 36 hours from placing your order, and delivered right at your doorstep in a hassle-free manner. Proudly Made in India!",https://www.mokkafarms.com/products/rkr,https://cdn.shopify.com/s/files/1/0644/7199/0455/files/RobustaKaapi250gFront.jpg?v=1774603819,250g:405.00; 250g:405.00; 250g:405.00; 250g:405.00; 250g:405.00; 250g:405.00; 250g:405.00; 250g:405.00; 250g:405.00; 500g:730.00; 500g:730.00; 500g:730.00; 500g:730.00; 500g:730.00; 500g:730.00; 500g:730.00; 500g:730.00; 500g:730.00; 250g:405.00; 250g:405.00; 250g:405.00; 250g:405.00; 250g:405.00; 250g:405.00; 250g:405.00; 250g:405.00; 250g:405.00; 500g:730.00; 500g:730.00; 500g:730.00; 500g:730.00; 500g:730.00; 500g:730.00; 500g:730.00; 500g:730.00; 500g:730.00; 250g:405.00; 250g:405.00; 250g:405.00; 250g:405.00; 250g:405.00; 250g:405.00; 250g:405.00; 250g:405.00; 250g:405.00; 500g:730.00; 500g:730.00; 500g:730.00; 500g:730.00; 500g:730.00; 500g:730.00; 500g:730.00; 500g:730.00; 500g:730.00; 250g:405.00; 250g:405.00; 250g:405.00; 250g:405.00; 250g:405.00; 250g:405.00; 250g:405.00; 250g:405.00; 250g:405.00; 500g:730.00; 500g:730.00; 500g:730.00; 500g:730.00; 500g:730.00; 500g:730.00; 500g:730.00; 500g:730.00; 500g:730.00; 250g:405.00; 250g:405.00; 250g:405.00; 250g:405.00; 250g:405.00; 250g:405.00; 250g:405.00; 250g:405.00; 250g:405.00; 500g:730.00; 500g:730.00; 500g:730.00; 500g:730.00; 500g:730.00; 500g:730.00; 500g:730.00; 500g:730.00; 500g:730.00; 250g:405.00; 250g:405.00; 250g:405.00; 250g:405.00; 250g:405.00; 250g:405.00; 250g:405.00; 250g:405.00; 250g:405.00; 500g:730.00; 500g:730.00; 500g:730.00; 500g:730.00; 500g:730.00; 500g:730.00; 500g:730.00; 500g:730.00; 500g:730.00
Mokka Farms,400ML [6-8 Cups of Filter Coffee] Traditional South Indian Filter Coffee Decoction Maker | Stainless Steel |,₹400.0,INR,"MokkaFarms South Indian Filter Coffee Decoction Maker is of very high-quality Stainless Steel and lets you brew your morning cup of piping hot filter coffee to perfection. Crafted from premium stainless steel, this durable machine withstands daily use and retains heat for long. Its unique filter design ensures your coffee decoction is never bitter. With varied options of sizes -  200 ML,225 ML, 350 ML and 400 ML -  capacity kettle and easy-to-use lever mechanism, this coffee maker efficiently extracts maximum flavour from your fresh coffee powder and makes decoction sufficient for multiple cups of coffee within minutes. Its compact size fits any kitchen counter. Being fully stainless steel, this coffee maker meets all FSSAI standards for food contact materials. Brew your favourite South Indian filter coffee just the traditional way, every day. Proudly Made in India!",https://www.mokkafarms.com/products/filtermaker400,https://cdn.shopify.com/s/files/1/0644/7199/0455/files/1_f0b5c34f-c553-4436-87a6-14fc310408f8.webp?v=1774937343,
Mokka Farms,350ML [5-6 Cups of Filter Coffee] Traditional South Indian Filter Coffee Decoction Maker | Stainless Steel |,₹350.0,INR,"MokkaFarms South Indian Filter Coffee Decoction Maker is of very high-quality Stainless Steel and lets you brew your morning cup of piping hot filter coffee to perfection. Crafted from premium stainless steel, this durable machine withstands daily use and retains heat for long. Its unique filter design ensures your coffee decoction is never bitter. With varied options of sizes -  200 ML,225 ML, 350 ML and 400 ML -  capacity kettle and easy-to-use lever mechanism, this coffee maker efficiently extracts maximum flavour from your fresh coffee powder and makes decoction sufficient for multiple cups of coffee within minutes. Its compact size fits any kitchen counter. Being fully stainless steel, this coffee maker meets all FSSAI standards for food contact materials. Brew your favourite South Indian filter coffee just the traditional way, every day. Proudly Made in India!",https://www.mokkafarms.com/products/filtermaker350,https://cdn.shopify.com/s/files/1/0644/7199/0455/files/1_f5638000-0463-4d62-83e9-d07793b03cb0.webp?v=1774937307,
Mokka Farms,225ML [3-4 Cups of Filter Coffee] Traditional South Indian Filter Coffee Decoction Maker | Stainless Steel |,₹285.0,INR,"MokkaFarms South Indian Filter Coffee Decoction Maker is of very high-quality Stainless Steel and lets you brew your morning cup of piping hot filter coffee to perfection. Crafted from premium stainless steel, this durable machine withstands daily use and retains heat for long. Its unique filter design ensures your coffee decoction is never bitter. With varied options of sizes -  200 ML,225 ML, 350 ML and 400 ML -  capacity kettle and easy-to-use lever mechanism, this coffee maker efficiently extracts maximum flavour from your fresh coffee powder and makes decoction sufficient for multiple cups of coffee within minutes. Its compact size fits any kitchen counter. Being fully stainless steel, this coffee maker meets all FSSAI standards for food contact materials. Brew your favourite South Indian filter coffee just the traditional way, every day. Proudly Made in India!",https://www.mokkafarms.com/products/filtermaker225,https://cdn.shopify.com/s/files/1/0644/7199/0455/files/1_8aa6f0ed-eb88-49f4-85c3-206259ff4431.webp?v=1774937216,
Mokka Farms,200ML [2-3 Cups of Filter Coffee] Traditional South Indian Filter Coffee Decoction Maker | Stainless Steel |,₹265.0,INR,"MokkaFarms South Indian Filter Coffee Decoction Maker is of very high-quality Stainless Steel and lets you brew your morning cup of piping hot filter coffee to perfection. Crafted from premium stainless steel, this durable machine withstands daily use and retains heat for long. Its unique filter design ensures your coffee decoction is never bitter. With varied options of sizes -  200 ML,225 ML, 350 ML and 400 ML -  capacity kettle and easy-to-use lever mechanism, this coffee maker efficiently extracts maximum flavour from your fresh coffee powder and makes decoction sufficient for multiple cups of coffee within minutes. Its compact size fits any kitchen counter. Being fully stainless steel, this coffee maker meets all FSSAI standards for food contact materials. Brew your favourite South Indian filter coffee just the traditional way, every day. Proudly Made in India!",https://www.mokkafarms.com/products/filtermaker200,https://cdn.shopify.com/s/files/1/0644/7199/0455/files/1_0eab0c39-d0bd-4ae5-891c-a03361e13116.webp?v=1774937168,
Mokka Farms,"1 Coffee Mug 300 ML + 1 Coaster | Made from Coffee Residue [Husk, Unused Coffee Grounds/ Bean] | Available in Pack of 1",₹325.0,INR,"Made from MokkaFarms’ Own Coffee Residue [ Bean Husk, Roast Husk, Unused Coffee Bean/ Grounds ], our Combo of 1 Coffee Mug 300 ML + 1 Coaster has a varied set of unique characteristics: Lightweight yet Durable/ Unbreakable* [ Normal Floor Drops ] Natural Coffee Colour [ No Artificial Colours ] Permitted for Food Usage [ Formaldehyde Free, BPA Free ] Heat Resistant* [ UV Protection, FMVSS 302, UL 94, ISO 3795 Flammability ] Microwave Safe, Dishwasher Safe, 100% Recyclable Proudly Made in India! #Sustainable #ZeroResidueGoals #MokkaFarms",https://www.mokkafarms.com/products/coffeemugcoastercombo,https://cdn.shopify.com/s/files/1/0644/7199/0455/files/CoffeeMug_Coaster_1.jpg?v=1774936903,
Mokka Farms,"1 Dinner Bowl 160ML + 1 Water Glass/ Cup 250ML | Made from Coffee Residue [Husk, Unused Coffee Grounds/ Bean] | Available in Pack of 2 or Pack of 4",₹230.0,INR,"Made from MokkaFarms’ Own Coffee Residue [ Bean Husk, Roast Husk, Unused Roasted Coffee Bean/ Grounds ], our Combo of 1 Dinner Bowl 160ML + 1 Water Glass/ Cup 250ML has a varied set of unique characteristics: Lightweight yet Durable/ Unbreakable* [ Normal Floor Drops ] Natural Coffee Colour [ No Artificial Colours ] Permitted for Food Usage [ Formaldehyde Free, BPA Free ] Heat Resistant* [ UV Protection, FMVSS 302, UL 94, ISO 3795 Flammability ] Microwave Safe, Dishwasher Safe, 100% Recyclable Proudly Made in India! #Sustainable #ZeroResidueGoals #MokkaFarms",https://www.mokkafarms.com/products/combobowlcup,https://cdn.shopify.com/s/files/1/0644/7199/0455/files/21.webp?v=1774938234,Pack of 2:230.00; Pack of 4:370.00
Mokka Farms,"Coasters | Made from Coffee Residue [Husk, Unused Coffee Grounds/ Bean] | Available in Pack of 4 or Pack of 6",₹235.0,INR,"Made from MokkaFarms’ Own Coffee Residue [ Bean Husk, Roast Husk, Unused Coffee Bean/ Grounds ], our Coasters has a varied set of unique characteristics: Lightweight yet Durable/ Unbreakable* [ Normal Floor Drops ] Natural Coffee Colour [ No Artificial Colours ] Permitted for Food Usage [ Formaldehyde Free, BPA Free ] Heat Resistant* [ UV Protection, FMVSS 302, UL 94, ISO 3795 Flammability ] Microwave Safe, Dishwasher Safe, 100% Recyclable Proudly Made in India! #Sustainable #ZeroResidueGoals #MokkaFarms",https://www.mokkafarms.com/products/coaster,https://cdn.shopify.com/s/files/1/0644/7199/0455/files/C0_bf8e0ac0-6e43-4b2d-a55b-17ca04db6ec2.png?v=1760465462,Pack of 4:235.00; Pack of 6:300.00
Mokka Farms,"Dinner Bowl 160 ML | Made from Coffee Residue [Husk, Unused Coffee Grounds/ Bean] | Available in Pack of 2 or Pack of 4",₹210.0,INR,"Made from MokkaFarms’ Own Coffee Residue [ Bean Husk, Roast Husk, Unused Coffee Bean/ Grounds ], our Dinner Bowl 160 ML has a varied set of unique characteristics: Lightweight yet Durable/ Unbreakable* [ Normal Floor Drops ] Natural Coffee Colour [ No Artificial Colours ] Permitted for Food Usage [ Formaldehyde Free, BPA Free ] Heat Resistant* [ UV Protection, FMVSS 302, UL 94, ISO 3795 Flammability ] Microwave Safe, Dishwasher Safe, 100% Recyclable Proudly Made in India! #Sustainable #ZeroResidueGoals #MokkaFarms",https://www.mokkafarms.com/products/dinnerbowl,https://cdn.shopify.com/s/files/1/0644/7199/0455/files/11.webp?v=1774937951,Pack of 2:210.00; Pack of 4:335.00
Mokka Farms,"Water Glass 250ML | Made from Coffee Residue [Husk, Unused Coffee Grounds/ Bean] | Available in Pack of 2 or Pack of 4",₹245.0,INR,"Made from MokkaFarms’ Own Coffee Residue [ Bean Husk, Roast Husk, Unused Coffee Bean/ Grounds ], our Water Glass 250 ML has a varied set of unique characteristics: Lightweight yet Durable/ Unbreakable* [ Normal Floor Drops ] Natural Coffee Colour [ No Artificial Colours ] Permitted for Food Usage [ Formaldehyde Free, BPA Free ] Heat Resistant* [ UV Protection, FMVSS 302, UL 94, ISO 3795 Flammability ] Microwave Safe, Dishwasher Safe, 100% Recyclable Proudly Made in India! #Sustainable #ZeroResidueGoals #MokkaFarms",https://www.mokkafarms.com/products/waterglass,https://cdn.shopify.com/s/files/1/0644/7199/0455/files/C0.png?v=1760464798,Pack of 2:245.00; Pack of 4:405.00
Mokka Farms,"Coffee Mug 300 ML | Made from Coffee Residue [Husk, Unused Coffee Grounds/ Bean] | Available in Pack of 1",₹270.0,INR,"Made from MokkaFarms’ Own Coffee Residue [ Bean Husk, Roast Husk, Unused Coffee Bean/ Grounds ], our Coffee Mug 300 ML has a varied set of unique characteristics: Lightweight yet Durable/ Unbreakable* [ Normal Floor Drops ] Natural Coffee Colour [ No Artificial Colours ] Permitted for Food Usage [ Formaldehyde Free, BPA Free ] Heat Resistant* [ UV Protection, FMVSS 302, UL 94, ISO 3795 Flammability ] Microwave Safe, Dishwasher Safe, 100% Recyclable Proudly Made in India! #Sustainable #ZeroResidueGoals #MokkaFarms",https://www.mokkafarms.com/products/coffeemug,https://cdn.shopify.com/s/files/1/0644/7199/0455/files/01.webp?v=1774937798,
Mokka Farms,Monsoon Malabar Coffee - 100% Arabica [Specialty Coffee],₹550.0,INR,"Monsoon Malabar Specialty Coffee - A 100% Arabica A Grade coffee sourced by MokkaFarms, is available in various coffee roasts, varieties and packaging sizes. Proudly Made in India!",https://www.mokkafarms.com/products/mokkafarms-monsoon-malabar-coffee,https://cdn.shopify.com/s/files/1/0644/7199/0455/files/MonsoonMalabar.webp?v=1774603765,250g:550.00; 250g:550.00; 250g:550.00; 250g:550.00; 250g:550.00; 250g:550.00; 250g:550.00; 250g:550.00; 500g:1000.00; 500g:1000.00; 500g:1000.00; 500g:1000.00; 500g:1000.00; 500g:1000.00; 500g:1000.00; 500g:1000.00; 250g:550.00; 250g:550.00; 250g:550.00; 250g:550.00; 250g:550.00; 250g:550.00; 250g:550.00; 250g:550.00; 500g:1000.00; 500g:1000.00; 500g:1000.00; 500g:1000.00; 500g:1000.00; 500g:1000.00; 500g:1000.00; 500g:1000.00; 250g:550.00; 250g:550.00; 250g:550.00; 250g:550.00; 250g:550.00; 250g:550.00; 250g:550.00; 250g:550.00; 500g:1000.00; 500g:1000.00; 500g:1000.00; 500g:1000.00; 500g:1000.00; 500g:1000.00; 500g:1000.00; 500g:1000.00; 250g:550.00; 250g:550.00; 250g:550.00; 250g:550.00; 250g:550.00; 250g:550.00; 250g:550.00; 250g:550.00; 500g:1000.00; 500g:1000.00; 500g:1000.00; 500g:1000.00; 500g:1000.00; 500g:1000.00; 500g:1000.00; 500g:1000.00; 250g:550.00; 250g:550.00; 250g:550.00; 250g:550.00; 250g:550.00; 250g:550.00; 250g:550.00; 250g:550.00; 500g:1000.00; 500g:1000.00; 500g:1000.00; 500g:1000.00; 500g:1000.00; 500g:1000.00; 500g:1000.00; 500g:1000.00
Mokka Farms,Commercial Espresso - Arabica-Robusta Blend | A/ AA Grade | Premium Ground Coffee,₹230.0,INR,"MokkaFarms brings you an exclusive High Quality, Estate Coffee, Fresh Roast, 100% Pure, Sundried Arabica & Robusta Whole Coffee Beans from Coorg/ Chikmagalur region of Western Ghats, Karnataka, India. Our coffee beans are further selectively picked to ensure that you have a superior grade coffee beans. The beans are carefully selected and roasted, separately in small batches, to perfection as per the roast type and pack size that you need, to create a strong, flavourful and an extremely gratifying and a rich aromatic coffee experience. The result is a smooth and balanced cup of coffee with a unique flavor profile. The Roasted Whole Coffee Beans from Mokka Farms give the coffee a mild and fruity taste with a hint of chocolate. The brewing method enhances the flavors and aromas, resulting in a full-bodied and satisfying cup of coffee. The coffee can be enjoyed hot or cold and is perfect for those who appreciate a strong and flavorful coffee. Whether you prefer a classic cup of black coffee or a creamy and sweet latte, this coffee blend will satisfy your cravings. Indulge in the rich and authentic taste of one of the best Robusta Coffee Beans that you can find in the country. Proudly Made in India! FLAVOURFUL COFFEE: Treat yourself to the exquisite flavors of MokkaFarms 100% Arabica Robusta Blend Roasted Whole Coffee Beans, a sensory experience like no other FARM to FORK: From planting, harvesting, grading, roasting, grinding to processing and packaging, we carefully track every step of the coffee production process to give high quality and maintain consistency HANDCRAFTED: Our coffee is carefully handcrafted in small batches to deliver a rich and remarkable flavor, strength and aroma while ensuring consistency AROMATIC, GREAT TASTE, STRONG: Our 100% Robusta Roasted Whole Coffee Beans has a toasty aroma and a velvety taste, and feels like a strong punch! CONVENIENCE, REUSABLE PACKAGING: Comes in a convenient, tamper-proof, one-way valve, resealable zip-lock pouch for m",https://www.mokkafarms.com/products/espresso-arabica-robusta-blend-premium-ground-coffee,https://cdn.shopify.com/s/files/1/0644/7199/0455/files/0_9ecda36a-72a6-49a0-be77-8674ba077092.png?v=1762441179,100g:230.00; 250g:360.00; 500g:665.00; 1kg:1200.00; 100g:230.00; 250g:360.00; 500g:665.00; 1kg:1200.00; 100g:230.00; 250g:360.00; 500g:665.00; 1kg:1200.00; 100g:230.00; 250g:360.00; 500g:665.00; 1kg:1200.00; 100g:230.00; 250g:360.00; 500g:665.00; 1kg:1200.00; 100g:270.00; 250g:405.00; 500g:760.00; 1kg:1420.00; 100g:270.00; 250g:405.00; 500g:760.00; 1kg:1420.00; 100g:270.00; 250g:405.00; 500g:760.00; 1kg:1420.00; 100g:270.00; 250g:405.00; 500g:760.00; 1kg:1420.00; 100g:270.00; 250g:405.00; 500g:760.00; 1kg:1420.00
Mokka Farms,Commercial Espresso - 100% Pure Arabica | A/ AA Grade | Premium Ground Coffee,₹250.0,INR,"☕ Premium Ground Coffee – 100% Pure Arabica by MokkaFarms 🇮🇳 Made with love in India, for true coffee lovers. Discover the luxurious taste of MokkaFarms Premium Ground Coffee – made from 100% pure Arabica beans handpicked from the lush plantations of Coorg and Chikmagalur in Karnataka’s Western Ghats. Each batch is carefully sorted, graded, and roasted in small batches to perfection, preserving the bean’s natural aroma and rich flavor. Whether you enjoy a light roast for its brightness or a dark roast for bold intensity , our ground coffee delivers a truly customized experience. ☕ The result? A full-bodied, smooth and aromatic cup with mild fruity notes and a hint of chocolate – perfect for your morning kick or evening unwind. 🌿 What Makes It Special? 🌱 100% Estate-Grown Arabica – Single-origin beans from premium Indian coffee estates. 🔁 Farm-to-Fork Control – From plantation to packaging, we ensure quality, freshness, and consistency. 🔥 Handcrafted Roasts – Roasted fresh in small batches to unlock peak flavor and aroma. ☕ Versatile Brewing – French Press, Espresso, Moka Pot, Pour Over, or South Indian Filter – you name it! 📦 Smart Packaging – Resealable, one-way valve pouch locks in aroma till the last scoop. Whether you like it hot or cold, black or with milk – this blend delivers a premium café-style experience . ✨ Indulge in the best of Indian Arabica. Taste it, sip by sip.",https://www.mokkafarms.com/products/comesp100ara,https://cdn.shopify.com/s/files/1/0644/7199/0455/files/0_edc1eaf0-4bb2-4871-b406-33ca03c0b127.png?v=1762440815,100g:250.00; 250g:400.00; 500g:750.00; 1kg:1400.00; 100g:250.00; 250g:400.00; 500g:750.00; 1kg:1400.00; 100g:250.00; 250g:400.00; 500g:750.00; 1kg:1400.00; 100g:250.00; 250g:400.00; 500g:750.00; 1kg:1400.00; 100g:250.00; 250g:400.00; 500g:750.00; 1kg:1400.00; 100g:250.00; 250g:400.00; 500g:750.00; 1kg:1400.00; 100g:290.00; 250g:460.00; 500g:870.00; 1kg:1640.00; 100g:290.00; 250g:460.00; 500g:870.00; 1kg:1640.00; 100g:290.00; 250g:460.00; 500g:870.00; 1kg:1640.00; 100g:290.00; 250g:460.00; 500g:870.00; 1kg:1640.00; 100g:290.00; 250g:460.00; 500g:870.00; 1kg:1640.00; 100g:290.00; 250g:460.00; 500g:870.00; 1kg:1640.00
Mokka Farms,Aero Press - 100% Pure Robusta | A/ AA Grade | Premium Ground Coffee,₹210.0,INR,"☕ Premium Ground Coffee – 100% Pure Robusta by MokkaFarms 🇮🇳 Made with love in India, for true coffee lovers. Discover the bold and intense taste of MokkaFarms Premium Ground Coffee – made from 100% pure, sun-dried Robusta beans handpicked from the rich plantations of Coorg and Chikmagalur in Karnataka’s Western Ghats. Each batch is carefully sorted, graded, and roasted in small batches to perfection, preserving the bean’s natural strength and earthy flavor. Whether you enjoy a light roast for a smoother body or a dark roast for a robust kick , our ground coffee delivers a truly bold and satisfying experience. ☕ The result? A strong-bodied, aromatic and powerful cup with earthy undertones and a bittersweet chocolate finish – perfect to energize your day. 🌿 What Makes It Special? 🌱 100% Estate-Grown Robusta – Single-origin beans from premium Indian coffee estates. 🔁 Farm-to-Fork Control – From plantation to packaging, we ensure quality, freshness, and consistency. 🔥 Handcrafted Roasts – Roasted fresh in small batches to unlock peak flavor and aroma. ☕ Versatile Brewing – French Press, Espresso, Moka Pot, Pour Over, or South Indian Filter – you name it! 📦 Smart Packaging – Resealable, one-way valve pouch locks in aroma till the last scoop. Whether you like it hot or cold, black or with milk – this blend delivers a strong, café-style experience right at home. ✨ Enjoy the bold and authentic taste of Indian Robusta. Taste it, sip by sip.",https://www.mokkafarms.com/products/ap100rob,https://cdn.shopify.com/s/files/1/0644/7199/0455/files/0_3961d9de-ad09-4a68-96c3-1e0ea4eb0d8f.png?v=1762440947,100g:210.00; 250g:315.00; 500g:575.00; 1kg:1050.00; 100g:210.00; 250g:315.00; 500g:575.00; 1kg:1050.00; 100g:210.00; 250g:315.00; 500g:575.00; 1kg:1050.00; 100g:210.00; 250g:315.00; 500g:575.00; 1kg:1050.00; 100g:210.00; 250g:315.00; 500g:575.00; 1kg:1050.00; 100g:245.00; 250g:350.00; 500g:650.00; 1kg:1200.00; 100g:245.00; 250g:350.00; 500g:650.00; 1kg:1200.00; 100g:245.00; 250g:350.00; 500g:650.00; 1kg:1200.00; 100g:245.00; 250g:350.00; 500g:650.00; 1kg:1200.00; 100g:245.00; 250g:350.00; 500g:650.00; 1kg:1200.00
Mokka Farms,Cold Brew - 100% Pure Robusta | A/ AA Grade | Premium Ground Coffee,₹210.0,INR,"☕ Premium Ground Coffee – 100% Pure Robusta by MokkaFarms 🇮🇳 Made with love in India, for true coffee lovers. Discover the bold and intense taste of MokkaFarms Premium Ground Coffee – made from 100% pure, sun-dried Robusta beans handpicked from the rich plantations of Coorg and Chikmagalur in Karnataka’s Western Ghats. Each batch is carefully sorted, graded, and roasted in small batches to perfection, preserving the bean’s natural strength and earthy flavor. Whether you enjoy a light roast for a smoother body or a dark roast for a robust kick , our ground coffee delivers a truly bold and satisfying experience. ☕ The result? A strong-bodied, aromatic and powerful cup with earthy undertones and a bittersweet chocolate finish – perfect to energize your day. 🌿 What Makes It Special? 🌱 100% Estate-Grown Robusta – Single-origin beans from premium Indian coffee estates. 🔁 Farm-to-Fork Control – From plantation to packaging, we ensure quality, freshness, and consistency. 🔥 Handcrafted Roasts – Roasted fresh in small batches to unlock peak flavor and aroma. ☕ Versatile Brewing – French Press, Espresso, Moka Pot, Pour Over, or South Indian Filter – you name it! 📦 Smart Packaging – Resealable, one-way valve pouch locks in aroma till the last scoop. Whether you like it hot or cold, black or with milk – this blend delivers a strong, café-style experience right at home. ✨ Enjoy the bold and authentic taste of Indian Robusta. Taste it, sip by sip.",https://www.mokkafarms.com/products/cold-brew-100-robusta-premium-ground-coffee,https://cdn.shopify.com/s/files/1/0644/7199/0455/files/0_d487a37b-e500-4581-8284-f851507a48f5.png?v=1762440966,100g:210.00; 250g:315.00; 500g:575.00; 1kg:1050.00; 100g:210.00; 250g:315.00; 500g:575.00; 1kg:1050.00; 100g:210.00; 250g:315.00; 500g:575.00; 1kg:1050.00; 100g:210.00; 250g:315.00; 500g:575.00; 1kg:1050.00; 100g:210.00; 250g:315.00; 500g:575.00; 1kg:1050.00; 100g:245.00; 250g:350.00; 500g:650.00; 1kg:1200.00; 100g:245.00; 250g:350.00; 500g:650.00; 1kg:1200.00; 100g:245.00; 250g:350.00; 500g:650.00; 1kg:1200.00; 100g:245.00; 250g:350.00; 500g:650.00; 1kg:1200.00; 100g:245.00; 250g:350.00; 500g:650.00; 1kg:1200.00
Mokka Farms,Turkish - 100% Pure Robusta | A/ AA Grade | Premium Ground Coffee,₹210.0,INR,"☕ Premium Ground Coffee – 100% Pure Robusta by MokkaFarms 🇮🇳 Made with love in India, for true coffee lovers. Discover the bold and intense taste of MokkaFarms Premium Ground Coffee – made from 100% pure, sun-dried Robusta beans handpicked from the rich plantations of Coorg and Chikmagalur in Karnataka’s Western Ghats. Each batch is carefully sorted, graded, and roasted in small batches to perfection, preserving the bean’s natural strength and earthy flavor. Whether you enjoy a light roast for a smoother body or a dark roast for a robust kick , our ground coffee delivers a truly bold and satisfying experience. ☕ The result? A strong-bodied, aromatic and powerful cup with earthy undertones and a bittersweet chocolate finish – perfect to energize your day. 🌿 What Makes It Special? 🌱 100% Estate-Grown Robusta – Single-origin beans from premium Indian coffee estates. 🔁 Farm-to-Fork Control – From plantation to packaging, we ensure quality, freshness, and consistency. 🔥 Handcrafted Roasts – Roasted fresh in small batches to unlock peak flavor and aroma. ☕ Versatile Brewing – French Press, Espresso, Moka Pot, Pour Over, or South Indian Filter – you name it! 📦 Smart Packaging – Resealable, one-way valve pouch locks in aroma till the last scoop. Whether you like it hot or cold, black or with milk – this blend delivers a strong, café-style experience right at home. ✨ Enjoy the bold and authentic taste of Indian Robusta. Taste it, sip by sip.",https://www.mokkafarms.com/products/turkish-100-robusta-premium-ground-coffee,https://cdn.shopify.com/s/files/1/0644/7199/0455/files/0_560fcce5-5e85-40ed-abf4-77e261acf6eb.png?v=1762441074,100g:210.00; 250g:315.00; 500g:575.00; 1kg:1050.00; 100g:210.00; 250g:315.00; 500g:575.00; 1kg:1050.00; 100g:210.00; 250g:315.00; 500g:575.00; 1kg:1050.00; 100g:210.00; 250g:315.00; 500g:575.00; 1kg:1050.00; 100g:210.00; 250g:315.00; 500g:575.00; 1kg:1050.00; 100g:245.00; 250g:350.00; 500g:650.00; 1kg:1200.00; 100g:245.00; 250g:350.00; 500g:650.00; 1kg:1200.00; 100g:245.00; 250g:350.00; 500g:650.00; 1kg:1200.00; 100g:245.00; 250g:350.00; 500g:650.00; 1kg:1200.00; 100g:245.00; 250g:350.00; 500g:650.00; 1kg:1200.00
Mokka Farms,Pour Over - 100% Pure Robusta | A/ AA Grade | Premium Ground Coffee,₹210.0,INR,"☕ Premium Ground Coffee – 100% Pure Robusta by MokkaFarms 🇮🇳 Made with love in India, for true coffee lovers. Discover the bold and intense taste of MokkaFarms Premium Ground Coffee – made from 100% pure, sun-dried Robusta beans handpicked from the rich plantations of Coorg and Chikmagalur in Karnataka’s Western Ghats. Each batch is carefully sorted, graded, and roasted in small batches to perfection, preserving the bean’s natural strength and earthy flavor. Whether you enjoy a light roast for a smoother body or a dark roast for a robust kick , our ground coffee delivers a truly bold and satisfying experience. ☕ The result? A strong-bodied, aromatic and powerful cup with earthy undertones and a bittersweet chocolate finish – perfect to energize your day. 🌿 What Makes It Special? 🌱 100% Estate-Grown Robusta – Single-origin beans from premium Indian coffee estates. 🔁 Farm-to-Fork Control – From plantation to packaging, we ensure quality, freshness, and consistency. 🔥 Handcrafted Roasts – Roasted fresh in small batches to unlock peak flavor and aroma. ☕ Versatile Brewing – French Press, Espresso, Moka Pot, Pour Over, or South Indian Filter – you name it! 📦 Smart Packaging – Resealable, one-way valve pouch locks in aroma till the last scoop. Whether you like it hot or cold, black or with milk – this blend delivers a strong, café-style experience right at home. ✨ Enjoy the bold and authentic taste of Indian Robusta. Taste it, sip by sip.",https://www.mokkafarms.com/products/pour-over-100-robusta-premium-ground-coffee,https://cdn.shopify.com/s/files/1/0644/7199/0455/files/0_342487a2-91b8-4ce9-963c-711dd20845ce.png?v=1762441053,100g:210.00; 250g:315.00; 500g:575.00; 1kg:1050.00; 100g:210.00; 250g:315.00; 500g:575.00; 1kg:1050.00; 100g:210.00; 250g:315.00; 500g:575.00; 1kg:1050.00; 100g:210.00; 250g:315.00; 500g:575.00; 1kg:1050.00; 100g:210.00; 250g:315.00; 500g:575.00; 1kg:1050.00; 100g:235.00; 250g:395.00; 500g:695.00; 1kg:1345.00; 100g:235.00; 250g:395.00; 500g:695.00; 1kg:1345.00; 100g:235.00; 250g:395.00; 500g:695.00; 1kg:1345.00; 100g:235.00; 250g:395.00; 500g:695.00; 1kg:1345.00; 100g:235.00; 250g:395.00; 500g:695.00; 1kg:1345.00
Mokka Farms,French Press - 100% Pure Robusta | A/ AA Grade | Premium Ground Coffee,₹210.0,INR,"☕ Premium Ground Coffee – 100% Pure Robusta by MokkaFarms 🇮🇳 Made with love in India, for true coffee lovers. Discover the bold and intense taste of MokkaFarms Premium Ground Coffee – made from 100% pure, sun-dried Robusta beans handpicked from the rich plantations of Coorg and Chikmagalur in Karnataka’s Western Ghats. Each batch is carefully sorted, graded, and roasted in small batches to perfection, preserving the bean’s natural strength and earthy flavor. Whether you enjoy a light roast for a smoother body or a dark roast for a robust kick , our ground coffee delivers a truly bold and satisfying experience. ☕ The result? A strong-bodied, aromatic and powerful cup with earthy undertones and a bittersweet chocolate finish – perfect to energize your day. 🌿 What Makes It Special? 🌱 100% Estate-Grown Robusta – Single-origin beans from premium Indian coffee estates. 🔁 Farm-to-Fork Control – From plantation to packaging, we ensure quality, freshness, and consistency. 🔥 Handcrafted Roasts – Roasted fresh in small batches to unlock peak flavor and aroma. ☕ Versatile Brewing – French Press, Espresso, Moka Pot, Pour Over, or South Indian Filter – you name it! 📦 Smart Packaging – Resealable, one-way valve pouch locks in aroma till the last scoop. Whether you like it hot or cold, black or with milk – this blend delivers a strong, café-style experience right at home. ✨ Enjoy the bold and authentic taste of Indian Robusta. Taste it, sip by sip.",https://www.mokkafarms.com/products/moka-pot-100-robusta-premium-ground-coffee,https://cdn.shopify.com/s/files/1/0644/7199/0455/files/0_975e7de1-ab76-44bf-b677-e931c03437e5.png?v=1762441007,100g:210.00; 250g:315.00; 500g:575.00; 1kg:1050.00; 100g:210.00; 250g:315.00; 500g:575.00; 1kg:1050.00; 100g:210.00; 250g:315.00; 500g:575.00; 1kg:1050.00; 100g:210.00; 250g:315.00; 500g:575.00; 1kg:1050.00; 100g:210.00; 250g:315.00; 500g:575.00; 1kg:1050.00; 100g:245.00; 250g:350.00; 500g:650.00; 1kg:1200.00; 100g:245.00; 250g:350.00; 500g:650.00; 1kg:1200.00; 100g:245.00; 250g:350.00; 500g:650.00; 1kg:1200.00; 100g:245.00; 250g:350.00; 500g:650.00; 1kg:1200.00; 100g:245.00; 250g:350.00; 500g:650.00; 1kg:1200.00
Mokka Farms,Moka Pot - 100% Pure Robusta | A/ AA Grade | Premium Ground Coffee,₹210.0,INR,"☕ Premium Ground Coffee – 100% Pure Robusta by MokkaFarms 🇮🇳 Made with love in India, for true coffee lovers. Discover the bold and intense taste of MokkaFarms Premium Ground Coffee – made from 100% pure, sun-dried Robusta beans handpicked from the rich plantations of Coorg and Chikmagalur in Karnataka’s Western Ghats. Each batch is carefully sorted, graded, and roasted in small batches to perfection, preserving the bean’s natural strength and earthy flavor. Whether you enjoy a light roast for a smoother body or a dark roast for a robust kick , our ground coffee delivers a truly bold and satisfying experience. ☕ The result? A strong-bodied, aromatic and powerful cup with earthy undertones and a bittersweet chocolate finish – perfect to energize your day. 🌿 What Makes It Special? 🌱 100% Estate-Grown Robusta – Single-origin beans from premium Indian coffee estates. 🔁 Farm-to-Fork Control – From plantation to packaging, we ensure quality, freshness, and consistency. 🔥 Handcrafted Roasts – Roasted fresh in small batches to unlock peak flavor and aroma. ☕ Versatile Brewing – French Press, Espresso, Moka Pot, Pour Over, or South Indian Filter – you name it! 📦 Smart Packaging – Resealable, one-way valve pouch locks in aroma till the last scoop. Whether you like it hot or cold, black or with milk – this blend delivers a strong, café-style experience right at home. ✨ Enjoy the bold and authentic taste of Indian Robusta. Taste it, sip by sip.",https://www.mokkafarms.com/products/moka-pot-100-robusta-premium-ground-coffee-fresh-single-origin-plantation-a-aa-beans,https://cdn.shopify.com/s/files/1/0644/7199/0455/files/0_13dc9d73-8914-41b5-8b3f-5ff347c901a3.png?v=1762441028,100g:210.00; 250g:315.00; 500g:575.00; 1kg:1050.00; 100g:210.00; 250g:315.00; 500g:575.00; 1kg:1050.00; 100g:210.00; 250g:315.00; 500g:575.00; 1kg:1050.00; 100g:210.00; 250g:315.00; 500g:575.00; 1kg:1050.00; 100g:210.00; 250g:315.00; 500g:575.00; 1kg:1050.00; 100g:245.00; 250g:350.00; 500g:650.00; 1kg:1200.00; 100g:245.00; 250g:350.00; 500g:650.00; 1kg:1200.00; 100g:245.00; 250g:350.00; 500g:650.00; 1kg:1200.00; 100g:245.00; 250g:350.00; 500g:650.00; 1kg:1200.00; 100g:245.00; 250g:350.00; 500g:650.00; 1kg:1200.00
Mokka Farms,Commercial Espresso - 100% Pure Robusta | A/ AA Grade | Premium Ground Coffee,₹210.0,INR,"☕ Premium Ground Coffee – 100% Pure Robusta by MokkaFarms 🇮🇳 Made with love in India, for true coffee lovers. Discover the bold and intense taste of MokkaFarms Premium Ground Coffee – made from 100% pure, sun-dried Robusta beans handpicked from the rich plantations of Coorg and Chikmagalur in Karnataka’s Western Ghats. Each batch is carefully sorted, graded, and roasted in small batches to perfection, preserving the bean’s natural strength and earthy flavor. Whether you enjoy a light roast for a smoother body or a dark roast for a robust kick , our ground coffee delivers a truly bold and satisfying experience. ☕ The result? A strong-bodied, aromatic and powerful cup with earthy undertones and a bittersweet chocolate finish – perfect to energize your day. 🌿 What Makes It Special? 🌱 100% Estate-Grown Robusta – Single-origin beans from premium Indian coffee estates. 🔁 Farm-to-Fork Control – From plantation to packaging, we ensure quality, freshness, and consistency. 🔥 Handcrafted Roasts – Roasted fresh in small batches to unlock peak flavor and aroma. ☕ Versatile Brewing – French Press, Espresso, Moka Pot, Pour Over, or South Indian Filter – you name it! 📦 Smart Packaging – Resealable, one-way valve pouch locks in aroma till the last scoop. Whether you like it hot or cold, black or with milk – this blend delivers a strong, café-style experience right at home. ✨ Enjoy the bold and authentic taste of Indian Robusta. Taste it, sip by sip.",https://www.mokkafarms.com/products/espresso-100-robusta-premium-ground-coffee,https://cdn.shopify.com/s/files/1/0644/7199/0455/files/0_4572bef5-8b84-4ca3-a71f-20a770760e26.png?v=1762440986,100g:210.00; 250g:315.00; 500g:575.00; 1kg:1050.00; 100g:210.00; 250g:315.00; 500g:575.00; 1kg:1050.00; 100g:210.00; 250g:315.00; 500g:575.00; 1kg:1050.00; 100g:210.00; 250g:315.00; 500g:575.00; 1kg:1050.00; 100g:210.00; 250g:315.00; 500g:575.00; 1kg:1050.00; 100g:245.00; 250g:350.00; 500g:650.00; 1kg:1200.00; 100g:245.00; 250g:350.00; 500g:650.00; 1kg:1200.00; 100g:245.00; 250g:350.00; 500g:650.00; 1kg:1200.00; 100g:245.00; 250g:350.00; 500g:650.00; 1kg:1200.00; 100g:245.00; 250g:350.00; 500g:650.00; 1kg:1200.00
Mokka Farms,Cold Brew - 100% Pure Arabica | A/ AA Grade | Premium Ground Coffee,₹250.0,INR,"☕ Premium Ground Coffee – 100% Pure Arabica by MokkaFarms 🇮🇳 Made with love in India, for true coffee lovers. Discover the luxurious taste of MokkaFarms Premium Ground Coffee – made from 100% pure, sun-dried Arabica beans handpicked from the lush plantations of Coorg and Chikmagalur in Karnataka’s Western Ghats. Each batch is carefully sorted, graded, and roasted in small batches to perfection, preserving the bean’s natural aroma and rich flavor. Whether you enjoy a light roast for its brightness or a dark roast for bold intensity , our ground coffee delivers a truly customized experience. ☕ The result? A full-bodied, smooth and aromatic cup with mild fruity notes and a hint of chocolate – perfect for your morning kick or evening unwind. 🌿 What Makes It Special? 🌱 100% Estate-Grown Arabica – Single-origin beans from premium Indian coffee estates. 🔁 Farm-to-Fork Control – From plantation to packaging, we ensure quality, freshness, and consistency. 🔥 Handcrafted Roasts – Roasted fresh in small batches to unlock peak flavor and aroma. ☕ Versatile Brewing – French Press, Espresso, Moka Pot, Pour Over, or South Indian Filter – you name it! 📦 Smart Packaging – Resealable, one-way valve pouch locks in aroma till the last scoop. Whether you like it hot or cold, black or with milk – this blend delivers a premium café-style experience right at home. ✨ Indulge in the best of Indian Arabica. Taste it, sip by sip.",https://www.mokkafarms.com/products/cold-brew-100-pure-arabica-premium-ground-coffee,https://cdn.shopify.com/s/files/1/0644/7199/0455/files/0_edc1eaf0-4bb2-4871-b406-33ca03c0b127.png?v=1762440815,100g:250.00; 250g:400.00; 500g:755.00; 1kg:1445.00; 100g:250.00; 250g:400.00; 500g:755.00; 1kg:1445.00; 100g:250.00; 250g:400.00; 500g:755.00; 1kg:1445.00; 100g:250.00; 250g:400.00; 500g:755.00; 1kg:1445.00; 100g:250.00; 250g:400.00; 500g:755.00; 1kg:1445.00; 100g:290.00; 250g:460.00; 500g:1000.00; 1kg:1945.00; 100g:290.00; 250g:460.00; 500g:1000.00; 1kg:1945.00; 100g:290.00; 250g:460.00; 500g:1000.00; 1kg:1945.00; 100g:290.00; 250g:460.00; 500g:1000.00; 1kg:1945.00; 100g:290.00; 250g:460.00; 500g:1000.00; 1kg:1945.00
Mokka Farms,Turkish - 100% Pure Arabica | A/ AA Grade | Premium Ground Coffee,₹250.0,INR,"☕ Premium Ground Coffee – 100% Pure Arabica by MokkaFarms 🇮🇳 Made with love in India, for true coffee lovers. Discover the luxurious taste of MokkaFarms Premium Ground Coffee – made from 100% pure, sun-dried Arabica beans handpicked from the lush plantations of Coorg and Chikmagalur in Karnataka’s Western Ghats. Each batch is carefully sorted, graded, and roasted in small batches to perfection, preserving the bean’s natural aroma and rich flavor. Whether you enjoy a light roast for its brightness or a dark roast for bold intensity , our ground coffee delivers a truly customized experience. ☕ The result? A full-bodied, smooth and aromatic cup with mild fruity notes and a hint of chocolate – perfect for your morning kick or evening unwind. 🌿 What Makes It Special? 🌱 100% Estate-Grown Arabica – Single-origin beans from premium Indian coffee estates. 🔁 Farm-to-Fork Control – From plantation to packaging, we ensure quality, freshness, and consistency. 🔥 Handcrafted Roasts – Roasted fresh in small batches to unlock peak flavor and aroma. ☕ Versatile Brewing – French Press, Espresso, Moka Pot, Pour Over, or South Indian Filter – you name it! 📦 Smart Packaging – Resealable, one-way valve pouch locks in aroma till the last scoop. Whether you like it hot or cold, black or with milk – this blend delivers a premium café-style experience right at home. ✨ Indulge in the best of Indian Arabica. Taste it, sip by sip.",https://www.mokkafarms.com/products/turkish-100-pure-arabica-premium-ground-coffee,https://cdn.shopify.com/s/files/1/0644/7199/0455/files/0_513e6e3e-58ca-4c34-b220-bed2ef2de8c3.png?v=1762440885,100g:250.00; 250g:400.00; 500g:750.00; 1kg:1400.00; 100g:250.00; 250g:400.00; 500g:750.00; 1kg:1400.00; 100g:250.00; 250g:400.00; 500g:750.00; 1kg:1400.00; 100g:250.00; 250g:400.00; 500g:750.00; 1kg:1400.00; 100g:250.00; 250g:400.00; 500g:750.00; 1kg:1400.00; 100g:285.00; 250g:585.00; 500g:1000.00; 1kg:1945.00; 100g:285.00; 250g:585.00; 500g:1000.00; 1kg:1945.00; 100g:285.00; 250g:585.00; 500g:1000.00; 1kg:1945.00; 100g:285.00; 250g:585.00; 500g:1000.00; 1kg:1945.00; 100g:285.00; 250g:585.00; 500g:1000.00; 1kg:1945.00
Mokka Farms,Pour Over - 100% Pure Arabica | A/ AA Grade | Premium Ground Coffee,₹250.0,INR,"☕ Premium Ground Coffee – 100% Pure Arabica by MokkaFarms 🇮🇳 Made with love in India, for true coffee lovers. Discover the luxurious taste of MokkaFarms Premium Ground Coffee – made from 100% pure, sun-dried Arabica beans handpicked from the lush plantations of Coorg and Chikmagalur in Karnataka’s Western Ghats. Each batch is carefully sorted, graded, and roasted in small batches to perfection, preserving the bean’s natural aroma and rich flavor. Whether you enjoy a light roast for its brightness or a dark roast for bold intensity , our ground coffee delivers a truly customized experience. ☕ The result? A full-bodied, smooth and aromatic cup with mild fruity notes and a hint of chocolate – perfect for your morning kick or evening unwind. 🌿 What Makes It Special? 🌱 100% Estate-Grown Arabica – Single-origin beans from premium Indian coffee estates. 🔁 Farm-to-Fork Control – From plantation to packaging, we ensure quality, freshness, and consistency. 🔥 Handcrafted Roasts – Roasted fresh in small batches to unlock peak flavor and aroma. ☕ Versatile Brewing – French Press, Espresso, Moka Pot, Pour Over, or South Indian Filter – you name it! 📦 Smart Packaging – Resealable, one-way valve pouch locks in aroma till the last scoop. Whether you like it hot or cold, black or with milk – this blend delivers a premium café-style experience right at home. ✨ Indulge in the best of Indian Arabica. Taste it, sip by sip.",https://www.mokkafarms.com/products/pour-over-100-pure-arabica-premium-ground-coffee,https://cdn.shopify.com/s/files/1/0644/7199/0455/files/0_53fe2c34-71e1-44eb-971a-65d54234db90.png?v=1762440861,100g:250.00; 250g:400.00; 500g:750.00; 1kg:1400.00; 100g:250.00; 250g:400.00; 500g:750.00; 1kg:1400.00; 100g:250.00; 250g:400.00; 500g:750.00; 1kg:1400.00; 100g:250.00; 250g:400.00; 500g:750.00; 1kg:1400.00; 100g:250.00; 250g:400.00; 500g:750.00; 1kg:1400.00; 100g:290.00; 250g:460.00; 500g:870.00; 1kg:1640.00; 100g:290.00; 250g:460.00; 500g:870.00; 1kg:1640.00; 100g:290.00; 250g:460.00; 500g:870.00; 1kg:1640.00; 100g:290.00; 250g:460.00; 500g:870.00; 1kg:1640.00; 100g:290.00; 250g:460.00; 500g:870.00; 1kg:1640.00
Mokka Farms,French Press - 100% Pure Arabica | A/ AA Grade | Premium Ground Coffee,₹250.0,INR,"☕ Premium Ground Coffee – 100% Pure Arabica by MokkaFarms 🇮🇳 Made with love in India, for true coffee lovers. Discover the luxurious taste of MokkaFarms Premium Ground Coffee – made from 100% pure, sun-dried Arabica beans handpicked from the lush plantations of Coorg and Chikmagalur in Karnataka’s Western Ghats. Each batch is carefully sorted, graded, and roasted in small batches to perfection, preserving the bean’s natural aroma and rich flavor. Whether you enjoy a light roast for its brightness or a dark roast for bold intensity , our ground coffee delivers a truly customized experience. ☕ The result? A full-bodied, smooth and aromatic cup with mild fruity notes and a hint of chocolate – perfect for your morning kick or evening unwind. 🌿 What Makes It Special? 🌱 100% Estate-Grown Arabica – Single-origin beans from premium Indian coffee estates. 🔁 Farm-to-Fork Control – From plantation to packaging, we ensure quality, freshness, and consistency. 🔥 Handcrafted Roasts – Roasted fresh in small batches to unlock peak flavor and aroma. ☕ Versatile Brewing – French Press, Espresso, Moka Pot, Pour Over, or South Indian Filter – you name it! 📦 Smart Packaging – Resealable, one-way valve pouch locks in aroma till the last scoop. Whether you like it hot or cold, black or with milk – this blend delivers a premium café-style experience right at home. ✨ Indulge in the best of Indian Arabica. Taste it, sip by sip.",https://www.mokkafarms.com/products/french-press-100-pure-arabica-premium-ground-coffee,https://cdn.shopify.com/s/files/1/0644/7199/0455/files/0_edc1eaf0-4bb2-4871-b406-33ca03c0b127.png?v=1762440815,100g:250.00; 250g:400.00; 500g:750.00; 1kg:1400.00; 100g:250.00; 250g:400.00; 500g:750.00; 1kg:1400.00; 100g:250.00; 250g:400.00; 500g:750.00; 1kg:1400.00; 100g:250.00; 250g:400.00; 500g:750.00; 1kg:1400.00; 100g:250.00; 250g:400.00; 500g:750.00; 1kg:1400.00; 100g:290.00; 250g:460.00; 500g:870.00; 1kg:1640.00; 100g:290.00; 250g:460.00; 500g:870.00; 1kg:1640.00; 100g:290.00; 250g:460.00; 500g:870.00; 1kg:1640.00; 100g:290.00; 250g:460.00; 500g:870.00; 1kg:1640.00; 100g:290.00; 250g:460.00; 500g:870.00; 1kg:1640.00
Mokka Farms,Moka Pot - 100% Pure Arabica | A/ AA Grade | Premium Ground Coffee,₹250.0,INR,"☕ Premium Ground Coffee – 100% Pure Arabica by MokkaFarms 🇮🇳 Made with love in India, for true coffee lovers. Discover the luxurious taste of MokkaFarms Premium Ground Coffee – made from 100% pure, sun-dried Arabica beans handpicked from the lush plantations of Coorg and Chikmagalur in Karnataka’s Western Ghats. Each batch is carefully sorted, graded, and roasted in small batches to perfection, preserving the bean’s natural aroma and rich flavor. Whether you enjoy a light roast for its brightness or a dark roast for bold intensity , our ground coffee delivers a truly customized experience. ☕ The result? A full-bodied, smooth and aromatic cup with mild fruity notes and a hint of chocolate – perfect for your morning kick or evening unwind. 🌿 What Makes It Special? 🌱 100% Estate-Grown Arabica – Single-origin beans from premium Indian coffee estates. 🔁 Farm-to-Fork Control – From plantation to packaging, we ensure quality, freshness, and consistency. 🔥 Handcrafted Roasts – Roasted fresh in small batches to unlock peak flavor and aroma. ☕ Versatile Brewing – French Press, Espresso, Moka Pot, Pour Over, or South Indian Filter – you name it! 📦 Smart Packaging – Resealable, one-way valve pouch locks in aroma till the last scoop. Whether you like it hot or cold, black or with milk – this blend delivers a premium café-style experience right at home. ✨ Indulge in the best of Indian Arabica. Taste it, sip by sip.",https://www.mokkafarms.com/products/moka-pot-100-pure-arabica-premium-ground-coffee,https://cdn.shopify.com/s/files/1/0644/7199/0455/files/0_d7dca7fb-8a17-4c8b-904d-0dddb65b692c.png?v=1762440836,100g:250.00; 250g:400.00; 500g:750.00; 1kg:1400.00; 100g:250.00; 250g:400.00; 500g:750.00; 1kg:1400.00; 100g:250.00; 250g:400.00; 500g:750.00; 1kg:1400.00; 100g:250.00; 250g:400.00; 500g:750.00; 1kg:1400.00; 100g:250.00; 250g:400.00; 500g:750.00; 1kg:1400.00; 100g:290.00; 250g:460.00; 500g:870.00; 1kg:1640.00; 100g:290.00; 250g:460.00; 500g:870.00; 1kg:1640.00; 100g:290.00; 250g:460.00; 500g:870.00; 1kg:1640.00; 100g:290.00; 250g:460.00; 500g:870.00; 1kg:1640.00; 100g:290.00; 250g:460.00; 500g:870.00; 1kg:1640.00
Mokka Farms,Aero Press - 100% Pure Arabica | A/ AA Grade | Premium Ground Coffee,₹250.0,INR,"☕ Premium Ground Coffee – 100% Pure Arabica by MokkaFarms 🇮🇳 Made with love in India, for true coffee lovers. Discover the luxurious taste of MokkaFarms Premium Ground Coffee – made from 100% pure, sun-dried Arabica beans handpicked from the lush plantations of Coorg and Chikmagalur in Karnataka’s Western Ghats. Each batch is carefully sorted, graded, and roasted in small batches to perfection, preserving the bean’s natural aroma and rich flavor. Whether you enjoy a light roast for its brightness or a dark roast for bold intensity , our ground coffee delivers a truly customized experience. ☕ The result? A full-bodied, smooth and aromatic cup with mild fruity notes and a hint of chocolate – perfect for your morning kick or evening unwind. 🌿 What Makes It Special? 🌱 100% Estate-Grown Arabica – Single-origin beans from premium Indian coffee estates. 🔁 Farm-to-Fork Control – From plantation to packaging, we ensure quality, freshness, and consistency. 🔥 Handcrafted Roasts – Roasted fresh in small batches to unlock peak flavor and aroma. ☕ Versatile Brewing – French Press, Espresso, Moka Pot, Pour Over, or South Indian Filter – you name it! 📦 Smart Packaging – Resealable, one-way valve pouch locks in aroma till the last scoop. Whether you like it hot or cold, black or with milk – this blend delivers a premium café-style experience right at home. ✨ Indulge in the best of Indian Arabica. Taste it, sip by sip.",https://www.mokkafarms.com/products/aero-press-100-pure-arabica-premium-ground-coffee,https://cdn.shopify.com/s/files/1/0644/7199/0455/files/0.png?v=1762440726,100g:250.00; 250g:400.00; 500g:750.00; 1kg:1400.00; 100g:250.00; 250g:400.00; 500g:750.00; 1kg:1400.00; 100g:250.00; 250g:400.00; 500g:750.00; 1kg:1400.00; 100g:250.00; 250g:400.00; 500g:750.00; 1kg:1400.00; 100g:250.00; 250g:400.00; 500g:750.00; 1kg:1400.00; 100g:290.00; 250g:460.00; 500g:870.00; 1kg:1640.00; 100g:290.00; 250g:460.00; 500g:870.00; 1kg:1640.00; 100g:290.00; 250g:460.00; 500g:870.00; 1kg:1640.00; 100g:290.00; 250g:460.00; 500g:870.00; 1kg:1640.00; 100g:290.00; 250g:460.00; 500g:870.00; 1kg:1640.00
Mokka Farms,"70% Arabica, 30% Robusta | Freshly Roast, A/ AA Whole Coffee Beans",₹235.0,INR,"MokkaFarms brings you an exclusive High Quality, Estate Coffee, Fresh Roast, 100% Pure, 30% mix each of Robusta Whole Coffee Beans and Arabica Whole Coffee Beans from Coorg/ Chikmagalur region of Western Ghats, Karnataka, India. Our coffee beans are further selectively picked to ensure that you have a superior grade coffee beans. The beans are carefully selected and roasted, separately in small batches, to perfection as per the roast type and pack size that you need, to create a strong, flavorful and an extremely gratifying and a rich aromatic coffee experience. The result is a smooth and balanced cup of coffee with a unique flavor profile. The 80% Arabica-20% Robusta Roasted Whole Coffee Beans Blend from Mokka Farms gives the coffee a strong and fruity taste with a hint of chocolate. The brewing method enhances the flavors and aromas, resulting in a full-bodied and satisfying cup of coffee. The coffee with the blend beans can be enjoyed hot or cold and is perfect for those who appreciate a strong and flavorful coffee. Whether you prefer a classic cup of black coffee or a creamy and sweet latte, this coffee blend will satisfy your cravings. Indulge in the rich and authentic taste of one of the best Arabica-Robusta Coffee Beans Blend that you can find in the country. Proudly Made in India! FLAVOURFUL COFFEE: Treat yourself to the exquisite flavors of MokkaFarms 100% Pure, 70% Arabica-30% Robusta Roasted Whole Coffee Beans Blend, a sensory experience like no other FARM to FORK: From planting, harvesting, grading, roasting, grinding to processing and packaging, we carefully track every step of the coffee production process to give high quality and maintain consistency HANDCRAFTED: Our coffee is carefully handcrafted in small batches to deliver a rich and remarkable flavor, strength and aroma while ensuring consistency AROMATIC, GREAT TASTE, STRONG: Our 50% Arabica-50% Robusta Roasted Whole Coffee Beans Blend has a toasty aroma and a velvety taste, and is strong yet fla",https://www.mokkafarms.com/products/bean70ara30rob,https://cdn.shopify.com/s/files/1/0644/7199/0455/files/1_508797d4-f583-49d3-9a8b-c5c233bb44bd.webp?v=1774597953,100g:235.00; 250g:365.00; 500g:675.00; 1kg:1245.00; 100g:235.00; 250g:365.00; 500g:675.00; 1kg:1245.00; 100g:235.00; 250g:365.00; 500g:675.00; 1kg:1245.00; 100g:235.00; 250g:365.00; 500g:675.00; 1kg:1245.00; 100g:235.00; 250g:365.00; 500g:675.00; 1kg:1245.00; 100g:275.00; 250g:420.00; 500g:785.00; 1kg:1465.00; 100g:275.00; 250g:420.00; 500g:785.00; 1kg:1465.00; 100g:275.00; 250g:420.00; 500g:785.00; 1kg:1465.00; 100g:275.00; 250g:420.00; 500g:785.00; 1kg:1465.00; 100g:275.00; 250g:420.00; 500g:785.00; 1kg:1465.00
Mokka Farms,"30% Arabica, 70% Robusta | Freshly Roast, A/ AA Whole Coffee Beans",₹220.0,INR,"MokkaFarms brings you an exclusive High Quality, Estate Coffee, Fresh Roast, 100% Pure, 70% mix each of Robusta Whole Coffee Beans and Arabica Whole Coffee Beans from Coorg/ Chikmagalur region of Western Ghats, Karnataka, India. Our coffee beans are further selectively picked to ensure that you have a superior grade coffee beans. The beans are carefully selected and roasted, separately in small batches, to perfection as per the roast type and pack size that you need, to create a strong, flavourful and an extremely gratifying and a rich aromatic coffee experience. The result is a smooth and balanced cup of coffee with a unique flavor profile. The 80% Arabica-20% Robusta Roasted Whole Coffee Beans Blend from Mokka Farms gives the coffee a strong and fruity taste with a hint of chocolate. The brewing method enhances the flavors and aromas, resulting in a full-bodied and satisfying cup of coffee. The coffee with the blend beans can be enjoyed hot or cold and is perfect for those who appreciate a strong and flavorful coffee. Whether you prefer a classic cup of black coffee or a creamy and sweet latte, this coffee blend will satisfy your cravings. Indulge in the rich and authentic taste of one of the best Arabica-Robusta Coffee Beans Blend that you can find in the country. Proudly Made in India! FLAVOURFUL COFFEE: Treat yourself to the exquisite flavors of MokkaFarms 100% Pure, 30% Arabica-70% Robusta Roasted Whole Coffee Beans Blend, a sensory experience like no other FARM to FORK: From planting, harvesting, grading, roasting, grinding to processing and packaging, we carefully track every step of the coffee production process to give high quality and maintain consistency HANDCRAFTED: Our coffee is carefully handcrafted in small batches to deliver a rich and remarkable flavor, strength and aroma while ensuring consistency AROMATIC, GREAT TASTE, STRONG: Our 50% Arabica-50% Robusta Roasted Whole Coffee Beans Blend has a toasty aroma and a velvety taste, and is strong yet fl",https://www.mokkafarms.com/products/bean30ara70rob,https://cdn.shopify.com/s/files/1/0644/7199/0455/files/1_7b337858-7753-4614-b2fb-478ef996ce23.webp?v=1774598067,100g:220.00; 250g:330.00; 500g:605.00; 1kg:1105.00; 100g:220.00; 250g:330.00; 500g:605.00; 1kg:1105.00; 100g:220.00; 250g:330.00; 500g:605.00; 1kg:1105.00; 100g:220.00; 250g:330.00; 500g:605.00; 1kg:1105.00; 100g:220.00; 250g:330.00; 500g:605.00; 1kg:1105.00; 100g:255.00; 250g:375.00; 500g:700.00; 1kg:1295.00; 100g:255.00; 250g:375.00; 500g:700.00; 1kg:1295.00; 100g:255.00; 250g:375.00; 500g:700.00; 1kg:1295.00; 100g:255.00; 250g:375.00; 500g:700.00; 1kg:1295.00; 100g:255.00; 250g:375.00; 500g:700.00; 1kg:1295.00
Mokka Farms,"80% Arabica, 20% Robusta | Freshly Roast, A/ AA Whole Coffee Beans",₹240.0,INR,"MokkaFarms brings you an exclusive High Quality, Estate Coffee, Fresh Roast, 100% Pure, 20% mix each of Robusta Whole Coffee Beans and Arabica Whole Coffee Beans from Coorg/ Chikmagalur region of Western Ghats, Karnataka, India. Our coffee beans are further selectively picked to ensure that you have a superior grade coffee beans. The beans are carefully selected and roasted, separately in small batches, to perfection as per the roast type and pack size that you need, to create a strong, flavorful and an extremely gratifying and a rich aromatic coffee experience. The result is a smooth and balanced cup of coffee with a unique flavor profile. The 80% Arabica-20% Robusta Roasted Whole Coffee Beans Blend from Mokka Farms gives the coffee a strong and fruity taste with a hint of chocolate. The brewing method enhances the flavors and aromas, resulting in a full-bodied and satisfying cup of coffee. The coffee with the blend beans can be enjoyed hot or cold and is perfect for those who appreciate a strong and flavorful coffee. Whether you prefer a classic cup of black coffee or a creamy and sweet latte, this coffee blend will satisfy your cravings. Indulge in the rich and authentic taste of one of the best Arabica-Robusta Coffee Beans Blend that you can find in the country. Proudly Made in India! FLAVOURFUL COFFEE: Treat yourself to the exquisite flavors of MokkaFarms 100% Pure, 80% Arabica-20% Robusta Roasted Whole Coffee Beans Blend, a sensory experience like no other FARM to FORK: From planting, harvesting, grading, roasting, grinding to processing and packaging, we carefully track every step of the coffee production process to give high quality and maintain consistency HANDCRAFTED: Our coffee is carefully handcrafted in small batches to deliver a rich and remarkable flavor, strength and aroma while ensuring consistency AROMATIC, GREAT TASTE, STRONG: Our 50% Arabica-50% Robusta Roasted Whole Coffee Beans Blend has a toasty aroma and a velvety taste, and is strong yet fla",https://www.mokkafarms.com/products/bean80ara20rob,https://cdn.shopify.com/s/files/1/0644/7199/0455/files/6_35f1e523-e110-4d99-80d3-86d1b27be974.webp?v=1774597439,100g:240.00; 250g:370.00; 500g:690.00; 1kg:1280.00; 100g:240.00; 250g:370.00; 500g:690.00; 1kg:1280.00; 100g:240.00; 250g:370.00; 500g:690.00; 1kg:1280.00; 100g:240.00; 250g:370.00; 500g:690.00; 1kg:1280.00; 100g:240.00; 250g:370.00; 500g:690.00; 1kg:1280.00; 100g:280.00; 250g:430.00; 500g:810.00; 1kg:1510.00; 100g:280.00; 250g:430.00; 500g:810.00; 1kg:1510.00; 100g:280.00; 250g:430.00; 500g:810.00; 1kg:1510.00; 100g:280.00; 250g:430.00; 500g:810.00; 1kg:1510.00; 100g:280.00; 250g:430.00; 500g:810.00; 1kg:1510.00
Mokka Farms,"Black | 20% Arabica, 80% Robusta | Pure South Indian Filter Coffee, No Chicory",₹210.0,INR,"MokkaFarms 100% Pure South Indian Filter Coffee Powder Indulge in the authentic taste of South India with MokkaFarms’ Black [20% Arabica, 80% Robusta] Filter Coffee powder . Crafted using the finest quality coffee beans , this coffee blend is roasted to perfection to deliver a rich, aromatic coffee with a distinct and traditional South Indian flavor. Why Choose MokkaFarms Filter Coffee? PURE & NATURAL : Made with 100% natural ingredients , free from preservatives and artificial additives. RICH & AROMATIC : A traditional blend offering a bold yet smooth flavor that coffee lovers cherish. CUSTOMIZABLE BREW : Adjust the quantity to suit your taste—strong and bold or mild and smooth. Long-Lasting Freshness Our coffee powder is carefully packaged in a one-way-valve zip-lock bag, preserving its freshness, aroma, and flavor . Enjoy a freshly brewed cup any time, with the quality and care that only MokkaFarms provides. How to Choose your Grind Size Fine Grind - Use this if you want the strength of your coffee/ decoction to be high/ strong Regular/ Medium Grind - Use this if you want the strength of your coffee/ decoction to be moderate/ regular/ medium Coarse Grind - Use this if you want the strength of your coffee/ decoction to be light/ mild Electric Drip Grind - Use this if you have an Electric Drip Machine How to Brew Add the desired amount of coffee powder to your coffee filter. Pour hot water over the powder and let it drip slowly into a cup or vessel. Add milk and sugar to taste, and enjoy the authentic flavors of South Indian coffee . Proudly Made in India Celebrate the tradition of South Indian filter coffee with every sip of our premium-quality coffee powder, made with love and affection.",https://www.mokkafarms.com/products/black,https://cdn.shopify.com/s/files/1/0644/7199/0455/files/1_fd97c14b-caf4-49d9-a518-a2ec8334f6d0.webp?v=1774600458,500g:555.00; 500g:555.00; 500g:555.00; 500g:555.00; 100g:210.00; 100g:210.00; 100g:210.00; 100g:210.00; 250g:305.00; 250g:305.00; 250g:305.00; 250g:305.00; 1kg:1010.00; 1kg:1010.00; 1kg:1010.00; 1kg:1010.00
Mokka Farms,"Vivacious | 85% Coffee, 15% Chicory | Robusta-Chicory Filter Coffee",₹190.0,INR,"MokkaFarms South Indian Filter Coffee Powder – Vivacious Discover the perfect blend of tradition and flavor with MokkaFarms’ Vivacious . This premium South Indian filter coffee powder features an 85% coffee and 15% chicory mix , creating a rich, robust, and aromatic experience. Crafted to Perfection Made from finest coffee beans , carefully selected and roasted to perfection to bring out their natural flavors. Chicory adds a deep, earthy note that complements the coffee, enhancing its overall richness. Authentic South Indian Taste Specially designed for the traditional filter coffee method , this blend delivers a smooth, satisfying texture and full-bodied flavor. Ideal for those who appreciate a strong, flavorful cup of coffee . How to Choose your Grind Size Fine Grind - Use this if you want the strength of your coffee/ decoction to be high/ strong Regular/ Medium Grind - Use this if you want the strength of your coffee/ decoction to be moderate/ regular/ medium Coarse Grind - Use this if you want the strength of your coffee/ decoction to be light/ mild Electric Drip Grind - Use this if you have an Electric Drip Machine How to Brew Add the desired amount of coffee powder to your coffee filter. Pour hot water over the powder and let it drip slowly into a cup or vessel. Add milk and sugar to taste, and enjoy the authentic flavors of South Indian coffee . Proudly Made in India Celebrate the vibrant tradition of South Indian coffee with our Vivacious coffee, crafted with care to deliver a truly special coffee-drinking experience.",https://www.mokkafarms.com/products/vivacious,https://cdn.shopify.com/s/files/1/0644/7199/0455/files/1_ea6543a0-a9e2-4eeb-94de-86183211471a.webp?v=1774602719,500g:445.00; 500g:445.00; 500g:445.00; 500g:445.00; 100g:190.00; 100g:190.00; 100g:190.00; 100g:190.00; 250g:250.00; 250g:250.00; 250g:250.00; 250g:250.00; 1kg:790.00; 1kg:790.00; 1kg:790.00; 1kg:790.00
Mokka Farms,"Exuberance | 90% Coffee, 10% Chicory | Robusta-Chicory Filter Coffee",₹195.0,INR,"MokkaFarms South Indian Filter Coffee Powder – Exuberance Discover the perfect blend of tradition and flavor with MokkaFarms’ Exuberance . This premium South Indian filter coffee powder features an 90% coffee and 10% chicory mix , creating a rich, robust, and aromatic experience. Crafted to Perfection Made from finest coffee beans , carefully selected and roasted to perfection to bring out their natural flavors. Chicory adds a deep, earthy note that complements the coffee, enhancing its overall richness. Authentic South Indian Taste Specially designed for the traditional filter coffee method , this blend delivers a smooth, satisfying texture and full-bodied flavor. Ideal for those who appreciate a strong, flavorful cup of coffee . How to Choose your Grind Size Fine Grind - Use this if you want the strength of your coffee/ decoction to be high/ strong Regular/ Medium Grind - Use this if you want the strength of your coffee/ decoction to be moderate/ regular/ medium Coarse Grind - Use this if you want the strength of your coffee/ decoction to be light/ mild Electric Drip Grind - Use this if you have an Electric Drip Machine How to Brew Add the desired amount of coffee powder to your coffee filter. Pour hot water over the powder and let it drip slowly into a cup or vessel. Add milk and sugar to taste, and enjoy the authentic flavors of South Indian coffee . Proudly Made in India Celebrate the vibrant tradition of South Indian coffee with our Exuberance coffee , crafted with care to deliver a truly special coffee-drinking experience.",https://www.mokkafarms.com/products/exuberance,https://cdn.shopify.com/s/files/1/0644/7199/0455/files/1_15c27f8c-552e-4c4c-9fdd-c4ca122a6c5f.webp?v=1774602653,500g:450.00; 500g:450.00; 500g:450.00; 500g:450.00; 100g:195.00; 100g:195.00; 100g:195.00; 100g:195.00; 250g:250.00; 250g:250.00; 250g:250.00; 250g:250.00; 1kg:795.00; 1kg:795.00; 1kg:795.00; 1kg:795.00
Mokka Farms,"Vibrance | 80% Coffee, 20% Chicory | Robusta-Chicory Filter Coffee",₹185.0,INR,"MokkaFarms South Indian Filter Coffee Powder – Vibrance Discover the perfect blend of tradition and flavor with MokkaFarms’ Vibrance . This premium South Indian filter coffee powder features an 80% coffee and 20% chicory mix , creating a rich, robust, and aromatic experience. Crafted to Perfection Made from finest coffee beans , carefully selected and roasted to perfection to bring out their natural flavors. Chicory adds a deep, earthy note that complements the coffee, enhancing its overall richness. Authentic South Indian Taste Specially designed for the traditional filter coffee method , this blend delivers a smooth, satisfying texture and full-bodied flavor. Ideal for those who appreciate a strong, flavorful cup of coffee . How to Choose your Grind Size Fine Grind - Use this if you want the strength of your coffee/ decoction to be high/ strong Regular/ Medium Grind - Use this if you want the strength of your coffee/ decoction to be moderate/ regular/ medium Coarse Grind - Use this if you want the strength of your coffee/ decoction to be light/ mild Electric Drip Grind - Use this if you have an Electric Drip Machine How to Brew Add the desired amount of coffee powder to your coffee filter. Pour hot water over the powder and let it drip slowly into a cup or vessel. Add milk and sugar to taste, and enjoy the authentic flavors of South Indian coffee . Proudly Made in India Celebrate the vibrant tradition of South Indian coffee with our Vibrance coffee, crafted with care to deliver a truly special coffee-drinking experience.",https://www.mokkafarms.com/products/vibrance,https://cdn.shopify.com/s/files/1/0644/7199/0455/files/1_43b8e9bc-8329-4bdd-8fbf-97e5b6f25370.webp?v=1774602289,500g:430.00; 500g:430.00; 500g:430.00; 500g:430.00; 100g:185.00; 100g:185.00; 100g:185.00; 100g:185.00; 250g:240.00; 250g:240.00; 250g:240.00; 250g:240.00; 1kg:760.00; 1kg:760.00; 1kg:760.00; 1kg:760.00
Mokka Farms,Pour Over - Arabica-Robusta Blend | A/ AA Grade | Premium Ground Coffee,₹230.0,INR,"MokkaFarms brings you an exclusive High Quality, Estate Coffee, Fresh Roast, 100% Pure, Sundried Arabica & Robusta Whole Coffee Beans from Coorg/ Chikmagalur region of Western Ghats, Karnataka, India. Our coffee beans are further selectively picked to ensure that you have a superior grade coffee beans. The beans are carefully selected and roasted, separately in small batches, to perfection as per the roast type and pack size that you need, to create a strong, flavourful and an extremely gratifying and a rich aromatic coffee experience. The result is a smooth and balanced cup of coffee with a unique flavor profile. The Roasted Whole Coffee Beans from Mokka Farms give the coffee a mild and fruity taste with a hint of chocolate. The brewing method enhances the flavors and aromas, resulting in a full-bodied and satisfying cup of coffee. The coffee can be enjoyed hot or cold and is perfect for those who appreciate a strong and flavorful coffee. Whether you prefer a classic cup of black coffee or a creamy and sweet latte, this coffee blend will satisfy your cravings. Indulge in the rich and authentic taste of one of the best Robusta Coffee Beans that you can find in the country. Proudly Made in India! FLAVOURFUL COFFEE: Treat yourself to the exquisite flavors of MokkaFarms 100% Arabica Robusta Blend Roasted Whole Coffee Beans, a sensory experience like no other FARM to FORK: From planting, harvesting, grading, roasting, grinding to processing and packaging, we carefully track every step of the coffee production process to give high quality and maintain consistency HANDCRAFTED: Our coffee is carefully handcrafted in small batches to deliver a rich and remarkable flavor, strength and aroma while ensuring consistency AROMATIC, GREAT TASTE, STRONG: Our 100% Robusta Roasted Whole Coffee Beans has a toasty aroma and a velvety taste, and feels like a strong punch! CONVENIENCE, REUSABLE PACKAGING: Comes in a convenient, tamper-proof, one-way valve, resealable zip-lock pouch for m",https://www.mokkafarms.com/products/pour-over-100-pure-arabica-robusta-blend-premium-ground-coffee,https://cdn.shopify.com/s/files/1/0644/7199/0455/files/0_2aa9ae82-53c2-4ac0-97b5-fbe2554e97fa.png?v=1762441240,100g:230.00; 250g:360.00; 500g:665.00; 1kg:1225.00; 100g:230.00; 250g:360.00; 500g:665.00; 1kg:1225.00; 100g:230.00; 250g:360.00; 500g:665.00; 1kg:1225.00; 100g:230.00; 250g:360.00; 500g:665.00; 1kg:1225.00; 100g:230.00; 250g:360.00; 500g:665.00; 1kg:1225.00; 100g:270.00; 250g:405.00; 500g:760.00; 1kg:1420.00; 100g:270.00; 250g:405.00; 500g:760.00; 1kg:1420.00; 100g:270.00; 250g:405.00; 500g:760.00; 1kg:1420.00; 100g:270.00; 250g:405.00; 500g:760.00; 1kg:1420.00; 100g:270.00; 250g:405.00; 500g:760.00; 1kg:1420.00
Mokka Farms,Turkish - Arabica-Robusta Blend | A/ AA Grade | Premium Ground Coffee,₹230.0,INR,"MokkaFarms brings you an exclusive High Quality, Estate Coffee, Fresh Roast, 100% Pure, Sundried Arabica & Robusta Whole Coffee Beans from Coorg/ Chikmagalur region of Western Ghats, Karnataka, India. Our coffee beans are further selectively picked to ensure that you have a superior grade coffee beans. The beans are carefully selected and roasted, separately in small batches, to perfection as per the roast type and pack size that you need, to create a strong, flavourful and an extremely gratifying and a rich aromatic coffee experience. The result is a smooth and balanced cup of coffee with a unique flavor profile. The Roasted Whole Coffee Beans from Mokka Farms give the coffee a mild and fruity taste with a hint of chocolate. The brewing method enhances the flavors and aromas, resulting in a full-bodied and satisfying cup of coffee. The coffee can be enjoyed hot or cold and is perfect for those who appreciate a strong and flavorful coffee. Whether you prefer a classic cup of black coffee or a creamy and sweet latte, this coffee blend will satisfy your cravings. Indulge in the rich and authentic taste of one of the best Robusta Coffee Beans that you can find in the country. Proudly Made in India! FLAVOURFUL COFFEE: Treat yourself to the exquisite flavors of MokkaFarms 100% Arabica Robusta Blend Roasted Whole Coffee Beans, a sensory experience like no other FARM to FORK: From planting, harvesting, grading, roasting, grinding to processing and packaging, we carefully track every step of the coffee production process to give high quality and maintain consistency HANDCRAFTED: Our coffee is carefully handcrafted in small batches to deliver a rich and remarkable flavor, strength and aroma while ensuring consistency AROMATIC, GREAT TASTE, STRONG: Our 100% Robusta Roasted Whole Coffee Beans has a toasty aroma and a velvety taste, and feels like a strong punch! CONVENIENCE, REUSABLE PACKAGING: Comes in a convenient, tamper-proof, one-way valve, resealable zip-lock pouch for m",https://www.mokkafarms.com/products/turkish-arabica-robusta-blend-premium-ground-coffee,https://cdn.shopify.com/s/files/1/0644/7199/0455/files/0_3388c648-ab5d-4fde-b650-e715282b425a.png?v=1762441261,100g:230.00; 250g:360.00; 500g:665.00; 1kg:1225.00; 100g:230.00; 250g:360.00; 500g:665.00; 1kg:1225.00; 100g:230.00; 250g:360.00; 500g:665.00; 1kg:1225.00; 100g:230.00; 250g:360.00; 500g:665.00; 1kg:1225.00; 100g:230.00; 250g:360.00; 500g:665.00; 1kg:1225.00; 100g:270.00; 250g:405.00; 500g:760.00; 1kg:1420.00; 100g:270.00; 250g:405.00; 500g:760.00; 1kg:1420.00; 100g:270.00; 250g:405.00; 500g:760.00; 1kg:1420.00; 100g:270.00; 250g:405.00; 500g:760.00; 1kg:1420.00; 100g:270.00; 250g:405.00; 500g:760.00; 1kg:1420.00
Mokka Farms,Moka Pot - Arabica-Robusta Blend | A/ AA Grade | Premium Ground Coffee,₹230.0,INR,"MokkaFarms brings you an exclusive High Quality, Estate Coffee, Fresh Roast, 100% Pure, Sundried Arabica & Robusta Whole Coffee Beans from Coorg/ Chikmagalur region of Western Ghats, Karnataka, India. Our coffee beans are further selectively picked to ensure that you have a superior grade coffee beans. The beans are carefully selected and roasted, separately in small batches, to perfection as per the roast type and pack size that you need, to create a strong, flavourful and an extremely gratifying and a rich aromatic coffee experience. The result is a smooth and balanced cup of coffee with a unique flavor profile. The Roasted Whole Coffee Beans from Mokka Farms give the coffee a mild and fruity taste with a hint of chocolate. The brewing method enhances the flavors and aromas, resulting in a full-bodied and satisfying cup of coffee. The coffee can be enjoyed hot or cold and is perfect for those who appreciate a strong and flavorful coffee. Whether you prefer a classic cup of black coffee or a creamy and sweet latte, this coffee blend will satisfy your cravings. Indulge in the rich and authentic taste of one of the best Robusta Coffee Beans that you can find in the country. Proudly Made in India! FLAVOURFUL COFFEE: Treat yourself to the exquisite flavors of MokkaFarms 100% Arabica Robusta Blend Roasted Whole Coffee Beans, a sensory experience like no other FARM to FORK: From planting, harvesting, grading, roasting, grinding to processing and packaging, we carefully track every step of the coffee production process to give high quality and maintain consistency HANDCRAFTED: Our coffee is carefully handcrafted in small batches to deliver a rich and remarkable flavor, strength and aroma while ensuring consistency AROMATIC, GREAT TASTE, STRONG: Our 100% Robusta Roasted Whole Coffee Beans has a toasty aroma and a velvety taste, and feels like a strong punch! CONVENIENCE, REUSABLE PACKAGING: Comes in a convenient, tamper-proof, one-way valve, resealable zip-lock pouch for m",https://www.mokkafarms.com/products/moka-pot-arabica-robusta-blend-premium-ground-coffee,https://cdn.shopify.com/s/files/1/0644/7199/0455/files/0_84071bef-4bcb-4228-83a2-d6b25967a392.png?v=1762441214,100g:230.00; 250g:360.00; 500g:665.00; 1kg:1225.00; 100g:230.00; 250g:360.00; 500g:665.00; 1kg:1225.00; 100g:230.00; 250g:360.00; 500g:665.00; 1kg:1225.00; 100g:230.00; 250g:360.00; 500g:665.00; 1kg:1225.00; 100g:230.00; 250g:360.00; 500g:665.00; 1kg:1225.00; 100g:270.00; 250g:405.00; 500g:760.00; 1kg:1420.00; 100g:270.00; 250g:405.00; 500g:760.00; 1kg:1420.00; 100g:270.00; 250g:405.00; 500g:760.00; 1kg:1420.00; 100g:270.00; 250g:405.00; 500g:760.00; 1kg:1420.00; 100g:270.00; 250g:405.00; 500g:760.00; 1kg:1420.00
Mokka Farms,Cold Brew - Arabica-Robusta Blend | A/ AA Grade | Premium Ground Coffee,₹230.0,INR,"MokkaFarms brings you an exclusive High Quality, Estate Coffee, Fresh Roast, 100% Pure, Sundried Arabica & Robusta Whole Coffee Beans from Coorg/ Chikmagalur region of Western Ghats, Karnataka, India. Our coffee beans are further selectively picked to ensure that you have a superior grade coffee beans. The beans are carefully selected and roasted, separately in small batches, to perfection as per the roast type and pack size that you need, to create a strong, flavourful and an extremely gratifying and a rich aromatic coffee experience. The result is a smooth and balanced cup of coffee with a unique flavor profile. The Roasted Whole Coffee Beans from Mokka Farms give the coffee a mild and fruity taste with a hint of chocolate. The brewing method enhances the flavors and aromas, resulting in a full-bodied and satisfying cup of coffee. The coffee can be enjoyed hot or cold and is perfect for those who appreciate a strong and flavorful coffee. Whether you prefer a classic cup of black coffee or a creamy and sweet latte, this coffee blend will satisfy your cravings. Indulge in the rich and authentic taste of one of the best Robusta Coffee Beans that you can find in the country. Proudly Made in India! FLAVOURFUL COFFEE: Treat yourself to the exquisite flavors of MokkaFarms 100% Arabica Robusta Blend Roasted Whole Coffee Beans, a sensory experience like no other FARM to FORK: From planting, harvesting, grading, roasting, grinding to processing and packaging, we carefully track every step of the coffee production process to give high quality and maintain consistency HANDCRAFTED: Our coffee is carefully handcrafted in small batches to deliver a rich and remarkable flavor, strength and aroma while ensuring consistency AROMATIC, GREAT TASTE, STRONG: Our 100% Robusta Roasted Whole Coffee Beans has a toasty aroma and a velvety taste, and feels like a strong punch! CONVENIENCE, REUSABLE PACKAGING: Comes in a convenient, tamper-proof, one-way valve, resealable zip-lock pouch for m",https://www.mokkafarms.com/products/cold-brew-arabica-robusta-blend-premium-ground-coffee,https://cdn.shopify.com/s/files/1/0644/7199/0455/files/0_1cfd0802-216a-4207-8193-c6f1a5c640e5.png?v=1762441161,100g:230.00; 250g:360.00; 500g:665.00; 1kg:1225.00; 100g:230.00; 250g:360.00; 500g:665.00; 1kg:1225.00; 100g:230.00; 250g:360.00; 500g:665.00; 1kg:1225.00; 100g:230.00; 250g:360.00; 500g:665.00; 1kg:1225.00; 100g:230.00; 250g:360.00; 500g:665.00; 1kg:1225.00; 100g:270.00; 250g:405.00; 500g:760.00; 1kg:1420.00; 100g:270.00; 250g:405.00; 500g:760.00; 1kg:1420.00; 100g:270.00; 250g:405.00; 500g:760.00; 1kg:1420.00; 100g:270.00; 250g:405.00; 500g:760.00; 1kg:1420.00; 100g:270.00; 250g:405.00; 500g:760.00; 1kg:1420.00
Mokka Farms,French Press - Arabica-Robusta Blend | A/ AA Grade | Premium Ground Coffee,₹230.0,INR,"MokkaFarms brings you an exclusive High Quality, Estate Coffee, Fresh Roast, 100% Pure, Sundried Arabica & Robusta Whole Coffee Beans from Coorg/ Chikmagalur region of Western Ghats, Karnataka, India. Our coffee beans are further selectively picked to ensure that you have a superior grade coffee beans. The beans are carefully selected and roasted, separately in small batches, to perfection as per the roast type and pack size that you need, to create a strong, flavourful and an extremely gratifying and a rich aromatic coffee experience. The result is a smooth and balanced cup of coffee with a unique flavor profile. The Roasted Whole Coffee Beans from Mokka Farms give the coffee a mild and fruity taste with a hint of chocolate. The brewing method enhances the flavors and aromas, resulting in a full-bodied and satisfying cup of coffee. The coffee can be enjoyed hot or cold and is perfect for those who appreciate a strong and flavorful coffee. Whether you prefer a classic cup of black coffee or a creamy and sweet latte, this coffee blend will satisfy your cravings. Indulge in the rich and authentic taste of one of the best Robusta Coffee Beans that you can find in the country. Proudly Made in India! FLAVOURFUL COFFEE: Treat yourself to the exquisite flavors of MokkaFarms 100% Arabica Robusta Blend Roasted Whole Coffee Beans, a sensory experience like no other FARM to FORK: From planting, harvesting, grading, roasting, grinding to processing and packaging, we carefully track every step of the coffee production process to give high quality and maintain consistency HANDCRAFTED: Our coffee is carefully handcrafted in small batches to deliver a rich and remarkable flavor, strength and aroma while ensuring consistency AROMATIC, GREAT TASTE, STRONG: Our 100% Robusta Roasted Whole Coffee Beans has a toasty aroma and a velvety taste, and feels like a strong punch! CONVENIENCE, REUSABLE PACKAGING: Comes in a convenient, tamper-proof, one-way valve, resealable zip-lock pouch for m",https://www.mokkafarms.com/products/french-press-arabica-robusta-blend-premium-ground-coffee,https://cdn.shopify.com/s/files/1/0644/7199/0455/files/0_6fe2e572-1838-41d6-8f0f-e7eaee4f1867.png?v=1762441196,100g:230.00; 250g:360.00; 500g:665.00; 1kg:1225.00; 100g:230.00; 250g:360.00; 500g:665.00; 1kg:1225.00; 100g:230.00; 250g:360.00; 500g:665.00; 1kg:1225.00; 100g:230.00; 250g:360.00; 500g:665.00; 1kg:1225.00; 100g:230.00; 250g:360.00; 500g:665.00; 1kg:1225.00; 100g:270.00; 250g:405.00; 500g:760.00; 1kg:1420.00; 100g:270.00; 250g:405.00; 500g:760.00; 1kg:1420.00; 100g:270.00; 250g:405.00; 500g:760.00; 1kg:1420.00; 100g:270.00; 250g:405.00; 500g:760.00; 1kg:1420.00; 100g:270.00; 250g:405.00; 500g:760.00; 1kg:1420.00
Mokka Farms,Aero Press - Arabica-Robusta Blend | A/ AA Grade | Premium Ground Coffee,₹230.0,INR,"MokkaFarms brings you an exclusive High Quality, Estate Coffee, Fresh Roast, 100% Pure, Sundried Arabica & Robusta Whole Coffee Beans from Coorg/ Chikmagalur region of Western Ghats, Karnataka, India. Our coffee beans are further selectively picked to ensure that you have a superior grade coffee beans. The beans are carefully selected and roasted, separately in small batches, to perfection as per the roast type and pack size that you need, to create a strong, flavourful and an extremely gratifying and a rich aromatic coffee experience. The result is a smooth and balanced cup of coffee with a unique flavor profile. The Roasted Whole Coffee Beans from Mokka Farms give the coffee a mild and fruity taste with a hint of chocolate. The brewing method enhances the flavors and aromas, resulting in a full-bodied and satisfying cup of coffee. The coffee can be enjoyed hot or cold and is perfect for those who appreciate a strong and flavorful coffee. Whether you prefer a classic cup of black coffee or a creamy and sweet latte, this coffee blend will satisfy your cravings. Indulge in the rich and authentic taste of one of the best Robusta Coffee Beans that you can find in the country. Proudly Made in India! FLAVOURFUL COFFEE: Treat yourself to the exquisite flavors of MokkaFarms 100% Arabica Robusta Blend Roasted Whole Coffee Beans, a sensory experience like no other FARM to FORK: From planting, harvesting, grading, roasting, grinding to processing and packaging, we carefully track every step of the coffee production process to give high quality and maintain consistency HANDCRAFTED: Our coffee is carefully handcrafted in small batches to deliver a rich and remarkable flavor, strength and aroma while ensuring consistency AROMATIC, GREAT TASTE, STRONG: Our 100% Robusta Roasted Whole Coffee Beans has a toasty aroma and a velvety taste, and feels like a strong punch! CONVENIENCE, REUSABLE PACKAGING: Comes in a convenient, tamper-proof, one-way valve, resealable zip-lock pouch for m",https://www.mokkafarms.com/products/mokkafarms-premium-100-pure-robusta-ground-coffee-espresso-fresh-single-origin-plantation-a-aa-beans-rich-flavourful-aromatic-one-way-valve-zip-lock-bag-copy,https://cdn.shopify.com/s/files/1/0644/7199/0455/files/0_abb32761-efef-4be1-a47a-21964d9bea21.png?v=1762441141,100g:230.00; 250g:360.00; 500g:665.00; 1kg:1225.00; 100g:230.00; 250g:360.00; 500g:665.00; 1kg:1225.00; 100g:230.00; 250g:360.00; 500g:665.00; 1kg:1225.00; 100g:230.00; 250g:360.00; 500g:665.00; 1kg:1225.00; 100g:230.00; 250g:360.00; 500g:665.00; 1kg:1225.00; 100g:270.00; 250g:405.00; 500g:760.00; 1kg:1420.00; 100g:270.00; 250g:405.00; 500g:760.00; 1kg:1420.00; 100g:270.00; 250g:405.00; 500g:760.00; 1kg:1420.00; 100g:270.00; 250g:405.00; 500g:760.00; 1kg:1420.00; 100g:270.00; 250g:405.00; 500g:760.00; 1kg:1420.00
Mokka Farms,"MOKKAFARMS 100% Jute Eco Bag - 12.5in x 16in x 3.5in Tote Bag with Button | Shopping, Grocery Bag | Water Resistant | Women Entrepreneurs |",₹220.0,INR,"Introducing our jute bag, a sustainable and eco-friendly accessory that not only offers great functionality but also supports women entrepreneurs. This bag is designed to be your go-to companion for shopping trips, daily errands, or even as an everyday tote. This bag is made by women entrepreneurs who have put their heart into creating a functional and stylish product. Furthermore, our commitment to sustainability doesn't stop at the material choice. Jute is a renewable and biodegradable fiber, making our bag an environmentally friendly alternative to plastic or synthetic bags. By opting for our jute bag, you're making a conscious choice towards reducing your carbon footprint. The bag is designed with a water-resistant film, ensuring that your belongings are protected even in rainy weather. Its sturdy base provides stability, so you can confidently place it on any surface without worry. To secure your belongings, this bag comes with a convenient closure mechanism. You can trust that everything inside will stay in place, allowing you to confidently go about your day without any worries. Additionally, our bag is designed with strong handles that can withstand the weight of your everyday essentials. Whether you're carrying groceries, books, tiffin, water bottles or other items, you can trust that our handles won't let you down. Comfortably carry your belongings and rely on reliable support from our bag. Proudly Made in India! 100% PURE JUTE, LIGHTWEIGHT: In addition to being durable and eco-friendly, our products are lightweight and easy to fold and store when not in use, and are made from 100% Pure Jute. HANDCRAFTED BY WOMEN ENTREPRENEURS: Our bags are handcrafted made exclusively by women entrepreneurs, empowering them. FOOD SAFE, WATER RESISTANT: Food-safe water-resistant film coating on the bag's interior, protecting your items from moisture. SECURE CLOSURE: Secure closure to keep your belongings safe and secure, can be used for shopping, grocery, short travel,etc ",https://www.mokkafarms.com/products/mokkafarms-100-jute-eco-bag-12-5in-x-16in-x-3-5in-tote-bag-with-velcro-flap-shopping-grocery-bag-light-weight-food-safe-strong-handle-water-resistant-secure-women-entrepreneurs-copy,https://cdn.shopify.com/s/files/1/0644/7199/0455/files/BagwithButton.png?v=1718882889,
Mokka Farms,"MOKKAFARMS 100% Jute Eco Bag - 12.5in x 16in x 3.5in Tote Bag with Velcro Flap | Shopping, Grocery Bag | Water Resistant | Women Entrepreneurs |",₹225.0,INR,"Introducing our jute bag, a sustainable and eco-friendly accessory that not only offers great functionality but also supports women entrepreneurs. This bag is designed to be your go-to companion for shopping trips, daily errands, or even as an everyday tote. This bag is made by women entrepreneurs who have put their heart into creating a functional and stylish product. Furthermore, our commitment to sustainability doesn't stop at the material choice. Jute is a renewable and biodegradable fiber, making our bag an environmentally friendly alternative to plastic or synthetic bags. By opting for our jute bag, you're making a conscious choice towards reducing your carbon footprint. The bag is designed with a water-resistant film, ensuring that your belongings are protected even in rainy weather. Its sturdy base provides stability, so you can confidently place it on any surface without worry. To secure your belongings, this bag comes with a convenient closure mechanism. You can trust that everything inside will stay in place, allowing you to confidently go about your day without any worries. Additionally, our bag is designed with strong handles that can withstand the weight of your everyday essentials. Whether you're carrying groceries, books, tiffin, water bottles or other items, you can trust that our handles won't let you down. Comfortably carry your belongings and rely on reliable support from our bag. Proudly Made in India! 100% PURE JUTE, LIGHTWEIGHT: In addition to being durable and eco-friendly, our products are lightweight and easy to fold and store when not in use, and are made from 100% Pure Jute. HANDCRAFTED BY WOMEN ENTREPRENEURS: Our bags are handcrafted made exclusively by women entrepreneurs, empowering them. FOOD SAFE, WATER RESISTANT: Food-safe water-resistant film coating on the bag's interior, protecting your items from moisture. SECURE CLOSURE: Secure closure to keep your belongings safe and secure, can be used for shopping, grocery, short travel,etc ",https://www.mokkafarms.com/products/mokkafarms-100-jute-eco-bag-15in-x-12-5in-x-7-5in-carry-all-large-bag-with-zipper-shopping-grocery-bag-light-weight-food-safe-strong-handle-water-resistant-secure-women-entrepreneurs-copy,https://cdn.shopify.com/s/files/1/0644/7199/0455/files/B2-a.jpg?v=1717438081,
Mokka Farms,"MOKKAFARMS 100% Jute Eco Bag - 15in x 12.5in x 7.5in Carry All Large Bag with Zipper | Shopping, Grocery Bag | Water Resistant | Women Entrepreneurs |",₹280.0,INR,"Introducing our jute bag, a sustainable and eco-friendly accessory that not only offers great functionality but also supports women entrepreneurs. This bag is designed to be your go-to companion for shopping trips, daily errands, or even as an everyday tote. This bag is made by women entrepreneurs who have put their heart into creating a functional and stylish product. Furthermore, our commitment to sustainability doesn't stop at the material choice. Jute is a renewable and biodegradable fiber, making our bag an environmentally friendly alternative to plastic or synthetic bags. By opting for our jute bag, you're making a conscious choice towards reducing your carbon footprint. The bag is designed with a water-resistant film, ensuring that your belongings are protected even in rainy weather. Its sturdy base provides stability, so you can confidently place it on any surface without worry. To secure your belongings, this bag comes with a convenient closure mechanism. You can trust that everything inside will stay in place, allowing you to confidently go about your day without any worries. Additionally, our bag is designed with strong handles that can withstand the weight of your everyday essentials. Whether you're carrying groceries, books, tiffin, water bottles or other items, you can trust that our handles won't let you down. Comfortably carry your belongings and rely on reliable support from our bag. Proudly Made in India! 100% PURE JUTE, LIGHTWEIGHT: In addition to being durable and eco-friendly, our products are lightweight and easy to fold and store when not in use, and are made from 100% Pure Jute. HANDCRAFTED BY WOMEN ENTREPRENEURS: Our bags are handcrafted made exclusively by women entrepreneurs, empowering them. FOOD SAFE, WATER RESISTANT: Food-safe water-resistant film coating on the bag's interior, protecting your items from moisture. SECURE CLOSURE: Secure closure to keep your belongings safe and secure, can be used for shopping, grocery, short travel,etc ",https://www.mokkafarms.com/products/mokkafarms-100-jute-eco-bag-9-5in-x-11-5in-x-3-5in-horizontal-tiffin-lunch-bag-with-zip-light-weight-food-safe-strong-handle-water-resistant-secure-women-entrepreneurs-copy,https://cdn.shopify.com/s/files/1/0644/7199/0455/files/B3-a.jpg?v=1717437694,
Mokka Farms,MOKKAFARMS 100% Jute Eco Bag - 9.5in x 11.5in x 3.5in Horizontal Tiffin/Lunch Bag with Zip | Food Safe | Water Resistant | Women Entrepreneurs |,₹205.0,INR,"Introducing our jute bag, a sustainable and eco-friendly accessory that not only offers great functionality but also supports women entrepreneurs. This bag is designed to be your go-to companion for shopping trips, daily errands, or even as an everyday tote. This bag is made by women entrepreneurs who have put their heart into creating a functional and stylish product. Furthermore, our commitment to sustainability doesn't stop at the material choice. Jute is a renewable and biodegradable fiber, making our bag an environmentally friendly alternative to plastic or synthetic bags. By opting for our jute bag, you're making a conscious choice towards reducing your carbon footprint. The bag is designed with a water-resistant film, ensuring that your belongings are protected even in rainy weather. Its sturdy base provides stability, so you can confidently place it on any surface without worry. To secure your belongings, this bag comes with a convenient closure mechanism. You can trust that everything inside will stay in place, allowing you to confidently go about your day without any worries. Additionally, our bag is designed with strong handles that can withstand the weight of your everyday essentials. Whether you're carrying groceries, books, tiffin, water bottles or other items, you can trust that our handles won't let you down. Comfortably carry your belongings and rely on reliable support from our bag. Proudly Made in India! 100% PURE JUTE, LIGHTWEIGHT: In addition to being durable and eco-friendly, our products are lightweight and easy to fold and store when not in use, and are made from 100% Pure Jute. HANDCRAFTED BY WOMEN ENTREPRENEURS: Our bags are handcrafted made exclusively by women entrepreneurs, empowering them. FOOD SAFE, WATER RESISTANT: Food-safe water-resistant film coating on the bag's interior, protecting your items from moisture. SECURE CLOSURE: Secure closure to keep your belongings safe and secure, can be used for shopping, grocery, short travel,etc ",https://www.mokkafarms.com/products/mokkafarms-100-jute-eco-bag-11-5in-x-9-5in-x-3-5in-vertical-tiffin-lunch-bag-with-zip-light-weight-food-safe-strong-handle-water-resistant-secure-women-entrepreneurs-copy,https://cdn.shopify.com/s/files/1/0644/7199/0455/files/lunchbags-horizontal.png?v=1718882844,
Mokka Farms,MOKKAFARMS 100% Jute Eco Bag - 11.5in x 9.5in x 3.5in Vertical Tiffin/Lunch Bag with Zip | Food Safe |  Water Resistant | Women Entrepreneurs |,₹205.0,INR,"Introducing our jute bag, a sustainable and eco-friendly accessory that not only offers great functionality but also supports women entrepreneurs. This bag is designed to be your go-to companion for shopping trips, daily errands, or even as an everyday tote. This bag is made by women entrepreneurs who have put their heart into creating a functional and stylish product. Furthermore, our commitment to sustainability doesn't stop at the material choice. Jute is a renewable and biodegradable fiber, making our bag an environmentally friendly alternative to plastic or synthetic bags. By opting for our jute bag, you're making a conscious choice towards reducing your carbon footprint. The bag is designed with a water-resistant film, ensuring that your belongings are protected even in rainy weather. Its sturdy base provides stability, so you can confidently place it on any surface without worry. To secure your belongings, this bag comes with a convenient closure mechanism. You can trust that everything inside will stay in place, allowing you to confidently go about your day without any worries. Additionally, our bag is designed with strong handles that can withstand the weight of your everyday essentials. Whether you're carrying groceries, books, tiffin, water bottles or other items, you can trust that our handles won't let you down. Comfortably carry your belongings and rely on reliable support from our bag. Proudly Made in India! 100% PURE JUTE, LIGHTWEIGHT: In addition to being durable and eco-friendly, our products are lightweight and easy to fold and store when not in use, and are made from 100% Pure Jute. HANDCRAFTED BY WOMEN ENTREPRENEURS: Our bags are handcrafted made exclusively by women entrepreneurs, empowering them. FOOD SAFE, WATER RESISTANT: Food-safe water-resistant film coating on the bag's interior, protecting your items from moisture. SECURE CLOSURE: Secure closure to keep your belongings safe and secure, can be used for shopping, grocery, short travel,etc ",https://www.mokkafarms.com/products/mokkafarms-100-jute-eco-bag-11-5in-x-9-5in-x-3-5in-vertical-tiffin-lunch-bag-with-zip-light-weight-food-safe-strong-handle-water-resistant-secure-women-entrepreneurs,https://cdn.shopify.com/s/files/1/0644/7199/0455/files/Lunch-bag.jpg?v=1717436385,
Mokka Farms,"100% Pure Arabica | Pure South Indian Filter Coffee, No Chicory",₹240.0,INR,"MokkaFarms 100% Pure South Indian Filter Coffee Powder Indulge in the authentic taste of South India with MokkaFarms’ 100% Arabica Filter Coffee powder . Crafted using the finest quality coffee beans , this coffee is roasted to perfection to deliver a rich, aromatic coffee with a distinct and traditional South Indian flavor. Why Choose MokkaFarms Filter Coffee? PURE & NATURAL : Made with 100% natural ingredients , free from preservatives and artificial additives. RICH & AROMATIC : A traditional blend offering a bold yet smooth flavor that coffee lovers cherish. CUSTOMIZABLE BREW : Adjust the quantity to suit your taste—strong and bold or mild and smooth. Long-Lasting Freshness Our coffee powder is carefully packaged in a one-way-valve zip-lock bag, preserving its freshness, aroma, and flavor . Enjoy a freshly brewed cup any time, with the quality and care that only MokkaFarms provides. How to Choose your Grind Size Fine Grind - Use this if you want the strength of your coffee/ decoction to be high/ strong Regular/ Medium Grind - Use this if you want the strength of your coffee/ decoction to be moderate/ regular/ medium Coarse Grind - Use this if you want the strength of your coffee/ decoction to be light/ mild Electric Drip Grind - Use this if you have an Electric Drip Machine How to Brew Add the desired amount of coffee powder to your coffee filter. Pour hot water over the powder and let it drip slowly into a cup or vessel. Add milk and sugar to taste, and enjoy the authentic flavors of South Indian coffee . Proudly Made in India Celebrate the tradition of South Indian filter coffee with every sip of our premium-quality coffee powder, made with love and affection.",https://www.mokkafarms.com/products/100arapfc,https://cdn.shopify.com/s/files/1/0644/7199/0455/files/1_6f84d33f-8a5e-4ca7-90d9-5fab0fadad21.webp?v=1774600105,500g:675.00; 500g:675.00; 500g:675.00; 500g:675.00; 100g:240.00; 100g:240.00; 100g:240.00; 100g:240.00; 250g:365.00; 250g:365.00; 250g:365.00; 250g:365.00; 1kg:1250.00; 1kg:1250.00; 1kg:1250.00; 1kg:1250.00
Mokka Farms,"100% Pure Robusta | Pure South Indian Filter Coffee, No Chicory",₹200.0,INR,"MokkaFarms 100% Pure South Indian Filter Coffee Powder Indulge in the authentic taste of South India with MokkaFarms’ 100% Robusta Filter Coffee powder . Crafted using the finest quality coffee beans , this coffee is roasted to perfection to deliver a rich, aromatic coffee with a distinct and traditional South Indian flavor. Why Choose MokkaFarms Filter Coffee? PURE & NATURAL : Made with 100% natural ingredients , free from preservatives and artificial additives. RICH & AROMATIC : A traditional blend offering a bold yet smooth flavor that coffee lovers cherish. CUSTOMIZABLE BREW : Adjust the quantity to suit your taste—strong and bold or mild and smooth. Long-Lasting Freshness Our coffee powder is carefully packaged in a one-way-valve zip-lock bag, preserving its freshness, aroma, and flavor . Enjoy a freshly brewed cup any time, with the quality and care that only MokkaFarms provides. How to Choose your Grind Size Fine Grind - Use this if you want the strength of your coffee/ decoction to be high/ strong Regular/ Medium Grind - Use this if you want the strength of your coffee/ decoction to be moderate/ regular/ medium Coarse Grind - Use this if you want the strength of your coffee/ decoction to be light/ mild Electric Drip Grind - Use this if you have an Electric Drip Machine How to Brew Add the desired amount of coffee powder to your coffee filter. Pour hot water over the powder and let it drip slowly into a cup or vessel. Add milk and sugar to taste, and enjoy the authentic flavors of South Indian coffee . Proudly Made in India Celebrate the tradition of South Indian filter coffee with every sip of our premium-quality coffee powder, made with love and affection.",https://www.mokkafarms.com/products/100robpfc,https://cdn.shopify.com/s/files/1/0644/7199/0455/files/1_6f84d33f-8a5e-4ca7-90d9-5fab0fadad21.webp?v=1774600105,500g:475.00; 500g:475.00; 500g:475.00; 500g:475.00; 100g:200.00; 100g:200.00; 100g:200.00; 100g:200.00; 250g:265.00; 250g:265.00; 250g:265.00; 250g:265.00; 1kg:850.00; 1kg:850.00; 1kg:850.00; 1kg:850.00
Mokka Farms,"Supreme  | 40% Arabica, 60% Robusta | Pure South Indian Filter Coffee, No Chicory",₹220.0,INR,"MokkaFarms 100% Pure South Indian Filter Coffee Powder Indulge in the authentic taste of South India with MokkaFarms’ Supreme [40% Arabica, 60% Robusta] Filter Coffee powder . Crafted using the finest quality coffee beans , this coffee blend is roasted to perfection to deliver a rich, aromatic coffee with a distinct and traditional South Indian flavor. Why Choose MokkaFarms Filter Coffee? PURE & NATURAL : Made with 100% natural ingredients , free from preservatives and artificial additives. RICH & AROMATIC : A traditional blend offering a bold yet smooth flavor that coffee lovers cherish. CUSTOMIZABLE BREW : Adjust the quantity to suit your taste—strong and bold or mild and smooth. Long-Lasting Freshness Our coffee powder is carefully packaged in a one-way-valve zip-lock bag, preserving its freshness, aroma, and flavor . Enjoy a freshly brewed cup any time, with the quality and care that only MokkaFarms provides. How to Choose your Grind Size Fine Grind - Use this if you want the strength of your coffee/ decoction to be high/ strong Regular/ Medium Grind - Use this if you want the strength of your coffee/ decoction to be moderate/ regular/ medium Coarse Grind - Use this if you want the strength of your coffee/ decoction to be light/ mild Electric Drip Grind - Use this if you have an Electric Drip Machine How to Brew Add the desired amount of coffee powder to your coffee filter. Pour hot water over the powder and let it drip slowly into a cup or vessel. Add milk and sugar to taste, and enjoy the authentic flavors of South Indian coffee . Proudly Made in India Celebrate the tradition of South Indian filter coffee with every sip of our premium-quality coffee powder, made with love and affection.",https://www.mokkafarms.com/products/supreme,https://cdn.shopify.com/s/files/1/0644/7199/0455/files/1_08d2dbe4-2784-4549-bea5-fa77347b8bd4.webp?v=1774600427,500g:585.00; 500g:585.00; 500g:585.00; 500g:585.00; 100g:220.00; 100g:220.00; 100g:220.00; 100g:220.00; 250g:320.00; 250g:320.00; 250g:320.00; 250g:320.00; 1kg:1065.00; 1kg:1065.00; 1kg:1065.00; 1kg:1065.00
Mokka Farms,"Signature | 60% Arabica, 40% Robusta | Pure South Indian Filter Coffee, No Chicory",₹225.0,INR,"MokkaFarms 100% Pure South Indian Filter Coffee Powder Indulge in the authentic taste of South India with MokkaFarms’ Signature [60% Arabica, 40% Robusta] Filter Coffee powder . Crafted using the finest quality coffee beans , this coffee blend is roasted to perfection to deliver a rich, aromatic coffee with a distinct and traditional South Indian flavor. Why Choose MokkaFarms Filter Coffee? PURE & NATURAL : Made with 100% natural ingredients , free from preservatives and artificial additives. RICH & AROMATIC : A traditional blend offering a bold yet smooth flavor that coffee lovers cherish. CUSTOMIZABLE BREW : Adjust the quantity to suit your taste—strong and bold or mild and smooth. Long-Lasting Freshness Our coffee powder is carefully packaged in a one-way-valve zip-lock bag, preserving its freshness, aroma, and flavor . Enjoy a freshly brewed cup any time, with the quality and care that only MokkaFarms provides. How to Choose your Grind Size Fine Grind - Use this if you want the strength of your coffee/ decoction to be high/ strong Regular/ Medium Grind - Use this if you want the strength of your coffee/ decoction to be moderate/ regular/ medium Coarse Grind - Use this if you want the strength of your coffee/ decoction to be light/ mild Electric Drip Grind - Use this if you have an Electric Drip Machine How to Brew Add the desired amount of coffee powder to your coffee filter. Pour hot water over the powder and let it drip slowly into a cup or vessel. Add milk and sugar to taste, and enjoy the authentic flavors of South Indian coffee . Proudly Made in India Celebrate the tradition of South Indian filter coffee with every sip of our premium-quality coffee powder, made with love and affection.",https://www.mokkafarms.com/products/signature,https://cdn.shopify.com/s/files/1/0644/7199/0455/files/1_81e14431-c389-4595-8374-8bad638b9585.webp?v=1774600323,500g:615.00; 500g:615.00; 500g:615.00; 500g:615.00; 100g:225.00; 100g:225.00; 100g:225.00; 100g:225.00; 250g:335.00; 250g:335.00; 250g:335.00; 250g:335.00; 1kg:1130.00; 1kg:1130.00; 1kg:1130.00; 1kg:1130.00
Mokka Farms,"Serene | 80% Arabica, 20% Robusta | Pure South Indian Filter Coffee, No Chicory",₹235.0,INR,"MokkaFarms 100% Pure South Indian Filter Coffee Powder Indulge in the authentic taste of South India with MokkaFarms’ Serene [80% Arabica, 20% Robusta] Filter Coffee powder . Crafted using the finest quality coffee beans , this coffee blend is roasted to perfection to deliver a rich, aromatic coffee with a distinct and traditional South Indian flavor. Why Choose MokkaFarms Filter Coffee? PURE & NATURAL : Made with 100% natural ingredients , free from preservatives and artificial additives. RICH & AROMATIC : A traditional blend offering a bold yet smooth flavor that coffee lovers cherish. CUSTOMIZABLE BREW : Adjust the quantity to suit your taste—strong and bold or mild and smooth. Long-Lasting Freshness Our coffee powder is carefully packaged in a one-way-valve zip-lock bag, preserving its freshness, aroma, and flavor . Enjoy a freshly brewed cup any time, with the quality and care that only MokkaFarms provides. How to Choose your Grind Size Fine Grind - Use this if you want the strength of your coffee/ decoction to be high/ strong Regular/ Medium Grind - Use this if you want the strength of your coffee/ decoction to be moderate/ regular/ medium Coarse Grind - Use this if you want the strength of your coffee/ decoction to be light/ mild Electric Drip Grind - Use this if you have an Electric Drip Machine How to Brew Add the desired amount of coffee powder to your coffee filter. Pour hot water over the powder and let it drip slowly into a cup or vessel. Add milk and sugar to taste, and enjoy the authentic flavors of South Indian coffee . Proudly Made in India Celebrate the tradition of South Indian filter coffee with every sip of our premium-quality coffee powder, made with love and affection.",https://www.mokkafarms.com/products/serene,https://cdn.shopify.com/s/files/1/0644/7199/0455/files/1_91f4b0f4-43aa-4388-b4cc-e4fc89e93dc2.webp?v=1774600360,500g:645.00; 500g:645.00; 500g:645.00; 500g:645.00; 100g:235.00; 100g:235.00; 100g:235.00; 100g:235.00; 250g:350.00; 250g:350.00; 250g:350.00; 250g:350.00; 1kg:1190.00; 1kg:1190.00; 1kg:1190.00; 1kg:1190.00
Mokka Farms,"Mista | 40% Arabica, 40% Robusta, 20% Chicory | Arabica-Robusta-Chicory Filter Coffee",₹215.0,INR,"MokkaFarms South Indian Filter Coffee Powder – Mista Discover the perfect blend of tradition and flavor with MokkaFarms’ Mista . The coffee is made using the one of the finest quality coffee beans and chicory, which are carefully roasted to perfection. This premium South Indian filter coffee powder is a delicious blend of 40% Arabica, 40% Robusta and 20% Chicory mix . This traditional blend creates a rich and aromatic coffee with a distinct South Indian flavor. Crafted to Perfection Made from finest coffee beans , carefully selected and roasted to perfection to bring out their natural flavors. Chicory adds a deep, earthy note that complements the coffee, enhancing its overall richness. Authentic South Indian Taste Specially designed for the traditional filter coffee method , this blend delivers a smooth, satisfying texture and full-bodied flavor. Ideal for those who appreciate a strong, flavorful cup of coffee . How to Choose your Grind Size Fine Grind - Use this if you want the strength of your coffee/ decoction to be high/ strong Regular/ Medium Grind - Use this if you want the strength of your coffee/ decoction to be moderate/ regular/ medium Coarse Grind - Use this if you want the strength of your coffee/ decoction to be light/ mild Electric Drip Grind - Use this if you have an Electric Drip Machine How to Brew Add the desired amount of coffee powder to your coffee filter. Pour hot water over the powder and let it drip slowly into a cup or vessel. Add milk and sugar to taste, and enjoy the authentic flavors of South Indian coffee . Proudly Made in India Celebrate the vibrant tradition of South Indian coffee with our Mista coffee, crafted with care to deliver a truly special coffee-drinking experience.",https://www.mokkafarms.com/products/mista,https://cdn.shopify.com/s/files/1/0644/7199/0455/files/1_b7177b6d-f077-4451-8f0b-9d8be58de50b.webp?v=1774603329,500g:545.00; 500g:545.00; 500g:545.00; 500g:545.00; 100g:215.00; 100g:215.00; 100g:215.00; 100g:215.00; 250g:300.00; 250g:300.00; 250g:300.00; 250g:300.00; 1kg:985.00; 1kg:985.00; 1kg:985.00; 1kg:985.00
Mokka Farms,"Zorin | 60% Arabica, 40% Chicory | Arabica-Chicory Filter Coffee",₹200.0,INR,"MokkaFarms South Indian Filter Coffee Powder – Zorin Discover the perfect blend of tradition and flavor with MokkaFarms’ Zorin . The coffee is made using the one of the finest quality coffee beans and chicory, which are carefully roasted to perfection. This premium South Indian filter coffee powder is a delicious blend of 60% Arabica and 40% Chicory mix . This traditional blend creates a rich and aromatic coffee with a distinct South Indian flavor. Crafted to Perfection Made from finest coffee beans , carefully selected and roasted to perfection to bring out their natural flavors. Chicory adds a deep, earthy note that complements the coffee, enhancing its overall richness. Authentic South Indian Taste Specially designed for the traditional filter coffee method , this blend delivers a smooth, satisfying texture and full-bodied flavor. Ideal for those who appreciate a strong, flavorful cup of coffee . How to Choose your Grind Size Fine Grind - Use this if you want the strength of your coffee/ decoction to be high/ strong Regular/ Medium Grind - Use this if you want the strength of your coffee/ decoction to be moderate/ regular/ medium Coarse Grind - Use this if you want the strength of your coffee/ decoction to be light/ mild Electric Drip Grind - Use this if you have an Electric Drip Machine How to Brew Add the desired amount of coffee powder to your coffee filter. Pour hot water over the powder and let it drip slowly into a cup or vessel. Add milk and sugar to taste, and enjoy the authentic flavors of South Indian coffee . Proudly Made in India Celebrate the vibrant tradition of South Indian coffee with our Zorin coffee, crafted with care to deliver a truly special coffee-drinking experience.",https://www.mokkafarms.com/products/zorin,https://cdn.shopify.com/s/files/1/0644/7199/0455/files/1_a7dd338f-bd27-4fe3-b711-4c35d6b037d0.webp?v=1774603481,500g:530.00; 500g:530.00; 500g:530.00; 500g:530.00; 100g:200.00; 100g:200.00; 100g:200.00; 100g:200.00; 250g:290.00; 250g:290.00; 250g:290.00; 250g:290.00; 1kg:960.00; 1kg:960.00; 1kg:960.00; 1kg:960.00
Mokka Farms,"Dyumni | 70% Arabica, 30% Chicory | Arabica-Chicory Filter Coffee",₹215.0,INR,"MokkaFarms South Indian Filter Coffee Powder – Dyumni Discover the perfect blend of tradition and flavor with MokkaFarms’ Dyumni . The coffee is made using the one of the finest quality coffee beans and chicory, which are carefully roasted to perfection. This premium South Indian filter coffee powder is a delicious blend of 70% Arabica and 30% Chicory mix . This traditional blend creates a rich and aromatic coffee with a distinct South Indian flavor. Crafted to Perfection Made from finest coffee beans , carefully selected and roasted to perfection to bring out their natural flavors. Chicory adds a deep, earthy note that complements the coffee, enhancing its overall richness. Authentic South Indian Taste Specially designed for the traditional filter coffee method , this blend delivers a smooth, satisfying texture and full-bodied flavor. Ideal for those who appreciate a strong, flavorful cup of coffee . How to Choose your Grind Size Fine Grind - Use this if you want the strength of your coffee/ decoction to be high/ strong Regular/ Medium Grind - Use this if you want the strength of your coffee/ decoction to be moderate/ regular/ medium Coarse Grind - Use this if you want the strength of your coffee/ decoction to be light/ mild Electric Drip Grind - Use this if you have an Electric Drip Machine How to Brew Add the desired amount of coffee powder to your coffee filter. Pour hot water over the powder and let it drip slowly into a cup or vessel. Add milk and sugar to taste, and enjoy the authentic flavors of South Indian coffee . Proudly Made in India Celebrate the vibrant tradition of South Indian coffee with our Dyumni coffee, crafted with care to deliver a truly special coffee-drinking experience.",https://www.mokkafarms.com/products/dyumni,https://cdn.shopify.com/s/files/1/0644/7199/0455/files/1_7049d455-7e6d-47de-a48f-f6695a05efff.webp?v=1774603460,500g:575.00; 500g:575.00; 500g:575.00; 500g:575.00; 100g:215.00; 100g:215.00; 100g:215.00; 100g:215.00; 250g:315.00; 250g:315.00; 250g:315.00; 250g:315.00; 1kg:1050.00; 1kg:1050.00; 1kg:1050.00; 1kg:1050.00
Mokka Farms,"Ranya | 60% Arabica, 35% Robusta, 5% Chicory | Arabica-Robusta-Chicory Filter Coffee",₹225.0,INR,"MokkaFarms South Indian Filter Coffee Powder – Ranya Discover the perfect blend of tradition and flavor with MokkaFarms’ Ranya . The coffee is made using the one of the finest quality coffee beans and chicory, which are carefully roasted to perfection. This premium South Indian filter coffee powder is a delicious blend of 60% Arabica, 35% Robusta and 5% Chicory mix . This traditional blend creates a rich and aromatic coffee with a distinct South Indian flavor. Crafted to Perfection Made from finest coffee beans , carefully selected and roasted to perfection to bring out their natural flavors. Chicory adds a deep, earthy note that complements the coffee, enhancing its overall richness. Authentic South Indian Taste Specially designed for the traditional filter coffee method , this blend delivers a smooth, satisfying texture and full-bodied flavor. Ideal for those who appreciate a strong, flavorful cup of coffee . How to Choose your Grind Size Fine Grind - Use this if you want the strength of your coffee/ decoction to be high/ strong Regular/ Medium Grind - Use this if you want the strength of your coffee/ decoction to be moderate/ regular/ medium Coarse Grind - Use this if you want the strength of your coffee/ decoction to be light/ mild Electric Drip Grind - Use this if you have an Electric Drip Machine How to Brew Add the desired amount of coffee powder to your coffee filter. Pour hot water over the powder and let it drip slowly into a cup or vessel. Add milk and sugar to taste, and enjoy the authentic flavors of South Indian coffee . Proudly Made in India Celebrate the vibrant tradition of South Indian coffee with our Ranya coffee, crafted with care to deliver a truly special coffee-drinking experience.",https://www.mokkafarms.com/products/ranya,https://cdn.shopify.com/s/files/1/0644/7199/0455/files/1_b789b64e-9c14-44ea-9f32-492a7d0b2fe8.webp?v=1774603425,500g:620.00; 500g:620.00; 500g:620.00; 500g:620.00; 100g:225.00; 100g:225.00; 100g:225.00; 100g:225.00; 250g:335.00; 250g:335.00; 250g:335.00; 250g:335.00; 1kg:1135.00; 1kg:1135.00; 1kg:1135.00; 1kg:1135.00
Mokka Farms,"Isayu | 80% Arabica, 20% Chicory | Arabica-Chicory Filter Coffee",₹225.0,INR,"MokkaFarms South Indian Filter Coffee Powder – Isayu Discover the perfect blend of tradition and flavor with MokkaFarms’ Isayu . The coffee is made using the one of the finest quality coffee beans and chicory, which are carefully roasted to perfection. This premium South Indian filter coffee powder is a delicious blend of 80% Arabica and 20% Chicory mix . This traditional blend creates a rich and aromatic coffee with a distinct South Indian flavor. Crafted to Perfection Made from finest coffee beans , carefully selected and roasted to perfection to bring out their natural flavors. Chicory adds a deep, earthy note that complements the coffee, enhancing its overall richness. Authentic South Indian Taste Specially designed for the traditional filter coffee method , this blend delivers a smooth, satisfying texture and full-bodied flavor. Ideal for those who appreciate a strong, flavorful cup of coffee . How to Choose your Grind Size Fine Grind - Use this if you want the strength of your coffee/ decoction to be high/ strong Regular/ Medium Grind - Use this if you want the strength of your coffee/ decoction to be moderate/ regular/ medium Coarse Grind - Use this if you want the strength of your coffee/ decoction to be light/ mild Electric Drip Grind - Use this if you have an Electric Drip Machine How to Brew Add the desired amount of coffee powder to your coffee filter. Pour hot water over the powder and let it drip slowly into a cup or vessel. Add milk and sugar to taste, and enjoy the authentic flavors of South Indian coffee . Proudly Made in India Celebrate the vibrant tradition of South Indian coffee with our Isayu coffee, crafted with care to deliver a truly special coffee-drinking experience.",https://www.mokkafarms.com/products/isayu,https://cdn.shopify.com/s/files/1/0644/7199/0455/files/1_a12b2e6e-a322-46e0-ac2f-230f185179eb.webp?v=1774603400,500g:620.00; 500g:620.00; 500g:620.00; 500g:620.00; 100g:225.00; 100g:225.00; 100g:225.00; 100g:225.00; 250g:335.00; 250g:335.00; 250g:335.00; 250g:335.00; 1kg:1135.00; 1kg:1135.00; 1kg:1135.00; 1kg:1135.00
Mokka Farms,"Indulgence | 70% Coffee, 30% Chicory | Robusta-Chicory Filter Coffee",₹180.0,INR,"MokkaFarms South Indian Filter Coffee Powder – Indulgence Discover the perfect blend of tradition and flavor with MokkaFarms’ Indulgence . This premium South Indian filter coffee powder features an 70% coffee and 30% chicory mix , creating a rich, robust, and aromatic experience. Crafted to Perfection Made from finest coffee beans , carefully selected and roasted to perfection to bring out their natural flavors. Chicory adds a deep, earthy note that complements the coffee, enhancing its overall richness. Authentic South Indian Taste Specially designed for the traditional filter coffee method , this blend delivers a smooth, satisfying texture and full-bodied flavor. Ideal for those who appreciate a strong, flavorful cup of coffee . How to Choose your Grind Size Fine Grind - Use this if you want the strength of your coffee/ decoction to be high/ strong Regular/ Medium Grind - Use this if you want the strength of your coffee/ decoction to be moderate/ regular/ medium Coarse Grind - Use this if you want the strength of your coffee/ decoction to be light/ mild Electric Drip Grind - Use this if you have an Electric Drip Machine How to Brew Add the desired amount of coffee powder to your coffee filter. Pour hot water over the powder and let it drip slowly into a cup or vessel. Add milk and sugar to taste, and enjoy the authentic flavors of South Indian coffee . Proudly Made in India Celebrate the vibrant tradition of South Indian coffee with our Indulgence coffee , crafted with care to deliver a truly special coffee-drinking experience.",https://www.mokkafarms.com/products/indulgence,https://cdn.shopify.com/s/files/1/0644/7199/0455/files/1_ea6543a0-a9e2-4eeb-94de-86183211471a.webp?v=1774602719,500g:405.00; 500g:405.00; 500g:405.00; 500g:405.00; 100g:180.00; 100g:180.00; 100g:180.00; 100g:180.00; 250g:230.00; 250g:230.00; 250g:230.00; 250g:230.00; 1kg:705.00; 1kg:705.00; 1kg:705.00; 1kg:705.00
Mokka Farms,"Intense | 60% Coffee, 40% Chicory | Robusta-Chicory Filter Coffee",₹175.0,INR,"MokkaFarms South Indian Filter Coffee Powder – Intense Discover the perfect blend of tradition and flavor with MokkaFarms’ Intense . This premium South Indian filter coffee powder features an 60% coffee and 40% chicory mix , creating a rich, robust, and aromatic experience. Crafted to Perfection Made from finest coffee beans , carefully selected and roasted to perfection to bring out their natural flavors. Chicory adds a deep, earthy note that complements the coffee, enhancing its overall richness. Authentic South Indian Taste Specially designed for the traditional filter coffee method , this blend delivers a smooth, satisfying texture and full-bodied flavor. Ideal for those who appreciate a strong, flavorful cup of coffee . How to Choose your Grind Size Fine Grind - Use this if you want the strength of your coffee/ decoction to be high/ strong Regular/ Medium Grind - Use this if you want the strength of your coffee/ decoction to be moderate/ regular/ medium Coarse Grind - Use this if you want the strength of your coffee/ decoction to be light/ mild Electric Drip Grind - Use this if you have an Electric Drip Machine How to Brew Add the desired amount of coffee powder to your coffee filter. Pour hot water over the powder and let it drip slowly into a cup or vessel. Add milk and sugar to taste, and enjoy the authentic flavors of South Indian coffee . Proudly Made in India Celebrate the vibrant tradition of South Indian coffee with our Intense coffee, crafted with care to deliver a truly special coffee-drinking experience.",https://www.mokkafarms.com/products/intense,https://cdn.shopify.com/s/files/1/0644/7199/0455/files/1_33793b86-7341-42a9-95eb-fd11630950de.webp?v=1774602378,500g:380.00; 500g:380.00; 500g:380.00; 500g:380.00; 100g:175.00; 100g:175.00; 100g:175.00; 100g:175.00; 250g:215.00; 250g:215.00; 250g:215.00; 250g:215.00; 1kg:655.00; 1kg:655.00; 1kg:655.00; 1kg:655.00
Mokka Farms,"Decadence | 53% Coffee, 47% Chicory | Robusta-Chicory Filter Coffee",₹170.0,INR,"MokkaFarms South Indian Filter Coffee Powder – Decadence Discover the perfect blend of tradition and flavor with MokkaFarms’ Decadence . This premium South Indian filter coffee powder features an 53% coffee and 47% chicory mix , creating a rich, robust, and aromatic experience. Crafted to Perfection Made from finest coffee beans , carefully selected and roasted to perfection to bring out their natural flavors. Chicory adds a deep, earthy note that complements the coffee, enhancing its overall richness. Authentic South Indian Taste Specially designed for the traditional filter coffee method , this blend delivers a smooth, satisfying texture and full-bodied flavor. Ideal for those who appreciate a strong, flavorful cup of coffee . How to Choose your Grind Size Fine Grind - Use this if you want the strength of your coffee/ decoction to be high/ strong Regular/ Medium Grind - Use this if you want the strength of your coffee/ decoction to be moderate/ regular/ medium Coarse Grind - Use this if you want the strength of your coffee/ decoction to be light/ mild Electric Drip Grind - Use this if you have an Electric Drip Machine How to Brew Add the desired amount of coffee powder to your coffee filter. Pour hot water over the powder and let it drip slowly into a cup or vessel. Add milk and sugar to taste, and enjoy the authentic flavors of South Indian coffee . Proudly Made in India Celebrate the vibrant tradition of South Indian coffee with our Decadence coffee, crafted with care to deliver a truly special coffee-drinking experience.",https://www.mokkafarms.com/products/decadence,https://cdn.shopify.com/s/files/1/0644/7199/0455/files/1_2f7edb31-c3cc-4321-ba0d-02bb2b85a5be.webp?v=1774602742,500g:350.00; 500g:350.00; 500g:350.00; 500g:350.00; 100g:170.00; 100g:170.00; 100g:170.00; 100g:170.00; 250g:200.00; 250g:200.00; 250g:200.00; 250g:200.00; 1kg:600.00; 1kg:600.00; 1kg:600.00; 1kg:600.00
Mokka Farms,"50% Arabica, 50% Robusta | Freshly Roast, A/ AA Whole Coffee Beans",₹225.0,INR,"MokkaFarms brings you an exclusive High Quality, Estate Coffee, Fresh Roast, 100% Pure, 50% mix each of Robusta Whole Coffee Beans and Arabica Whole Coffee Beans from Coorg/ Chikmagalur region of Western Ghats, Karnataka, India. Our coffee beans are further selectively picked to ensure that you have a superior grade coffee beans. The beans are carefully selected and roasted, separately in small batches, to perfection as per the roast type and pack size that you need, to create a strong, flavourful and an extremely gratifying and a rich aromatic coffee experience. The result is a smooth and balanced cup of coffee with a unique flavor profile. The 50% Arabica-50% Robusta Roasted Whole Coffee Beans Blend from Mokka Farms gives the coffee a strong and fruity taste with a hint of chocolate. The brewing method enhances the flavors and aromas, resulting in a full-bodied and satisfying cup of coffee. The coffee with the blend beans can be enjoyed hot or cold and is perfect for those who appreciate a strong and flavorful coffee. Whether you prefer a classic cup of black coffee or a creamy and sweet latte, this coffee blend will satisfy your cravings. Indulge in the rich and authentic taste of one of the best Arabica-Robusta Coffee Beans Blend that you can find in the country. Proudly Made in India! FLAVOURFUL COFFEE: Treat yourself to the exquisite flavors of MokkaFarms 100% Pure, 50% Arabica-50% Robusta Roasted Whole Coffee Beans Blend, a sensory experience like no other FARM to FORK: From planting, harvesting, grading, roasting, grinding to processing and packaging, we carefully track every step of the coffee production process to give high quality and maintain consistency HANDCRAFTED: Our coffee is carefully handcrafted in small batches to deliver a rich and remarkable flavor, strength and aroma while ensuring consistency AROMATIC, GREAT TASTE, STRONG: Our 50% Arabica-50% Robusta Roasted Whole Coffee Beans Blend has a toasty aroma and a velvety taste, and is strong yet fl",https://www.mokkafarms.com/products/bean50ara50rob,https://cdn.shopify.com/s/files/1/0644/7199/0455/files/1.webp?v=1774597700,100g:225.00; 250g:345.00; 500g:640.00; 1kg:1175.00; 100g:225.00; 250g:345.00; 500g:640.00; 1kg:1175.00; 100g:225.00; 250g:345.00; 500g:640.00; 1kg:1175.00; 100g:225.00; 250g:345.00; 500g:640.00; 1kg:1175.00; 100g:225.00; 250g:345.00; 500g:640.00; 1kg:1175.00; 100g:265.00; 250g:395.00; 500g:740.00; 1kg:1380.00; 100g:265.00; 250g:395.00; 500g:740.00; 1kg:1380.00; 100g:265.00; 250g:395.00; 500g:740.00; 1kg:1380.00; 100g:265.00; 250g:395.00; 500g:740.00; 1kg:1380.00; 100g:265.00; 250g:395.00; 500g:1175.00; 1kg:1380.00
Mokka Farms,"100% Robusta | Freshly Roast, A/ AA Whole Coffee Beans",₹205.0,INR,"MokkaFarms Premium Robusta Whole Coffee Beans Discover the bold and flavorful essence of 100% pure, sundried Robusta coffee beans , sourced exclusively from the lush Coorg and Chikmagalur regions of Karnataka, India. Handpicked and meticulously graded, our beans ensure a superior-quality coffee experience . Crafted to Perfection Each bean is small-batch roasted to your preferred roast level and pack size, delivering a strong, flavorful, and aromatic cup of coffee. Enjoy a smooth, full-bodied profile with mild fruity notes and a hint of chocolate for a truly gratifying coffee experience. Versatile & Rich Perfect for both hot and cold brews, MokkaFarms Robusta beans are ideal for coffee lovers who enjoy a robust, flavorful cup. Whether it’s a bold black coffee or a creamy latte, this blend is sure to delight your taste buds. Proudly Made in India Indulge in the authentic taste of India's finest Robusta coffee, crafted with care to elevate your coffee moments.",https://www.mokkafarms.com/products/bean100rob,https://cdn.shopify.com/s/files/1/0644/7199/0455/files/6_da03ec70-377f-4d78-9509-69cb28aaa692.webp?v=1774597100,100g:205.00; 250g:295.00; 500g:545.00; 1kg:990.00; 100g:205.00; 250g:295.00; 500g:545.00; 1kg:990.00; 100g:205.00; 250g:295.00; 500g:545.00; 1kg:990.00; 100g:205.00; 250g:295.00; 500g:545.00; 1kg:990.00; 100g:205.00; 250g:295.00; 500g:545.00; 1kg:990.00; 100g:240.00; 250g:340.00; 500g:630.00; 1kg:1160.00; 100g:240.00; 250g:340.00; 500g:630.00; 1kg:1160.00; 100g:240.00; 250g:340.00; 500g:630.00; 1kg:1160.00; 100g:240.00; 250g:340.00; 500g:630.00; 1kg:1160.00; 100g:240.00; 250g:340.00; 500g:630.00; 1kg:1160.00
Mokka Farms,"100% Arabica | Freshly Roast, A/ AA Whole Coffee Beans",₹245.0,INR,"MokkaFarms Premium Arabica Coffee Beans Experience the richness of 100% pure, estate-grown Arabica coffee beans from the lush Coorg and Chikmagalur regions of Karnataka, India. Handpicked and graded A and AA , these beans promise unmatched quality and freshness. Each batch is small-batch roasted to perfection , tailored to your preferred roast level and pack size. The result? A smooth, balanced cup with a unique flavor profile —mild, fruity notes paired with a hint of chocolate, delivering an aromatic and gratifying coffee experience. Versatile & Flavorful Perfect for both hot and cold brews, these beans bring out a full-bodied flavor that suits every coffee style—from a bold black coffee to a creamy latte. Whatever your preference, our premium Arabica beans ensure every cup satisfies your cravings. Proudly Made in India Indulge in the authentic taste of India's finest Arabica coffee, crafted with care to elevate your coffee moments.",https://www.mokkafarms.com/products/bean100ara,https://cdn.shopify.com/s/files/1/0644/7199/0455/files/6.webp?v=1774596810,1kg:1350.00; 100g:245.00; 250g:390.00; 500g:725.00; 1kg:1350.00; 100g:245.00; 250g:390.00; 500g:725.00; 1kg:1350.00; 100g:245.00; 250g:390.00; 500g:725.00; 1kg:1350.00; 100g:245.00; 250g:390.00; 500g:725.00; 1kg:1350.00; 100g:245.00; 250g:390.00; 500g:725.00; 1kg:1350.00; 100g:245.00; 250g:390.00; 500g:725.00; 1kg:1600.00; 100g:285.00; 250g:450.00; 500g:850.00; 1kg:1600.00; 100g:285.00; 250g:450.00; 500g:850.00; 1kg:1600.00; 100g:285.00; 250g:450.00; 500g:850.00; 1kg:1600.00; 100g:285.00; 250g:450.00; 500g:850.00; 1kg:1600.00; 100g:285.00; 250g:450.00; 500g:850.00; 1kg:1600.00; 100g:285.00; 250g:450.00; 500g:850.00
